GIORNO;ORA;P_ Salute Liv_ idrom_ medio 1m (GRE) m
01/01/2025;01:00;0.5
01/01/2025;02:00;0.44
01/01/2025;03:00;0.31
01/01/2025;04:00;0.2
01/01/2025;05:00;0.13
01/01/2025;06:00;0.12
01/01/2025;07:00;0.2
01/01/2025;08:00;0.34
01/01/2025;09:00;0.47
01/01/2025;10:00;0.57
01/01/2025;11:00;0.6
01/01/2025;12:00;0.53
01/01/2025;13:00;0.36
01/01/2025;14:00;0.16
01/01/2025;15:00;-0.05
01/01/2025;16:00;-0.25
01/01/2025;17:00;-0.41
01/01/2025;18:00;-0.47
01/01/2025;19:00;-0.4
01/01/2025;20:00;-0.21
01/01/2025;21:00;0.01
01/01/2025;22:00;0.19
01/01/2025;23:00;0.35
02/01/2025;00:00;0.46
02/01/2025;01:00;0.52
02/01/2025;02:00;0.5
02/01/2025;03:00;0.38
02/01/2025;04:00;0.25
02/01/2025;05:00;0.13
02/01/2025;06:00;0.09
02/01/2025;07:00;0.13
02/01/2025;08:00;0.25
02/01/2025;09:00;0.4
02/01/2025;10:00;0.52
02/01/2025;11:00;0.59
02/01/2025;12:00;0.59
02/01/2025;13:00;0.48
02/01/2025;14:00;0.29
02/01/2025;15:00;0.09
02/01/2025;16:00;-0.11
02/01/2025;17:00;-0.27
02/01/2025;18:00;-0.37
02/01/2025;19:00;-0.33
02/01/2025;20:00;-0.18
02/01/2025;21:00;0.03
02/01/2025;22:00;0.23
02/01/2025;23:00;0.41
03/01/2025;00:00;0.54
03/01/2025;01:00;0.63
03/01/2025;02:00;0.65
03/01/2025;03:00;0.59
03/01/2025;04:00;0.45
03/01/2025;05:00;0.33
03/01/2025;06:00;0.25
03/01/2025;07:00;0.22
03/01/2025;08:00;0.25
03/01/2025;09:00;0.37
03/01/2025;10:00;0.49
03/01/2025;11:00;0.56
03/01/2025;12:00;0.59
03/01/2025;13:00;0.55
03/01/2025;14:00;0.43
03/01/2025;15:00;0.25
03/01/2025;16:00;0.05
03/01/2025;17:00;-0.14
03/01/2025;18:00;-0.26
03/01/2025;19:00;-0.33
03/01/2025;20:00;-0.29
03/01/2025;21:00;-0.13
03/01/2025;22:00;0.05
03/01/2025;23:00;0.2
04/01/2025;00:00;0.35
04/01/2025;01:00;0.45
04/01/2025;02:00;0.51
04/01/2025;03:00;0.53
04/01/2025;04:00;0.47
04/01/2025;05:00;0.34
04/01/2025;06:00;0.2
04/01/2025;07:00;0.1
04/01/2025;08:00;0.07
04/01/2025;09:00;0.09
04/01/2025;10:00;0.2
04/01/2025;11:00;0.35
04/01/2025;12:00;0.45
04/01/2025;13:00;0.48
04/01/2025;14:00;0.43
04/01/2025;15:00;0.29
04/01/2025;16:00;0.12
04/01/2025;17:00;-0.04
04/01/2025;18:00;-0.16
04/01/2025;19:00;-0.24
04/01/2025;20:00;-0.25
04/01/2025;21:00;-0.16
04/01/2025;22:00;0
04/01/2025;23:00;0.17
05/01/2025;00:00;0.34
05/01/2025;01:00;0.46
05/01/2025;02:00;0.56
05/01/2025;03:00;0.6
05/01/2025;04:00;0.56
05/01/2025;05:00;0.46
05/01/2025;06:00;0.34
05/01/2025;07:00;0.23
05/01/2025;08:00;0.16
05/01/2025;09:00;0.16
05/01/2025;10:00;0.22
05/01/2025;11:00;0.3
05/01/2025;12:00;0.4
05/01/2025;13:00;0.46
05/01/2025;14:00;0.46
05/01/2025;15:00;0.39
05/01/2025;16:00;0.26
05/01/2025;17:00;0.12
05/01/2025;18:00;0
05/01/2025;19:00;-0.09
05/01/2025;20:00;-0.1
05/01/2025;21:00;-0.06
05/01/2025;22:00;0.06
05/01/2025;23:00;0.22
06/01/2025;00:00;0.37
06/01/2025;01:00;0.49
06/01/2025;02:00;0.6
06/01/2025;03:00;0.68
06/01/2025;04:00;0.7
06/01/2025;05:00;0.65
06/01/2025;06:00;0.55
06/01/2025;07:00;0.43
06/01/2025;08:00;0.32
06/01/2025;09:00;0.23
06/01/2025;10:00;0.22
06/01/2025;11:00;0.25
06/01/2025;12:00;0.31
06/01/2025;13:00;0.4
06/01/2025;14:00;0.44
06/01/2025;15:00;0.44
06/01/2025;16:00;0.39
06/01/2025;17:00;0.3
06/01/2025;18:00;0.21
06/01/2025;19:00;0.13
06/01/2025;20:00;0.1
06/01/2025;21:00;0.13
06/01/2025;22:00;0.21
06/01/2025;23:00;0.34
07/01/2025;00:00;0.46
07/01/2025;01:00;0.58
07/01/2025;02:00;0.69
07/01/2025;03:00;0.78
07/01/2025;04:00;0.81
07/01/2025;05:00;0.82
07/01/2025;06:00;0.78
07/01/2025;07:00;0.68
07/01/2025;08:00;0.58
07/01/2025;09:00;0.47
07/01/2025;10:00;0.38
07/01/2025;11:00;0.32
07/01/2025;12:00;0.3
07/01/2025;13:00;0.33
07/01/2025;14:00;0.38
07/01/2025;15:00;0.41
07/01/2025;16:00;0.42
07/01/2025;17:00;0.41
07/01/2025;18:00;0.38
07/01/2025;19:00;0.34
07/01/2025;20:00;0.29
07/01/2025;21:00;0.26
07/01/2025;22:00;0.27
07/01/2025;23:00;0.32
08/01/2025;00:00;0.41
08/01/2025;01:00;0.52
08/01/2025;02:00;0.63
08/01/2025;03:00;0.72
08/01/2025;04:00;0.79
08/01/2025;05:00;0.81
08/01/2025;06:00;0.79
08/01/2025;07:00;0.71
08/01/2025;08:00;0.6
08/01/2025;09:00;0.48
08/01/2025;10:00;0.35
08/01/2025;11:00;0.25
08/01/2025;12:00;0.17
08/01/2025;13:00;0.13
08/01/2025;14:00;0.15
08/01/2025;15:00;0.21
08/01/2025;16:00;0.28
08/01/2025;17:00;0.36
08/01/2025;18:00;0.41
08/01/2025;19:00;0.45
08/01/2025;20:00;0.46
08/01/2025;21:00;0.44
08/01/2025;22:00;0.41
08/01/2025;23:00;0.39
09/01/2025;00:00;0.41
09/01/2025;01:00;0.47
09/01/2025;02:00;0.58
09/01/2025;03:00;0.68
09/01/2025;04:00;0.77
09/01/2025;05:00;0.82
09/01/2025;06:00;0.85
09/01/2025;07:00;0.84
09/01/2025;08:00;0.76
09/01/2025;09:00;0.65
09/01/2025;10:00;0.53
09/01/2025;11:00;0.41
09/01/2025;12:00;0.3
09/01/2025;13:00;0.22
09/01/2025;14:00;0.18
09/01/2025;15:00;0.21
09/01/2025;16:00;0.26
09/01/2025;17:00;0.36
09/01/2025;18:00;0.47
09/01/2025;19:00;0.55
09/01/2025;20:00;0.6
09/01/2025;21:00;0.61
09/01/2025;22:00;0.58
09/01/2025;23:00;0.53
10/01/2025;00:00;0.48
10/01/2025;01:00;0.49
10/01/2025;02:00;0.53
10/01/2025;03:00;0.56
10/01/2025;04:00;0.62
10/01/2025;05:00;0.69
10/01/2025;06:00;0.78
10/01/2025;07:00;0.82
10/01/2025;08:00;0.82
10/01/2025;09:00;0.77
10/01/2025;10:00;0.64
10/01/2025;11:00;0.5
10/01/2025;12:00;0.35
10/01/2025;13:00;0.19
10/01/2025;14:00;0.09
10/01/2025;15:00;0.04
10/01/2025;16:00;0.07
10/01/2025;17:00;0.16
10/01/2025;18:00;0.29
10/01/2025;19:00;0.42
10/01/2025;20:00;0.52
10/01/2025;21:00;0.58
10/01/2025;22:00;0.58
10/01/2025;23:00;0.53
11/01/2025;00:00;0.45
11/01/2025;01:00;0.39
11/01/2025;02:00;0.37
11/01/2025;03:00;0.4
11/01/2025;04:00;0.49
11/01/2025;05:00;0.62
11/01/2025;06:00;0.74
11/01/2025;07:00;0.84
11/01/2025;08:00;0.9
11/01/2025;09:00;0.87
11/01/2025;10:00;0.79
11/01/2025;11:00;0.64
11/01/2025;12:00;0.44
11/01/2025;13:00;0.25
11/01/2025;14:00;0.05
11/01/2025;15:00;-0.09
11/01/2025;16:00;-0.16
11/01/2025;17:00;-0.13
11/01/2025;18:00;0.03
11/01/2025;19:00;0.21
11/01/2025;20:00;0.37
11/01/2025;21:00;0.5
11/01/2025;22:00;0.58
11/01/2025;23:00;0.6
12/01/2025;00:00;0.54
12/01/2025;01:00;0.44
12/01/2025;02:00;0.38
12/01/2025;03:00;0.38
12/01/2025;04:00;0.43
12/01/2025;05:00;0.55
12/01/2025;06:00;0.66
12/01/2025;07:00;0.76
12/01/2025;08:00;0.82
12/01/2025;09:00;0.83
12/01/2025;10:00;0.77
12/01/2025;11:00;0.63
12/01/2025;12:00;0.46
12/01/2025;13:00;0.26
12/01/2025;14:00;0.07
12/01/2025;15:00;-0.11
12/01/2025;16:00;-0.25
12/01/2025;17:00;-0.27
12/01/2025;18:00;-0.17
12/01/2025;19:00;0.01
12/01/2025;20:00;0.21
12/01/2025;21:00;0.37
12/01/2025;22:00;0.51
12/01/2025;23:00;0.6
13/01/2025;00:00;0.62
13/01/2025;01:00;0.57
13/01/2025;02:00;0.47
13/01/2025;03:00;0.37
13/01/2025;04:00;0.32
13/01/2025;05:00;0.29
13/01/2025;06:00;0.32
13/01/2025;07:00;0.45
13/01/2025;08:00;0.63
13/01/2025;09:00;0.76
13/01/2025;10:00;0.83
13/01/2025;11:00;0.84
13/01/2025;12:00;0.73
13/01/2025;13:00;0.54
13/01/2025;14:00;0.34
13/01/2025;15:00;0.17
13/01/2025;16:00;0.01
13/01/2025;17:00;-0.08
13/01/2025;18:00;-0.08
13/01/2025;19:00;0.04
13/01/2025;20:00;0.23
13/01/2025;21:00;0.42
13/01/2025;22:00;0.57
13/01/2025;23:00;0.67
14/01/2025;00:00;0.69
14/01/2025;01:00;0.64
14/01/2025;02:00;0.47
14/01/2025;03:00;0.32
14/01/2025;04:00;0.24
14/01/2025;05:00;0.21
14/01/2025;06:00;0.25
14/01/2025;07:00;0.38
14/01/2025;08:00;0.53
14/01/2025;09:00;0.64
14/01/2025;10:00;0.71
14/01/2025;11:00;0.7
14/01/2025;12:00;0.61
14/01/2025;13:00;0.44
14/01/2025;14:00;0.23
14/01/2025;15:00;0.04
14/01/2025;16:00;-0.14
14/01/2025;17:00;-0.28
14/01/2025;18:00;-0.3
14/01/2025;19:00;-0.17
14/01/2025;20:00;0.05
14/01/2025;21:00;0.25
14/01/2025;22:00;0.42
14/01/2025;23:00;0.56
15/01/2025;00:00;0.63
15/01/2025;01:00;0.61
15/01/2025;02:00;0.53
15/01/2025;03:00;0.38
15/01/2025;04:00;0.25
15/01/2025;05:00;0.16
15/01/2025;06:00;0.16
15/01/2025;07:00;0.26
15/01/2025;08:00;0.41
15/01/2025;09:00;0.56
15/01/2025;10:00;0.68
15/01/2025;11:00;0.71
15/01/2025;12:00;0.68
15/01/2025;13:00;0.53
15/01/2025;14:00;0.34
15/01/2025;15:00;0.13
15/01/2025;16:00;-0.07
15/01/2025;17:00;-0.23
15/01/2025;18:00;-0.29
15/01/2025;19:00;-0.23
15/01/2025;20:00;-0.04
15/01/2025;21:00;0.17
15/01/2025;22:00;0.36
15/01/2025;23:00;0.51
16/01/2025;00:00;0.62
16/01/2025;01:00;0.66
16/01/2025;02:00;0.62
16/01/2025;03:00;0.49
16/01/2025;04:00;0.35
16/01/2025;05:00;0.26
16/01/2025;06:00;0.23
16/01/2025;07:00;0.28
16/01/2025;08:00;0.39
16/01/2025;09:00;0.53
16/01/2025;10:00;0.63
16/01/2025;11:00;0.68
16/01/2025;12:00;0.67
16/01/2025;13:00;0.58
16/01/2025;14:00;0.42
16/01/2025;15:00;0.25
16/01/2025;16:00;0.06
16/01/2025;17:00;-0.1
16/01/2025;18:00;-0.21
16/01/2025;19:00;-0.24
16/01/2025;20:00;-0.15
16/01/2025;21:00;0.01
16/01/2025;22:00;0.21
16/01/2025;23:00;0.39
17/01/2025;00:00;0.51
17/01/2025;01:00;0.58
17/01/2025;02:00;0.58
17/01/2025;03:00;0.49
17/01/2025;04:00;0.33
17/01/2025;05:00;0.2
17/01/2025;06:00;0.13
17/01/2025;07:00;0.08
17/01/2025;08:00;0.13
17/01/2025;09:00;0.26
17/01/2025;10:00;0.39
17/01/2025;11:00;0.49
17/01/2025;12:00;0.53
17/01/2025;13:00;0.5
17/01/2025;14:00;0.35
17/01/2025;15:00;0.17
17/01/2025;16:00;-0.01
17/01/2025;17:00;-0.19
17/01/2025;18:00;-0.33
17/01/2025;19:00;-0.36
17/01/2025;20:00;-0.29
17/01/2025;21:00;-0.14
17/01/2025;22:00;0.06
17/01/2025;23:00;0.23
18/01/2025;00:00;0.38
18/01/2025;01:00;0.48
18/01/2025;02:00;0.51
18/01/2025;03:00;0.47
18/01/2025;04:00;0.37
18/01/2025;05:00;0.25
18/01/2025;06:00;0.12
18/01/2025;07:00;0.07
18/01/2025;08:00;0.12
18/01/2025;09:00;0.21
18/01/2025;10:00;0.33
18/01/2025;11:00;0.44
18/01/2025;12:00;0.49
18/01/2025;13:00;0.47
18/01/2025;14:00;0.36
18/01/2025;15:00;0.21
18/01/2025;16:00;0.06
18/01/2025;17:00;-0.1
18/01/2025;18:00;-0.2
18/01/2025;19:00;-0.25
18/01/2025;20:00;-0.21
18/01/2025;21:00;-0.09
18/01/2025;22:00;0.09
18/01/2025;23:00;0.26
19/01/2025;00:00;0.4
19/01/2025;01:00;0.5
19/01/2025;02:00;0.57
19/01/2025;03:00;0.55
19/01/2025;04:00;0.48
19/01/2025;05:00;0.37
19/01/2025;06:00;0.24
19/01/2025;07:00;0.17
19/01/2025;08:00;0.16
19/01/2025;09:00;0.21
19/01/2025;10:00;0.29
19/01/2025;11:00;0.38
19/01/2025;12:00;0.45
19/01/2025;13:00;0.43
19/01/2025;14:00;0.35
19/01/2025;15:00;0.24
19/01/2025;16:00;0.12
19/01/2025;17:00;-0.02
19/01/2025;18:00;-0.1
19/01/2025;19:00;-0.14
19/01/2025;20:00;-0.14
19/01/2025;21:00;-0.06
19/01/2025;22:00;0.08
19/01/2025;23:00;0.23
20/01/2025;00:00;0.36
20/01/2025;01:00;0.47
20/01/2025;02:00;0.55
20/01/2025;03:00;0.56
20/01/2025;04:00;0.52
20/01/2025;05:00;0.41
20/01/2025;06:00;0.3
20/01/2025;07:00;0.19
20/01/2025;08:00;0.13
20/01/2025;09:00;0.12
20/01/2025;10:00;0.16
20/01/2025;11:00;0.22
20/01/2025;12:00;0.3
20/01/2025;13:00;0.34
20/01/2025;14:00;0.32
20/01/2025;15:00;0.25
20/01/2025;16:00;0.17
20/01/2025;17:00;0.07
20/01/2025;18:00;0
20/01/2025;19:00;-0.03
20/01/2025;20:00;-0.02
20/01/2025;21:00;0.06
20/01/2025;22:00;0.17
20/01/2025;23:00;0.29
21/01/2025;00:00;0.4
21/01/2025;01:00;0.51
21/01/2025;02:00;0.6
21/01/2025;03:00;0.63
21/01/2025;04:00;0.6
21/01/2025;05:00;0.51
21/01/2025;06:00;0.41
21/01/2025;07:00;0.3
21/01/2025;08:00;0.22
21/01/2025;09:00;0.16
21/01/2025;10:00;0.14
21/01/2025;11:00;0.18
21/01/2025;12:00;0.22
21/01/2025;13:00;0.27
21/01/2025;14:00;0.29
21/01/2025;15:00;0.26
21/01/2025;16:00;0.2
21/01/2025;17:00;0.14
21/01/2025;18:00;0.11
21/01/2025;19:00;0.1
21/01/2025;20:00;0.13
21/01/2025;21:00;0.17
21/01/2025;22:00;0.23
21/01/2025;23:00;0.33
22/01/2025;00:00;0.41
22/01/2025;01:00;0.48
22/01/2025;02:00;0.53
22/01/2025;03:00;0.56
22/01/2025;04:00;0.56
22/01/2025;05:00;0.5
22/01/2025;06:00;0.42
22/01/2025;07:00;0.33
22/01/2025;08:00;0.26
22/01/2025;09:00;0.19
22/01/2025;10:00;0.15
22/01/2025;11:00;0.14
22/01/2025;12:00;0.14
22/01/2025;13:00;0.15
22/01/2025;14:00;0.14
22/01/2025;15:00;0.13
22/01/2025;16:00;0.15
22/01/2025;17:00;0.16
22/01/2025;18:00;0.18
22/01/2025;19:00;0.21
22/01/2025;20:00;0.25
22/01/2025;21:00;0.29
22/01/2025;22:00;0.33
22/01/2025;23:00;0.37
23/01/2025;00:00;0.41
23/01/2025;01:00;0.46
23/01/2025;02:00;0.52
23/01/2025;03:00;0.57
23/01/2025;04:00;0.61
23/01/2025;05:00;0.63
23/01/2025;06:00;0.61
23/01/2025;07:00;0.55
23/01/2025;08:00;0.46
23/01/2025;09:00;0.38
23/01/2025;10:00;0.3
23/01/2025;11:00;0.24
23/01/2025;12:00;0.18
23/01/2025;13:00;0.17
23/01/2025;14:00;0.16
23/01/2025;15:00;0.19
23/01/2025;16:00;0.25
23/01/2025;17:00;0.31
23/01/2025;18:00;0.38
23/01/2025;19:00;0.41
23/01/2025;20:00;0.42
23/01/2025;21:00;0.41
23/01/2025;22:00;0.41
23/01/2025;23:00;0.43
24/01/2025;00:00;0.45
24/01/2025;01:00;0.49
24/01/2025;02:00;0.54
24/01/2025;03:00;0.56
24/01/2025;04:00;0.57
24/01/2025;05:00;0.58
24/01/2025;06:00;0.56
24/01/2025;07:00;0.49
24/01/2025;08:00;0.43
24/01/2025;09:00;0.35
24/01/2025;10:00;0.26
24/01/2025;11:00;0.19
24/01/2025;12:00;0.11
24/01/2025;13:00;0.04
24/01/2025;14:00;-0.02
24/01/2025;15:00;-0.03
24/01/2025;16:00;0.01
24/01/2025;17:00;0.07
24/01/2025;18:00;0.16
24/01/2025;19:00;0.28
24/01/2025;20:00;0.37
24/01/2025;21:00;0.42
24/01/2025;22:00;0.45
24/01/2025;23:00;0.46
25/01/2025;00:00;0.44
25/01/2025;01:00;0.42
25/01/2025;02:00;0.39
25/01/2025;03:00;0.41
25/01/2025;04:00;0.44
25/01/2025;05:00;0.49
25/01/2025;06:00;0.53
25/01/2025;07:00;0.56
25/01/2025;08:00;0.55
25/01/2025;09:00;0.46
25/01/2025;10:00;0.35
25/01/2025;11:00;0.23
25/01/2025;12:00;0.08
25/01/2025;13:00;-0.03
25/01/2025;14:00;-0.12
25/01/2025;15:00;-0.17
25/01/2025;16:00;-0.15
25/01/2025;17:00;-0.04
25/01/2025;18:00;0.1
25/01/2025;19:00;0.25
25/01/2025;20:00;0.38
25/01/2025;21:00;0.48
25/01/2025;22:00;0.54
25/01/2025;23:00;0.55
26/01/2025;00:00;0.48
26/01/2025;01:00;0.4
26/01/2025;02:00;0.35
26/01/2025;03:00;0.32
26/01/2025;04:00;0.36
26/01/2025;05:00;0.46
26/01/2025;06:00;0.56
26/01/2025;07:00;0.64
26/01/2025;08:00;0.7
26/01/2025;09:00;0.68
26/01/2025;10:00;0.62
26/01/2025;11:00;0.48
26/01/2025;12:00;0.35
26/01/2025;13:00;0.22
26/01/2025;14:00;0.09
26/01/2025;15:00;0.01
26/01/2025;16:00;0
26/01/2025;17:00;0.1
26/01/2025;18:00;0.24
26/01/2025;19:00;0.38
26/01/2025;20:00;0.53
26/01/2025;21:00;0.63
26/01/2025;22:00;0.67
26/01/2025;23:00;0.66
27/01/2025;00:00;0.59
27/01/2025;01:00;0.44
27/01/2025;02:00;0.3
27/01/2025;03:00;0.22
27/01/2025;04:00;0.2
27/01/2025;05:00;0.24
27/01/2025;06:00;0.39
27/01/2025;07:00;0.55
27/01/2025;08:00;0.64
27/01/2025;09:00;0.7
27/01/2025;10:00;0.71
27/01/2025;11:00;0.62
27/01/2025;12:00;0.47
27/01/2025;13:00;0.31
27/01/2025;14:00;0.15
27/01/2025;15:00;0.02
27/01/2025;16:00;-0.07
27/01/2025;17:00;-0.04
27/01/2025;18:00;0.11
27/01/2025;19:00;0.29
27/01/2025;20:00;0.49
27/01/2025;21:00;0.65
27/01/2025;22:00;0.76
27/01/2025;23:00;0.81
28/01/2025;00:00;0.78
28/01/2025;01:00;0.66
28/01/2025;02:00;0.54
28/01/2025;03:00;0.5
28/01/2025;04:00;0.53
28/01/2025;05:00;0.61
28/01/2025;06:00;0.74
28/01/2025;07:00;0.87
28/01/2025;08:00;1.06
28/01/2025;09:00;1.24
28/01/2025;10:00;1.25
28/01/2025;11:00;1.19
28/01/2025;12:00;1.03
28/01/2025;13:00;0.79
28/01/2025;14:00;0.57
28/01/2025;15:00;0.41
28/01/2025;16:00;0.25
28/01/2025;17:00;0.17
28/01/2025;18:00;0.15
28/01/2025;19:00;0.3
28/01/2025;20:00;0.5
28/01/2025;21:00;0.63
28/01/2025;22:00;0.75
28/01/2025;23:00;0.81
29/01/2025;00:00;0.76
29/01/2025;01:00;0.64
29/01/2025;02:00;0.49
29/01/2025;03:00;0.37
29/01/2025;04:00;0.27
29/01/2025;05:00;0.25
29/01/2025;06:00;0.34
29/01/2025;07:00;0.48
29/01/2025;08:00;0.63
29/01/2025;09:00;0.84
29/01/2025;10:00;0.95
29/01/2025;11:00;0.97
29/01/2025;12:00;0.84
29/01/2025;13:00;0.7
29/01/2025;14:00;0.45
29/01/2025;15:00;0.22
29/01/2025;16:00;0.01
29/01/2025;17:00;-0.12
29/01/2025;18:00;-0.15
29/01/2025;19:00;-0.04
29/01/2025;20:00;0.15
29/01/2025;21:00;0.35
29/01/2025;22:00;0.51
29/01/2025;23:00;0.61
30/01/2025;00:00;0.67
30/01/2025;01:00;0.67
30/01/2025;02:00;0.56
30/01/2025;03:00;0.42
30/01/2025;04:00;0.29
30/01/2025;05:00;0.21
30/01/2025;06:00;0.24
30/01/2025;07:00;0.39
30/01/2025;08:00;0.56
30/01/2025;09:00;0.73
30/01/2025;10:00;0.84
30/01/2025;11:00;0.88
30/01/2025;12:00;0.81
30/01/2025;13:00;0.62
30/01/2025;14:00;0.38
30/01/2025;15:00;0.15
30/01/2025;16:00;-0.07
30/01/2025;17:00;-0.22
30/01/2025;18:00;-0.28
30/01/2025;19:00;-0.24
30/01/2025;20:00;-0.06
30/01/2025;21:00;0.17
30/01/2025;22:00;0.36
30/01/2025;23:00;0.51
31/01/2025;00:00;0.62
31/01/2025;01:00;0.65
31/01/2025;02:00;0.6
31/01/2025;03:00;0.47
31/01/2025;04:00;0.32
31/01/2025;05:00;0.22
31/01/2025;06:00;0.19
31/01/2025;07:00;0.23
31/01/2025;08:00;0.38
31/01/2025;09:00;0.54
31/01/2025;10:00;0.66
31/01/2025;11:00;0.72
31/01/2025;12:00;0.7
31/01/2025;13:00;0.58
31/01/2025;14:00;0.38
31/01/2025;15:00;0.16
31/01/2025;16:00;-0.07
31/01/2025;17:00;-0.26
31/01/2025;18:00;-0.37
31/01/2025;19:00;-0.35
31/01/2025;20:00;-0.17
31/01/2025;21:00;0.07
31/01/2025;22:00;0.28
31/01/2025;23:00;0.46
01/02/2025;00:00;0.6
01/02/2025;01:00;0.68
01/02/2025;02:00;0.68
01/02/2025;03:00;0.57
01/02/2025;04:00;0.41
01/02/2025;05:00;0.26
01/02/2025;06:00;0.14
01/02/2025;07:00;0.11
01/02/2025;08:00;0.15
01/02/2025;09:00;0.28
01/02/2025;10:00;0.44
01/02/2025;11:00;0.56
01/02/2025;12:00;0.61
01/02/2025;13:00;0.56
01/02/2025;14:00;0.4
01/02/2025;15:00;0.18
01/02/2025;16:00;-0.02
01/02/2025;17:00;-0.19
01/02/2025;18:00;-0.31
01/02/2025;19:00;-0.32
01/02/2025;20:00;-0.19
01/02/2025;21:00;0.01
01/02/2025;22:00;0.21
01/02/2025;23:00;0.41
02/02/2025;00:00;0.58
02/02/2025;01:00;0.68
02/02/2025;02:00;0.7
02/02/2025;03:00;0.62
02/02/2025;04:00;0.46
02/02/2025;05:00;0.29
02/02/2025;06:00;0.14
02/02/2025;07:00;0.03
02/02/2025;08:00;-0.01
02/02/2025;09:00;0.06
02/02/2025;10:00;0.2
02/02/2025;11:00;0.35
02/02/2025;12:00;0.47
02/02/2025;13:00;0.5
02/02/2025;14:00;0.44
02/02/2025;15:00;0.3
02/02/2025;16:00;0.12
02/02/2025;17:00;-0.04
02/02/2025;18:00;-0.14
02/02/2025;19:00;-0.17
02/02/2025;20:00;-0.09
02/02/2025;21:00;0.08
02/02/2025;22:00;0.29
02/02/2025;23:00;0.47
03/02/2025;00:00;0.61
03/02/2025;01:00;0.7
03/02/2025;02:00;0.73
03/02/2025;03:00;0.68
03/02/2025;04:00;0.55
03/02/2025;05:00;0.39
03/02/2025;06:00;0.23
03/02/2025;07:00;0.1
03/02/2025;08:00;0.01
03/02/2025;09:00;-0.02
03/02/2025;10:00;0.05
03/02/2025;11:00;0.18
03/02/2025;12:00;0.3
03/02/2025;13:00;0.38
03/02/2025;14:00;0.39
03/02/2025;15:00;0.33
03/02/2025;16:00;0.2
03/02/2025;17:00;0.06
03/02/2025;18:00;-0.04
03/02/2025;19:00;-0.1
03/02/2025;20:00;-0.07
03/02/2025;21:00;0.03
03/02/2025;22:00;0.19
03/02/2025;23:00;0.35
04/02/2025;00:00;0.49
04/02/2025;01:00;0.58
04/02/2025;02:00;0.66
04/02/2025;03:00;0.65
04/02/2025;04:00;0.56
04/02/2025;05:00;0.41
04/02/2025;06:00;0.26
04/02/2025;07:00;0.1
04/02/2025;08:00;-0.01
04/02/2025;09:00;-0.07
04/02/2025;10:00;-0.05
04/02/2025;11:00;0.03
04/02/2025;12:00;0.15
04/02/2025;13:00;0.25
04/02/2025;14:00;0.29
04/02/2025;15:00;0.3
04/02/2025;16:00;0.24
04/02/2025;17:00;0.13
04/02/2025;18:00;0.02
04/02/2025;19:00;-0.05
04/02/2025;20:00;-0.06
04/02/2025;21:00;0
04/02/2025;22:00;0.12
04/02/2025;23:00;0.26
05/02/2025;00:00;0.39
05/02/2025;01:00;0.48
05/02/2025;02:00;0.55
05/02/2025;03:00;0.56
05/02/2025;04:00;0.5
05/02/2025;05:00;0.4
05/02/2025;06:00;0.28
05/02/2025;07:00;0.17
05/02/2025;08:00;0.07
05/02/2025;09:00;-0.02
05/02/2025;10:00;-0.06
05/02/2025;11:00;-0.06
05/02/2025;12:00;-0.01
05/02/2025;13:00;0.05
05/02/2025;14:00;0.1
05/02/2025;15:00;0.13
05/02/2025;16:00;0.11
05/02/2025;17:00;0.07
05/02/2025;18:00;0.03
05/02/2025;19:00;0.02
05/02/2025;20:00;0.03
05/02/2025;21:00;0.07
05/02/2025;22:00;0.14
05/02/2025;23:00;0.22
06/02/2025;00:00;0.29
06/02/2025;01:00;0.35
06/02/2025;02:00;0.4
06/02/2025;03:00;0.43
06/02/2025;04:00;0.44
06/02/2025;05:00;0.42
06/02/2025;06:00;0.37
06/02/2025;07:00;0.31
06/02/2025;08:00;0.23
06/02/2025;09:00;0.15
06/02/2025;10:00;0.07
06/02/2025;11:00;0
06/02/2025;12:00;-0.04
06/02/2025;13:00;-0.07
06/02/2025;14:00;-0.08
06/02/2025;15:00;-0.04
06/02/2025;16:00;0.02
06/02/2025;17:00;0.09
06/02/2025;18:00;0.16
06/02/2025;19:00;0.2
06/02/2025;20:00;0.24
06/02/2025;21:00;0.26
06/02/2025;22:00;0.26
06/02/2025;23:00;0.28
07/02/2025;00:00;0.3
07/02/2025;01:00;0.34
07/02/2025;02:00;0.38
07/02/2025;03:00;0.42
07/02/2025;04:00;0.44
07/02/2025;05:00;0.44
07/02/2025;06:00;0.43
07/02/2025;07:00;0.4
07/02/2025;08:00;0.34
07/02/2025;09:00;0.25
07/02/2025;10:00;0.15
07/02/2025;11:00;0.03
07/02/2025;12:00;-0.07
07/02/2025;13:00;-0.16
07/02/2025;14:00;-0.22
07/02/2025;15:00;-0.22
07/02/2025;16:00;-0.15
07/02/2025;17:00;-0.04
07/02/2025;18:00;0.07
07/02/2025;19:00;0.17
07/02/2025;20:00;0.25
07/02/2025;21:00;0.29
07/02/2025;22:00;0.3
07/02/2025;23:00;0.3
08/02/2025;00:00;0.26
08/02/2025;01:00;0.24
08/02/2025;02:00;0.23
08/02/2025;03:00;0.25
08/02/2025;04:00;0.29
08/02/2025;05:00;0.35
08/02/2025;06:00;0.4
08/02/2025;07:00;0.42
08/02/2025;08:00;0.41
08/02/2025;09:00;0.36
08/02/2025;10:00;0.25
08/02/2025;11:00;0.1
08/02/2025;12:00;-0.05
08/02/2025;13:00;-0.2
08/02/2025;14:00;-0.3
08/02/2025;15:00;-0.34
08/02/2025;16:00;-0.29
08/02/2025;17:00;-0.16
08/02/2025;18:00;0.01
08/02/2025;19:00;0.17
08/02/2025;20:00;0.3
08/02/2025;21:00;0.38
08/02/2025;22:00;0.42
08/02/2025;23:00;0.41
09/02/2025;00:00;0.34
09/02/2025;01:00;0.25
09/02/2025;02:00;0.2
09/02/2025;03:00;0.19
09/02/2025;04:00;0.24
09/02/2025;05:00;0.32
09/02/2025;06:00;0.4
09/02/2025;07:00;0.48
09/02/2025;08:00;0.51
09/02/2025;09:00;0.49
09/02/2025;10:00;0.41
09/02/2025;11:00;0.27
09/02/2025;12:00;0.1
09/02/2025;13:00;-0.06
09/02/2025;14:00;-0.22
09/02/2025;15:00;-0.34
09/02/2025;16:00;-0.37
09/02/2025;17:00;-0.28
09/02/2025;18:00;-0.1
09/02/2025;19:00;0.09
09/02/2025;20:00;0.26
09/02/2025;21:00;0.39
09/02/2025;22:00;0.46
09/02/2025;23:00;0.46
10/02/2025;00:00;0.38
10/02/2025;01:00;0.26
10/02/2025;02:00;0.14
10/02/2025;03:00;0.07
10/02/2025;04:00;0.07
10/02/2025;05:00;0.14
10/02/2025;06:00;0.26
10/02/2025;07:00;0.39
10/02/2025;08:00;0.49
10/02/2025;09:00;0.53
10/02/2025;10:00;0.5
10/02/2025;11:00;0.37
10/02/2025;12:00;0.18
10/02/2025;13:00;-0.02
10/02/2025;14:00;-0.2
10/02/2025;15:00;-0.36
10/02/2025;16:00;-0.43
10/02/2025;17:00;-0.39
10/02/2025;18:00;-0.23
10/02/2025;19:00;0
10/02/2025;20:00;0.2
10/02/2025;21:00;0.36
10/02/2025;22:00;0.46
10/02/2025;23:00;0.5
11/02/2025;00:00;0.45
11/02/2025;01:00;0.32
11/02/2025;02:00;0.17
11/02/2025;03:00;0.05
11/02/2025;04:00;0
11/02/2025;05:00;0.03
11/02/2025;06:00;0.15
11/02/2025;07:00;0.32
11/02/2025;08:00;0.44
11/02/2025;09:00;0.52
11/02/2025;10:00;0.55
11/02/2025;11:00;0.46
11/02/2025;12:00;0.29
11/02/2025;13:00;0.09
11/02/2025;14:00;-0.11
11/02/2025;15:00;-0.29
11/02/2025;16:00;-0.41
11/02/2025;17:00;-0.43
11/02/2025;18:00;-0.29
11/02/2025;19:00;-0.07
11/02/2025;20:00;0.16
11/02/2025;21:00;0.33
11/02/2025;22:00;0.46
11/02/2025;23:00;0.52
12/02/2025;00:00;0.49
12/02/2025;01:00;0.38
12/02/2025;02:00;0.23
12/02/2025;03:00;0.09
12/02/2025;04:00;0.02
12/02/2025;05:00;0.02
12/02/2025;06:00;0.11
12/02/2025;07:00;0.25
12/02/2025;08:00;0.41
12/02/2025;09:00;0.52
12/02/2025;10:00;0.58
12/02/2025;11:00;0.56
12/02/2025;12:00;0.44
12/02/2025;13:00;0.26
12/02/2025;14:00;0.07
12/02/2025;15:00;-0.13
12/02/2025;16:00;-0.28
12/02/2025;17:00;-0.36
12/02/2025;18:00;-0.3
12/02/2025;19:00;-0.13
12/02/2025;20:00;0.1
12/02/2025;21:00;0.3
12/02/2025;22:00;0.46
12/02/2025;23:00;0.57
13/02/2025;00:00;0.6
13/02/2025;01:00;0.53
13/02/2025;02:00;0.39
13/02/2025;03:00;0.22
13/02/2025;04:00;0.1
13/02/2025;05:00;0.03
13/02/2025;06:00;0.05
13/02/2025;07:00;0.17
13/02/2025;08:00;0.33
13/02/2025;09:00;0.49
13/02/2025;10:00;0.59
13/02/2025;11:00;0.62
13/02/2025;12:00;0.57
13/02/2025;13:00;0.41
13/02/2025;14:00;0.21
13/02/2025;15:00;0.01
13/02/2025;16:00;-0.17
13/02/2025;17:00;-0.28
13/02/2025;18:00;-0.28
13/02/2025;19:00;-0.14
13/02/2025;20:00;0.09
13/02/2025;21:00;0.31
13/02/2025;22:00;0.49
13/02/2025;23:00;0.62
14/02/2025;00:00;0.69
14/02/2025;01:00;0.66
14/02/2025;02:00;0.53
14/02/2025;03:00;0.36
14/02/2025;04:00;0.21
14/02/2025;05:00;0.1
14/02/2025;06:00;0.06
14/02/2025;07:00;0.13
14/02/2025;08:00;0.29
14/02/2025;09:00;0.46
14/02/2025;10:00;0.6
14/02/2025;11:00;0.71
14/02/2025;12:00;0.74
14/02/2025;13:00;0.61
14/02/2025;14:00;0.42
14/02/2025;15:00;0.29
14/02/2025;16:00;0.09
14/02/2025;17:00;-0.05
14/02/2025;18:00;-0.08
14/02/2025;19:00;0
14/02/2025;20:00;0.16
14/02/2025;21:00;0.36
14/02/2025;22:00;0.56
14/02/2025;23:00;0.69
15/02/2025;00:00;0.76
15/02/2025;01:00;0.75
15/02/2025;02:00;0.65
15/02/2025;03:00;0.5
15/02/2025;04:00;0.33
15/02/2025;05:00;0.18
15/02/2025;06:00;0.08
15/02/2025;07:00;0.08
15/02/2025;08:00;0.18
15/02/2025;09:00;0.35
15/02/2025;10:00;0.48
15/02/2025;11:00;0.6
15/02/2025;12:00;0.65
15/02/2025;13:00;0.58
15/02/2025;14:00;0.45
15/02/2025;15:00;0.29
15/02/2025;16:00;0.13
15/02/2025;17:00;0.01
15/02/2025;18:00;-0.06
15/02/2025;19:00;-0.04
15/02/2025;20:00;0.08
15/02/2025;21:00;0.26
15/02/2025;22:00;0.43
15/02/2025;23:00;0.56
16/02/2025;00:00;0.65
16/02/2025;01:00;0.66
16/02/2025;02:00;0.57
16/02/2025;03:00;0.42
16/02/2025;04:00;0.25
16/02/2025;05:00;0.09
16/02/2025;06:00;-0.02
16/02/2025;07:00;-0.05
16/02/2025;08:00;0.02
16/02/2025;09:00;0.18
16/02/2025;10:00;0.34
16/02/2025;11:00;0.46
16/02/2025;12:00;0.53
16/02/2025;13:00;0.55
16/02/2025;14:00;0.48
16/02/2025;15:00;0.34
16/02/2025;16:00;0.18
16/02/2025;17:00;0.04
16/02/2025;18:00;-0.05
16/02/2025;19:00;-0.06
16/02/2025;20:00;0.04
16/02/2025;21:00;0.21
16/02/2025;22:00;0.36
16/02/2025;23:00;0.48
17/02/2025;00:00;0.58
17/02/2025;01:00;0.6
17/02/2025;02:00;0.56
17/02/2025;03:00;0.42
17/02/2025;04:00;0.26
17/02/2025;05:00;0.13
17/02/2025;06:00;0.03
17/02/2025;07:00;-0.01
17/02/2025;08:00;0.03
17/02/2025;09:00;0.14
17/02/2025;10:00;0.27
17/02/2025;11:00;0.4
17/02/2025;12:00;0.48
17/02/2025;13:00;0.51
17/02/2025;14:00;0.44
17/02/2025;15:00;0.31
17/02/2025;16:00;0.17
17/02/2025;17:00;0.04
17/02/2025;18:00;-0.03
17/02/2025;19:00;-0.04
17/02/2025;20:00;0.03
17/02/2025;21:00;0.15
17/02/2025;22:00;0.28
17/02/2025;23:00;0.4
18/02/2025;00:00;0.49
18/02/2025;01:00;0.54
18/02/2025;02:00;0.53
18/02/2025;03:00;0.45
18/02/2025;04:00;0.34
18/02/2025;05:00;0.23
18/02/2025;06:00;0.12
18/02/2025;07:00;0.07
18/02/2025;08:00;0.06
18/02/2025;09:00;0.11
18/02/2025;10:00;0.21
18/02/2025;11:00;0.32
18/02/2025;12:00;0.39
18/02/2025;13:00;0.41
18/02/2025;14:00;0.36
18/02/2025;15:00;0.29
18/02/2025;16:00;0.18
18/02/2025;17:00;0.06
18/02/2025;18:00;-0.01
18/02/2025;19:00;-0.01
18/02/2025;20:00;0.05
18/02/2025;21:00;0.15
18/02/2025;22:00;0.26
18/02/2025;23:00;0.35
19/02/2025;00:00;0.43
19/02/2025;01:00;0.49
19/02/2025;02:00;0.53
19/02/2025;03:00;0.51
19/02/2025;04:00;0.42
19/02/2025;05:00;0.31
19/02/2025;06:00;0.19
19/02/2025;07:00;0.08
19/02/2025;08:00;0.04
19/02/2025;09:00;0.05
19/02/2025;10:00;0.1
19/02/2025;11:00;0.17
19/02/2025;12:00;0.24
19/02/2025;13:00;0.27
19/02/2025;14:00;0.26
19/02/2025;15:00;0.19
19/02/2025;16:00;0.12
19/02/2025;17:00;0.06
19/02/2025;18:00;0.01
19/02/2025;19:00;-0.01
19/02/2025;20:00;0.01
19/02/2025;21:00;0.08
19/02/2025;22:00;0.17
19/02/2025;23:00;0.29
20/02/2025;00:00;0.39
20/02/2025;01:00;0.48
20/02/2025;02:00;0.51
20/02/2025;03:00;0.5
20/02/2025;04:00;0.42
20/02/2025;05:00;0.33
20/02/2025;06:00;0.23
20/02/2025;07:00;0.14
20/02/2025;08:00;0.08
20/02/2025;09:00;0.07
20/02/2025;10:00;0.07
20/02/2025;11:00;0.08
20/02/2025;12:00;0.11
20/02/2025;13:00;0.11
20/02/2025;14:00;0.09
20/02/2025;15:00;0.06
20/02/2025;16:00;0.03
20/02/2025;17:00;0.01
20/02/2025;18:00;0.02
20/02/2025;19:00;0.05
20/02/2025;20:00;0.11
20/02/2025;21:00;0.18
20/02/2025;22:00;0.26
20/02/2025;23:00;0.34
21/02/2025;00:00;0.38
21/02/2025;01:00;0.42
21/02/2025;02:00;0.43
21/02/2025;03:00;0.41
21/02/2025;04:00;0.38
21/02/2025;05:00;0.32
21/02/2025;06:00;0.26
21/02/2025;07:00;0.21
21/02/2025;08:00;0.15
21/02/2025;09:00;0.08
21/02/2025;10:00;0.03
21/02/2025;11:00;0
21/02/2025;12:00;-0.04
21/02/2025;13:00;-0.05
21/02/2025;14:00;-0.06
21/02/2025;15:00;-0.06
21/02/2025;16:00;-0.03
21/02/2025;17:00;0.03
21/02/2025;18:00;0.12
21/02/2025;19:00;0.2
21/02/2025;20:00;0.27
21/02/2025;21:00;0.31
21/02/2025;22:00;0.34
21/02/2025;23:00;0.35
22/02/2025;00:00;0.36
22/02/2025;01:00;0.37
22/02/2025;02:00;0.41
22/02/2025;03:00;0.43
22/02/2025;04:00;0.43
22/02/2025;05:00;0.39
22/02/2025;06:00;0.34
22/02/2025;07:00;0.28
22/02/2025;08:00;0.21
22/02/2025;09:00;0.15
22/02/2025;10:00;0.08
22/02/2025;11:00;0.01
22/02/2025;12:00;-0.07
22/02/2025;13:00;-0.13
22/02/2025;14:00;-0.16
22/02/2025;15:00;-0.15
22/02/2025;16:00;-0.08
22/02/2025;17:00;0.05
22/02/2025;18:00;0.18
22/02/2025;19:00;0.28
22/02/2025;20:00;0.37
22/02/2025;21:00;0.42
22/02/2025;22:00;0.43
22/02/2025;23:00;0.41
23/02/2025;00:00;0.37
23/02/2025;01:00;0.31
23/02/2025;02:00;0.28
23/02/2025;03:00;0.29
23/02/2025;04:00;0.31
23/02/2025;05:00;0.34
23/02/2025;06:00;0.36
23/02/2025;07:00;0.35
23/02/2025;08:00;0.31
23/02/2025;09:00;0.21
23/02/2025;10:00;0.1
23/02/2025;11:00;-0.02
23/02/2025;12:00;-0.13
23/02/2025;13:00;-0.21
23/02/2025;14:00;-0.24
23/02/2025;15:00;-0.2
23/02/2025;16:00;-0.11
23/02/2025;17:00;0.01
23/02/2025;18:00;0.15
23/02/2025;19:00;0.27
23/02/2025;20:00;0.38
23/02/2025;21:00;0.44
23/02/2025;22:00;0.46
23/02/2025;23:00;0.42
24/02/2025;00:00;0.33
24/02/2025;01:00;0.23
24/02/2025;02:00;0.17
24/02/2025;03:00;0.15
24/02/2025;04:00;0.17
24/02/2025;05:00;0.24
24/02/2025;06:00;0.33
24/02/2025;07:00;0.4
24/02/2025;08:00;0.41
24/02/2025;09:00;0.36
24/02/2025;10:00;0.27
24/02/2025;11:00;0.14
24/02/2025;12:00;0
24/02/2025;13:00;-0.12
24/02/2025;14:00;-0.21
24/02/2025;15:00;-0.26
24/02/2025;16:00;-0.22
24/02/2025;17:00;-0.09
24/02/2025;18:00;0.08
24/02/2025;19:00;0.24
24/02/2025;20:00;0.37
24/02/2025;21:00;0.47
24/02/2025;22:00;0.5
24/02/2025;23:00;0.45
25/02/2025;00:00;0.34
25/02/2025;01:00;0.21
25/02/2025;02:00;0.11
25/02/2025;03:00;0.06
25/02/2025;04:00;0.09
25/02/2025;05:00;0.18
25/02/2025;06:00;0.31
25/02/2025;07:00;0.42
25/02/2025;08:00;0.49
25/02/2025;09:00;0.5
25/02/2025;10:00;0.45
25/02/2025;11:00;0.33
25/02/2025;12:00;0.17
25/02/2025;13:00;0.01
25/02/2025;14:00;-0.14
25/02/2025;15:00;-0.24
25/02/2025;16:00;-0.26
25/02/2025;17:00;-0.18
25/02/2025;18:00;-0.02
25/02/2025;19:00;0.17
25/02/2025;20:00;0.34
25/02/2025;21:00;0.47
25/02/2025;22:00;0.55
25/02/2025;23:00;0.56
26/02/2025;00:00;0.5
26/02/2025;01:00;0.36
26/02/2025;02:00;0.23
26/02/2025;03:00;0.13
26/02/2025;04:00;0.1
26/02/2025;05:00;0.16
26/02/2025;06:00;0.31
26/02/2025;07:00;0.46
26/02/2025;08:00;0.6
26/02/2025;09:00;0.68
26/02/2025;10:00;0.69
26/02/2025;11:00;0.6
26/02/2025;12:00;0.43
26/02/2025;13:00;0.24
26/02/2025;14:00;0.05
26/02/2025;15:00;-0.11
26/02/2025;16:00;-0.21
26/02/2025;17:00;-0.2
26/02/2025;18:00;-0.06
26/02/2025;19:00;0.12
26/02/2025;20:00;0.31
26/02/2025;21:00;0.47
26/02/2025;22:00;0.61
26/02/2025;23:00;0.69
27/02/2025;00:00;0.66
27/02/2025;01:00;0.54
27/02/2025;02:00;0.35
27/02/2025;03:00;0.19
27/02/2025;04:00;0.07
27/02/2025;05:00;0.05
27/02/2025;06:00;0.15
27/02/2025;07:00;0.33
27/02/2025;08:00;0.52
27/02/2025;09:00;0.66
27/02/2025;10:00;0.72
27/02/2025;11:00;0.69
27/02/2025;12:00;0.54
27/02/2025;13:00;0.34
27/02/2025;14:00;0.13
27/02/2025;15:00;-0.06
27/02/2025;16:00;-0.2
27/02/2025;17:00;-0.27
27/02/2025;18:00;-0.17
27/02/2025;19:00;0.03
27/02/2025;20:00;0.25
27/02/2025;21:00;0.45
27/02/2025;22:00;0.59
27/02/2025;23:00;0.69
28/02/2025;00:00;0.68
28/02/2025;01:00;0.54
28/02/2025;02:00;0.36
28/02/2025;03:00;0.17
28/02/2025;04:00;0.02
28/02/2025;05:00;-0.06
28/02/2025;06:00;-0.01
28/02/2025;07:00;0.14
28/02/2025;08:00;0.34
28/02/2025;09:00;0.52
28/02/2025;10:00;0.63
28/02/2025;11:00;0.68
28/02/2025;12:00;0.6
28/02/2025;13:00;0.42
28/02/2025;14:00;0.21
28/02/2025;15:00;-0.02
28/02/2025;16:00;-0.21
28/02/2025;17:00;-0.31
28/02/2025;18:00;-0.3
28/02/2025;19:00;-0.12
28/02/2025;20:00;0.12
28/02/2025;21:00;0.33
28/02/2025;22:00;0.51
28/02/2025;23:00;0.63
01/03/2025;00:00;0.67
01/03/2025;01:00;0.62
01/03/2025;02:00;0.47
01/03/2025;03:00;0.28
01/03/2025;04:00;0.1
01/03/2025;05:00;-0.04
01/03/2025;06:00;-0.09
01/03/2025;07:00;-0.01
01/03/2025;08:00;0.18
01/03/2025;09:00;0.38
01/03/2025;10:00;0.54
01/03/2025;11:00;0.63
01/03/2025;12:00;0.64
01/03/2025;13:00;0.51
01/03/2025;14:00;0.3
01/03/2025;15:00;0.08
01/03/2025;16:00;-0.1
01/03/2025;17:00;-0.24
01/03/2025;18:00;-0.27
01/03/2025;19:00;-0.16
01/03/2025;20:00;0.04
01/03/2025;21:00;0.26
01/03/2025;22:00;0.45
01/03/2025;23:00;0.61
02/03/2025;00:00;0.7
02/03/2025;01:00;0.69
02/03/2025;02:00;0.56
02/03/2025;03:00;0.37
02/03/2025;04:00;0.16
02/03/2025;05:00;-0.02
02/03/2025;06:00;-0.13
02/03/2025;07:00;-0.13
02/03/2025;08:00;-0.02
02/03/2025;09:00;0.16
02/03/2025;10:00;0.34
02/03/2025;11:00;0.47
02/03/2025;12:00;0.53
02/03/2025;13:00;0.48
02/03/2025;14:00;0.32
02/03/2025;15:00;0.12
02/03/2025;16:00;-0.09
02/03/2025;17:00;-0.25
02/03/2025;18:00;-0.33
02/03/2025;19:00;-0.28
02/03/2025;20:00;-0.11
02/03/2025;21:00;0.12
02/03/2025;22:00;0.31
02/03/2025;23:00;0.47
03/03/2025;00:00;0.58
03/03/2025;01:00;0.61
03/03/2025;02:00;0.52
03/03/2025;03:00;0.34
03/03/2025;04:00;0.15
03/03/2025;05:00;-0.03
03/03/2025;06:00;-0.18
03/03/2025;07:00;-0.24
03/03/2025;08:00;-0.19
03/03/2025;09:00;-0.04
03/03/2025;10:00;0.14
03/03/2025;11:00;0.28
03/03/2025;12:00;0.38
03/03/2025;13:00;0.4
03/03/2025;14:00;0.32
03/03/2025;15:00;0.14
03/03/2025;16:00;-0.03
03/03/2025;17:00;-0.18
03/03/2025;18:00;-0.27
03/03/2025;19:00;-0.24
03/03/2025;20:00;-0.09
03/03/2025;21:00;0.1
03/03/2025;22:00;0.28
03/03/2025;23:00;0.43
04/03/2025;00:00;0.53
04/03/2025;01:00;0.57
04/03/2025;02:00;0.53
04/03/2025;03:00;0.4
04/03/2025;04:00;0.24
04/03/2025;05:00;0.09
04/03/2025;06:00;-0.03
04/03/2025;07:00;-0.12
04/03/2025;08:00;-0.14
04/03/2025;09:00;-0.09
04/03/2025;10:00;0.04
04/03/2025;11:00;0.17
04/03/2025;12:00;0.24
04/03/2025;13:00;0.29
04/03/2025;14:00;0.27
04/03/2025;15:00;0.18
04/03/2025;16:00;0.04
04/03/2025;17:00;-0.07
04/03/2025;18:00;-0.15
04/03/2025;19:00;-0.14
04/03/2025;20:00;-0.04
04/03/2025;21:00;0.11
04/03/2025;22:00;0.26
04/03/2025;23:00;0.39
05/03/2025;00:00;0.5
05/03/2025;01:00;0.57
05/03/2025;02:00;0.58
05/03/2025;03:00;0.51
05/03/2025;04:00;0.37
05/03/2025;05:00;0.21
05/03/2025;06:00;0.06
05/03/2025;07:00;-0.06
05/03/2025;08:00;-0.14
05/03/2025;09:00;-0.15
05/03/2025;10:00;-0.1
05/03/2025;11:00;0
05/03/2025;12:00;0.1
05/03/2025;13:00;0.16
05/03/2025;14:00;0.17
05/03/2025;15:00;0.15
05/03/2025;16:00;0.08
05/03/2025;17:00;0.01
05/03/2025;18:00;-0.03
05/03/2025;19:00;-0.02
05/03/2025;20:00;0.04
05/03/2025;21:00;0.16
05/03/2025;22:00;0.3
05/03/2025;23:00;0.41
06/03/2025;00:00;0.49
06/03/2025;01:00;0.54
06/03/2025;02:00;0.54
06/03/2025;03:00;0.47
06/03/2025;04:00;0.36
06/03/2025;05:00;0.25
06/03/2025;06:00;0.14
06/03/2025;07:00;0.02
06/03/2025;08:00;-0.08
06/03/2025;09:00;-0.14
06/03/2025;10:00;-0.15
06/03/2025;11:00;-0.13
06/03/2025;12:00;-0.08
06/03/2025;13:00;-0.02
06/03/2025;14:00;0.02
06/03/2025;15:00;0.04
06/03/2025;16:00;0.05
06/03/2025;17:00;0.06
06/03/2025;18:00;0.1
06/03/2025;19:00;0.15
06/03/2025;20:00;0.21
06/03/2025;21:00;0.27
06/03/2025;22:00;0.32
06/03/2025;23:00;0.38
07/03/2025;00:00;0.41
07/03/2025;01:00;0.42
07/03/2025;02:00;0.4
07/03/2025;03:00;0.34
07/03/2025;04:00;0.26
07/03/2025;05:00;0.19
07/03/2025;06:00;0.13
07/03/2025;07:00;0.05
07/03/2025;08:00;0
07/03/2025;09:00;-0.06
07/03/2025;10:00;-0.11
07/03/2025;11:00;-0.13
07/03/2025;12:00;-0.16
07/03/2025;13:00;-0.16
07/03/2025;14:00;-0.16
07/03/2025;15:00;-0.13
07/03/2025;16:00;-0.04
07/03/2025;17:00;0.07
07/03/2025;18:00;0.19
07/03/2025;19:00;0.29
07/03/2025;20:00;0.35
07/03/2025;21:00;0.37
07/03/2025;22:00;0.35
07/03/2025;23:00;0.32
08/03/2025;00:00;0.27
08/03/2025;01:00;0.23
08/03/2025;02:00;0.22
08/03/2025;03:00;0.23
08/03/2025;04:00;0.25
08/03/2025;05:00;0.27
08/03/2025;06:00;0.28
08/03/2025;07:00;0.26
08/03/2025;08:00;0.2
08/03/2025;09:00;0.1
08/03/2025;10:00;-0.02
08/03/2025;11:00;-0.13
08/03/2025;12:00;-0.21
08/03/2025;13:00;-0.26
08/03/2025;14:00;-0.24
08/03/2025;15:00;-0.13
08/03/2025;16:00;0.01
08/03/2025;17:00;0.14
08/03/2025;18:00;0.24
08/03/2025;19:00;0.32
08/03/2025;20:00;0.38
08/03/2025;21:00;0.39
08/03/2025;22:00;0.38
08/03/2025;23:00;0.34
09/03/2025;00:00;0.27
09/03/2025;01:00;0.21
09/03/2025;02:00;0.19
09/03/2025;03:00;0.21
09/03/2025;04:00;0.24
09/03/2025;05:00;0.3
09/03/2025;06:00;0.35
09/03/2025;07:00;0.36
09/03/2025;08:00;0.33
09/03/2025;09:00;0.27
09/03/2025;10:00;0.18
09/03/2025;11:00;0.08
09/03/2025;12:00;-0.02
09/03/2025;13:00;-0.11
09/03/2025;14:00;-0.16
09/03/2025;15:00;-0.14
09/03/2025;16:00;-0.06
09/03/2025;17:00;0.06
09/03/2025;18:00;0.22
09/03/2025;19:00;0.36
09/03/2025;20:00;0.46
09/03/2025;21:00;0.55
09/03/2025;22:00;0.56
09/03/2025;23:00;0.51
10/03/2025;00:00;0.41
10/03/2025;01:00;0.31
10/03/2025;02:00;0.23
10/03/2025;03:00;0.2
10/03/2025;04:00;0.25
10/03/2025;05:00;0.36
10/03/2025;06:00;0.48
10/03/2025;07:00;0.6
10/03/2025;08:00;0.69
10/03/2025;09:00;0.73
10/03/2025;10:00;0.68
10/03/2025;11:00;0.57
10/03/2025;12:00;0.42
10/03/2025;13:00;0.28
10/03/2025;14:00;0.16
10/03/2025;15:00;0.09
10/03/2025;16:00;0.09
10/03/2025;17:00;0.2
10/03/2025;18:00;0.36
10/03/2025;19:00;0.52
10/03/2025;20:00;0.65
10/03/2025;21:00;0.71
10/03/2025;22:00;0.71
10/03/2025;23:00;0.64
11/03/2025;00:00;0.5
11/03/2025;01:00;0.34
11/03/2025;02:00;0.23
11/03/2025;03:00;0.18
11/03/2025;04:00;0.17
11/03/2025;05:00;0.24
11/03/2025;06:00;0.39
11/03/2025;07:00;0.56
11/03/2025;08:00;0.69
11/03/2025;09:00;0.78
11/03/2025;10:00;0.81
11/03/2025;11:00;0.74
11/03/2025;12:00;0.57
11/03/2025;13:00;0.38
11/03/2025;14:00;0.22
11/03/2025;15:00;0.08
11/03/2025;16:00;0.02
11/03/2025;17:00;0.07
11/03/2025;18:00;0.2
11/03/2025;19:00;0.38
11/03/2025;20:00;0.54
11/03/2025;21:00;0.65
11/03/2025;22:00;0.69
11/03/2025;23:00;0.68
12/03/2025;00:00;0.57
12/03/2025;01:00;0.42
12/03/2025;02:00;0.3
12/03/2025;03:00;0.23
12/03/2025;04:00;0.22
12/03/2025;05:00;0.33
12/03/2025;06:00;0.51
12/03/2025;07:00;0.68
12/03/2025;08:00;0.81
12/03/2025;09:00;0.93
12/03/2025;10:00;0.96
12/03/2025;11:00;0.86
12/03/2025;12:00;0.67
12/03/2025;13:00;0.44
12/03/2025;14:00;0.21
12/03/2025;15:00;0.06
12/03/2025;16:00;-0.05
12/03/2025;17:00;-0.02
12/03/2025;18:00;0.13
12/03/2025;19:00;0.34
12/03/2025;20:00;0.55
12/03/2025;21:00;0.7
12/03/2025;22:00;0.81
12/03/2025;23:00;0.87
13/03/2025;00:00;0.88
13/03/2025;01:00;0.79
13/03/2025;02:00;0.62
13/03/2025;03:00;0.52
13/03/2025;04:00;0.48
13/03/2025;05:00;0.48
13/03/2025;06:00;0.58
13/03/2025;07:00;0.76
13/03/2025;08:00;0.84
13/03/2025;09:00;0.91
13/03/2025;10:00;0.92
13/03/2025;11:00;0.84
13/03/2025;12:00;0.68
13/03/2025;13:00;0.46
13/03/2025;14:00;0.25
13/03/2025;15:00;0.07
13/03/2025;16:00;-0.05
13/03/2025;17:00;-0.06
13/03/2025;18:00;0.09
13/03/2025;19:00;0.32
13/03/2025;20:00;0.54
13/03/2025;21:00;0.74
13/03/2025;22:00;0.96
13/03/2025;23:00;1.08
14/03/2025;00:00;0.98
14/03/2025;01:00;0.85
14/03/2025;02:00;0.72
14/03/2025;03:00;0.53
14/03/2025;04:00;0.41
14/03/2025;05:00;0.34
14/03/2025;06:00;0.35
14/03/2025;07:00;0.5
14/03/2025;08:00;0.64
14/03/2025;09:00;0.76
14/03/2025;10:00;0.87
14/03/2025;11:00;0.93
14/03/2025;12:00;0.89
14/03/2025;13:00;0.74
14/03/2025;14:00;0.59
14/03/2025;15:00;0.4
14/03/2025;16:00;0.22
14/03/2025;17:00;0.15
14/03/2025;18:00;0.24
14/03/2025;19:00;0.42
14/03/2025;20:00;0.64
14/03/2025;21:00;0.89
14/03/2025;22:00;1.13
14/03/2025;23:00;1.22
15/03/2025;00:00;1.16
15/03/2025;01:00;0.96
15/03/2025;02:00;0.79
15/03/2025;03:00;0.54
15/03/2025;04:00;0.42
15/03/2025;05:00;0.32
15/03/2025;06:00;0.29
15/03/2025;07:00;0.38
15/03/2025;08:00;0.55
15/03/2025;09:00;0.7
15/03/2025;10:00;0.82
15/03/2025;11:00;0.87
15/03/2025;12:00;0.81
15/03/2025;13:00;0.67
15/03/2025;14:00;0.49
15/03/2025;15:00;0.32
15/03/2025;16:00;0.21
15/03/2025;17:00;0.17
15/03/2025;18:00;0.25
15/03/2025;19:00;0.45
15/03/2025;20:00;0.67
15/03/2025;21:00;0.87
15/03/2025;22:00;1
15/03/2025;23:00;1.05
16/03/2025;00:00;1
16/03/2025;01:00;0.89
16/03/2025;02:00;0.72
16/03/2025;03:00;0.56
16/03/2025;04:00;0.39
16/03/2025;05:00;0.27
16/03/2025;06:00;0.23
16/03/2025;07:00;0.29
16/03/2025;08:00;0.41
16/03/2025;09:00;0.55
16/03/2025;10:00;0.68
16/03/2025;11:00;0.77
16/03/2025;12:00;0.75
16/03/2025;13:00;0.68
16/03/2025;14:00;0.54
16/03/2025;15:00;0.4
16/03/2025;16:00;0.3
16/03/2025;17:00;0.25
16/03/2025;18:00;0.29
16/03/2025;19:00;0.41
16/03/2025;20:00;0.56
16/03/2025;21:00;0.72
16/03/2025;22:00;0.82
16/03/2025;23:00;0.9
17/03/2025;00:00;0.91
17/03/2025;01:00;0.82
17/03/2025;02:00;0.67
17/03/2025;03:00;0.47
17/03/2025;04:00;0.29
17/03/2025;05:00;0.14
17/03/2025;06:00;0.06
17/03/2025;07:00;0.07
17/03/2025;08:00;0.16
17/03/2025;09:00;0.3
17/03/2025;10:00;0.44
17/03/2025;11:00;0.54
17/03/2025;12:00;0.61
17/03/2025;13:00;0.61
17/03/2025;14:00;0.54
17/03/2025;15:00;0.42
17/03/2025;16:00;0.33
17/03/2025;17:00;0.27
17/03/2025;18:00;0.27
17/03/2025;19:00;0.35
17/03/2025;20:00;0.46
17/03/2025;21:00;0.59
17/03/2025;22:00;0.73
17/03/2025;23:00;0.82
18/03/2025;00:00;0.86
18/03/2025;01:00;0.86
18/03/2025;02:00;0.78
18/03/2025;03:00;0.6
18/03/2025;04:00;0.43
18/03/2025;05:00;0.24
18/03/2025;06:00;0.12
18/03/2025;07:00;0.07
18/03/2025;08:00;0.08
18/03/2025;09:00;0.19
18/03/2025;10:00;0.35
18/03/2025;11:00;0.36
18/03/2025;12:00;0.4
18/03/2025;13:00;0.46
18/03/2025;14:00;0.49
18/03/2025;15:00;0.42
18/03/2025;16:00;0.28
18/03/2025;17:00;0.17
18/03/2025;18:00;0.12
18/03/2025;19:00;0.13
18/03/2025;20:00;0.22
18/03/2025;21:00;0.39
18/03/2025;22:00;0.55
18/03/2025;23:00;0.68
19/03/2025;00:00;0.77
19/03/2025;01:00;0.77
19/03/2025;02:00;0.66
19/03/2025;03:00;0.49
19/03/2025;04:00;0.32
19/03/2025;05:00;0.17
19/03/2025;06:00;0.06
19/03/2025;07:00;0.01
19/03/2025;08:00;0.04
19/03/2025;09:00;0.16
19/03/2025;10:00;0.32
19/03/2025;11:00;0.45
19/03/2025;12:00;0.54
19/03/2025;13:00;0.57
19/03/2025;14:00;0.53
19/03/2025;15:00;0.42
19/03/2025;16:00;0.3
19/03/2025;17:00;0.21
19/03/2025;18:00;0.17
19/03/2025;19:00;0.19
19/03/2025;20:00;0.28
19/03/2025;21:00;0.4
19/03/2025;22:00;0.52
19/03/2025;23:00;0.63
20/03/2025;00:00;0.69
20/03/2025;01:00;0.69
20/03/2025;02:00;0.61
20/03/2025;03:00;0.48
20/03/2025;04:00;0.34
20/03/2025;05:00;0.21
20/03/2025;06:00;0.13
20/03/2025;07:00;0.08
20/03/2025;08:00;0.1
20/03/2025;09:00;0.17
20/03/2025;10:00;0.25
20/03/2025;11:00;0.32
20/03/2025;12:00;0.36
20/03/2025;13:00;0.36
20/03/2025;14:00;0.33
20/03/2025;15:00;0.28
20/03/2025;16:00;0.23
20/03/2025;17:00;0.21
20/03/2025;18:00;0.2
20/03/2025;19:00;0.23
20/03/2025;20:00;0.3
20/03/2025;21:00;0.39
20/03/2025;22:00;0.47
20/03/2025;23:00;0.54
21/03/2025;00:00;0.6
21/03/2025;01:00;0.62
21/03/2025;02:00;0.59
21/03/2025;03:00;0.51
21/03/2025;04:00;0.42
21/03/2025;05:00;0.32
21/03/2025;06:00;0.22
21/03/2025;07:00;0.15
21/03/2025;08:00;0.1
21/03/2025;09:00;0.08
21/03/2025;10:00;0.11
21/03/2025;11:00;0.16
21/03/2025;12:00;0.21
21/03/2025;13:00;0.23
21/03/2025;14:00;0.25
21/03/2025;15:00;0.25
21/03/2025;16:00;0.25
21/03/2025;17:00;0.27
21/03/2025;18:00;0.31
21/03/2025;19:00;0.35
21/03/2025;20:00;0.41
21/03/2025;21:00;0.48
21/03/2025;22:00;0.55
21/03/2025;23:00;0.6
22/03/2025;00:00;0.65
22/03/2025;01:00;0.66
22/03/2025;02:00;0.63
22/03/2025;03:00;0.57
22/03/2025;04:00;0.5
22/03/2025;05:00;0.44
22/03/2025;06:00;0.36
22/03/2025;07:00;0.29
22/03/2025;08:00;0.27
22/03/2025;09:00;0.25
22/03/2025;10:00;0.23
22/03/2025;11:00;0.23
22/03/2025;12:00;0.28
22/03/2025;13:00;0.33
22/03/2025;14:00;0.37
22/03/2025;15:00;0.43
22/03/2025;16:00;0.48
22/03/2025;17:00;0.51
22/03/2025;18:00;0.54
22/03/2025;19:00;0.59
22/03/2025;20:00;0.65
22/03/2025;21:00;0.69
22/03/2025;22:00;0.72
22/03/2025;23:00;0.72
23/03/2025;00:00;0.67
23/03/2025;01:00;0.64
23/03/2025;02:00;0.66
23/03/2025;03:00;0.66
23/03/2025;04:00;0.69
23/03/2025;05:00;0.76
23/03/2025;06:00;0.78
23/03/2025;07:00;0.76
23/03/2025;08:00;0.67
23/03/2025;09:00;0.57
23/03/2025;10:00;0.47
23/03/2025;11:00;0.39
23/03/2025;12:00;0.34
23/03/2025;13:00;0.33
23/03/2025;14:00;0.35
23/03/2025;15:00;0.37
23/03/2025;16:00;0.44
23/03/2025;17:00;0.53
23/03/2025;18:00;0.6
23/03/2025;19:00;0.67
23/03/2025;20:00;0.73
23/03/2025;21:00;0.76
23/03/2025;22:00;0.73
23/03/2025;23:00;0.69
24/03/2025;00:00;0.67
24/03/2025;01:00;0.65
24/03/2025;02:00;0.65
24/03/2025;03:00;0.67
24/03/2025;04:00;0.69
24/03/2025;05:00;0.68
24/03/2025;06:00;0.66
24/03/2025;07:00;0.64
24/03/2025;08:00;0.57
24/03/2025;09:00;0.49
24/03/2025;10:00;0.43
24/03/2025;11:00;0.32
24/03/2025;12:00;0.2
24/03/2025;13:00;0.12
24/03/2025;14:00;0.09
24/03/2025;15:00;0.11
24/03/2025;16:00;0.2
24/03/2025;17:00;0.35
24/03/2025;18:00;0.48
24/03/2025;19:00;0.6
24/03/2025;20:00;0.7
24/03/2025;21:00;0.76
24/03/2025;22:00;0.75
24/03/2025;23:00;0.67
25/03/2025;00:00;0.57
25/03/2025;01:00;0.47
25/03/2025;02:00;0.41
25/03/2025;03:00;0.39
25/03/2025;04:00;0.44
25/03/2025;05:00;0.55
25/03/2025;06:00;0.63
25/03/2025;07:00;0.66
25/03/2025;08:00;0.61
25/03/2025;09:00;0.51
25/03/2025;10:00;0.37
25/03/2025;11:00;0.24
25/03/2025;12:00;0.12
25/03/2025;13:00;-0.01
25/03/2025;14:00;-0.08
25/03/2025;15:00;-0.07
25/03/2025;16:00;0.04
25/03/2025;17:00;0.2
25/03/2025;18:00;0.39
25/03/2025;19:00;0.55
25/03/2025;20:00;0.68
25/03/2025;21:00;0.75
25/03/2025;22:00;0.73
25/03/2025;23:00;0.66
26/03/2025;00:00;0.54
26/03/2025;01:00;0.4
26/03/2025;02:00;0.31
26/03/2025;03:00;0.25
26/03/2025;04:00;0.23
26/03/2025;05:00;0.29
26/03/2025;06:00;0.4
26/03/2025;07:00;0.5
26/03/2025;08:00;0.56
26/03/2025;09:00;0.56
26/03/2025;10:00;0.47
26/03/2025;11:00;0.32
26/03/2025;12:00;0.14
26/03/2025;13:00;0
26/03/2025;14:00;-0.11
26/03/2025;15:00;-0.15
26/03/2025;16:00;-0.08
26/03/2025;17:00;0.06
26/03/2025;18:00;0.27
26/03/2025;19:00;0.46
26/03/2025;20:00;0.64
26/03/2025;21:00;0.77
26/03/2025;22:00;0.81
26/03/2025;23:00;0.74
27/03/2025;00:00;0.56
27/03/2025;01:00;0.37
27/03/2025;02:00;0.2
27/03/2025;03:00;0.07
27/03/2025;04:00;0.04
27/03/2025;05:00;0.12
27/03/2025;06:00;0.27
27/03/2025;07:00;0.43
27/03/2025;08:00;0.56
27/03/2025;09:00;0.63
27/03/2025;10:00;0.6
27/03/2025;11:00;0.49
27/03/2025;12:00;0.32
27/03/2025;13:00;0.15
27/03/2025;14:00;0.01
27/03/2025;15:00;-0.12
27/03/2025;16:00;-0.1
27/03/2025;17:00;0.01
27/03/2025;18:00;0.21
27/03/2025;19:00;0.44
27/03/2025;20:00;0.65
27/03/2025;21:00;0.8
27/03/2025;22:00;0.84
27/03/2025;23:00;0.82
28/03/2025;00:00;0.68
28/03/2025;01:00;0.46
28/03/2025;02:00;0.26
28/03/2025;03:00;0.08
28/03/2025;04:00;-0.04
28/03/2025;05:00;-0.06
28/03/2025;06:00;0.07
28/03/2025;07:00;0.29
28/03/2025;08:00;0.49
28/03/2025;09:00;0.64
28/03/2025;10:00;0.72
28/03/2025;11:00;0.7
28/03/2025;12:00;0.57
28/03/2025;13:00;0.37
28/03/2025;14:00;0.19
28/03/2025;15:00;0.04
28/03/2025;16:00;-0.02
28/03/2025;17:00;0.04
28/03/2025;18:00;0.22
28/03/2025;19:00;0.43
28/03/2025;20:00;0.64
28/03/2025;21:00;0.8
28/03/2025;22:00;0.9
28/03/2025;23:00;0.91
29/03/2025;00:00;0.8
29/03/2025;01:00;0.59
29/03/2025;02:00;0.38
29/03/2025;03:00;0.17
29/03/2025;04:00;0.01
29/03/2025;05:00;-0.04
29/03/2025;06:00;0.04
29/03/2025;07:00;0.25
29/03/2025;08:00;0.48
29/03/2025;09:00;0.66
29/03/2025;10:00;0.79
29/03/2025;11:00;0.82
29/03/2025;12:00;0.76
29/03/2025;13:00;0.57
29/03/2025;14:00;0.37
29/03/2025;15:00;0.18
29/03/2025;16:00;0.05
29/03/2025;17:00;0
29/03/2025;18:00;0.09
29/03/2025;19:00;0.27
29/03/2025;20:00;0.49
29/03/2025;21:00;0.66
29/03/2025;22:00;0.77
29/03/2025;23:00;0.82
30/03/2025;00:00;0.79
30/03/2025;01:00;0.64
30/03/2025;02:00;0.43
30/03/2025;03:00;0.22
30/03/2025;04:00;0.03
30/03/2025;05:00;-0.09
30/03/2025;06:00;-0.09
30/03/2025;07:00;0.07
30/03/2025;08:00;0.31
30/03/2025;09:00;0.51
30/03/2025;10:00;0.66
30/03/2025;11:00;0.75
30/03/2025;12:00;0.72
30/03/2025;13:00;0.59
30/03/2025;14:00;0.38
30/03/2025;15:00;0.16
30/03/2025;16:00;-0.01
30/03/2025;17:00;-0.08
30/03/2025;18:00;-0.04
30/03/2025;19:00;0.12
30/03/2025;20:00;0.34
30/03/2025;21:00;0.55
30/03/2025;22:00;0.71
30/03/2025;23:00;0.81
31/03/2025;00:00;0.83
31/03/2025;01:00;0.73
31/03/2025;02:00;0.53
31/03/2025;03:00;0.32
31/03/2025;04:00;0.14
31/03/2025;05:00;0.04
31/03/2025;06:00;0.01
31/03/2025;07:00;0.08
31/03/2025;08:00;0.22
31/03/2025;09:00;0.39
31/03/2025;10:00;0.54
31/03/2025;11:00;0.62
31/03/2025;12:00;0.62
31/03/2025;13:00;0.53
31/03/2025;14:00;0.36
31/03/2025;15:00;0.18
31/03/2025;16:00;0.02
31/03/2025;17:00;-0.08
31/03/2025;18:00;-0.08
31/03/2025;19:00;0.04
31/03/2025;20:00;0.24
31/03/2025;21:00;0.46
31/03/2025;22:00;0.65
31/03/2025;23:00;0.75
01/04/2025;00:00;0.79
01/04/2025;01:00;0.72
01/04/2025;02:00;0.54
01/04/2025;03:00;0.35
01/04/2025;04:00;0.15
01/04/2025;05:00;-0.01
01/04/2025;06:00;-0.12
01/04/2025;07:00;-0.14
01/04/2025;08:00;-0.06
01/04/2025;09:00;0.1
01/04/2025;10:00;0.26
01/04/2025;11:00;0.37
01/04/2025;12:00;0.46
01/04/2025;13:00;0.52
01/04/2025;14:00;0.46
01/04/2025;15:00;0.34
01/04/2025;16:00;0.2
01/04/2025;17:00;0.11
01/04/2025;18:00;0.12
01/04/2025;19:00;0.22
01/04/2025;20:00;0.39
01/04/2025;21:00;0.55
01/04/2025;22:00;0.68
01/04/2025;23:00;0.79
02/04/2025;00:00;0.83
02/04/2025;01:00;0.81
02/04/2025;02:00;0.72
02/04/2025;03:00;0.56
02/04/2025;04:00;0.39
02/04/2025;05:00;0.24
02/04/2025;06:00;0.09
02/04/2025;07:00;-0.01
02/04/2025;08:00;0
02/04/2025;09:00;0.07
02/04/2025;10:00;0.18
02/04/2025;11:00;0.31
02/04/2025;12:00;0.42
02/04/2025;13:00;0.48
02/04/2025;14:00;0.49
02/04/2025;15:00;0.47
02/04/2025;16:00;0.41
02/04/2025;17:00;0.35
02/04/2025;18:00;0.32
02/04/2025;19:00;0.32
02/04/2025;20:00;0.39
02/04/2025;21:00;0.51
02/04/2025;22:00;0.63
02/04/2025;23:00;0.74
03/04/2025;00:00;0.81
03/04/2025;01:00;0.82
03/04/2025;02:00;0.76
03/04/2025;03:00;0.61
03/04/2025;04:00;0.45
03/04/2025;05:00;0.29
03/04/2025;06:00;0.14
03/04/2025;07:00;0.02
03/04/2025;08:00;-0.05
03/04/2025;09:00;-0.04
03/04/2025;10:00;0.03
03/04/2025;11:00;0.14
03/04/2025;12:00;0.25
03/04/2025;13:00;0.34
03/04/2025;14:00;0.41
03/04/2025;15:00;0.44
03/04/2025;16:00;0.41
03/04/2025;17:00;0.37
03/04/2025;18:00;0.34
03/04/2025;19:00;0.33
03/04/2025;20:00;0.38
03/04/2025;21:00;0.46
03/04/2025;22:00;0.54
03/04/2025;23:00;0.62
04/04/2025;00:00;0.66
04/04/2025;01:00;0.66
04/04/2025;02:00;0.61
04/04/2025;03:00;0.52
04/04/2025;04:00;0.4
04/04/2025;05:00;0.28
04/04/2025;06:00;0.17
04/04/2025;07:00;0.08
04/04/2025;08:00;0.02
04/04/2025;09:00;0
04/04/2025;10:00;0.02
04/04/2025;11:00;0.08
04/04/2025;12:00;0.16
04/04/2025;13:00;0.23
04/04/2025;14:00;0.3
04/04/2025;15:00;0.35
04/04/2025;16:00;0.38
04/04/2025;17:00;0.4
04/04/2025;18:00;0.43
04/04/2025;19:00;0.44
04/04/2025;20:00;0.46
04/04/2025;21:00;0.49
04/04/2025;22:00;0.51
04/04/2025;23:00;0.53
05/04/2025;00:00;0.53
05/04/2025;01:00;0.53
05/04/2025;02:00;0.5
05/04/2025;03:00;0.45
05/04/2025;04:00;0.4
05/04/2025;05:00;0.35
05/04/2025;06:00;0.31
05/04/2025;07:00;0.26
05/04/2025;08:00;0.22
05/04/2025;09:00;0.18
05/04/2025;10:00;0.13
05/04/2025;11:00;0.1
05/04/2025;12:00;0.09
05/04/2025;13:00;0.13
05/04/2025;14:00;0.19
05/04/2025;15:00;0.3
05/04/2025;16:00;0.41
05/04/2025;17:00;0.51
05/04/2025;18:00;0.57
05/04/2025;19:00;0.62
05/04/2025;20:00;0.65
05/04/2025;21:00;0.64
05/04/2025;22:00;0.6
05/04/2025;23:00;0.56
06/04/2025;00:00;0.5
06/04/2025;01:00;0.47
06/04/2025;02:00;0.45
06/04/2025;03:00;0.45
06/04/2025;04:00;0.47
06/04/2025;05:00;0.52
06/04/2025;06:00;0.55
06/04/2025;07:00;0.58
06/04/2025;08:00;0.53
06/04/2025;09:00;0.43
06/04/2025;10:00;0.35
06/04/2025;11:00;0.28
06/04/2025;12:00;0.22
06/04/2025;13:00;0.22
06/04/2025;14:00;0.25
06/04/2025;15:00;0.31
06/04/2025;16:00;0.43
06/04/2025;17:00;0.53
06/04/2025;18:00;0.64
06/04/2025;19:00;0.71
06/04/2025;20:00;0.73
06/04/2025;21:00;0.71
06/04/2025;22:00;0.64
06/04/2025;23:00;0.55
07/04/2025;00:00;0.48
07/04/2025;01:00;0.39
07/04/2025;02:00;0.34
07/04/2025;03:00;0.33
07/04/2025;04:00;0.35
07/04/2025;05:00;0.37
07/04/2025;06:00;0.42
07/04/2025;07:00;0.47
07/04/2025;08:00;0.46
07/04/2025;09:00;0.41
07/04/2025;10:00;0.32
07/04/2025;11:00;0.2
07/04/2025;12:00;0.09
07/04/2025;13:00;0
07/04/2025;14:00;-0.02
07/04/2025;15:00;0.02
07/04/2025;16:00;0.13
07/04/2025;17:00;0.28
07/04/2025;18:00;0.41
07/04/2025;19:00;0.53
07/04/2025;20:00;0.6
07/04/2025;21:00;0.63
07/04/2025;22:00;0.57
07/04/2025;23:00;0.45
08/04/2025;00:00;0.32
08/04/2025;01:00;0.2
08/04/2025;02:00;0.13
08/04/2025;03:00;0.1
08/04/2025;04:00;0.14
08/04/2025;05:00;0.24
08/04/2025;06:00;0.34
08/04/2025;07:00;0.43
08/04/2025;08:00;0.47
08/04/2025;09:00;0.45
08/04/2025;10:00;0.36
08/04/2025;11:00;0.23
08/04/2025;12:00;0.08
08/04/2025;13:00;-0.04
08/04/2025;14:00;-0.12
08/04/2025;15:00;-0.14
08/04/2025;16:00;-0.06
08/04/2025;17:00;0.1
08/04/2025;18:00;0.27
08/04/2025;19:00;0.42
08/04/2025;20:00;0.54
08/04/2025;21:00;0.6
08/04/2025;22:00;0.57
08/04/2025;23:00;0.46
09/04/2025;00:00;0.32
09/04/2025;01:00;0.19
09/04/2025;02:00;0.08
09/04/2025;03:00;0.04
09/04/2025;04:00;0.08
09/04/2025;05:00;0.19
09/04/2025;06:00;0.32
09/04/2025;07:00;0.45
09/04/2025;08:00;0.54
09/04/2025;09:00;0.55
09/04/2025;10:00;0.5
09/04/2025;11:00;0.38
09/04/2025;12:00;0.2
09/04/2025;13:00;0.05
09/04/2025;14:00;-0.06
09/04/2025;15:00;-0.09
09/04/2025;16:00;-0.04
09/04/2025;17:00;0.11
09/04/2025;18:00;0.29
09/04/2025;19:00;0.44
09/04/2025;20:00;0.57
09/04/2025;21:00;0.66
09/04/2025;22:00;0.67
09/04/2025;23:00;0.59
10/04/2025;00:00;0.43
10/04/2025;01:00;0.28
10/04/2025;02:00;0.13
10/04/2025;03:00;0.02
10/04/2025;04:00;-0.02
10/04/2025;05:00;0.03
10/04/2025;06:00;0.16
10/04/2025;07:00;0.31
10/04/2025;08:00;0.43
10/04/2025;09:00;0.48
10/04/2025;10:00;0.46
10/04/2025;11:00;0.34
10/04/2025;12:00;0.18
10/04/2025;13:00;0.03
10/04/2025;14:00;-0.12
10/04/2025;15:00;-0.2
10/04/2025;16:00;-0.18
10/04/2025;17:00;-0.05
10/04/2025;18:00;0.14
10/04/2025;19:00;0.34
10/04/2025;20:00;0.5
10/04/2025;21:00;0.6
10/04/2025;22:00;0.65
10/04/2025;23:00;0.6
11/04/2025;00:00;0.44
11/04/2025;01:00;0.25
11/04/2025;02:00;0.06
11/04/2025;03:00;-0.09
11/04/2025;04:00;-0.16
11/04/2025;05:00;-0.14
11/04/2025;06:00;0
11/04/2025;07:00;0.17
11/04/2025;08:00;0.33
11/04/2025;09:00;0.45
11/04/2025;10:00;0.49
11/04/2025;11:00;0.45
11/04/2025;12:00;0.34
11/04/2025;13:00;0.18
11/04/2025;14:00;0.04
11/04/2025;15:00;-0.05
11/04/2025;16:00;-0.06
11/04/2025;17:00;0.04
11/04/2025;18:00;0.21
11/04/2025;19:00;0.4
11/04/2025;20:00;0.55
11/04/2025;21:00;0.67
11/04/2025;22:00;0.72
11/04/2025;23:00;0.67
12/04/2025;00:00;0.5
12/04/2025;01:00;0.31
12/04/2025;02:00;0.12
12/04/2025;03:00;-0.04
12/04/2025;04:00;-0.14
12/04/2025;05:00;-0.15
12/04/2025;06:00;-0.05
12/04/2025;07:00;0.12
12/04/2025;08:00;0.28
12/04/2025;09:00;0.4
12/04/2025;10:00;0.48
12/04/2025;11:00;0.48
12/04/2025;12:00;0.41
12/04/2025;13:00;0.25
12/04/2025;14:00;0.09
12/04/2025;15:00;-0.03
12/04/2025;16:00;-0.09
12/04/2025;17:00;-0.05
12/04/2025;18:00;0.1
12/04/2025;19:00;0.29
12/04/2025;20:00;0.47
12/04/2025;21:00;0.6
12/04/2025;22:00;0.68
12/04/2025;23:00;0.68
13/04/2025;00:00;0.57
13/04/2025;01:00;0.38
13/04/2025;02:00;0.2
13/04/2025;03:00;0.03
13/04/2025;04:00;-0.08
13/04/2025;05:00;-0.13
13/04/2025;06:00;-0.07
13/04/2025;07:00;0.08
13/04/2025;08:00;0.27
13/04/2025;09:00;0.42
13/04/2025;10:00;0.52
13/04/2025;11:00;0.54
13/04/2025;12:00;0.51
13/04/2025;13:00;0.4
13/04/2025;14:00;0.22
13/04/2025;15:00;0.11
13/04/2025;16:00;0.06
13/04/2025;17:00;0.06
13/04/2025;18:00;0.16
13/04/2025;19:00;0.37
13/04/2025;20:00;0.56
13/04/2025;21:00;0.69
13/04/2025;22:00;0.78
13/04/2025;23:00;0.79
14/04/2025;00:00;0.7
14/04/2025;01:00;0.51
14/04/2025;02:00;0.32
14/04/2025;03:00;0.1
14/04/2025;04:00;-0.06
14/04/2025;05:00;-0.15
14/04/2025;06:00;-0.14
14/04/2025;07:00;0.01
14/04/2025;08:00;0.21
14/04/2025;09:00;0.38
14/04/2025;10:00;0.51
14/04/2025;11:00;0.61
14/04/2025;12:00;0.63
14/04/2025;13:00;0.57
14/04/2025;14:00;0.47
14/04/2025;15:00;0.35
14/04/2025;16:00;0.27
14/04/2025;17:00;0.26
14/04/2025;18:00;0.35
14/04/2025;19:00;0.51
14/04/2025;20:00;0.67
14/04/2025;21:00;0.84
14/04/2025;22:00;0.91
14/04/2025;23:00;0.96
15/04/2025;00:00;0.94
15/04/2025;01:00;0.83
15/04/2025;02:00;0.69
15/04/2025;03:00;0.5
15/04/2025;04:00;0.35
15/04/2025;05:00;0.27
15/04/2025;06:00;0.26
15/04/2025;07:00;0.37
15/04/2025;08:00;0.54
15/04/2025;09:00;0.69
15/04/2025;10:00;0.83
15/04/2025;11:00;0.89
15/04/2025;12:00;0.91
15/04/2025;13:00;0.9
15/04/2025;14:00;0.82
15/04/2025;15:00;0.7
15/04/2025;16:00;0.59
15/04/2025;17:00;0.48
15/04/2025;18:00;0.42
15/04/2025;19:00;0.44
15/04/2025;20:00;0.55
15/04/2025;21:00;0.69
15/04/2025;22:00;0.81
15/04/2025;23:00;0.87
16/04/2025;00:00;0.86
16/04/2025;01:00;0.77
16/04/2025;02:00;0.62
16/04/2025;03:00;0.46
16/04/2025;04:00;0.33
16/04/2025;05:00;0.23
16/04/2025;06:00;0.18
16/04/2025;07:00;0.19
16/04/2025;08:00;0.29
16/04/2025;09:00;0.45
16/04/2025;10:00;0.6
16/04/2025;11:00;0.72
16/04/2025;12:00;0.82
16/04/2025;13:00;0.82
16/04/2025;14:00;0.75
16/04/2025;15:00;0.64
16/04/2025;16:00;0.54
16/04/2025;17:00;0.42
16/04/2025;18:00;0.43
16/04/2025;19:00;0.51
16/04/2025;20:00;0.6
16/04/2025;21:00;0.74
16/04/2025;22:00;0.91
16/04/2025;23:00;1.01
17/04/2025;00:00;1.12
17/04/2025;01:00;1.03
17/04/2025;02:00;0.93
17/04/2025;03:00;0.82
17/04/2025;04:00;0.58
17/04/2025;05:00;0.41
17/04/2025;06:00;0.4
17/04/2025;07:00;0.47
17/04/2025;08:00;0.61
17/04/2025;09:00;0.75
17/04/2025;10:00;0.79
17/04/2025;11:00;0.92
17/04/2025;12:00;0.87
17/04/2025;13:00;0.85
17/04/2025;14:00;0.87
17/04/2025;15:00;0.83
17/04/2025;16:00;0.76
17/04/2025;17:00;0.66
17/04/2025;18:00;0.58
17/04/2025;19:00;0.55
17/04/2025;20:00;0.58
17/04/2025;21:00;0.64
17/04/2025;22:00;0.7
17/04/2025;23:00;0.75
18/04/2025;00:00;0.8
18/04/2025;01:00;0.77
18/04/2025;02:00;0.69
18/04/2025;03:00;0.59
18/04/2025;04:00;0.46
18/04/2025;05:00;0.34
18/04/2025;06:00;0.26
18/04/2025;07:00;0.21
18/04/2025;08:00;0.21
18/04/2025;09:00;0.25
18/04/2025;10:00;0.36
18/04/2025;11:00;0.46
18/04/2025;12:00;0.54
18/04/2025;13:00;0.58
18/04/2025;14:00;0.59
18/04/2025;15:00;0.56
18/04/2025;16:00;0.52
18/04/2025;17:00;0.47
18/04/2025;18:00;0.44
18/04/2025;19:00;0.42
18/04/2025;20:00;0.44
18/04/2025;21:00;0.52
18/04/2025;22:00;0.58
18/04/2025;23:00;0.65
19/04/2025;00:00;0.7
19/04/2025;01:00;0.69
19/04/2025;02:00;0.64
19/04/2025;03:00;0.54
19/04/2025;04:00;0.41
19/04/2025;05:00;0.28
19/04/2025;06:00;0.19
19/04/2025;07:00;0.12
19/04/2025;08:00;0.1
19/04/2025;09:00;0.13
19/04/2025;10:00;0.19
19/04/2025;11:00;0.25
19/04/2025;12:00;0.31
19/04/2025;13:00;0.37
19/04/2025;14:00;0.4
19/04/2025;15:00;0.42
19/04/2025;16:00;0.45
19/04/2025;17:00;0.44
19/04/2025;18:00;0.45
19/04/2025;19:00;0.47
19/04/2025;20:00;0.48
19/04/2025;21:00;0.5
19/04/2025;22:00;0.53
19/04/2025;23:00;0.55
20/04/2025;00:00;0.58
20/04/2025;01:00;0.57
20/04/2025;02:00;0.54
20/04/2025;03:00;0.48
20/04/2025;04:00;0.4
20/04/2025;05:00;0.32
20/04/2025;06:00;0.24
20/04/2025;07:00;0.17
20/04/2025;08:00;0.13
20/04/2025;09:00;0.12
20/04/2025;10:00;0.13
20/04/2025;11:00;0.18
20/04/2025;12:00;0.23
20/04/2025;13:00;0.28
20/04/2025;14:00;0.33
20/04/2025;15:00;0.39
20/04/2025;16:00;0.44
20/04/2025;17:00;0.5
20/04/2025;18:00;0.56
20/04/2025;19:00;0.59
20/04/2025;20:00;0.62
20/04/2025;21:00;0.62
20/04/2025;22:00;0.58
20/04/2025;23:00;0.53
21/04/2025;00:00;0.49
21/04/2025;01:00;0.45
21/04/2025;02:00;0.43
21/04/2025;03:00;0.41
21/04/2025;04:00;0.39
21/04/2025;05:00;0.37
21/04/2025;06:00;0.32
21/04/2025;07:00;0.27
21/04/2025;08:00;0.22
21/04/2025;09:00;0.16
21/04/2025;10:00;0.12
21/04/2025;11:00;0.1
21/04/2025;12:00;0.09
21/04/2025;13:00;0.11
21/04/2025;14:00;0.19
21/04/2025;15:00;0.29
21/04/2025;16:00;0.39
21/04/2025;17:00;0.49
21/04/2025;18:00;0.57
21/04/2025;19:00;0.62
21/04/2025;20:00;0.62
21/04/2025;21:00;0.56
21/04/2025;22:00;0.49
21/04/2025;23:00;0.42
22/04/2025;00:00;0.37
22/04/2025;01:00;0.35
22/04/2025;02:00;0.33
22/04/2025;03:00;0.33
22/04/2025;04:00;0.35
22/04/2025;05:00;0.36
22/04/2025;06:00;0.37
22/04/2025;07:00;0.37
22/04/2025;08:00;0.34
22/04/2025;09:00;0.29
22/04/2025;10:00;0.21
22/04/2025;11:00;0.14
22/04/2025;12:00;0.08
22/04/2025;13:00;0.04
22/04/2025;14:00;0.05
22/04/2025;15:00;0.14
22/04/2025;16:00;0.28
22/04/2025;17:00;0.41
22/04/2025;18:00;0.55
22/04/2025;19:00;0.64
22/04/2025;20:00;0.7
22/04/2025;21:00;0.69
22/04/2025;22:00;0.61
22/04/2025;23:00;0.48
23/04/2025;00:00;0.36
23/04/2025;01:00;0.26
23/04/2025;02:00;0.21
23/04/2025;03:00;0.22
23/04/2025;04:00;0.28
23/04/2025;05:00;0.38
23/04/2025;06:00;0.48
23/04/2025;07:00;0.52
23/04/2025;08:00;0.5
23/04/2025;09:00;0.41
23/04/2025;10:00;0.29
23/04/2025;11:00;0.16
23/04/2025;12:00;0.05
23/04/2025;13:00;-0.02
23/04/2025;14:00;-0.02
23/04/2025;15:00;0.06
23/04/2025;16:00;0.2
23/04/2025;17:00;0.38
23/04/2025;18:00;0.55
23/04/2025;19:00;0.69
23/04/2025;20:00;0.79
23/04/2025;21:00;0.82
23/04/2025;22:00;0.75
23/04/2025;23:00;0.6
24/04/2025;00:00;0.44
24/04/2025;01:00;0.31
24/04/2025;02:00;0.21
24/04/2025;03:00;0.17
24/04/2025;04:00;0.23
24/04/2025;05:00;0.35
24/04/2025;06:00;0.48
24/04/2025;07:00;0.58
24/04/2025;08:00;0.61
24/04/2025;09:00;0.59
24/04/2025;10:00;0.47
24/04/2025;11:00;0.31
24/04/2025;12:00;0.16
24/04/2025;13:00;0.03
24/04/2025;14:00;-0.03
24/04/2025;15:00;-0.01
24/04/2025;16:00;0.12
24/04/2025;17:00;0.31
24/04/2025;18:00;0.5
24/04/2025;19:00;0.67
24/04/2025;20:00;0.79
24/04/2025;21:00;0.83
24/04/2025;22:00;0.81
24/04/2025;23:00;0.69
25/04/2025;00:00;0.51
25/04/2025;01:00;0.31
25/04/2025;02:00;0.15
25/04/2025;03:00;0.03
25/04/2025;04:00;-0.01
25/04/2025;05:00;0.06
25/04/2025;06:00;0.23
25/04/2025;07:00;0.41
25/04/2025;08:00;0.52
25/04/2025;09:00;0.58
25/04/2025;10:00;0.54
25/04/2025;11:00;0.42
25/04/2025;12:00;0.25
25/04/2025;13:00;0.09
25/04/2025;14:00;-0.01
25/04/2025;15:00;-0.03
25/04/2025;16:00;0.06
25/04/2025;17:00;0.25
25/04/2025;18:00;0.47
25/04/2025;19:00;0.66
25/04/2025;20:00;0.82
25/04/2025;21:00;0.91
25/04/2025;22:00;0.91
25/04/2025;23:00;0.78
26/04/2025;00:00;0.57
26/04/2025;01:00;0.35
26/04/2025;02:00;0.14
26/04/2025;03:00;-0.02
26/04/2025;04:00;-0.1
26/04/2025;05:00;-0.05
26/04/2025;06:00;0.13
26/04/2025;07:00;0.33
26/04/2025;08:00;0.49
26/04/2025;09:00;0.58
26/04/2025;10:00;0.6
26/04/2025;11:00;0.53
26/04/2025;12:00;0.37
26/04/2025;13:00;0.2
26/04/2025;14:00;0.08
26/04/2025;15:00;0.02
26/04/2025;16:00;0.05
26/04/2025;17:00;0.18
26/04/2025;18:00;0.38
26/04/2025;19:00;0.56
26/04/2025;20:00;0.74
26/04/2025;21:00;0.84
26/04/2025;22:00;0.89
26/04/2025;23:00;0.84
27/04/2025;00:00;0.67
27/04/2025;01:00;0.46
27/04/2025;02:00;0.24
27/04/2025;03:00;0.02
27/04/2025;04:00;-0.13
27/04/2025;05:00;-0.18
27/04/2025;06:00;-0.1
27/04/2025;07:00;0.11
27/04/2025;08:00;0.33
27/04/2025;09:00;0.5
27/04/2025;10:00;0.62
27/04/2025;11:00;0.64
27/04/2025;12:00;0.56
27/04/2025;13:00;0.4
27/04/2025;14:00;0.24
27/04/2025;15:00;0.12
27/04/2025;16:00;0.06
27/04/2025;17:00;0.12
27/04/2025;18:00;0.29
27/04/2025;19:00;0.48
27/04/2025;20:00;0.67
27/04/2025;21:00;0.81
27/04/2025;22:00;0.89
27/04/2025;23:00;0.87
28/04/2025;00:00;0.73
28/04/2025;01:00;0.52
28/04/2025;02:00;0.27
28/04/2025;03:00;0.04
28/04/2025;04:00;-0.15
28/04/2025;05:00;-0.25
28/04/2025;06:00;-0.24
28/04/2025;07:00;-0.06
28/04/2025;08:00;0.16
28/04/2025;09:00;0.36
28/04/2025;10:00;0.51
28/04/2025;11:00;0.59
28/04/2025;12:00;0.6
28/04/2025;13:00;0.48
28/04/2025;14:00;0.32
28/04/2025;15:00;0.17
28/04/2025;16:00;0.07
28/04/2025;17:00;0.08
28/04/2025;18:00;0.19
28/04/2025;19:00;0.38
28/04/2025;20:00;0.56
28/04/2025;21:00;0.71
28/04/2025;22:00;0.81
28/04/2025;23:00;0.83
29/04/2025;00:00;0.74
29/04/2025;01:00;0.55
29/04/2025;02:00;0.32
29/04/2025;03:00;0.08
29/04/2025;04:00;-0.14
29/04/2025;05:00;-0.29
29/04/2025;06:00;-0.34
29/04/2025;07:00;-0.26
29/04/2025;08:00;-0.07
29/04/2025;09:00;0.15
29/04/2025;10:00;0.32
29/04/2025;11:00;0.43
29/04/2025;12:00;0.48
29/04/2025;13:00;0.45
29/04/2025;14:00;0.35
29/04/2025;15:00;0.22
29/04/2025;16:00;0.13
29/04/2025;17:00;0.1
29/04/2025;18:00;0.15
29/04/2025;19:00;0.3
29/04/2025;20:00;0.46
29/04/2025;21:00;0.6
29/04/2025;22:00;0.71
29/04/2025;23:00;0.76
30/04/2025;00:00;0.71
30/04/2025;01:00;0.56
30/04/2025;02:00;0.37
30/04/2025;03:00;0.15
30/04/2025;04:00;-0.05
30/04/2025;05:00;-0.22
30/04/2025;06:00;-0.32
30/04/2025;07:00;-0.31
30/04/2025;08:00;-0.19
30/04/2025;09:00;-0.01
30/04/2025;10:00;0.17
30/04/2025;11:00;0.31
30/04/2025;12:00;0.41
30/04/2025;13:00;0.45
30/04/2025;14:00;0.43
30/04/2025;15:00;0.36
30/04/2025;16:00;0.25
30/04/2025;17:00;0.17
30/04/2025;18:00;0.18
30/04/2025;19:00;0.25
30/04/2025;20:00;0.37
30/04/2025;21:00;0.49
30/04/2025;22:00;0.6
30/04/2025;23:00;0.66
01/05/2025;00:00;0.66
01/05/2025;01:00;0.56
01/05/2025;02:00;0.41
01/05/2025;03:00;0.24
01/05/2025;04:00;0.05
01/05/2025;05:00;-0.11
01/05/2025;06:00;-0.24
01/05/2025;07:00;-0.29
01/05/2025;08:00;-0.25
01/05/2025;09:00;-0.13
01/05/2025;10:00;0.04
01/05/2025;11:00;0.18
01/05/2025;12:00;0.3
01/05/2025;13:00;0.38
01/05/2025;14:00;0.42
01/05/2025;15:00;0.42
01/05/2025;16:00;0.37
01/05/2025;17:00;0.31
01/05/2025;18:00;0.27
01/05/2025;19:00;0.27
01/05/2025;20:00;0.33
01/05/2025;21:00;0.42
01/05/2025;22:00;0.51
01/05/2025;23:00;0.57
02/05/2025;00:00;0.59
02/05/2025;01:00;0.56
02/05/2025;02:00;0.45
02/05/2025;03:00;0.32
02/05/2025;04:00;0.17
02/05/2025;05:00;0.03
02/05/2025;06:00;-0.1
02/05/2025;07:00;-0.17
02/05/2025;08:00;-0.19
02/05/2025;09:00;-0.14
02/05/2025;10:00;-0.03
02/05/2025;11:00;0.11
02/05/2025;12:00;0.23
02/05/2025;13:00;0.33
02/05/2025;14:00;0.41
02/05/2025;15:00;0.44
02/05/2025;16:00;0.44
02/05/2025;17:00;0.41
02/05/2025;18:00;0.39
02/05/2025;19:00;0.37
02/05/2025;20:00;0.39
02/05/2025;21:00;0.44
02/05/2025;22:00;0.5
02/05/2025;23:00;0.54
03/05/2025;00:00;0.53
03/05/2025;01:00;0.49
03/05/2025;02:00;0.44
03/05/2025;03:00;0.37
03/05/2025;04:00;0.29
03/05/2025;05:00;0.2
03/05/2025;06:00;0.1
03/05/2025;07:00;0.02
03/05/2025;08:00;-0.05
03/05/2025;09:00;-0.07
03/05/2025;10:00;-0.04
03/05/2025;11:00;0.04
03/05/2025;12:00;0.16
03/05/2025;13:00;0.27
03/05/2025;14:00;0.38
03/05/2025;15:00;0.47
03/05/2025;16:00;0.52
03/05/2025;17:00;0.56
03/05/2025;18:00;0.58
03/05/2025;19:00;0.55
03/05/2025;20:00;0.52
03/05/2025;21:00;0.5
03/05/2025;22:00;0.48
03/05/2025;23:00;0.46
04/05/2025;00:00;0.46
04/05/2025;01:00;0.48
04/05/2025;02:00;0.47
04/05/2025;03:00;0.42
04/05/2025;04:00;0.36
04/05/2025;05:00;0.28
04/05/2025;06:00;0.21
04/05/2025;07:00;0.14
04/05/2025;08:00;0.08
04/05/2025;09:00;0.05
04/05/2025;10:00;0.03
04/05/2025;11:00;0.05
04/05/2025;12:00;0.13
04/05/2025;13:00;0.22
04/05/2025;14:00;0.35
04/05/2025;15:00;0.45
04/05/2025;16:00;0.55
04/05/2025;17:00;0.63
04/05/2025;18:00;0.67
04/05/2025;19:00;0.69
04/05/2025;20:00;0.67
04/05/2025;21:00;0.61
04/05/2025;22:00;0.54
04/05/2025;23:00;0.49
05/05/2025;00:00;0.45
05/05/2025;01:00;0.43
05/05/2025;02:00;0.41
05/05/2025;03:00;0.4
05/05/2025;04:00;0.38
05/05/2025;05:00;0.37
05/05/2025;06:00;0.4
05/05/2025;07:00;0.39
05/05/2025;08:00;0.4
05/05/2025;09:00;0.38
05/05/2025;10:00;0.34
05/05/2025;11:00;0.28
05/05/2025;12:00;0.27
05/05/2025;13:00;0.28
05/05/2025;14:00;0.38
05/05/2025;15:00;0.51
05/05/2025;16:00;0.65
05/05/2025;17:00;0.72
05/05/2025;18:00;0.79
05/05/2025;19:00;0.82
05/05/2025;20:00;0.8
05/05/2025;21:00;0.69
05/05/2025;22:00;0.62
05/05/2025;23:00;0.55
06/05/2025;00:00;0.45
06/05/2025;01:00;0.36
06/05/2025;02:00;0.3
06/05/2025;03:00;0.26
06/05/2025;04:00;0.27
06/05/2025;05:00;0.33
06/05/2025;06:00;0.4
06/05/2025;07:00;0.43
06/05/2025;08:00;0.43
06/05/2025;09:00;0.37
06/05/2025;10:00;0.29
06/05/2025;11:00;0.2
06/05/2025;12:00;0.17
06/05/2025;13:00;0.2
06/05/2025;14:00;0.3
06/05/2025;15:00;0.43
06/05/2025;16:00;0.58
06/05/2025;17:00;0.72
06/05/2025;18:00;0.8
06/05/2025;19:00;0.84
06/05/2025;20:00;0.84
06/05/2025;21:00;0.73
06/05/2025;22:00;0.58
06/05/2025;23:00;0.43
07/05/2025;00:00;0.3
07/05/2025;01:00;0.19
07/05/2025;02:00;0.13
07/05/2025;03:00;0.14
07/05/2025;04:00;0.2
07/05/2025;05:00;0.29
07/05/2025;06:00;0.39
07/05/2025;07:00;0.47
07/05/2025;08:00;0.49
07/05/2025;09:00;0.47
07/05/2025;10:00;0.41
07/05/2025;11:00;0.35
07/05/2025;12:00;0.31
07/05/2025;13:00;0.29
07/05/2025;14:00;0.31
07/05/2025;15:00;0.37
07/05/2025;16:00;0.47
07/05/2025;17:00;0.6
07/05/2025;18:00;0.71
07/05/2025;19:00;0.8
07/05/2025;20:00;0.8
07/05/2025;21:00;0.74
07/05/2025;22:00;0.62
07/05/2025;23:00;0.47
08/05/2025;00:00;0.32
08/05/2025;01:00;0.21
08/05/2025;02:00;0.11
08/05/2025;03:00;0.07
08/05/2025;04:00;0.1
08/05/2025;05:00;0.21
08/05/2025;06:00;0.33
08/05/2025;07:00;0.44
08/05/2025;08:00;0.55
08/05/2025;09:00;0.6
08/05/2025;10:00;0.58
08/05/2025;11:00;0.49
08/05/2025;12:00;0.36
08/05/2025;13:00;0.24
08/05/2025;14:00;0.17
08/05/2025;15:00;0.17
08/05/2025;16:00;0.27
08/05/2025;17:00;0.44
08/05/2025;18:00;0.59
08/05/2025;19:00;0.71
08/05/2025;20:00;0.78
08/05/2025;21:00;0.79
08/05/2025;22:00;0.7
08/05/2025;23:00;0.55
09/05/2025;00:00;0.37
09/05/2025;01:00;0.21
09/05/2025;02:00;0.09
09/05/2025;03:00;0.02
09/05/2025;04:00;0.03
09/05/2025;05:00;0.12
09/05/2025;06:00;0.27
09/05/2025;07:00;0.43
09/05/2025;08:00;0.53
09/05/2025;09:00;0.59
09/05/2025;10:00;0.58
09/05/2025;11:00;0.49
09/05/2025;12:00;0.36
09/05/2025;13:00;0.24
09/05/2025;14:00;0.14
09/05/2025;15:00;0.12
09/05/2025;16:00;0.18
09/05/2025;17:00;0.34
09/05/2025;18:00;0.51
09/05/2025;19:00;0.65
09/05/2025;20:00;0.75
09/05/2025;21:00;0.78
09/05/2025;22:00;0.71
09/05/2025;23:00;0.57
10/05/2025;00:00;0.37
10/05/2025;01:00;0.19
10/05/2025;02:00;0.04
10/05/2025;03:00;-0.08
10/05/2025;04:00;-0.11
10/05/2025;05:00;-0.03
10/05/2025;06:00;0.12
10/05/2025;07:00;0.3
10/05/2025;08:00;0.45
10/05/2025;09:00;0.55
10/05/2025;10:00;0.58
10/05/2025;11:00;0.53
10/05/2025;12:00;0.42
10/05/2025;13:00;0.28
10/05/2025;14:00;0.17
10/05/2025;15:00;0.12
10/05/2025;16:00;0.16
10/05/2025;17:00;0.29
10/05/2025;18:00;0.45
10/05/2025;19:00;0.61
10/05/2025;20:00;0.73
10/05/2025;21:00;0.78
10/05/2025;22:00;0.76
10/05/2025;23:00;0.63
11/05/2025;00:00;0.43
11/05/2025;01:00;0.23
11/05/2025;02:00;0.05
11/05/2025;03:00;-0.08
11/05/2025;04:00;-0.13
11/05/2025;05:00;-0.09
11/05/2025;06:00;0.04
11/05/2025;07:00;0.21
11/05/2025;08:00;0.36
11/05/2025;09:00;0.48
11/05/2025;10:00;0.55
11/05/2025;11:00;0.56
11/05/2025;12:00;0.49
11/05/2025;13:00;0.38
11/05/2025;14:00;0.27
11/05/2025;15:00;0.2
11/05/2025;16:00;0.19
11/05/2025;17:00;0.28
11/05/2025;18:00;0.43
11/05/2025;19:00;0.58
11/05/2025;20:00;0.71
11/05/2025;21:00;0.79
11/05/2025;22:00;0.79
11/05/2025;23:00;0.7
12/05/2025;00:00;0.53
12/05/2025;01:00;0.32
12/05/2025;02:00;0.13
12/05/2025;03:00;-0.03
12/05/2025;04:00;-0.13
12/05/2025;05:00;-0.14
12/05/2025;06:00;-0.03
12/05/2025;07:00;0.15
12/05/2025;08:00;0.33
12/05/2025;09:00;0.46
12/05/2025;10:00;0.56
12/05/2025;11:00;0.6
12/05/2025;12:00;0.59
12/05/2025;13:00;0.5
12/05/2025;14:00;0.4
12/05/2025;15:00;0.33
12/05/2025;16:00;0.3
12/05/2025;17:00;0.34
12/05/2025;18:00;0.44
12/05/2025;19:00;0.56
12/05/2025;20:00;0.68
12/05/2025;21:00;0.79
12/05/2025;22:00;0.82
12/05/2025;23:00;0.75
13/05/2025;00:00;0.61
13/05/2025;01:00;0.43
13/05/2025;02:00;0.24
13/05/2025;03:00;0.07
13/05/2025;04:00;-0.07
13/05/2025;05:00;-0.14
13/05/2025;06:00;-0.11
13/05/2025;07:00;0.02
13/05/2025;08:00;0.21
13/05/2025;09:00;0.38
13/05/2025;10:00;0.52
13/05/2025;11:00;0.62
13/05/2025;12:00;0.66
13/05/2025;13:00;0.61
13/05/2025;14:00;0.5
13/05/2025;15:00;0.38
13/05/2025;16:00;0.31
13/05/2025;17:00;0.3
13/05/2025;18:00;0.37
13/05/2025;19:00;0.51
13/05/2025;20:00;0.64
13/05/2025;21:00;0.76
13/05/2025;22:00;0.81
13/05/2025;23:00;0.8
14/05/2025;00:00;0.69
14/05/2025;01:00;0.51
14/05/2025;02:00;0.31
14/05/2025;03:00;0.12
14/05/2025;04:00;-0.05
14/05/2025;05:00;-0.16
14/05/2025;06:00;-0.15
14/05/2025;07:00;-0.03
14/05/2025;08:00;0.16
14/05/2025;09:00;0.35
14/05/2025;10:00;0.49
14/05/2025;11:00;0.6
14/05/2025;12:00;0.66
14/05/2025;13:00;0.64
14/05/2025;14:00;0.57
14/05/2025;15:00;0.47
14/05/2025;16:00;0.38
14/05/2025;17:00;0.34
14/05/2025;18:00;0.37
14/05/2025;19:00;0.47
14/05/2025;20:00;0.6
14/05/2025;21:00;0.72
14/05/2025;22:00;0.81
14/05/2025;23:00;0.82
15/05/2025;00:00;0.75
15/05/2025;01:00;0.58
15/05/2025;02:00;0.38
15/05/2025;03:00;0.19
15/05/2025;04:00;0.04
15/05/2025;05:00;-0.07
15/05/2025;06:00;-0.08
15/05/2025;07:00;0.01
15/05/2025;08:00;0.16
15/05/2025;09:00;0.33
15/05/2025;10:00;0.46
15/05/2025;11:00;0.55
15/05/2025;12:00;0.63
15/05/2025;13:00;0.66
15/05/2025;14:00;0.64
15/05/2025;15:00;0.59
15/05/2025;16:00;0.54
15/05/2025;17:00;0.5
15/05/2025;18:00;0.49
15/05/2025;19:00;0.55
15/05/2025;20:00;0.63
15/05/2025;21:00;0.72
15/05/2025;22:00;0.81
15/05/2025;23:00;0.86
16/05/2025;00:00;0.85
16/05/2025;01:00;0.78
16/05/2025;02:00;0.61
16/05/2025;03:00;0.46
16/05/2025;04:00;0.26
16/05/2025;05:00;0.08
16/05/2025;06:00;-0.02
16/05/2025;07:00;-0.08
16/05/2025;08:00;-0.02
16/05/2025;09:00;0.16
16/05/2025;10:00;0.32
16/05/2025;11:00;0.44
16/05/2025;12:00;0.51
16/05/2025;13:00;0.55
16/05/2025;14:00;0.58
16/05/2025;15:00;0.54
16/05/2025;16:00;0.49
16/05/2025;17:00;0.46
16/05/2025;18:00;0.42
16/05/2025;19:00;0.42
16/05/2025;20:00;0.5
16/05/2025;21:00;0.59
16/05/2025;22:00;0.67
16/05/2025;23:00;0.73
17/05/2025;00:00;0.75
17/05/2025;01:00;0.7
17/05/2025;02:00;0.57
17/05/2025;03:00;0.41
17/05/2025;04:00;0.26
17/05/2025;05:00;0.13
17/05/2025;06:00;0.05
17/05/2025;07:00;0
17/05/2025;08:00;0.03
17/05/2025;09:00;0.12
17/05/2025;10:00;0.25
17/05/2025;11:00;0.38
17/05/2025;12:00;0.49
17/05/2025;13:00;0.58
17/05/2025;14:00;0.65
17/05/2025;15:00;0.66
17/05/2025;16:00;0.63
17/05/2025;17:00;0.56
17/05/2025;18:00;0.5
17/05/2025;19:00;0.47
17/05/2025;20:00;0.48
17/05/2025;21:00;0.55
17/05/2025;22:00;0.65
17/05/2025;23:00;0.72
18/05/2025;00:00;0.74
18/05/2025;01:00;0.7
18/05/2025;02:00;0.62
18/05/2025;03:00;0.5
18/05/2025;04:00;0.37
18/05/2025;05:00;0.25
18/05/2025;06:00;0.16
18/05/2025;07:00;0.09
18/05/2025;08:00;0.07
18/05/2025;09:00;0.11
18/05/2025;10:00;0.21
18/05/2025;11:00;0.32
18/05/2025;12:00;0.42
18/05/2025;13:00;0.5
18/05/2025;14:00;0.57
18/05/2025;15:00;0.6
18/05/2025;16:00;0.63
18/05/2025;17:00;0.64
18/05/2025;18:00;0.64
18/05/2025;19:00;0.65
18/05/2025;20:00;0.66
18/05/2025;21:00;0.67
18/05/2025;22:00;0.69
18/05/2025;23:00;0.68
19/05/2025;00:00;0.64
19/05/2025;01:00;0.62
19/05/2025;02:00;0.58
19/05/2025;03:00;0.5
19/05/2025;04:00;0.4
19/05/2025;05:00;0.3
19/05/2025;06:00;0.21
19/05/2025;07:00;0.11
19/05/2025;08:00;0.06
19/05/2025;09:00;0.03
19/05/2025;10:00;0.04
19/05/2025;11:00;0.09
19/05/2025;12:00;0.18
19/05/2025;13:00;0.29
19/05/2025;14:00;0.4
19/05/2025;15:00;0.5
19/05/2025;16:00;0.58
19/05/2025;17:00;0.64
19/05/2025;18:00;0.67
19/05/2025;19:00;0.68
19/05/2025;20:00;0.66
19/05/2025;21:00;0.61
19/05/2025;22:00;0.54
19/05/2025;23:00;0.5
20/05/2025;00:00;0.47
20/05/2025;01:00;0.46
20/05/2025;02:00;0.46
20/05/2025;03:00;0.46
20/05/2025;04:00;0.42
20/05/2025;05:00;0.35
20/05/2025;06:00;0.27
20/05/2025;07:00;0.19
20/05/2025;08:00;0.12
20/05/2025;09:00;0.07
20/05/2025;10:00;0.04
20/05/2025;11:00;0.06
20/05/2025;12:00;0.15
20/05/2025;13:00;0.28
20/05/2025;14:00;0.43
20/05/2025;15:00;0.58
20/05/2025;16:00;0.72
20/05/2025;17:00;0.8
20/05/2025;18:00;0.8
20/05/2025;19:00;0.81
20/05/2025;20:00;0.76
20/05/2025;21:00;0.65
20/05/2025;22:00;0.55
20/05/2025;23:00;0.45
21/05/2025;00:00;0.37
21/05/2025;01:00;0.31
21/05/2025;02:00;0.27
21/05/2025;03:00;0.29
21/05/2025;04:00;0.28
21/05/2025;05:00;0.3
21/05/2025;06:00;0.33
21/05/2025;07:00;0.32
21/05/2025;08:00;0.29
21/05/2025;09:00;0.21
21/05/2025;10:00;0.15
21/05/2025;11:00;0.13
21/05/2025;12:00;0.13
21/05/2025;13:00;0.21
21/05/2025;14:00;0.37
21/05/2025;15:00;0.49
21/05/2025;16:00;0.63
21/05/2025;17:00;0.77
21/05/2025;18:00;0.84
21/05/2025;19:00;0.85
21/05/2025;20:00;0.79
21/05/2025;21:00;0.65
21/05/2025;22:00;0.48
21/05/2025;23:00;0.32
22/05/2025;00:00;0.2
22/05/2025;01:00;0.13
22/05/2025;02:00;0.11
22/05/2025;03:00;0.17
22/05/2025;04:00;0.28
22/05/2025;05:00;0.38
22/05/2025;06:00;0.45
22/05/2025;07:00;0.47
22/05/2025;08:00;0.46
22/05/2025;09:00;0.39
22/05/2025;10:00;0.31
22/05/2025;11:00;0.24
22/05/2025;12:00;0.22
22/05/2025;13:00;0.28
22/05/2025;14:00;0.39
22/05/2025;15:00;0.54
22/05/2025;16:00;0.64
22/05/2025;17:00;0.78
22/05/2025;18:00;0.85
22/05/2025;19:00;0.87
22/05/2025;20:00;0.84
22/05/2025;21:00;0.72
22/05/2025;22:00;0.55
22/05/2025;23:00;0.34
23/05/2025;00:00;0.17
23/05/2025;01:00;0.06
23/05/2025;02:00;0
23/05/2025;03:00;0.03
23/05/2025;04:00;0.13
23/05/2025;05:00;0.28
23/05/2025;06:00;0.39
23/05/2025;07:00;0.45
23/05/2025;08:00;0.48
23/05/2025;09:00;0.47
23/05/2025;10:00;0.4
23/05/2025;11:00;0.31
23/05/2025;12:00;0.24
23/05/2025;13:00;0.23
23/05/2025;14:00;0.29
23/05/2025;15:00;0.37
23/05/2025;16:00;0.5
23/05/2025;17:00;0.62
23/05/2025;18:00;0.73
23/05/2025;19:00;0.82
23/05/2025;20:00;0.85
23/05/2025;21:00;0.8
23/05/2025;22:00;0.64
23/05/2025;23:00;0.45
24/05/2025;00:00;0.26
24/05/2025;01:00;0.08
24/05/2025;02:00;-0.07
24/05/2025;03:00;-0.15
24/05/2025;04:00;-0.12
24/05/2025;05:00;0
24/05/2025;06:00;0.16
24/05/2025;07:00;0.31
24/05/2025;08:00;0.41
24/05/2025;09:00;0.43
24/05/2025;10:00;0.41
24/05/2025;11:00;0.33
24/05/2025;12:00;0.23
24/05/2025;13:00;0.15
24/05/2025;14:00;0.13
24/05/2025;15:00;0.18
24/05/2025;16:00;0.28
24/05/2025;17:00;0.43
24/05/2025;18:00;0.57
24/05/2025;19:00;0.7
24/05/2025;20:00;0.76
24/05/2025;21:00;0.78
24/05/2025;22:00;0.68
24/05/2025;23:00;0.49
25/05/2025;00:00;0.28
25/05/2025;01:00;0.05
25/05/2025;02:00;-0.16
25/05/2025;03:00;-0.29
25/05/2025;04:00;-0.32
25/05/2025;05:00;-0.19
25/05/2025;06:00;0.03
25/05/2025;07:00;0.24
25/05/2025;08:00;0.41
25/05/2025;09:00;0.52
25/05/2025;10:00;0.56
25/05/2025;11:00;0.52
25/05/2025;12:00;0.39
25/05/2025;13:00;0.27
25/05/2025;14:00;0.18
25/05/2025;15:00;0.16
25/05/2025;16:00;0.2
25/05/2025;17:00;0.33
25/05/2025;18:00;0.47
25/05/2025;19:00;0.6
25/05/2025;20:00;0.71
25/05/2025;21:00;0.77
25/05/2025;22:00;0.73
25/05/2025;23:00;0.6
26/05/2025;00:00;0.39
26/05/2025;01:00;0.16
26/05/2025;02:00;-0.06
26/05/2025;03:00;-0.24
26/05/2025;04:00;-0.33
26/05/2025;05:00;-0.28
26/05/2025;06:00;-0.08
26/05/2025;07:00;0.18
26/05/2025;08:00;0.39
26/05/2025;09:00;0.56
26/05/2025;10:00;0.66
26/05/2025;11:00;0.67
26/05/2025;12:00;0.59
26/05/2025;13:00;0.44
26/05/2025;14:00;0.3
26/05/2025;15:00;0.21
26/05/2025;16:00;0.19
26/05/2025;17:00;0.26
26/05/2025;18:00;0.4
26/05/2025;19:00;0.56
26/05/2025;20:00;0.69
26/05/2025;21:00;0.77
26/05/2025;22:00;0.78
26/05/2025;23:00;0.69
27/05/2025;00:00;0.52
27/05/2025;01:00;0.32
27/05/2025;02:00;0.11
27/05/2025;03:00;-0.08
27/05/2025;04:00;-0.22
27/05/2025;05:00;-0.26
27/05/2025;06:00;-0.18
27/05/2025;07:00;0.01
27/05/2025;08:00;0.22
27/05/2025;09:00;0.39
27/05/2025;10:00;0.53
27/05/2025;11:00;0.61
27/05/2025;12:00;0.57
27/05/2025;13:00;0.45
27/05/2025;14:00;0.29
27/05/2025;15:00;0.18
27/05/2025;16:00;0.11
27/05/2025;17:00;0.14
27/05/2025;18:00;0.25
27/05/2025;19:00;0.39
27/05/2025;20:00;0.55
27/05/2025;21:00;0.68
27/05/2025;22:00;0.75
27/05/2025;23:00;0.73
28/05/2025;00:00;0.62
28/05/2025;01:00;0.44
28/05/2025;02:00;0.22
28/05/2025;03:00;0
28/05/2025;04:00;-0.2
28/05/2025;05:00;-0.33
28/05/2025;06:00;-0.37
28/05/2025;07:00;-0.27
28/05/2025;08:00;-0.06
28/05/2025;09:00;0.16
28/05/2025;10:00;0.33
28/05/2025;11:00;0.46
28/05/2025;12:00;0.53
28/05/2025;13:00;0.52
28/05/2025;14:00;0.43
28/05/2025;15:00;0.31
28/05/2025;16:00;0.23
28/05/2025;17:00;0.21
28/05/2025;18:00;0.28
28/05/2025;19:00;0.4
28/05/2025;20:00;0.57
28/05/2025;21:00;0.7
28/05/2025;22:00;0.79
28/05/2025;23:00;0.83
29/05/2025;00:00;0.78
29/05/2025;01:00;0.62
29/05/2025;02:00;0.42
29/05/2025;03:00;0.2
29/05/2025;04:00;-0.01
29/05/2025;05:00;-0.19
29/05/2025;06:00;-0.3
29/05/2025;07:00;-0.27
29/05/2025;08:00;-0.13
29/05/2025;09:00;0.05
29/05/2025;10:00;0.23
29/05/2025;11:00;0.37
29/05/2025;12:00;0.45
29/05/2025;13:00;0.47
29/05/2025;14:00;0.46
29/05/2025;15:00;0.38
29/05/2025;16:00;0.26
29/05/2025;17:00;0.2
29/05/2025;18:00;0.25
29/05/2025;19:00;0.34
29/05/2025;20:00;0.46
29/05/2025;21:00;0.58
29/05/2025;22:00;0.66
29/05/2025;23:00;0.68
30/05/2025;00:00;0.66
30/05/2025;01:00;0.54
30/05/2025;02:00;0.39
30/05/2025;03:00;0.21
30/05/2025;04:00;0.04
30/05/2025;05:00;-0.12
30/05/2025;06:00;-0.23
30/05/2025;07:00;-0.28
30/05/2025;08:00;-0.22
30/05/2025;09:00;-0.1
30/05/2025;10:00;0.05
30/05/2025;11:00;0.19
30/05/2025;12:00;0.3
30/05/2025;13:00;0.38
30/05/2025;14:00;0.41
30/05/2025;15:00;0.41
30/05/2025;16:00;0.37
30/05/2025;17:00;0.32
30/05/2025;18:00;0.28
30/05/2025;19:00;0.27
30/05/2025;20:00;0.3
30/05/2025;21:00;0.38
30/05/2025;22:00;0.47
30/05/2025;23:00;0.52
31/05/2025;00:00;0.53
31/05/2025;01:00;0.48
31/05/2025;02:00;0.38
31/05/2025;03:00;0.24
31/05/2025;04:00;0.09
31/05/2025;05:00;-0.06
31/05/2025;06:00;-0.17
31/05/2025;07:00;-0.25
31/05/2025;08:00;-0.26
31/05/2025;09:00;-0.19
31/05/2025;10:00;-0.07
31/05/2025;11:00;0.08
31/05/2025;12:00;0.24
31/05/2025;13:00;0.36
31/05/2025;14:00;0.45
31/05/2025;15:00;0.49
31/05/2025;16:00;0.48
31/05/2025;17:00;0.43
31/05/2025;18:00;0.35
31/05/2025;19:00;0.29
31/05/2025;20:00;0.28
31/05/2025;21:00;0.32
31/05/2025;22:00;0.39
31/05/2025;23:00;0.46
01/06/2025;00:00;0.51
01/06/2025;01:00;0.51
01/06/2025;02:00;0.45
01/06/2025;03:00;0.35
01/06/2025;04:00;0.23
01/06/2025;05:00;0.1
01/06/2025;06:00;-0.01
01/06/2025;07:00;-0.1
01/06/2025;08:00;-0.14
01/06/2025;09:00;-0.11
01/06/2025;10:00;-0.03
01/06/2025;11:00;0.1
01/06/2025;12:00;0.23
01/06/2025;13:00;0.36
01/06/2025;14:00;0.48
01/06/2025;15:00;0.56
01/06/2025;16:00;0.59
01/06/2025;17:00;0.59
01/06/2025;18:00;0.54
01/06/2025;19:00;0.47
01/06/2025;20:00;0.42
01/06/2025;21:00;0.4
01/06/2025;22:00;0.4
01/06/2025;23:00;0.43
02/06/2025;00:00;0.45
02/06/2025;01:00;0.46
02/06/2025;02:00;0.45
02/06/2025;03:00;0.39
02/06/2025;04:00;0.32
02/06/2025;05:00;0.23
02/06/2025;06:00;0.14
02/06/2025;07:00;0.05
02/06/2025;08:00;-0.01
02/06/2025;09:00;-0.02
02/06/2025;10:00;0.01
02/06/2025;11:00;0.09
02/06/2025;12:00;0.22
02/06/2025;13:00;0.36
02/06/2025;14:00;0.49
02/06/2025;15:00;0.61
02/06/2025;16:00;0.69
02/06/2025;17:00;0.73
02/06/2025;18:00;0.72
02/06/2025;19:00;0.66
02/06/2025;20:00;0.58
02/06/2025;21:00;0.49
02/06/2025;22:00;0.42
02/06/2025;23:00;0.39
03/06/2025;00:00;0.38
03/06/2025;01:00;0.38
03/06/2025;02:00;0.38
03/06/2025;03:00;0.35
03/06/2025;04:00;0.31
03/06/2025;05:00;0.25
03/06/2025;06:00;0.19
03/06/2025;07:00;0.14
03/06/2025;08:00;0.1
03/06/2025;09:00;0.09
03/06/2025;10:00;0.1
03/06/2025;11:00;0.14
03/06/2025;12:00;0.23
03/06/2025;13:00;0.35
03/06/2025;14:00;0.47
03/06/2025;15:00;0.6
03/06/2025;16:00;0.7
03/06/2025;17:00;0.76
03/06/2025;18:00;0.78
03/06/2025;19:00;0.74
03/06/2025;20:00;0.63
03/06/2025;21:00;0.53
03/06/2025;22:00;0.41
03/06/2025;23:00;0.32
04/06/2025;00:00;0.25
04/06/2025;01:00;0.21
04/06/2025;02:00;0.2
04/06/2025;03:00;0.21
04/06/2025;04:00;0.24
04/06/2025;05:00;0.27
04/06/2025;06:00;0.28
04/06/2025;07:00;0.27
04/06/2025;08:00;0.25
04/06/2025;09:00;0.21
04/06/2025;10:00;0.17
04/06/2025;11:00;0.17
04/06/2025;12:00;0.2
04/06/2025;13:00;0.28
04/06/2025;14:00;0.4
04/06/2025;15:00;0.51
04/06/2025;16:00;0.64
04/06/2025;17:00;0.72
04/06/2025;18:00;0.77
04/06/2025;19:00;0.77
04/06/2025;20:00;0.69
04/06/2025;21:00;0.55
04/06/2025;22:00;0.42
04/06/2025;23:00;0.3
05/06/2025;00:00;0.18
05/06/2025;01:00;0.1
05/06/2025;02:00;0.09
05/06/2025;03:00;0.12
05/06/2025;04:00;0.19
05/06/2025;05:00;0.27
05/06/2025;06:00;0.34
05/06/2025;07:00;0.39
05/06/2025;08:00;0.39
05/06/2025;09:00;0.34
05/06/2025;10:00;0.31
05/06/2025;11:00;0.28
05/06/2025;12:00;0.26
05/06/2025;13:00;0.27
05/06/2025;14:00;0.35
05/06/2025;15:00;0.48
05/06/2025;16:00;0.58
05/06/2025;17:00;0.66
05/06/2025;18:00;0.72
05/06/2025;19:00;0.74
05/06/2025;20:00;0.68
05/06/2025;21:00;0.57
05/06/2025;22:00;0.43
05/06/2025;23:00;0.3
06/06/2025;00:00;0.16
06/06/2025;01:00;0.06
06/06/2025;02:00;0.02
06/06/2025;03:00;0.03
06/06/2025;04:00;0.1
06/06/2025;05:00;0.21
06/06/2025;06:00;0.32
06/06/2025;07:00;0.41
06/06/2025;08:00;0.44
06/06/2025;09:00;0.42
06/06/2025;10:00;0.38
06/06/2025;11:00;0.3
06/06/2025;12:00;0.25
06/06/2025;13:00;0.24
06/06/2025;14:00;0.26
06/06/2025;15:00;0.35
06/06/2025;16:00;0.46
06/06/2025;17:00;0.57
06/06/2025;18:00;0.66
06/06/2025;19:00;0.71
06/06/2025;20:00;0.7
06/06/2025;21:00;0.63
06/06/2025;22:00;0.51
06/06/2025;23:00;0.36
07/06/2025;00:00;0.22
07/06/2025;01:00;0.1
07/06/2025;02:00;0.02
07/06/2025;03:00;0
07/06/2025;04:00;0.04
07/06/2025;05:00;0.14
07/06/2025;06:00;0.26
07/06/2025;07:00;0.36
07/06/2025;08:00;0.45
07/06/2025;09:00;0.5
07/06/2025;10:00;0.49
07/06/2025;11:00;0.43
07/06/2025;12:00;0.35
07/06/2025;13:00;0.3
07/06/2025;14:00;0.27
07/06/2025;15:00;0.3
07/06/2025;16:00;0.39
07/06/2025;17:00;0.53
07/06/2025;18:00;0.65
07/06/2025;19:00;0.74
07/06/2025;20:00;0.8
07/06/2025;21:00;0.78
07/06/2025;22:00;0.7
07/06/2025;23:00;0.54
08/06/2025;00:00;0.37
08/06/2025;01:00;0.2
08/06/2025;02:00;0.08
08/06/2025;03:00;-0.01
08/06/2025;04:00;-0.04
08/06/2025;05:00;0.04
08/06/2025;06:00;0.18
08/06/2025;07:00;0.33
08/06/2025;08:00;0.45
08/06/2025;09:00;0.55
08/06/2025;10:00;0.57
08/06/2025;11:00;0.52
08/06/2025;12:00;0.44
08/06/2025;13:00;0.33
08/06/2025;14:00;0.27
08/06/2025;15:00;0.29
08/06/2025;16:00;0.4
08/06/2025;17:00;0.56
08/06/2025;18:00;0.7
08/06/2025;19:00;0.81
08/06/2025;20:00;0.89
08/06/2025;21:00;0.91
08/06/2025;22:00;0.84
08/06/2025;23:00;0.68
09/06/2025;00:00;0.49
09/06/2025;01:00;0.28
09/06/2025;02:00;0.09
09/06/2025;03:00;-0.04
09/06/2025;04:00;-0.11
09/06/2025;05:00;-0.07
09/06/2025;06:00;0.04
09/06/2025;07:00;0.21
09/06/2025;08:00;0.37
09/06/2025;09:00;0.48
09/06/2025;10:00;0.54
09/06/2025;11:00;0.55
09/06/2025;12:00;0.49
09/06/2025;13:00;0.42
09/06/2025;14:00;0.35
09/06/2025;15:00;0.33
09/06/2025;16:00;0.37
09/06/2025;17:00;0.47
09/06/2025;18:00;0.59
09/06/2025;19:00;0.71
09/06/2025;20:00;0.8
09/06/2025;21:00;0.83
09/06/2025;22:00;0.78
09/06/2025;23:00;0.65
10/06/2025;00:00;0.46
10/06/2025;01:00;0.26
10/06/2025;02:00;0.06
10/06/2025;03:00;-0.1
10/06/2025;04:00;-0.21
10/06/2025;05:00;-0.21
10/06/2025;06:00;-0.1
10/06/2025;07:00;0.07
10/06/2025;08:00;0.24
10/06/2025;09:00;0.38
10/06/2025;10:00;0.5
10/06/2025;11:00;0.57
10/06/2025;12:00;0.58
10/06/2025;13:00;0.53
10/06/2025;14:00;0.45
10/06/2025;15:00;0.38
10/06/2025;16:00;0.36
10/06/2025;17:00;0.41
10/06/2025;18:00;0.52
10/06/2025;19:00;0.64
10/06/2025;20:00;0.75
10/06/2025;21:00;0.81
10/06/2025;22:00;0.81
10/06/2025;23:00;0.72
11/06/2025;00:00;0.56
11/06/2025;01:00;0.37
11/06/2025;02:00;0.17
11/06/2025;03:00;0
11/06/2025;04:00;-0.14
11/06/2025;05:00;-0.21
11/06/2025;06:00;-0.14
11/06/2025;07:00;0.01
11/06/2025;08:00;0.21
11/06/2025;09:00;0.38
11/06/2025;10:00;0.57
11/06/2025;11:00;0.62
11/06/2025;12:00;0.65
11/06/2025;13:00;0.6
11/06/2025;14:00;0.51
11/06/2025;15:00;0.38
11/06/2025;16:00;0.31
11/06/2025;17:00;0.3
11/06/2025;18:00;0.38
11/06/2025;19:00;0.5
11/06/2025;20:00;0.63
11/06/2025;21:00;0.73
11/06/2025;22:00;0.78
11/06/2025;23:00;0.74
12/06/2025;00:00;0.62
12/06/2025;01:00;0.44
12/06/2025;02:00;0.24
12/06/2025;03:00;0.04
12/06/2025;04:00;-0.11
12/06/2025;05:00;-0.2
12/06/2025;06:00;-0.17
12/06/2025;07:00;-0.02
12/06/2025;08:00;0.17
12/06/2025;09:00;0.33
12/06/2025;10:00;0.5
12/06/2025;11:00;0.6
12/06/2025;12:00;0.63
12/06/2025;13:00;0.6
12/06/2025;14:00;0.54
12/06/2025;15:00;0.43
12/06/2025;16:00;0.34
12/06/2025;17:00;0.32
12/06/2025;18:00;0.36
12/06/2025;19:00;0.46
12/06/2025;20:00;0.58
12/06/2025;21:00;0.69
12/06/2025;22:00;0.76
12/06/2025;23:00;0.76
13/06/2025;00:00;0.69
13/06/2025;01:00;0.54
13/06/2025;02:00;0.36
13/06/2025;03:00;0.17
13/06/2025;04:00;0
13/06/2025;05:00;-0.12
13/06/2025;06:00;-0.18
13/06/2025;07:00;-0.12
13/06/2025;08:00;0.03
13/06/2025;09:00;0.2
13/06/2025;10:00;0.36
13/06/2025;11:00;0.47
13/06/2025;12:00;0.54
13/06/2025;13:00;0.59
13/06/2025;14:00;0.57
13/06/2025;15:00;0.48
13/06/2025;16:00;0.37
13/06/2025;17:00;0.31
13/06/2025;18:00;0.3
13/06/2025;19:00;0.35
13/06/2025;20:00;0.47
13/06/2025;21:00;0.59
13/06/2025;22:00;0.7
13/06/2025;23:00;0.75
14/06/2025;00:00;0.74
14/06/2025;01:00;0.63
14/06/2025;02:00;0.46
14/06/2025;03:00;0.28
14/06/2025;04:00;0.09
14/06/2025;05:00;-0.06
14/06/2025;06:00;-0.16
14/06/2025;07:00;-0.18
14/06/2025;08:00;-0.08
14/06/2025;09:00;0.08
14/06/2025;10:00;0.24
14/06/2025;11:00;0.39
14/06/2025;12:00;0.49
14/06/2025;13:00;0.57
14/06/2025;14:00;0.6
14/06/2025;15:00;0.56
14/06/2025;16:00;0.47
14/06/2025;17:00;0.39
14/06/2025;18:00;0.34
14/06/2025;19:00;0.34
14/06/2025;20:00;0.42
14/06/2025;21:00;0.54
14/06/2025;22:00;0.65
14/06/2025;23:00;0.72
15/06/2025;00:00;0.73
15/06/2025;01:00;0.66
15/06/2025;02:00;0.52
15/06/2025;03:00;0.34
15/06/2025;04:00;0.15
15/06/2025;05:00;-0.01
15/06/2025;06:00;-0.13
15/06/2025;07:00;-0.18
15/06/2025;08:00;-0.15
15/06/2025;09:00;-0.03
15/06/2025;10:00;0.13
15/06/2025;11:00;0.28
15/06/2025;12:00;0.43
15/06/2025;13:00;0.54
15/06/2025;14:00;0.6
15/06/2025;15:00;0.62
15/06/2025;16:00;0.59
15/06/2025;17:00;0.51
15/06/2025;18:00;0.43
15/06/2025;19:00;0.39
15/06/2025;20:00;0.42
15/06/2025;21:00;0.48
15/06/2025;22:00;0.57
15/06/2025;23:00;0.65
16/06/2025;00:00;0.68
16/06/2025;01:00;0.65
16/06/2025;02:00;0.54
16/06/2025;03:00;0.4
16/06/2025;04:00;0.22
16/06/2025;05:00;0.07
16/06/2025;06:00;-0.08
16/06/2025;07:00;-0.18
16/06/2025;08:00;-0.16
16/06/2025;09:00;-0.05
16/06/2025;10:00;0.08
16/06/2025;11:00;0.22
16/06/2025;12:00;0.38
16/06/2025;13:00;0.51
16/06/2025;14:00;0.58
16/06/2025;15:00;0.65
16/06/2025;16:00;0.7
16/06/2025;17:00;0.54
16/06/2025;18:00;0.39
16/06/2025;19:00;0.34
16/06/2025;20:00;0.28
16/06/2025;21:00;0.19
16/06/2025;22:00;0.27
16/06/2025;23:00;0.32
17/06/2025;00:00;0.36
17/06/2025;01:00;0.54
17/06/2025;02:00;0.55
17/06/2025;03:00;0.38
17/06/2025;04:00;0.23
17/06/2025;05:00;0.14
17/06/2025;06:00;0.02
17/06/2025;07:00;-0.09
17/06/2025;08:00;-0.12
17/06/2025;09:00;-0.09
17/06/2025;10:00;-0.06
17/06/2025;11:00;0.12
17/06/2025;12:00;0.35
17/06/2025;13:00;0.54
17/06/2025;14:00;0.66
17/06/2025;15:00;0.79
17/06/2025;16:00;0.81
17/06/2025;17:00;0.71
17/06/2025;18:00;0.57
17/06/2025;19:00;0.46
17/06/2025;20:00;0.34
17/06/2025;21:00;0.26
17/06/2025;22:00;0.29
17/06/2025;23:00;0.3
18/06/2025;00:00;0.3
18/06/2025;01:00;0.31
18/06/2025;02:00;0.32
18/06/2025;03:00;0.32
18/06/2025;04:00;0.24
18/06/2025;05:00;0.17
18/06/2025;06:00;0.08
18/06/2025;07:00;-0.02
18/06/2025;08:00;-0.05
18/06/2025;09:00;0
18/06/2025;10:00;0.1
18/06/2025;11:00;0.25
18/06/2025;12:00;0.39
18/06/2025;13:00;0.5
18/06/2025;14:00;0.61
18/06/2025;15:00;0.67
18/06/2025;16:00;0.68
18/06/2025;17:00;0.64
18/06/2025;18:00;0.56
18/06/2025;19:00;0.49
18/06/2025;20:00;0.39
18/06/2025;21:00;0.3
18/06/2025;22:00;0.22
18/06/2025;23:00;0.18
19/06/2025;00:00;0.17
19/06/2025;01:00;0.17
19/06/2025;02:00;0.23
19/06/2025;03:00;0.27
19/06/2025;04:00;0.29
19/06/2025;05:00;0.28
19/06/2025;06:00;0.27
19/06/2025;07:00;0.26
19/06/2025;08:00;0.23
19/06/2025;09:00;0.21
19/06/2025;10:00;0.2
19/06/2025;11:00;0.2
19/06/2025;12:00;0.23
19/06/2025;13:00;0.29
19/06/2025;14:00;0.38
19/06/2025;15:00;0.49
19/06/2025;16:00;0.58
19/06/2025;17:00;0.65
19/06/2025;18:00;0.67
19/06/2025;19:00;0.63
19/06/2025;20:00;0.53
19/06/2025;21:00;0.39
19/06/2025;22:00;0.27
19/06/2025;23:00;0.16
20/06/2025;00:00;0.09
20/06/2025;01:00;0.06
20/06/2025;02:00;0.09
20/06/2025;03:00;0.17
20/06/2025;04:00;0.27
20/06/2025;05:00;0.36
20/06/2025;06:00;0.4
20/06/2025;07:00;0.41
20/06/2025;08:00;0.35
20/06/2025;09:00;0.26
20/06/2025;10:00;0.16
20/06/2025;11:00;0.1
20/06/2025;12:00;0.08
20/06/2025;13:00;0.14
20/06/2025;14:00;0.27
20/06/2025;15:00;0.41
20/06/2025;16:00;0.55
20/06/2025;17:00;0.65
20/06/2025;18:00;0.71
20/06/2025;19:00;0.72
20/06/2025;20:00;0.65
20/06/2025;21:00;0.51
20/06/2025;22:00;0.36
20/06/2025;23:00;0.21
21/06/2025;00:00;0.1
21/06/2025;01:00;0.03
21/06/2025;02:00;0.02
21/06/2025;03:00;0.06
21/06/2025;04:00;0.17
21/06/2025;05:00;0.3
21/06/2025;06:00;0.37
21/06/2025;07:00;0.4
21/06/2025;08:00;0.4
21/06/2025;09:00;0.34
21/06/2025;10:00;0.26
21/06/2025;11:00;0.17
21/06/2025;12:00;0.14
21/06/2025;13:00;0.16
21/06/2025;14:00;0.25
21/06/2025;15:00;0.37
21/06/2025;16:00;0.5
21/06/2025;17:00;0.62
21/06/2025;18:00;0.71
21/06/2025;19:00;0.76
21/06/2025;20:00;0.75
21/06/2025;21:00;0.65
21/06/2025;22:00;0.48
21/06/2025;23:00;0.3
22/06/2025;00:00;0.12
22/06/2025;01:00;-0.04
22/06/2025;02:00;-0.14
22/06/2025;03:00;-0.16
22/06/2025;04:00;-0.08
22/06/2025;05:00;0.05
22/06/2025;06:00;0.18
22/06/2025;07:00;0.3
22/06/2025;08:00;0.38
22/06/2025;09:00;0.43
22/06/2025;10:00;0.41
22/06/2025;11:00;0.36
22/06/2025;12:00;0.28
22/06/2025;13:00;0.24
22/06/2025;14:00;0.26
22/06/2025;15:00;0.35
22/06/2025;16:00;0.47
22/06/2025;17:00;0.59
22/06/2025;18:00;0.7
22/06/2025;19:00;0.77
22/06/2025;20:00;0.79
22/06/2025;21:00;0.75
22/06/2025;22:00;0.62
22/06/2025;23:00;0.43
23/06/2025;00:00;0.22
23/06/2025;01:00;0.03
23/06/2025;02:00;-0.13
23/06/2025;03:00;-0.23
23/06/2025;04:00;-0.24
23/06/2025;05:00;-0.13
23/06/2025;06:00;0.05
23/06/2025;07:00;0.24
23/06/2025;08:00;0.38
23/06/2025;09:00;0.47
23/06/2025;10:00;0.51
23/06/2025;11:00;0.51
23/06/2025;12:00;0.46
23/06/2025;13:00;0.38
23/06/2025;14:00;0.33
23/06/2025;15:00;0.34
23/06/2025;16:00;0.41
23/06/2025;17:00;0.53
23/06/2025;18:00;0.66
23/06/2025;19:00;0.79
23/06/2025;20:00;0.85
23/06/2025;21:00;0.87
23/06/2025;22:00;0.8
23/06/2025;23:00;0.64
24/06/2025;00:00;0.43
24/06/2025;01:00;0.2
24/06/2025;02:00;-0.02
24/06/2025;03:00;-0.17
24/06/2025;04:00;-0.25
24/06/2025;05:00;-0.21
24/06/2025;06:00;-0.05
24/06/2025;07:00;0.15
24/06/2025;08:00;0.33
24/06/2025;09:00;0.47
24/06/2025;10:00;0.56
24/06/2025;11:00;0.59
24/06/2025;12:00;0.56
24/06/2025;13:00;0.47
24/06/2025;14:00;0.37
24/06/2025;15:00;0.33
24/06/2025;16:00;0.34
24/06/2025;17:00;0.42
24/06/2025;18:00;0.56
24/06/2025;19:00;0.69
24/06/2025;20:00;0.8
24/06/2025;21:00;0.85
24/06/2025;22:00;0.83
24/06/2025;23:00;0.72
25/06/2025;00:00;0.54
25/06/2025;01:00;0.33
25/06/2025;02:00;0.11
25/06/2025;03:00;-0.09
25/06/2025;04:00;-0.25
25/06/2025;05:00;-0.31
25/06/2025;06:00;-0.22
25/06/2025;07:00;-0.04
25/06/2025;08:00;0.17
25/06/2025;09:00;0.35
25/06/2025;10:00;0.49
25/06/2025;11:00;0.58
25/06/2025;12:00;0.6
25/06/2025;13:00;0.56
25/06/2025;14:00;0.46
25/06/2025;15:00;0.36
25/06/2025;16:00;0.3
25/06/2025;17:00;0.32
25/06/2025;18:00;0.41
25/06/2025;19:00;0.53
25/06/2025;20:00;0.65
25/06/2025;21:00;0.75
25/06/2025;22:00;0.8
25/06/2025;23:00;0.76
26/06/2025;00:00;0.63
26/06/2025;01:00;0.44
26/06/2025;02:00;0.22
26/06/2025;03:00;0
26/06/2025;04:00;-0.2
26/06/2025;05:00;-0.31
26/06/2025;06:00;-0.32
26/06/2025;07:00;-0.18
26/06/2025;08:00;0.04
26/06/2025;09:00;0.26
26/06/2025;10:00;0.42
26/06/2025;11:00;0.55
26/06/2025;12:00;0.62
26/06/2025;13:00;0.62
26/06/2025;14:00;0.56
26/06/2025;15:00;0.44
26/06/2025;16:00;0.35
26/06/2025;17:00;0.31
26/06/2025;18:00;0.34
26/06/2025;19:00;0.45
26/06/2025;20:00;0.59
26/06/2025;21:00;0.7
26/06/2025;22:00;0.78
26/06/2025;23:00;0.78
27/06/2025;00:00;0.7
27/06/2025;01:00;0.53
27/06/2025;02:00;0.32
27/06/2025;03:00;0.12
27/06/2025;04:00;-0.08
27/06/2025;05:00;-0.22
27/06/2025;06:00;-0.27
27/06/2025;07:00;-0.23
27/06/2025;08:00;-0.13
27/06/2025;09:00;0.08
27/06/2025;10:00;0.27
27/06/2025;11:00;0.44
27/06/2025;12:00;0.54
27/06/2025;13:00;0.59
27/06/2025;14:00;0.56
27/06/2025;15:00;0.47
27/06/2025;16:00;0.35
27/06/2025;17:00;0.25
27/06/2025;18:00;0.21
27/06/2025;19:00;0.26
27/06/2025;20:00;0.39
27/06/2025;21:00;0.52
27/06/2025;22:00;0.62
27/06/2025;23:00;0.65
28/06/2025;00:00;0.63
28/06/2025;01:00;0.54
28/06/2025;02:00;0.37
28/06/2025;03:00;0.18
28/06/2025;04:00;-0.02
28/06/2025;05:00;-0.18
28/06/2025;06:00;-0.3
28/06/2025;07:00;-0.32
28/06/2025;08:00;-0.2
28/06/2025;09:00;-0.02
28/06/2025;10:00;0.18
28/06/2025;11:00;0.35
28/06/2025;12:00;0.49
28/06/2025;13:00;0.56
28/06/2025;14:00;0.57
28/06/2025;15:00;0.53
28/06/2025;16:00;0.42
28/06/2025;17:00;0.29
28/06/2025;18:00;0.22
28/06/2025;19:00;0.21
28/06/2025;20:00;0.24
28/06/2025;21:00;0.32
28/06/2025;22:00;0.43
28/06/2025;23:00;0.51
29/06/2025;00:00;0.54
29/06/2025;01:00;0.51
29/06/2025;02:00;0.41
29/06/2025;03:00;0.24
29/06/2025;04:00;0.06
29/06/2025;05:00;-0.09
29/06/2025;06:00;-0.21
29/06/2025;07:00;-0.26
29/06/2025;08:00;-0.2
29/06/2025;09:00;-0.06
29/06/2025;10:00;0.12
29/06/2025;11:00;0.28
29/06/2025;12:00;0.42
29/06/2025;13:00;0.52
29/06/2025;14:00;0.57
29/06/2025;15:00;0.55
29/06/2025;16:00;0.47
29/06/2025;17:00;0.36
29/06/2025;18:00;0.25
29/06/2025;19:00;0.19
29/06/2025;20:00;0.2
29/06/2025;21:00;0.26
29/06/2025;22:00;0.35
29/06/2025;23:00;0.44
30/06/2025;00:00;0.49
30/06/2025;01:00;0.48
30/06/2025;02:00;0.41
30/06/2025;03:00;0.31
30/06/2025;04:00;0.18
30/06/2025;05:00;0.04
30/06/2025;06:00;-0.06
30/06/2025;07:00;-0.12
30/06/2025;08:00;-0.11
30/06/2025;09:00;-0.03
30/06/2025;10:00;0.11
30/06/2025;11:00;0.27
30/06/2025;12:00;0.41
30/06/2025;13:00;0.53
30/06/2025;14:00;0.61
30/06/2025;15:00;0.63
30/06/2025;16:00;0.57
30/06/2025;17:00;0.47
30/06/2025;18:00;0.35
30/06/2025;19:00;0.24
30/06/2025;20:00;0.2
30/06/2025;21:00;0.2
30/06/2025;22:00;0.25
30/06/2025;23:00;0.29
01/07/2025;00:00;0.36
01/07/2025;01:00;0.42
01/07/2025;02:00;0.43
01/07/2025;03:00;0.38
01/07/2025;04:00;0.26
01/07/2025;05:00;0.16
01/07/2025;06:00;0.07
01/07/2025;07:00;-0.02
01/07/2025;08:00;-0.04
01/07/2025;09:00;0
01/07/2025;10:00;0.11
01/07/2025;11:00;0.25
01/07/2025;12:00;0.38
01/07/2025;13:00;0.49
01/07/2025;14:00;0.59
01/07/2025;15:00;0.64
01/07/2025;16:00;0.63
01/07/2025;17:00;0.55
01/07/2025;18:00;0.45
01/07/2025;19:00;0.36
01/07/2025;20:00;0.27
01/07/2025;21:00;0.22
01/07/2025;22:00;0.21
01/07/2025;23:00;0.25
02/07/2025;00:00;0.31
02/07/2025;01:00;0.36
02/07/2025;02:00;0.38
02/07/2025;03:00;0.36
02/07/2025;04:00;0.3
02/07/2025;05:00;0.22
02/07/2025;06:00;0.15
02/07/2025;07:00;0.1
02/07/2025;08:00;0.07
02/07/2025;09:00;0.09
02/07/2025;10:00;0.14
02/07/2025;11:00;0.24
02/07/2025;12:00;0.36
02/07/2025;13:00;0.46
02/07/2025;14:00;0.55
02/07/2025;15:00;0.63
02/07/2025;16:00;0.67
02/07/2025;17:00;0.65
02/07/2025;18:00;0.57
02/07/2025;19:00;0.47
02/07/2025;20:00;0.37
02/07/2025;21:00;0.31
02/07/2025;22:00;0.25
02/07/2025;23:00;0.24
03/07/2025;00:00;0.26
03/07/2025;01:00;0.28
03/07/2025;02:00;0.3
03/07/2025;03:00;0.31
03/07/2025;04:00;0.3
03/07/2025;05:00;0.27
03/07/2025;06:00;0.25
03/07/2025;07:00;0.23
03/07/2025;08:00;0.19
03/07/2025;09:00;0.16
03/07/2025;10:00;0.17
03/07/2025;11:00;0.22
03/07/2025;12:00;0.31
03/07/2025;13:00;0.42
03/07/2025;14:00;0.53
03/07/2025;15:00;0.62
03/07/2025;16:00;0.68
03/07/2025;17:00;0.71
03/07/2025;18:00;0.67
03/07/2025;19:00;0.58
03/07/2025;20:00;0.47
03/07/2025;21:00;0.37
03/07/2025;22:00;0.28
03/07/2025;23:00;0.22
04/07/2025;00:00;0.2
04/07/2025;01:00;0.18
04/07/2025;02:00;0.19
04/07/2025;03:00;0.21
04/07/2025;04:00;0.23
04/07/2025;05:00;0.26
04/07/2025;06:00;0.26
04/07/2025;07:00;0.25
04/07/2025;08:00;0.25
04/07/2025;09:00;0.25
04/07/2025;10:00;0.25
04/07/2025;11:00;0.26
04/07/2025;12:00;0.31
04/07/2025;13:00;0.39
04/07/2025;14:00;0.49
04/07/2025;15:00;0.57
04/07/2025;16:00;0.64
04/07/2025;17:00;0.68
04/07/2025;18:00;0.68
04/07/2025;19:00;0.64
04/07/2025;20:00;0.55
04/07/2025;21:00;0.45
04/07/2025;22:00;0.35
04/07/2025;23:00;0.25
05/07/2025;00:00;0.17
05/07/2025;01:00;0.14
05/07/2025;02:00;0.13
05/07/2025;03:00;0.13
05/07/2025;04:00;0.16
05/07/2025;05:00;0.23
05/07/2025;06:00;0.29
05/07/2025;07:00;0.34
05/07/2025;08:00;0.36
05/07/2025;09:00;0.37
05/07/2025;10:00;0.39
05/07/2025;11:00;0.39
05/07/2025;12:00;0.4
05/07/2025;13:00;0.44
05/07/2025;14:00;0.49
05/07/2025;15:00;0.53
05/07/2025;16:00;0.61
05/07/2025;17:00;0.68
05/07/2025;18:00;0.72
05/07/2025;19:00;0.71
05/07/2025;20:00;0.66
05/07/2025;21:00;0.56
05/07/2025;22:00;0.45
05/07/2025;23:00;0.33
06/07/2025;00:00;0.23
06/07/2025;01:00;0.13
06/07/2025;02:00;0.05
06/07/2025;03:00;0.02
06/07/2025;04:00;0.04
06/07/2025;05:00;0.12
06/07/2025;06:00;0.25
06/07/2025;07:00;0.36
06/07/2025;08:00;0.45
06/07/2025;09:00;0.52
06/07/2025;10:00;0.55
06/07/2025;11:00;0.53
06/07/2025;12:00;0.48
06/07/2025;13:00;0.45
06/07/2025;14:00;0.47
06/07/2025;15:00;0.53
06/07/2025;16:00;0.62
06/07/2025;17:00;0.73
06/07/2025;18:00;0.83
06/07/2025;19:00;0.85
06/07/2025;20:00;0.83
06/07/2025;21:00;0.75
06/07/2025;22:00;0.63
06/07/2025;23:00;0.48
07/07/2025;00:00;0.35
07/07/2025;01:00;0.19
07/07/2025;02:00;0.06
07/07/2025;03:00;0
07/07/2025;04:00;0.03
07/07/2025;05:00;0.13
07/07/2025;06:00;0.21
07/07/2025;07:00;0.36
07/07/2025;08:00;0.53
07/07/2025;09:00;0.63
07/07/2025;10:00;0.64
07/07/2025;11:00;0.63
07/07/2025;12:00;0.58
07/07/2025;13:00;0.51
07/07/2025;14:00;0.47
07/07/2025;15:00;0.46
07/07/2025;16:00;0.53
07/07/2025;17:00;0.65
07/07/2025;18:00;0.74
07/07/2025;19:00;0.82
07/07/2025;20:00;0.93
07/07/2025;21:00;0.88
07/07/2025;22:00;0.73
07/07/2025;23:00;0.58
08/07/2025;00:00;0.43
08/07/2025;01:00;0.27
08/07/2025;02:00;0.1
08/07/2025;03:00;-0.05
08/07/2025;04:00;-0.1
08/07/2025;05:00;-0.03
08/07/2025;06:00;0.15
08/07/2025;07:00;0.32
08/07/2025;08:00;0.43
08/07/2025;09:00;0.55
08/07/2025;10:00;0.61
08/07/2025;11:00;0.56
08/07/2025;12:00;0.48
08/07/2025;13:00;0.42
08/07/2025;14:00;0.34
08/07/2025;15:00;0.3
08/07/2025;16:00;0.35
08/07/2025;17:00;0.47
08/07/2025;18:00;0.61
08/07/2025;19:00;0.61
08/07/2025;20:00;0.66
08/07/2025;21:00;0.69
08/07/2025;22:00;0.63
08/07/2025;23:00;0.42
09/07/2025;00:00;0.24
09/07/2025;01:00;0.06
09/07/2025;02:00;-0.05
09/07/2025;03:00;-0.09
09/07/2025;04:00;-0.15
09/07/2025;05:00;-0.14
09/07/2025;06:00;-0.01
09/07/2025;07:00;0.16
09/07/2025;08:00;0.29
09/07/2025;09:00;0.39
09/07/2025;10:00;0.47
09/07/2025;11:00;0.46
09/07/2025;12:00;0.39
09/07/2025;13:00;0.35
09/07/2025;14:00;0.33
09/07/2025;15:00;0.35
09/07/2025;16:00;0.41
09/07/2025;17:00;0.47
09/07/2025;18:00;0.52
09/07/2025;19:00;0.59
09/07/2025;20:00;0.68
09/07/2025;21:00;0.76
09/07/2025;22:00;0.75
09/07/2025;23:00;0.63
10/07/2025;00:00;0.48
10/07/2025;01:00;0.27
10/07/2025;02:00;0.08
10/07/2025;03:00;-0.08
10/07/2025;04:00;-0.2
10/07/2025;05:00;-0.24
10/07/2025;06:00;-0.17
10/07/2025;07:00;-0.01
10/07/2025;08:00;0.15
10/07/2025;09:00;0.29
10/07/2025;10:00;0.39
10/07/2025;11:00;0.48
10/07/2025;12:00;0.54
10/07/2025;13:00;0.54
10/07/2025;14:00;0.49
10/07/2025;15:00;0.39
10/07/2025;16:00;0.31
10/07/2025;17:00;0.3
10/07/2025;18:00;0.35
10/07/2025;19:00;0.45
10/07/2025;20:00;0.58
10/07/2025;21:00;0.66
10/07/2025;22:00;0.68
10/07/2025;23:00;0.62
11/07/2025;00:00;0.49
11/07/2025;01:00;0.31
11/07/2025;02:00;0.1
11/07/2025;03:00;-0.08
11/07/2025;04:00;-0.22
11/07/2025;05:00;-0.3
11/07/2025;06:00;-0.28
11/07/2025;07:00;-0.13
11/07/2025;08:00;0.09
11/07/2025;09:00;0.3
11/07/2025;10:00;0.48
11/07/2025;11:00;0.63
11/07/2025;12:00;0.71
11/07/2025;13:00;0.71
11/07/2025;14:00;0.63
11/07/2025;15:00;0.5
11/07/2025;16:00;0.38
11/07/2025;17:00;0.3
11/07/2025;18:00;0.3
11/07/2025;19:00;0.38
11/07/2025;20:00;0.5
11/07/2025;21:00;0.62
11/07/2025;22:00;0.68
11/07/2025;23:00;0.68
12/07/2025;00:00;0.61
12/07/2025;01:00;0.46
12/07/2025;02:00;0.26
12/07/2025;03:00;0.05
12/07/2025;04:00;-0.11
12/07/2025;05:00;-0.22
12/07/2025;06:00;-0.22
12/07/2025;07:00;-0.1
12/07/2025;08:00;0.1
12/07/2025;09:00;0.32
12/07/2025;10:00;0.5
12/07/2025;11:00;0.63
12/07/2025;12:00;0.7
12/07/2025;13:00;0.72
12/07/2025;14:00;0.64
12/07/2025;15:00;0.51
12/07/2025;16:00;0.38
12/07/2025;17:00;0.29
12/07/2025;18:00;0.26
12/07/2025;19:00;0.31
12/07/2025;20:00;0.44
12/07/2025;21:00;0.58
12/07/2025;22:00;0.71
12/07/2025;23:00;0.78
13/07/2025;00:00;0.76
13/07/2025;01:00;0.65
13/07/2025;02:00;0.47
13/07/2025;03:00;0.27
13/07/2025;04:00;0.07
13/07/2025;05:00;-0.08
13/07/2025;06:00;-0.17
13/07/2025;07:00;-0.13
13/07/2025;08:00;0.02
13/07/2025;09:00;0.21
13/07/2025;10:00;0.39
13/07/2025;11:00;0.53
13/07/2025;12:00;0.64
13/07/2025;13:00;0.67
13/07/2025;14:00;0.65
13/07/2025;15:00;0.55
13/07/2025;16:00;0.41
13/07/2025;17:00;0.31
13/07/2025;18:00;0.27
13/07/2025;19:00;0.28
13/07/2025;20:00;0.37
13/07/2025;21:00;0.51
13/07/2025;22:00;0.62
13/07/2025;23:00;0.69
14/07/2025;00:00;0.73
14/07/2025;01:00;0.67
14/07/2025;02:00;0.52
14/07/2025;03:00;0.33
14/07/2025;04:00;0.14
14/07/2025;05:00;-0.04
14/07/2025;06:00;-0.17
14/07/2025;07:00;-0.2
14/07/2025;08:00;-0.11
14/07/2025;09:00;0.04
14/07/2025;10:00;0.21
14/07/2025;11:00;0.37
14/07/2025;12:00;0.5
14/07/2025;13:00;0.59
14/07/2025;14:00;0.62
14/07/2025;15:00;0.59
14/07/2025;16:00;0.48
14/07/2025;17:00;0.36
14/07/2025;18:00;0.26
14/07/2025;19:00;0.2
14/07/2025;20:00;0.22
14/07/2025;21:00;0.32
14/07/2025;22:00;0.43
14/07/2025;23:00;0.55
15/07/2025;00:00;0.61
15/07/2025;01:00;0.59
15/07/2025;02:00;0.48
15/07/2025;03:00;0.32
15/07/2025;04:00;0.14
15/07/2025;05:00;-0.03
15/07/2025;06:00;-0.18
15/07/2025;07:00;-0.26
15/07/2025;08:00;-0.27
15/07/2025;09:00;-0.14
15/07/2025;10:00;0.04
15/07/2025;11:00;0.22
15/07/2025;12:00;0.37
15/07/2025;13:00;0.47
15/07/2025;14:00;0.57
15/07/2025;15:00;0.6
15/07/2025;16:00;0.56
15/07/2025;17:00;0.45
15/07/2025;18:00;0.32
15/07/2025;19:00;0.23
15/07/2025;20:00;0.18
15/07/2025;21:00;0.2
15/07/2025;22:00;0.28
15/07/2025;23:00;0.38
16/07/2025;00:00;0.48
16/07/2025;01:00;0.53
16/07/2025;02:00;0.52
16/07/2025;03:00;0.43
16/07/2025;04:00;0.27
16/07/2025;05:00;0.11
16/07/2025;06:00;-0.05
16/07/2025;07:00;-0.15
16/07/2025;08:00;-0.16
16/07/2025;09:00;-0.07
16/07/2025;10:00;0.08
16/07/2025;11:00;0.26
16/07/2025;12:00;0.43
16/07/2025;13:00;0.58
16/07/2025;14:00;0.69
16/07/2025;15:00;0.74
16/07/2025;16:00;0.72
16/07/2025;17:00;0.63
16/07/2025;18:00;0.48
16/07/2025;19:00;0.35
16/07/2025;20:00;0.26
16/07/2025;21:00;0.21
16/07/2025;22:00;0.22
16/07/2025;23:00;0.3
17/07/2025;00:00;0.41
17/07/2025;01:00;0.47
17/07/2025;02:00;0.49
17/07/2025;03:00;0.45
17/07/2025;04:00;0.34
17/07/2025;05:00;0.2
17/07/2025;06:00;0.1
17/07/2025;07:00;0.04
17/07/2025;08:00;0.03
17/07/2025;09:00;0.09
17/07/2025;10:00;0.22
17/07/2025;11:00;0.38
17/07/2025;12:00;0.51
17/07/2025;13:00;0.64
17/07/2025;14:00;0.75
17/07/2025;15:00;0.81
17/07/2025;16:00;0.82
17/07/2025;17:00;0.77
17/07/2025;18:00;0.62
17/07/2025;19:00;0.49
17/07/2025;20:00;0.36
17/07/2025;21:00;0.24
17/07/2025;22:00;0.18
17/07/2025;23:00;0.19
18/07/2025;00:00;0.22
18/07/2025;01:00;0.27
18/07/2025;02:00;0.33
18/07/2025;03:00;0.34
18/07/2025;04:00;0.3
18/07/2025;05:00;0.25
18/07/2025;06:00;0.21
18/07/2025;07:00;0.17
18/07/2025;08:00;0.16
18/07/2025;09:00;0.2
18/07/2025;10:00;0.28
18/07/2025;11:00;0.39
18/07/2025;12:00;0.51
18/07/2025;13:00;0.63
18/07/2025;14:00;0.73
18/07/2025;15:00;0.8
18/07/2025;16:00;0.82
18/07/2025;17:00;0.79
18/07/2025;18:00;0.7
18/07/2025;19:00;0.57
18/07/2025;20:00;0.43
18/07/2025;21:00;0.31
18/07/2025;22:00;0.19
18/07/2025;23:00;0.1
19/07/2025;00:00;0.05
19/07/2025;01:00;0.05
19/07/2025;02:00;0.1
19/07/2025;03:00;0.16
19/07/2025;04:00;0.23
19/07/2025;05:00;0.3
19/07/2025;06:00;0.34
19/07/2025;07:00;0.37
19/07/2025;08:00;0.38
19/07/2025;09:00;0.39
19/07/2025;10:00;0.4
19/07/2025;11:00;0.42
19/07/2025;12:00;0.46
19/07/2025;13:00;0.54
19/07/2025;14:00;0.61
19/07/2025;15:00;0.69
19/07/2025;16:00;0.75
19/07/2025;17:00;0.78
19/07/2025;18:00;0.76
19/07/2025;19:00;0.7
19/07/2025;20:00;0.57
19/07/2025;21:00;0.43
19/07/2025;22:00;0.29
19/07/2025;23:00;0.16
20/07/2025;00:00;0.06
20/07/2025;01:00;0
20/07/2025;02:00;0.01
20/07/2025;03:00;0.07
20/07/2025;04:00;0.18
20/07/2025;05:00;0.3
20/07/2025;06:00;0.39
20/07/2025;07:00;0.46
20/07/2025;08:00;0.51
20/07/2025;09:00;0.53
20/07/2025;10:00;0.51
20/07/2025;11:00;0.49
20/07/2025;12:00;0.48
20/07/2025;13:00;0.48
20/07/2025;14:00;0.53
20/07/2025;15:00;0.6
20/07/2025;16:00;0.69
20/07/2025;17:00;0.75
20/07/2025;18:00;0.79
20/07/2025;19:00;0.79
20/07/2025;20:00;0.73
20/07/2025;21:00;0.61
20/07/2025;22:00;0.48
20/07/2025;23:00;0.34
21/07/2025;00:00;0.18
21/07/2025;01:00;0.07
21/07/2025;02:00;0
21/07/2025;03:00;0
21/07/2025;04:00;0.06
21/07/2025;05:00;0.19
21/07/2025;06:00;0.34
21/07/2025;07:00;0.46
21/07/2025;08:00;0.55
21/07/2025;09:00;0.62
21/07/2025;10:00;0.62
21/07/2025;11:00;0.58
21/07/2025;12:00;0.52
21/07/2025;13:00;0.49
21/07/2025;14:00;0.49
21/07/2025;15:00;0.56
21/07/2025;16:00;0.65
21/07/2025;17:00;0.73
21/07/2025;18:00;0.79
21/07/2025;19:00;0.84
21/07/2025;20:00;0.88
21/07/2025;21:00;0.81
21/07/2025;22:00;0.67
21/07/2025;23:00;0.52
22/07/2025;00:00;0.35
22/07/2025;01:00;0.17
22/07/2025;02:00;0.02
22/07/2025;03:00;-0.07
22/07/2025;04:00;-0.06
22/07/2025;05:00;0.05
22/07/2025;06:00;0.2
22/07/2025;07:00;0.36
22/07/2025;08:00;0.47
22/07/2025;09:00;0.55
22/07/2025;10:00;0.59
22/07/2025;11:00;0.56
22/07/2025;12:00;0.51
22/07/2025;13:00;0.44
22/07/2025;14:00;0.39
22/07/2025;15:00;0.41
22/07/2025;16:00;0.48
22/07/2025;17:00;0.59
22/07/2025;18:00;0.69
22/07/2025;19:00;0.8
22/07/2025;20:00;0.85
22/07/2025;21:00;0.86
22/07/2025;22:00;0.81
22/07/2025;23:00;0.67
23/07/2025;00:00;0.49
23/07/2025;01:00;0.29
23/07/2025;02:00;0.09
23/07/2025;03:00;-0.07
23/07/2025;04:00;-0.16
23/07/2025;05:00;-0.15
23/07/2025;06:00;-0.02
23/07/2025;07:00;0.17
23/07/2025;08:00;0.35
23/07/2025;09:00;0.49
23/07/2025;10:00;0.59
23/07/2025;11:00;0.65
23/07/2025;12:00;0.64
23/07/2025;13:00;0.56
23/07/2025;14:00;0.47
23/07/2025;15:00;0.4
23/07/2025;16:00;0.38
23/07/2025;17:00;0.45
23/07/2025;18:00;0.57
23/07/2025;19:00;0.7
23/07/2025;20:00;0.81
23/07/2025;21:00;0.88
23/07/2025;22:00;0.89
23/07/2025;23:00;0.81
24/07/2025;00:00;0.63
24/07/2025;01:00;0.42
24/07/2025;02:00;0.2
24/07/2025;03:00;-0.01
24/07/2025;04:00;-0.16
24/07/2025;05:00;-0.22
24/07/2025;06:00;-0.14
24/07/2025;07:00;0.05
24/07/2025;08:00;0.27
24/07/2025;09:00;0.46
24/07/2025;10:00;0.61
24/07/2025;11:00;0.72
24/07/2025;12:00;0.73
24/07/2025;13:00;0.67
24/07/2025;14:00;0.56
24/07/2025;15:00;0.42
24/07/2025;16:00;0.33
24/07/2025;17:00;0.33
24/07/2025;18:00;0.44
24/07/2025;19:00;0.58
24/07/2025;20:00;0.72
24/07/2025;21:00;0.83
24/07/2025;22:00;0.87
24/07/2025;23:00;0.82
25/07/2025;00:00;0.7
25/07/2025;01:00;0.49
25/07/2025;02:00;0.27
25/07/2025;03:00;0.04
25/07/2025;04:00;-0.15
25/07/2025;05:00;-0.25
25/07/2025;06:00;-0.22
25/07/2025;07:00;-0.06
25/07/2025;08:00;0.16
25/07/2025;09:00;0.37
25/07/2025;10:00;0.55
25/07/2025;11:00;0.67
25/07/2025;12:00;0.72
25/07/2025;13:00;0.67
25/07/2025;14:00;0.58
25/07/2025;15:00;0.44
25/07/2025;16:00;0.29
25/07/2025;17:00;0.2
25/07/2025;18:00;0.22
25/07/2025;19:00;0.36
25/07/2025;20:00;0.5
25/07/2025;21:00;0.63
25/07/2025;22:00;0.74
25/07/2025;23:00;0.77
26/07/2025;00:00;0.67
26/07/2025;01:00;0.5
26/07/2025;02:00;0.3
26/07/2025;03:00;0.08
26/07/2025;04:00;-0.12
26/07/2025;05:00;-0.29
26/07/2025;06:00;-0.3
26/07/2025;07:00;-0.2
26/07/2025;08:00;0.04
26/07/2025;09:00;0.25
26/07/2025;10:00;0.44
26/07/2025;11:00;0.65
26/07/2025;12:00;0.75
26/07/2025;13:00;0.73
26/07/2025;14:00;0.66
26/07/2025;15:00;0.53
26/07/2025;16:00;0.37
26/07/2025;17:00;0.28
26/07/2025;18:00;0.2
26/07/2025;19:00;0.31
26/07/2025;20:00;0.45
26/07/2025;21:00;0.57
26/07/2025;22:00;0.66
26/07/2025;23:00;0.69
27/07/2025;00:00;0.67
27/07/2025;01:00;0.57
27/07/2025;02:00;0.37
27/07/2025;03:00;0.19
27/07/2025;04:00;0.01
27/07/2025;05:00;-0.17
27/07/2025;06:00;-0.25
27/07/2025;07:00;-0.16
27/07/2025;08:00;0.02
27/07/2025;09:00;0.18
27/07/2025;10:00;0.36
27/07/2025;11:00;0.52
27/07/2025;12:00;0.66
27/07/2025;13:00;0.76
27/07/2025;14:00;0.79
27/07/2025;15:00;0.7
27/07/2025;16:00;0.55
27/07/2025;17:00;0.41
27/07/2025;18:00;0.32
27/07/2025;19:00;0.3
27/07/2025;20:00;0.35
27/07/2025;21:00;0.48
27/07/2025;22:00;0.61
27/07/2025;23:00;0.68
28/07/2025;00:00;0.72
28/07/2025;01:00;0.67
28/07/2025;02:00;0.47
28/07/2025;03:00;0.32
28/07/2025;04:00;0.12
28/07/2025;05:00;-0.02
28/07/2025;06:00;-0.08
28/07/2025;07:00;-0.14
28/07/2025;08:00;-0.02
28/07/2025;09:00;0.18
28/07/2025;10:00;0.4
28/07/2025;11:00;0.61
28/07/2025;12:00;0.74
28/07/2025;13:00;0.82
28/07/2025;14:00;0.84
28/07/2025;15:00;0.79
28/07/2025;16:00;0.65
28/07/2025;17:00;0.47
28/07/2025;18:00;0.34
28/07/2025;19:00;0.25
28/07/2025;20:00;0.2
28/07/2025;21:00;0.28
28/07/2025;22:00;0.43
28/07/2025;23:00;0.55
29/07/2025;00:00;0.62
29/07/2025;01:00;0.6
29/07/2025;02:00;0.54
29/07/2025;03:00;0.37
29/07/2025;04:00;0.18
29/07/2025;05:00;0.05
29/07/2025;06:00;-0.06
29/07/2025;07:00;-0.1
29/07/2025;08:00;-0.04
29/07/2025;09:00;0.13
29/07/2025;10:00;0.33
29/07/2025;11:00;0.52
29/07/2025;12:00;0.67
29/07/2025;13:00;0.77
29/07/2025;14:00;0.78
29/07/2025;15:00;0.73
29/07/2025;16:00;0.6
29/07/2025;17:00;0.45
29/07/2025;18:00;0.3
29/07/2025;19:00;0.21
29/07/2025;20:00;0.19
29/07/2025;21:00;0.26
29/07/2025;22:00;0.37
29/07/2025;23:00;0.47
30/07/2025;00:00;0.53
30/07/2025;01:00;0.53
30/07/2025;02:00;0.48
30/07/2025;03:00;0.38
30/07/2025;04:00;0.26
30/07/2025;05:00;0.15
30/07/2025;06:00;0.06
30/07/2025;07:00;0.03
30/07/2025;08:00;0.1
30/07/2025;09:00;0.18
30/07/2025;10:00;0.33
30/07/2025;11:00;0.48
30/07/2025;12:00;0.61
30/07/2025;13:00;0.73
30/07/2025;14:00;0.76
30/07/2025;15:00;0.73
30/07/2025;16:00;0.61
30/07/2025;17:00;0.48
30/07/2025;18:00;0.35
30/07/2025;19:00;0.24
30/07/2025;20:00;0.18
30/07/2025;21:00;0.18
30/07/2025;22:00;0.24
30/07/2025;23:00;0.32
31/07/2025;00:00;0.4
31/07/2025;01:00;0.43
31/07/2025;02:00;0.41
31/07/2025;03:00;0.36
31/07/2025;04:00;0.28
31/07/2025;05:00;0.18
31/07/2025;06:00;0.12
31/07/2025;07:00;0.1
31/07/2025;08:00;0.13
31/07/2025;09:00;0.22
31/07/2025;10:00;0.35
31/07/2025;11:00;0.46
31/07/2025;12:00;0.56
31/07/2025;13:00;0.66
31/07/2025;14:00;0.7
31/07/2025;15:00;0.69
31/07/2025;16:00;0.62
31/07/2025;17:00;0.51
31/07/2025;18:00;0.39
31/07/2025;19:00;0.28
31/07/2025;20:00;0.2
31/07/2025;21:00;0.18
31/07/2025;22:00;0.19
31/07/2025;23:00;0.24
01/08/2025;00:00;0.29
01/08/2025;01:00;0.33
01/08/2025;02:00;0.33
01/08/2025;03:00;0.31
01/08/2025;04:00;0.27
01/08/2025;05:00;0.25
01/08/2025;06:00;0.24
01/08/2025;07:00;0.25
01/08/2025;08:00;0.28
01/08/2025;09:00;0.34
01/08/2025;10:00;0.39
01/08/2025;11:00;0.45
01/08/2025;12:00;0.53
01/08/2025;13:00;0.59
01/08/2025;14:00;0.63
01/08/2025;15:00;0.63
01/08/2025;16:00;0.61
01/08/2025;17:00;0.55
01/08/2025;18:00;0.47
01/08/2025;19:00;0.36
01/08/2025;20:00;0.27
01/08/2025;21:00;0.25
01/08/2025;22:00;0.23
01/08/2025;23:00;0.23
02/08/2025;00:00;0.23
02/08/2025;01:00;0.25
02/08/2025;02:00;0.27
02/08/2025;03:00;0.28
02/08/2025;04:00;0.32
02/08/2025;05:00;0.33
02/08/2025;06:00;0.33
02/08/2025;07:00;0.33
02/08/2025;08:00;0.35
02/08/2025;09:00;0.38
02/08/2025;10:00;0.42
02/08/2025;11:00;0.48
02/08/2025;12:00;0.56
02/08/2025;13:00;0.58
02/08/2025;14:00;0.6
02/08/2025;15:00;0.62
02/08/2025;16:00;0.64
02/08/2025;17:00;0.65
02/08/2025;18:00;0.64
02/08/2025;19:00;0.56
02/08/2025;20:00;0.49
02/08/2025;21:00;0.42
02/08/2025;22:00;0.35
02/08/2025;23:00;0.31
03/08/2025;00:00;0.24
03/08/2025;01:00;0.2
03/08/2025;02:00;0.18
03/08/2025;03:00;0.14
03/08/2025;04:00;0.17
03/08/2025;05:00;0.23
03/08/2025;06:00;0.28
03/08/2025;07:00;0.34
03/08/2025;08:00;0.36
03/08/2025;09:00;0.37
03/08/2025;10:00;0.4
03/08/2025;11:00;0.44
03/08/2025;12:00;0.5
03/08/2025;13:00;0.54
03/08/2025;14:00;0.58
03/08/2025;15:00;0.62
03/08/2025;16:00;0.63
03/08/2025;17:00;0.66
03/08/2025;18:00;0.67
03/08/2025;19:00;0.62
03/08/2025;20:00;0.57
03/08/2025;21:00;0.49
03/08/2025;22:00;0.38
03/08/2025;23:00;0.25
04/08/2025;00:00;0.11
04/08/2025;01:00;0.03
04/08/2025;02:00;0
04/08/2025;03:00;-0.01
04/08/2025;04:00;0.05
04/08/2025;05:00;0.12
04/08/2025;06:00;0.19
04/08/2025;07:00;0.28
04/08/2025;08:00;0.37
04/08/2025;09:00;0.45
04/08/2025;10:00;0.5
04/08/2025;11:00;0.5
04/08/2025;12:00;0.5
04/08/2025;13:00;0.5
04/08/2025;14:00;0.5
04/08/2025;15:00;0.51
04/08/2025;16:00;0.55
04/08/2025;17:00;0.58
04/08/2025;18:00;0.62
04/08/2025;19:00;0.62
04/08/2025;20:00;0.57
04/08/2025;21:00;0.47
04/08/2025;22:00;0.34
04/08/2025;23:00;0.21
05/08/2025;00:00;0.09
05/08/2025;01:00;-0.04
05/08/2025;02:00;-0.14
05/08/2025;03:00;-0.18
05/08/2025;04:00;-0.12
05/08/2025;05:00;0.01
05/08/2025;06:00;0.17
05/08/2025;07:00;0.32
05/08/2025;08:00;0.45
05/08/2025;09:00;0.54
05/08/2025;10:00;0.59
05/08/2025;11:00;0.6
05/08/2025;12:00;0.55
05/08/2025;13:00;0.47
05/08/2025;14:00;0.42
05/08/2025;15:00;0.41
05/08/2025;16:00;0.44
05/08/2025;17:00;0.51
05/08/2025;18:00;0.57
05/08/2025;19:00;0.6
05/08/2025;20:00;0.58
05/08/2025;21:00;0.5
05/08/2025;22:00;0.38
05/08/2025;23:00;0.23
06/08/2025;00:00;0.08
06/08/2025;01:00;-0.05
06/08/2025;02:00;-0.16
06/08/2025;03:00;-0.21
06/08/2025;04:00;-0.18
06/08/2025;05:00;-0.04
06/08/2025;06:00;0.13
06/08/2025;07:00;0.31
06/08/2025;08:00;0.46
06/08/2025;09:00;0.59
06/08/2025;10:00;0.66
06/08/2025;11:00;0.67
06/08/2025;12:00;0.63
06/08/2025;13:00;0.53
06/08/2025;14:00;0.42
06/08/2025;15:00;0.34
06/08/2025;16:00;0.3
06/08/2025;17:00;0.32
06/08/2025;18:00;0.39
06/08/2025;19:00;0.5
06/08/2025;20:00;0.55
06/08/2025;21:00;0.57
06/08/2025;22:00;0.52
06/08/2025;23:00;0.39
07/08/2025;00:00;0.23
07/08/2025;01:00;0.07
07/08/2025;02:00;-0.06
07/08/2025;03:00;-0.15
07/08/2025;04:00;-0.16
07/08/2025;05:00;-0.06
07/08/2025;06:00;0.11
07/08/2025;07:00;0.3
07/08/2025;08:00;0.47
07/08/2025;09:00;0.61
07/08/2025;10:00;0.68
07/08/2025;11:00;0.7
07/08/2025;12:00;0.63
07/08/2025;13:00;0.48
07/08/2025;14:00;0.34
07/08/2025;15:00;0.23
07/08/2025;16:00;0.17
07/08/2025;17:00;0.2
07/08/2025;18:00;0.31
07/08/2025;19:00;0.45
07/08/2025;20:00;0.57
07/08/2025;21:00;0.63
07/08/2025;22:00;0.65
07/08/2025;23:00;0.56
08/08/2025;00:00;0.41
08/08/2025;01:00;0.22
08/08/2025;02:00;0.05
08/08/2025;03:00;-0.1
08/08/2025;04:00;-0.18
08/08/2025;05:00;-0.16
08/08/2025;06:00;-0.04
08/08/2025;07:00;0.15
08/08/2025;08:00;0.34
08/08/2025;09:00;0.49
08/08/2025;10:00;0.6
08/08/2025;11:00;0.63
08/08/2025;12:00;0.59
08/08/2025;13:00;0.45
08/08/2025;14:00;0.29
08/08/2025;15:00;0.17
08/08/2025;16:00;0.09
08/08/2025;17:00;0.1
08/08/2025;18:00;0.2
08/08/2025;19:00;0.36
08/08/2025;20:00;0.53
08/08/2025;21:00;0.65
08/08/2025;22:00;0.72
08/08/2025;23:00;0.72
09/08/2025;00:00;0.6
09/08/2025;01:00;0.4
09/08/2025;02:00;0.2
09/08/2025;03:00;0
09/08/2025;04:00;-0.15
09/08/2025;05:00;-0.21
09/08/2025;06:00;-0.16
09/08/2025;07:00;0.01
09/08/2025;08:00;0.21
09/08/2025;09:00;0.38
09/08/2025;10:00;0.51
09/08/2025;11:00;0.59
09/08/2025;12:00;0.6
09/08/2025;13:00;0.52
09/08/2025;14:00;0.36
09/08/2025;15:00;0.21
09/08/2025;16:00;0.09
09/08/2025;17:00;0.06
09/08/2025;18:00;0.13
09/08/2025;19:00;0.3
09/08/2025;20:00;0.48
09/08/2025;21:00;0.64
09/08/2025;22:00;0.75
09/08/2025;23:00;0.79
10/08/2025;00:00;0.71
10/08/2025;01:00;0.52
10/08/2025;02:00;0.31
10/08/2025;03:00;0.07
10/08/2025;04:00;-0.14
10/08/2025;05:00;-0.27
10/08/2025;06:00;-0.29
10/08/2025;07:00;-0.17
10/08/2025;08:00;0.05
10/08/2025;09:00;0.27
10/08/2025;10:00;0.43
10/08/2025;11:00;0.54
10/08/2025;12:00;0.6
10/08/2025;13:00;0.57
10/08/2025;14:00;0.45
10/08/2025;15:00;0.3
10/08/2025;16:00;0.16
10/08/2025;17:00;0.08
10/08/2025;18:00;0.1
10/08/2025;19:00;0.22
10/08/2025;20:00;0.4
10/08/2025;21:00;0.56
10/08/2025;22:00;0.69
10/08/2025;23:00;0.75
11/08/2025;00:00;0.72
11/08/2025;01:00;0.57
11/08/2025;02:00;0.36
11/08/2025;03:00;0.13
11/08/2025;04:00;-0.09
11/08/2025;05:00;-0.25
11/08/2025;06:00;-0.31
11/08/2025;07:00;-0.24
11/08/2025;08:00;-0.04
11/08/2025;09:00;0.21
11/08/2025;10:00;0.39
11/08/2025;11:00;0.54
11/08/2025;12:00;0.64
11/08/2025;13:00;0.66
11/08/2025;14:00;0.59
11/08/2025;15:00;0.44
11/08/2025;16:00;0.28
11/08/2025;17:00;0.16
11/08/2025;18:00;0.1
11/08/2025;19:00;0.13
11/08/2025;20:00;0.27
11/08/2025;21:00;0.44
11/08/2025;22:00;0.59
11/08/2025;23:00;0.67
12/08/2025;00:00;0.68
12/08/2025;01:00;0.59
12/08/2025;02:00;0.41
12/08/2025;03:00;0.19
12/08/2025;04:00;-0.01
12/08/2025;05:00;-0.17
12/08/2025;06:00;-0.25
12/08/2025;07:00;-0.2
12/08/2025;08:00;-0.03
12/08/2025;09:00;0.18
12/08/2025;10:00;0.37
12/08/2025;11:00;0.55
12/08/2025;12:00;0.68
12/08/2025;13:00;0.75
12/08/2025;14:00;0.74
12/08/2025;15:00;0.62
12/08/2025;16:00;0.46
12/08/2025;17:00;0.3
12/08/2025;18:00;0.17
12/08/2025;19:00;0.1
12/08/2025;20:00;0.13
12/08/2025;21:00;0.24
12/08/2025;22:00;0.39
12/08/2025;23:00;0.51
13/08/2025;00:00;0.57
13/08/2025;01:00;0.57
13/08/2025;02:00;0.46
13/08/2025;03:00;0.29
13/08/2025;04:00;0.11
13/08/2025;05:00;-0.05
13/08/2025;06:00;-0.16
13/08/2025;07:00;-0.17
13/08/2025;08:00;-0.05
13/08/2025;09:00;0.15
13/08/2025;10:00;0.35
13/08/2025;11:00;0.54
13/08/2025;12:00;0.69
13/08/2025;13:00;0.79
13/08/2025;14:00;0.81
13/08/2025;15:00;0.73
13/08/2025;16:00;0.56
13/08/2025;17:00;0.39
13/08/2025;18:00;0.23
13/08/2025;19:00;0.11
13/08/2025;20:00;0.06
13/08/2025;21:00;0.11
13/08/2025;22:00;0.24
13/08/2025;23:00;0.38
14/08/2025;00:00;0.49
14/08/2025;01:00;0.52
14/08/2025;02:00;0.48
14/08/2025;03:00;0.36
14/08/2025;04:00;0.21
14/08/2025;05:00;0.07
14/08/2025;06:00;-0.04
14/08/2025;07:00;-0.05
14/08/2025;08:00;0.04
14/08/2025;09:00;0.2
14/08/2025;10:00;0.38
14/08/2025;11:00;0.55
14/08/2025;12:00;0.68
14/08/2025;13:00;0.78
14/08/2025;14:00;0.8
14/08/2025;15:00;0.76
14/08/2025;16:00;0.62
14/08/2025;17:00;0.47
14/08/2025;18:00;0.31
14/08/2025;19:00;0.17
14/08/2025;20:00;0.08
14/08/2025;21:00;0.08
14/08/2025;22:00;0.13
14/08/2025;23:00;0.24
15/08/2025;00:00;0.36
15/08/2025;01:00;0.42
15/08/2025;02:00;0.43
15/08/2025;03:00;0.4
15/08/2025;04:00;0.29
15/08/2025;05:00;0.19
15/08/2025;06:00;0.11
15/08/2025;07:00;0.09
15/08/2025;08:00;0.15
15/08/2025;09:00;0.25
15/08/2025;10:00;0.4
15/08/2025;11:00;0.53
15/08/2025;12:00;0.64
15/08/2025;13:00;0.73
15/08/2025;14:00;0.78
15/08/2025;15:00;0.77
15/08/2025;16:00;0.68
15/08/2025;17:00;0.55
15/08/2025;18:00;0.42
15/08/2025;19:00;0.29
15/08/2025;20:00;0.19
15/08/2025;21:00;0.13
15/08/2025;22:00;0.11
15/08/2025;23:00;0.15
16/08/2025;00:00;0.23
16/08/2025;01:00;0.3
16/08/2025;02:00;0.34
16/08/2025;03:00;0.34
16/08/2025;04:00;0.31
16/08/2025;05:00;0.25
16/08/2025;06:00;0.2
16/08/2025;07:00;0.21
16/08/2025;08:00;0.26
16/08/2025;09:00;0.34
16/08/2025;10:00;0.44
16/08/2025;11:00;0.53
16/08/2025;12:00;0.61
16/08/2025;13:00;0.68
16/08/2025;14:00;0.72
16/08/2025;15:00;0.74
16/08/2025;16:00;0.72
16/08/2025;17:00;0.66
16/08/2025;18:00;0.57
16/08/2025;19:00;0.46
16/08/2025;20:00;0.35
16/08/2025;21:00;0.24
16/08/2025;22:00;0.17
16/08/2025;23:00;0.12
17/08/2025;00:00;0.1
17/08/2025;01:00;0.11
17/08/2025;02:00;0.16
17/08/2025;03:00;0.24
17/08/2025;04:00;0.31
17/08/2025;05:00;0.36
17/08/2025;06:00;0.38
17/08/2025;07:00;0.41
17/08/2025;08:00;0.44
17/08/2025;09:00;0.47
17/08/2025;10:00;0.49
17/08/2025;11:00;0.52
17/08/2025;12:00;0.57
17/08/2025;13:00;0.64
17/08/2025;14:00;0.69
17/08/2025;15:00;0.72
17/08/2025;16:00;0.73
17/08/2025;17:00;0.72
17/08/2025;18:00;0.68
17/08/2025;19:00;0.62
17/08/2025;20:00;0.53
17/08/2025;21:00;0.41
17/08/2025;22:00;0.3
17/08/2025;23:00;0.21
18/08/2025;00:00;0.14
18/08/2025;01:00;0.07
18/08/2025;02:00;0.06
18/08/2025;03:00;0.09
18/08/2025;04:00;0.15
18/08/2025;05:00;0.26
18/08/2025;06:00;0.37
18/08/2025;07:00;0.46
18/08/2025;08:00;0.54
18/08/2025;09:00;0.59
18/08/2025;10:00;0.61
18/08/2025;11:00;0.62
18/08/2025;12:00;0.61
18/08/2025;13:00;0.57
18/08/2025;14:00;0.55
18/08/2025;15:00;0.58
18/08/2025;16:00;0.62
18/08/2025;17:00;0.66
18/08/2025;18:00;0.69
18/08/2025;19:00;0.68
18/08/2025;20:00;0.64
18/08/2025;21:00;0.55
18/08/2025;22:00;0.44
18/08/2025;23:00;0.3
19/08/2025;00:00;0.15
19/08/2025;01:00;0.02
19/08/2025;02:00;-0.07
19/08/2025;03:00;-0.08
19/08/2025;04:00;-0.02
19/08/2025;05:00;0.12
19/08/2025;06:00;0.29
19/08/2025;07:00;0.44
19/08/2025;08:00;0.57
19/08/2025;09:00;0.67
19/08/2025;10:00;0.71
19/08/2025;11:00;0.69
19/08/2025;12:00;0.63
19/08/2025;13:00;0.56
19/08/2025;14:00;0.5
19/08/2025;15:00;0.47
19/08/2025;16:00;0.49
19/08/2025;17:00;0.58
19/08/2025;18:00;0.66
19/08/2025;19:00;0.74
19/08/2025;20:00;0.78
19/08/2025;21:00;0.75
19/08/2025;22:00;0.62
19/08/2025;23:00;0.46
20/08/2025;00:00;0.26
20/08/2025;01:00;0.08
20/08/2025;02:00;-0.06
20/08/2025;03:00;-0.13
20/08/2025;04:00;-0.08
20/08/2025;05:00;0.08
20/08/2025;06:00;0.27
20/08/2025;07:00;0.44
20/08/2025;08:00;0.61
20/08/2025;09:00;0.74
20/08/2025;10:00;0.82
20/08/2025;11:00;0.8
20/08/2025;12:00;0.68
20/08/2025;13:00;0.55
20/08/2025;14:00;0.46
20/08/2025;15:00;0.42
20/08/2025;16:00;0.43
20/08/2025;17:00;0.5
20/08/2025;18:00;0.63
20/08/2025;19:00;0.74
20/08/2025;20:00;0.8
20/08/2025;21:00;0.82
20/08/2025;22:00;0.77
20/08/2025;23:00;0.63
21/08/2025;00:00;0.47
21/08/2025;01:00;0.27
21/08/2025;02:00;0.13
21/08/2025;03:00;0.01
21/08/2025;04:00;0.02
21/08/2025;05:00;0.18
21/08/2025;06:00;0.38
21/08/2025;07:00;0.54
21/08/2025;08:00;0.7
21/08/2025;09:00;0.82
21/08/2025;10:00;0.87
21/08/2025;11:00;0.89
21/08/2025;12:00;0.85
21/08/2025;13:00;0.68
21/08/2025;14:00;0.54
21/08/2025;15:00;0.44
21/08/2025;16:00;0.44
21/08/2025;17:00;0.51
21/08/2025;18:00;0.63
21/08/2025;19:00;0.75
21/08/2025;20:00;0.85
21/08/2025;21:00;0.88
21/08/2025;22:00;0.83
21/08/2025;23:00;0.71
22/08/2025;00:00;0.55
22/08/2025;01:00;0.38
22/08/2025;02:00;0.2
22/08/2025;03:00;0.05
22/08/2025;04:00;-0.01
22/08/2025;05:00;0.03
22/08/2025;06:00;0.18
22/08/2025;07:00;0.39
22/08/2025;08:00;0.57
22/08/2025;09:00;0.72
22/08/2025;10:00;0.8
22/08/2025;11:00;0.83
22/08/2025;12:00;0.8
22/08/2025;13:00;0.67
22/08/2025;14:00;0.52
22/08/2025;15:00;0.39
22/08/2025;16:00;0.3
22/08/2025;17:00;0.29
22/08/2025;18:00;0.35
22/08/2025;19:00;0.48
22/08/2025;20:00;0.62
22/08/2025;21:00;0.71
22/08/2025;22:00;0.79
22/08/2025;23:00;0.8
23/08/2025;00:00;0.7
23/08/2025;01:00;0.52
23/08/2025;02:00;0.33
23/08/2025;03:00;0.14
23/08/2025;04:00;-0.01
23/08/2025;05:00;-0.01
23/08/2025;06:00;0.06
23/08/2025;07:00;0.26
23/08/2025;08:00;0.45
23/08/2025;09:00;0.65
23/08/2025;10:00;0.79
23/08/2025;11:00;0.85
23/08/2025;12:00;0.85
23/08/2025;13:00;0.76
23/08/2025;14:00;0.61
23/08/2025;15:00;0.43
23/08/2025;16:00;0.29
23/08/2025;17:00;0.24
23/08/2025;18:00;0.25
23/08/2025;19:00;0.36
23/08/2025;20:00;0.54
23/08/2025;21:00;0.71
23/08/2025;22:00;0.81
23/08/2025;23:00;0.84
24/08/2025;00:00;0.79
24/08/2025;01:00;0.65
24/08/2025;02:00;0.46
24/08/2025;03:00;0.23
24/08/2025;04:00;0.04
24/08/2025;05:00;-0.06
24/08/2025;06:00;-0.05
24/08/2025;07:00;0.11
24/08/2025;08:00;0.33
24/08/2025;09:00;0.54
24/08/2025;10:00;0.73
24/08/2025;11:00;0.85
24/08/2025;12:00;0.89
24/08/2025;13:00;0.84
24/08/2025;14:00;0.67
24/08/2025;15:00;0.48
24/08/2025;16:00;0.3
24/08/2025;17:00;0.19
24/08/2025;18:00;0.16
24/08/2025;19:00;0.24
24/08/2025;20:00;0.43
24/08/2025;21:00;0.61
24/08/2025;22:00;0.73
24/08/2025;23:00;0.79
25/08/2025;00:00;0.78
25/08/2025;01:00;0.65
25/08/2025;02:00;0.46
25/08/2025;03:00;0.26
25/08/2025;04:00;0.07
25/08/2025;05:00;-0.06
25/08/2025;06:00;-0.1
25/08/2025;07:00;0.01
25/08/2025;08:00;0.22
25/08/2025;09:00;0.44
25/08/2025;10:00;0.62
25/08/2025;11:00;0.76
25/08/2025;12:00;0.82
25/08/2025;13:00;0.8
25/08/2025;14:00;0.66
25/08/2025;15:00;0.49
25/08/2025;16:00;0.32
25/08/2025;17:00;0.19
25/08/2025;18:00;0.13
25/08/2025;19:00;0.17
25/08/2025;20:00;0.32
25/08/2025;21:00;0.48
25/08/2025;22:00;0.62
25/08/2025;23:00;0.7
26/08/2025;00:00;0.71
26/08/2025;01:00;0.62
26/08/2025;02:00;0.45
26/08/2025;03:00;0.28
26/08/2025;04:00;0.11
26/08/2025;05:00;-0.01
26/08/2025;06:00;-0.04
26/08/2025;07:00;0.05
26/08/2025;08:00;0.23
26/08/2025;09:00;0.43
26/08/2025;10:00;0.61
26/08/2025;11:00;0.75
26/08/2025;12:00;0.82
26/08/2025;13:00;0.82
26/08/2025;14:00;0.72
26/08/2025;15:00;0.56
26/08/2025;16:00;0.38
26/08/2025;17:00;0.23
26/08/2025;18:00;0.14
26/08/2025;19:00;0.13
26/08/2025;20:00;0.23
26/08/2025;21:00;0.38
26/08/2025;22:00;0.51
26/08/2025;23:00;0.61
27/08/2025;00:00;0.65
27/08/2025;01:00;0.6
27/08/2025;02:00;0.49
27/08/2025;03:00;0.34
27/08/2025;04:00;0.18
27/08/2025;05:00;0.07
27/08/2025;06:00;0.03
27/08/2025;07:00;0.1
27/08/2025;08:00;0.25
27/08/2025;09:00;0.42
27/08/2025;10:00;0.59
27/08/2025;11:00;0.72
27/08/2025;12:00;0.8
27/08/2025;13:00;0.82
27/08/2025;14:00;0.76
27/08/2025;15:00;0.61
27/08/2025;16:00;0.44
27/08/2025;17:00;0.29
27/08/2025;18:00;0.18
27/08/2025;19:00;0.13
27/08/2025;20:00;0.15
27/08/2025;21:00;0.26
27/08/2025;22:00;0.38
27/08/2025;23:00;0.49
28/08/2025;00:00;0.57
28/08/2025;01:00;0.59
28/08/2025;02:00;0.54
28/08/2025;03:00;0.41
28/08/2025;04:00;0.28
28/08/2025;05:00;0.17
28/08/2025;06:00;0.11
28/08/2025;07:00;0.14
28/08/2025;08:00;0.26
28/08/2025;09:00;0.43
28/08/2025;10:00;0.61
28/08/2025;11:00;0.79
28/08/2025;12:00;0.91
28/08/2025;13:00;0.97
28/08/2025;14:00;0.94
28/08/2025;15:00;0.83
28/08/2025;16:00;0.7
28/08/2025;17:00;0.53
28/08/2025;18:00;0.43
28/08/2025;19:00;0.38
28/08/2025;20:00;0.33
28/08/2025;21:00;0.39
28/08/2025;22:00;0.49
28/08/2025;23:00;0.6
29/08/2025;00:00;0.74
29/08/2025;01:00;0.72
29/08/2025;02:00;0.63
29/08/2025;03:00;0.53
29/08/2025;04:00;0.45
29/08/2025;05:00;0.33
29/08/2025;06:00;0.26
29/08/2025;07:00;0.3
29/08/2025;08:00;0.39
29/08/2025;09:00;0.53
29/08/2025;10:00;0.67
29/08/2025;11:00;0.79
29/08/2025;12:00;0.85
29/08/2025;13:00;0.88
29/08/2025;14:00;0.86
29/08/2025;15:00;0.79
29/08/2025;16:00;0.7
29/08/2025;17:00;0.6
29/08/2025;18:00;0.51
29/08/2025;19:00;0.41
29/08/2025;20:00;0.4
29/08/2025;21:00;0.42
29/08/2025;22:00;0.48
29/08/2025;23:00;0.59
30/08/2025;00:00;0.63
30/08/2025;01:00;0.62
30/08/2025;02:00;0.58
30/08/2025;03:00;0.46
30/08/2025;04:00;0.37
30/08/2025;05:00;0.32
30/08/2025;06:00;0.33
30/08/2025;07:00;0.41
30/08/2025;08:00;0.5
30/08/2025;09:00;0.58
30/08/2025;10:00;0.68
30/08/2025;11:00;0.74
30/08/2025;12:00;0.74
30/08/2025;13:00;0.72
30/08/2025;14:00;0.71
30/08/2025;15:00;0.71
30/08/2025;16:00;0.64
30/08/2025;17:00;0.58
30/08/2025;18:00;0.55
30/08/2025;19:00;0.43
30/08/2025;20:00;0.37
30/08/2025;21:00;0.37
30/08/2025;22:00;0.36
30/08/2025;23:00;0.34
31/08/2025;00:00;0.32
31/08/2025;01:00;0.33
31/08/2025;02:00;0.35
31/08/2025;03:00;0.41
31/08/2025;04:00;0.46
31/08/2025;05:00;0.51
31/08/2025;06:00;0.49
31/08/2025;07:00;0.47
31/08/2025;08:00;0.46
31/08/2025;09:00;0.47
31/08/2025;10:00;0.51
31/08/2025;11:00;0.56
31/08/2025;12:00;0.63
31/08/2025;13:00;0.68
31/08/2025;14:00;0.75
31/08/2025;15:00;0.77
31/08/2025;16:00;0.74
31/08/2025;17:00;0.68
31/08/2025;18:00;0.61
31/08/2025;19:00;0.52
31/08/2025;20:00;0.45
31/08/2025;21:00;0.38
31/08/2025;22:00;0.32
31/08/2025;23:00;0.28
01/09/2025;00:00;0.28
01/09/2025;01:00;0.31
01/09/2025;02:00;0.34
01/09/2025;03:00;0.37
01/09/2025;04:00;0.39
01/09/2025;05:00;0.41
01/09/2025;06:00;0.45
01/09/2025;07:00;0.49
01/09/2025;08:00;0.52
01/09/2025;09:00;0.56
01/09/2025;10:00;0.59
01/09/2025;11:00;0.62
01/09/2025;12:00;0.65
01/09/2025;13:00;0.67
01/09/2025;14:00;0.69
01/09/2025;15:00;0.68
01/09/2025;16:00;0.67
01/09/2025;17:00;0.66
01/09/2025;18:00;0.64
01/09/2025;19:00;0.59
01/09/2025;20:00;0.55
01/09/2025;21:00;0.48
01/09/2025;22:00;0.43
01/09/2025;23:00;0.39
02/09/2025;00:00;0.32
02/09/2025;01:00;0.25
02/09/2025;02:00;0.23
02/09/2025;03:00;0.23
02/09/2025;04:00;0.26
02/09/2025;05:00;0.34
02/09/2025;06:00;0.47
02/09/2025;07:00;0.57
02/09/2025;08:00;0.64
02/09/2025;09:00;0.67
02/09/2025;10:00;0.71
02/09/2025;11:00;0.78
02/09/2025;12:00;0.74
02/09/2025;13:00;0.69
02/09/2025;14:00;0.67
02/09/2025;15:00;0.69
02/09/2025;16:00;0.73
02/09/2025;17:00;0.71
02/09/2025;18:00;0.73
02/09/2025;19:00;0.71
02/09/2025;20:00;0.65
02/09/2025;21:00;0.6
02/09/2025;22:00;0.49
02/09/2025;23:00;0.38
03/09/2025;00:00;0.25
03/09/2025;01:00;0.16
03/09/2025;02:00;0.12
03/09/2025;03:00;0.1
03/09/2025;04:00;0.14
03/09/2025;05:00;0.26
03/09/2025;06:00;0.39
03/09/2025;07:00;0.52
03/09/2025;08:00;0.6
03/09/2025;09:00;0.64
03/09/2025;10:00;0.65
03/09/2025;11:00;0.6
03/09/2025;12:00;0.55
03/09/2025;13:00;0.48
03/09/2025;14:00;0.44
03/09/2025;15:00;0.44
03/09/2025;16:00;0.48
03/09/2025;17:00;0.55
03/09/2025;18:00;0.63
03/09/2025;19:00;0.68
03/09/2025;20:00;0.66
03/09/2025;21:00;0.62
03/09/2025;22:00;0.51
03/09/2025;23:00;0.39
04/09/2025;00:00;0.23
04/09/2025;01:00;0.1
04/09/2025;02:00;-0.02
04/09/2025;03:00;-0.1
04/09/2025;04:00;-0.06
04/09/2025;05:00;0.06
04/09/2025;06:00;0.23
04/09/2025;07:00;0.39
04/09/2025;08:00;0.54
04/09/2025;09:00;0.65
04/09/2025;10:00;0.7
04/09/2025;11:00;0.67
04/09/2025;12:00;0.56
04/09/2025;13:00;0.43
04/09/2025;14:00;0.33
04/09/2025;15:00;0.29
04/09/2025;16:00;0.32
04/09/2025;17:00;0.42
04/09/2025;18:00;0.55
04/09/2025;19:00;0.67
04/09/2025;20:00;0.75
04/09/2025;21:00;0.75
04/09/2025;22:00;0.66
04/09/2025;23:00;0.5
05/09/2025;00:00;0.32
05/09/2025;01:00;0.14
05/09/2025;02:00;-0.01
05/09/2025;03:00;-0.11
05/09/2025;04:00;-0.11
05/09/2025;05:00;0.01
05/09/2025;06:00;0.21
05/09/2025;07:00;0.4
05/09/2025;08:00;0.56
05/09/2025;09:00;0.69
05/09/2025;10:00;0.76
05/09/2025;11:00;0.74
05/09/2025;12:00;0.63
05/09/2025;13:00;0.48
05/09/2025;14:00;0.34
05/09/2025;15:00;0.23
05/09/2025;16:00;0.22
05/09/2025;17:00;0.31
05/09/2025;18:00;0.46
05/09/2025;19:00;0.61
05/09/2025;20:00;0.7
05/09/2025;21:00;0.76
05/09/2025;22:00;0.73
05/09/2025;23:00;0.59
06/09/2025;00:00;0.4
06/09/2025;01:00;0.19
06/09/2025;02:00;0
06/09/2025;03:00;-0.15
06/09/2025;04:00;-0.2
06/09/2025;05:00;-0.11
06/09/2025;06:00;0.07
06/09/2025;07:00;0.27
06/09/2025;08:00;0.45
06/09/2025;09:00;0.6
06/09/2025;10:00;0.69
06/09/2025;11:00;0.69
06/09/2025;12:00;0.61
06/09/2025;13:00;0.45
06/09/2025;14:00;0.29
06/09/2025;15:00;0.16
06/09/2025;16:00;0.1
06/09/2025;17:00;0.14
06/09/2025;18:00;0.27
06/09/2025;19:00;0.44
06/09/2025;20:00;0.59
06/09/2025;21:00;0.7
06/09/2025;22:00;0.74
06/09/2025;23:00;0.68
07/09/2025;00:00;0.51
07/09/2025;01:00;0.3
07/09/2025;02:00;0.09
07/09/2025;03:00;-0.11
07/09/2025;04:00;-0.23
07/09/2025;05:00;-0.22
07/09/2025;06:00;-0.08
07/09/2025;07:00;0.15
07/09/2025;08:00;0.35
07/09/2025;09:00;0.52
07/09/2025;10:00;0.65
07/09/2025;11:00;0.7
07/09/2025;12:00;0.67
07/09/2025;13:00;0.54
07/09/2025;14:00;0.36
07/09/2025;15:00;0.21
07/09/2025;16:00;0.09
07/09/2025;17:00;0.03
07/09/2025;18:00;0.11
07/09/2025;19:00;0.28
07/09/2025;20:00;0.47
07/09/2025;21:00;0.62
07/09/2025;22:00;0.73
07/09/2025;23:00;0.74
08/09/2025;00:00;0.65
08/09/2025;01:00;0.45
08/09/2025;02:00;0.23
08/09/2025;03:00;0.02
08/09/2025;04:00;-0.16
08/09/2025;05:00;-0.24
08/09/2025;06:00;-0.19
08/09/2025;07:00;0
08/09/2025;08:00;0.25
08/09/2025;09:00;0.47
08/09/2025;10:00;0.65
08/09/2025;11:00;0.77
08/09/2025;12:00;0.8
08/09/2025;13:00;0.7
08/09/2025;14:00;0.51
08/09/2025;15:00;0.3
08/09/2025;16:00;0.13
08/09/2025;17:00;0.03
08/09/2025;18:00;0.04
08/09/2025;19:00;0.18
08/09/2025;20:00;0.38
08/09/2025;21:00;0.56
08/09/2025;22:00;0.7
08/09/2025;23:00;0.75
09/09/2025;00:00;0.71
09/09/2025;01:00;0.54
09/09/2025;02:00;0.32
09/09/2025;03:00;0.09
09/09/2025;04:00;-0.1
09/09/2025;05:00;-0.2
09/09/2025;06:00;-0.17
09/09/2025;07:00;0.02
09/09/2025;08:00;0.27
09/09/2025;09:00;0.49
09/09/2025;10:00;0.67
09/09/2025;11:00;0.81
09/09/2025;12:00;0.87
09/09/2025;13:00;0.84
09/09/2025;14:00;0.68
09/09/2025;15:00;0.48
09/09/2025;16:00;0.28
09/09/2025;17:00;0.13
09/09/2025;18:00;0.06
09/09/2025;19:00;0.12
09/09/2025;20:00;0.28
09/09/2025;21:00;0.47
09/09/2025;22:00;0.63
09/09/2025;23:00;0.72
10/09/2025;00:00;0.73
10/09/2025;01:00;0.63
10/09/2025;02:00;0.45
10/09/2025;03:00;0.25
10/09/2025;04:00;0.08
10/09/2025;05:00;-0.03
10/09/2025;06:00;-0.02
10/09/2025;07:00;0.1
10/09/2025;08:00;0.33
10/09/2025;09:00;0.56
10/09/2025;10:00;0.78
10/09/2025;11:00;1.02
10/09/2025;12:00;1.12
10/09/2025;13:00;1.05
10/09/2025;14:00;0.9
10/09/2025;15:00;0.69
10/09/2025;16:00;0.55
10/09/2025;17:00;0.39
10/09/2025;18:00;0.3
10/09/2025;19:00;0.23
10/09/2025;20:00;0.25
10/09/2025;21:00;0.39
10/09/2025;22:00;0.53
10/09/2025;23:00;0.67
11/09/2025;00:00;0.7
11/09/2025;01:00;0.62
11/09/2025;02:00;0.49
11/09/2025;03:00;0.32
11/09/2025;04:00;0.16
11/09/2025;05:00;0.05
11/09/2025;06:00;-0.01
11/09/2025;07:00;0.04
11/09/2025;08:00;0.21
11/09/2025;09:00;0.42
11/09/2025;10:00;0.62
11/09/2025;11:00;0.77
11/09/2025;12:00;0.96
11/09/2025;13:00;1
11/09/2025;14:00;0.92
11/09/2025;15:00;0.76
11/09/2025;16:00;0.59
11/09/2025;17:00;0.4
11/09/2025;18:00;0.22
11/09/2025;19:00;0.13
11/09/2025;20:00;0.12
11/09/2025;21:00;0.18
11/09/2025;22:00;0.3
11/09/2025;23:00;0.45
12/09/2025;00:00;0.53
12/09/2025;01:00;0.55
12/09/2025;02:00;0.48
12/09/2025;03:00;0.37
12/09/2025;04:00;0.23
12/09/2025;05:00;0.13
12/09/2025;06:00;0.09
12/09/2025;07:00;0.15
12/09/2025;08:00;0.3
12/09/2025;09:00;0.47
12/09/2025;10:00;0.65
12/09/2025;11:00;0.81
12/09/2025;12:00;0.91
12/09/2025;13:00;0.95
12/09/2025;14:00;0.89
12/09/2025;15:00;0.76
12/09/2025;16:00;0.58
12/09/2025;17:00;0.4
12/09/2025;18:00;0.24
12/09/2025;19:00;0.11
12/09/2025;20:00;0.04
12/09/2025;21:00;0.04
12/09/2025;22:00;0.12
12/09/2025;23:00;0.23
13/09/2025;00:00;0.32
13/09/2025;01:00;0.39
13/09/2025;02:00;0.4
13/09/2025;03:00;0.38
13/09/2025;04:00;0.32
13/09/2025;05:00;0.26
13/09/2025;06:00;0.25
13/09/2025;07:00;0.3
13/09/2025;08:00;0.4
13/09/2025;09:00;0.53
13/09/2025;10:00;0.66
13/09/2025;11:00;0.74
13/09/2025;12:00;0.8
13/09/2025;13:00;0.8
13/09/2025;14:00;0.75
13/09/2025;15:00;0.63
13/09/2025;16:00;0.5
13/09/2025;17:00;0.38
13/09/2025;18:00;0.26
13/09/2025;19:00;0.16
13/09/2025;20:00;0.08
13/09/2025;21:00;0.04
13/09/2025;22:00;0.05
13/09/2025;23:00;0.11
14/09/2025;00:00;0.19
14/09/2025;01:00;0.26
14/09/2025;02:00;0.32
14/09/2025;03:00;0.37
14/09/2025;04:00;0.4
14/09/2025;05:00;0.42
14/09/2025;06:00;0.45
14/09/2025;07:00;0.5
14/09/2025;08:00;0.54
14/09/2025;09:00;0.58
14/09/2025;10:00;0.62
14/09/2025;11:00;0.67
14/09/2025;12:00;0.68
14/09/2025;13:00;0.67
14/09/2025;14:00;0.63
14/09/2025;15:00;0.58
14/09/2025;16:00;0.52
14/09/2025;17:00;0.46
14/09/2025;18:00;0.4
14/09/2025;19:00;0.32
14/09/2025;20:00;0.23
14/09/2025;21:00;0.15
14/09/2025;22:00;0.1
14/09/2025;23:00;0.08
15/09/2025;00:00;0.09
15/09/2025;01:00;0.14
15/09/2025;02:00;0.21
15/09/2025;03:00;0.3
15/09/2025;04:00;0.38
15/09/2025;05:00;0.46
15/09/2025;06:00;0.5
15/09/2025;07:00;0.52
15/09/2025;08:00;0.54
15/09/2025;09:00;0.53
15/09/2025;10:00;0.52
15/09/2025;11:00;0.5
15/09/2025;12:00;0.48
15/09/2025;13:00;0.47
15/09/2025;14:00;0.46
15/09/2025;15:00;0.46
15/09/2025;16:00;0.47
15/09/2025;17:00;0.47
15/09/2025;18:00;0.47
15/09/2025;19:00;0.44
15/09/2025;20:00;0.39
15/09/2025;21:00;0.32
15/09/2025;22:00;0.22
15/09/2025;23:00;0.12
16/09/2025;00:00;0.06
16/09/2025;01:00;0.06
16/09/2025;02:00;0.09
16/09/2025;03:00;0.18
16/09/2025;04:00;0.3
16/09/2025;05:00;0.41
16/09/2025;06:00;0.52
16/09/2025;07:00;0.59
16/09/2025;08:00;0.63
16/09/2025;09:00;0.62
16/09/2025;10:00;0.57
16/09/2025;11:00;0.49
16/09/2025;12:00;0.43
16/09/2025;13:00;0.4
16/09/2025;14:00;0.39
16/09/2025;15:00;0.39
16/09/2025;16:00;0.44
16/09/2025;17:00;0.52
16/09/2025;18:00;0.58
16/09/2025;19:00;0.63
16/09/2025;20:00;0.61
16/09/2025;21:00;0.54
16/09/2025;22:00;0.41
16/09/2025;23:00;0.28
17/09/2025;00:00;0.19
17/09/2025;01:00;0.07
17/09/2025;02:00;0.03
17/09/2025;03:00;0.04
17/09/2025;04:00;0.17
17/09/2025;05:00;0.3
17/09/2025;06:00;0.44
17/09/2025;07:00;0.54
17/09/2025;08:00;0.62
17/09/2025;09:00;0.66
17/09/2025;10:00;0.64
17/09/2025;11:00;0.55
17/09/2025;12:00;0.43
17/09/2025;13:00;0.33
17/09/2025;14:00;0.26
17/09/2025;15:00;0.25
17/09/2025;16:00;0.28
17/09/2025;17:00;0.36
17/09/2025;18:00;0.46
17/09/2025;19:00;0.55
17/09/2025;20:00;0.6
17/09/2025;21:00;0.56
17/09/2025;22:00;0.46
17/09/2025;23:00;0.32
18/09/2025;00:00;0.17
18/09/2025;01:00;0.02
18/09/2025;02:00;-0.1
18/09/2025;03:00;-0.15
18/09/2025;04:00;-0.1
18/09/2025;05:00;0.06
18/09/2025;06:00;0.25
18/09/2025;07:00;0.42
18/09/2025;08:00;0.56
18/09/2025;09:00;0.65
18/09/2025;10:00;0.67
18/09/2025;11:00;0.6
18/09/2025;12:00;0.46
18/09/2025;13:00;0.31
18/09/2025;14:00;0.19
18/09/2025;15:00;0.13
18/09/2025;16:00;0.15
18/09/2025;17:00;0.24
18/09/2025;18:00;0.37
18/09/2025;19:00;0.48
18/09/2025;20:00;0.56
18/09/2025;21:00;0.58
18/09/2025;22:00;0.52
18/09/2025;23:00;0.37
19/09/2025;00:00;0.18
19/09/2025;01:00;0
19/09/2025;02:00;-0.16
19/09/2025;03:00;-0.24
19/09/2025;04:00;-0.22
19/09/2025;05:00;-0.06
19/09/2025;06:00;0.16
19/09/2025;07:00;0.38
19/09/2025;08:00;0.55
19/09/2025;09:00;0.67
19/09/2025;10:00;0.72
19/09/2025;11:00;0.67
19/09/2025;12:00;0.52
19/09/2025;13:00;0.34
19/09/2025;14:00;0.18
19/09/2025;15:00;0.07
19/09/2025;16:00;0.02
19/09/2025;17:00;0.07
19/09/2025;18:00;0.21
19/09/2025;19:00;0.36
19/09/2025;20:00;0.48
19/09/2025;21:00;0.55
19/09/2025;22:00;0.54
19/09/2025;23:00;0.43
20/09/2025;00:00;0.26
20/09/2025;01:00;0.07
20/09/2025;02:00;-0.1
20/09/2025;03:00;-0.22
20/09/2025;04:00;-0.23
20/09/2025;05:00;-0.1
20/09/2025;06:00;0.11
20/09/2025;07:00;0.33
20/09/2025;08:00;0.52
20/09/2025;09:00;0.67
20/09/2025;10:00;0.74
20/09/2025;11:00;0.73
20/09/2025;12:00;0.6
20/09/2025;13:00;0.41
20/09/2025;14:00;0.22
20/09/2025;15:00;0.07
20/09/2025;16:00;-0.03
20/09/2025;17:00;-0.03
20/09/2025;18:00;0.09
20/09/2025;19:00;0.26
20/09/2025;20:00;0.43
20/09/2025;21:00;0.54
20/09/2025;22:00;0.59
20/09/2025;23:00;0.55
21/09/2025;00:00;0.42
21/09/2025;01:00;0.23
21/09/2025;02:00;0.05
21/09/2025;03:00;-0.09
21/09/2025;04:00;-0.16
21/09/2025;05:00;-0.1
21/09/2025;06:00;0.08
21/09/2025;07:00;0.3
21/09/2025;08:00;0.5
21/09/2025;09:00;0.66
21/09/2025;10:00;0.76
21/09/2025;11:00;0.79
21/09/2025;12:00;0.68
21/09/2025;13:00;0.49
21/09/2025;14:00;0.29
21/09/2025;15:00;0.1
21/09/2025;16:00;-0.02
21/09/2025;17:00;-0.06
21/09/2025;18:00;0.04
21/09/2025;19:00;0.23
21/09/2025;20:00;0.43
21/09/2025;21:00;0.58
21/09/2025;22:00;0.67
21/09/2025;23:00;0.69
22/09/2025;00:00;0.6
22/09/2025;01:00;0.44
22/09/2025;02:00;0.26
22/09/2025;03:00;0.08
22/09/2025;04:00;-0.01
22/09/2025;05:00;-0.01
22/09/2025;06:00;0.11
22/09/2025;07:00;0.3
22/09/2025;08:00;0.51
22/09/2025;09:00;0.67
22/09/2025;10:00;0.79
22/09/2025;11:00;0.83
22/09/2025;12:00;0.79
22/09/2025;13:00;0.64
22/09/2025;14:00;0.43
22/09/2025;15:00;0.24
22/09/2025;16:00;0.1
22/09/2025;17:00;0.03
22/09/2025;18:00;0.07
22/09/2025;19:00;0.23
22/09/2025;20:00;0.42
22/09/2025;21:00;0.58
22/09/2025;22:00;0.7
22/09/2025;23:00;0.76
23/09/2025;00:00;0.71
23/09/2025;01:00;0.56
23/09/2025;02:00;0.37
23/09/2025;03:00;0.2
23/09/2025;04:00;0.05
23/09/2025;05:00;-0.02
23/09/2025;06:00;0.03
23/09/2025;07:00;0.21
23/09/2025;08:00;0.43
23/09/2025;09:00;0.61
23/09/2025;10:00;0.76
23/09/2025;11:00;0.82
23/09/2025;12:00;0.82
23/09/2025;13:00;0.73
23/09/2025;14:00;0.57
23/09/2025;15:00;0.4
23/09/2025;16:00;0.25
23/09/2025;17:00;0.12
23/09/2025;18:00;0.08
23/09/2025;19:00;0.15
23/09/2025;20:00;0.31
23/09/2025;21:00;0.5
23/09/2025;22:00;0.64
23/09/2025;23:00;0.7
24/09/2025;00:00;0.69
24/09/2025;01:00;0.61
24/09/2025;02:00;0.46
24/09/2025;03:00;0.29
24/09/2025;04:00;0.14
24/09/2025;05:00;0.07
24/09/2025;06:00;0.1
24/09/2025;07:00;0.27
24/09/2025;08:00;0.47
24/09/2025;09:00;0.61
24/09/2025;10:00;0.8
24/09/2025;11:00;0.9
24/09/2025;12:00;0.92
24/09/2025;13:00;0.84
24/09/2025;14:00;0.67
24/09/2025;15:00;0.48
24/09/2025;16:00;0.32
24/09/2025;17:00;0.17
24/09/2025;18:00;0.11
24/09/2025;19:00;0.16
24/09/2025;20:00;0.29
24/09/2025;21:00;0.47
24/09/2025;22:00;0.53
24/09/2025;23:00;0.59
25/09/2025;00:00;0.61
25/09/2025;01:00;0.56
25/09/2025;02:00;0.42
25/09/2025;03:00;0.26
25/09/2025;04:00;0.11
25/09/2025;05:00;0.1
25/09/2025;06:00;0.18
25/09/2025;07:00;0.29
25/09/2025;08:00;0.44
25/09/2025;09:00;0.62
25/09/2025;10:00;0.75
25/09/2025;11:00;0.83
25/09/2025;12:00;0.84
25/09/2025;13:00;0.78
25/09/2025;14:00;0.61
25/09/2025;15:00;0.44
25/09/2025;16:00;0.28
25/09/2025;17:00;0.14
25/09/2025;18:00;0.09
25/09/2025;19:00;0.08
25/09/2025;20:00;0.18
25/09/2025;21:00;0.31
25/09/2025;22:00;0.42
25/09/2025;23:00;0.49
26/09/2025;00:00;0.52
26/09/2025;01:00;0.52
26/09/2025;02:00;0.46
26/09/2025;03:00;0.35
26/09/2025;04:00;0.25
26/09/2025;05:00;0.2
26/09/2025;06:00;0.21
26/09/2025;07:00;0.3
26/09/2025;08:00;0.43
26/09/2025;09:00;0.59
26/09/2025;10:00;0.7
26/09/2025;11:00;0.79
26/09/2025;12:00;0.81
26/09/2025;13:00;0.76
26/09/2025;14:00;0.63
26/09/2025;15:00;0.5
26/09/2025;16:00;0.36
26/09/2025;17:00;0.23
26/09/2025;18:00;0.14
26/09/2025;19:00;0.09
26/09/2025;20:00;0.12
26/09/2025;21:00;0.19
26/09/2025;22:00;0.29
26/09/2025;23:00;0.39
27/09/2025;00:00;0.46
27/09/2025;01:00;0.47
27/09/2025;02:00;0.46
27/09/2025;03:00;0.41
27/09/2025;04:00;0.36
27/09/2025;05:00;0.3
27/09/2025;06:00;0.28
27/09/2025;07:00;0.32
27/09/2025;08:00;0.39
27/09/2025;09:00;0.51
27/09/2025;10:00;0.62
27/09/2025;11:00;0.71
27/09/2025;12:00;0.77
27/09/2025;13:00;0.79
27/09/2025;14:00;0.74
27/09/2025;15:00;0.61
27/09/2025;16:00;0.45
27/09/2025;17:00;0.29
27/09/2025;18:00;0.15
27/09/2025;19:00;0.07
27/09/2025;20:00;0.06
27/09/2025;21:00;0.12
27/09/2025;22:00;0.22
27/09/2025;23:00;0.31
28/09/2025;00:00;0.39
28/09/2025;01:00;0.44
28/09/2025;02:00;0.48
28/09/2025;03:00;0.45
28/09/2025;04:00;0.39
28/09/2025;05:00;0.35
28/09/2025;06:00;0.32
28/09/2025;07:00;0.33
28/09/2025;08:00;0.39
28/09/2025;09:00;0.53
28/09/2025;10:00;0.64
28/09/2025;11:00;0.74
28/09/2025;12:00;0.79
28/09/2025;13:00;0.77
28/09/2025;14:00;0.67
28/09/2025;15:00;0.54
28/09/2025;16:00;0.43
28/09/2025;17:00;0.32
28/09/2025;18:00;0.24
28/09/2025;19:00;0.2
28/09/2025;20:00;0.19
28/09/2025;21:00;0.21
28/09/2025;22:00;0.28
28/09/2025;23:00;0.33
29/09/2025;00:00;0.37
29/09/2025;01:00;0.41
29/09/2025;02:00;0.44
29/09/2025;03:00;0.45
29/09/2025;04:00;0.44
29/09/2025;05:00;0.45
29/09/2025;06:00;0.48
29/09/2025;07:00;0.51
29/09/2025;08:00;0.56
29/09/2025;09:00;0.61
29/09/2025;10:00;0.65
29/09/2025;11:00;0.67
29/09/2025;12:00;0.68
29/09/2025;13:00;0.66
29/09/2025;14:00;0.6
29/09/2025;15:00;0.54
29/09/2025;16:00;0.48
29/09/2025;17:00;0.41
29/09/2025;18:00;0.35
29/09/2025;19:00;0.31
29/09/2025;20:00;0.28
29/09/2025;21:00;0.26
29/09/2025;22:00;0.26
29/09/2025;23:00;0.28
30/09/2025;00:00;0.3
30/09/2025;01:00;0.31
30/09/2025;02:00;0.34
30/09/2025;03:00;0.38
30/09/2025;04:00;0.44
30/09/2025;05:00;0.5
30/09/2025;06:00;0.56
30/09/2025;07:00;0.61
30/09/2025;08:00;0.64
30/09/2025;09:00;0.64
30/09/2025;10:00;0.63
30/09/2025;11:00;0.61
30/09/2025;12:00;0.57
30/09/2025;13:00;0.55
30/09/2025;14:00;0.56
30/09/2025;15:00;0.57
30/09/2025;16:00;0.56
30/09/2025;17:00;0.53
30/09/2025;18:00;0.49
30/09/2025;19:00;0.44
30/09/2025;20:00;0.37
30/09/2025;21:00;0.3
30/09/2025;22:00;0.25
30/09/2025;23:00;0.19
01/10/2025;00:00;0.16
01/10/2025;01:00;0.16
01/10/2025;02:00;0.21
01/10/2025;03:00;0.3
01/10/2025;04:00;0.39
01/10/2025;05:00;0.46
01/10/2025;06:00;0.54
01/10/2025;07:00;0.61
01/10/2025;08:00;0.62
01/10/2025;09:00;0.61
01/10/2025;10:00;0.62
01/10/2025;11:00;0.58
01/10/2025;12:00;0.54
01/10/2025;13:00;0.53
01/10/2025;14:00;0.53
01/10/2025;15:00;0.52
01/10/2025;16:00;0.54
01/10/2025;17:00;0.57
01/10/2025;18:00;0.57
01/10/2025;19:00;0.56
01/10/2025;20:00;0.54
01/10/2025;21:00;0.45
01/10/2025;22:00;0.35
01/10/2025;23:00;0.24
02/10/2025;00:00;0.15
02/10/2025;01:00;0.07
02/10/2025;02:00;0.04
02/10/2025;03:00;0.08
02/10/2025;04:00;0.18
02/10/2025;05:00;0.29
02/10/2025;06:00;0.41
02/10/2025;07:00;0.54
02/10/2025;08:00;0.63
02/10/2025;09:00;0.67
02/10/2025;10:00;0.63
02/10/2025;11:00;0.53
02/10/2025;12:00;0.41
02/10/2025;13:00;0.31
02/10/2025;14:00;0.26
02/10/2025;15:00;0.26
02/10/2025;16:00;0.31
02/10/2025;17:00;0.4
02/10/2025;18:00;0.49
02/10/2025;19:00;0.56
02/10/2025;20:00;0.56
02/10/2025;21:00;0.5
02/10/2025;22:00;0.4
02/10/2025;23:00;0.27
03/10/2025;00:00;0.12
03/10/2025;01:00;0
03/10/2025;02:00;-0.06
03/10/2025;03:00;-0.07
03/10/2025;04:00;0
03/10/2025;05:00;0.13
03/10/2025;06:00;0.29
03/10/2025;07:00;0.43
03/10/2025;08:00;0.52
03/10/2025;09:00;0.57
03/10/2025;10:00;0.57
03/10/2025;11:00;0.47
03/10/2025;12:00;0.33
03/10/2025;13:00;0.22
03/10/2025;14:00;0.14
03/10/2025;15:00;0.11
03/10/2025;16:00;0.17
03/10/2025;17:00;0.29
03/10/2025;18:00;0.44
03/10/2025;19:00;0.55
03/10/2025;20:00;0.62
03/10/2025;21:00;0.63
03/10/2025;22:00;0.53
03/10/2025;23:00;0.37
04/10/2025;00:00;0.18
04/10/2025;01:00;0.02
04/10/2025;02:00;-0.09
04/10/2025;03:00;-0.12
04/10/2025;04:00;-0.03
04/10/2025;05:00;0.15
04/10/2025;06:00;0.35
04/10/2025;07:00;0.52
04/10/2025;08:00;0.68
04/10/2025;09:00;0.78
04/10/2025;10:00;0.79
04/10/2025;11:00;0.71
04/10/2025;12:00;0.54
04/10/2025;13:00;0.37
04/10/2025;14:00;0.23
04/10/2025;15:00;0.15
04/10/2025;16:00;0.16
04/10/2025;17:00;0.29
04/10/2025;18:00;0.46
04/10/2025;19:00;0.62
04/10/2025;20:00;0.74
04/10/2025;21:00;0.8
04/10/2025;22:00;0.77
04/10/2025;23:00;0.64
05/10/2025;00:00;0.46
05/10/2025;01:00;0.29
05/10/2025;02:00;0.15
05/10/2025;03:00;0.08
05/10/2025;04:00;0.15
05/10/2025;05:00;0.33
05/10/2025;06:00;0.53
05/10/2025;07:00;0.77
05/10/2025;08:00;1.04
05/10/2025;09:00;1.09
05/10/2025;10:00;1.03
05/10/2025;11:00;0.89
05/10/2025;12:00;0.67
05/10/2025;13:00;0.47
05/10/2025;14:00;0.28
05/10/2025;15:00;0.16
05/10/2025;16:00;0.15
05/10/2025;17:00;0.18
05/10/2025;18:00;0.3
05/10/2025;19:00;0.48
05/10/2025;20:00;0.61
05/10/2025;21:00;0.66
05/10/2025;22:00;0.63
05/10/2025;23:00;0.48
06/10/2025;00:00;0.25
06/10/2025;01:00;0
06/10/2025;02:00;-0.18
06/10/2025;03:00;-0.24
06/10/2025;04:00;-0.11
06/10/2025;05:00;0.15
06/10/2025;06:00;0.4
06/10/2025;07:00;0.61
06/10/2025;08:00;0.78
06/10/2025;09:00;0.88
06/10/2025;10:00;0.95
06/10/2025;11:00;0.85
06/10/2025;12:00;0.66
06/10/2025;13:00;0.44
06/10/2025;14:00;0.27
06/10/2025;15:00;0.08
06/10/2025;16:00;-0.06
06/10/2025;17:00;-0.12
06/10/2025;18:00;-0.03
06/10/2025;19:00;0.15
06/10/2025;20:00;0.31
06/10/2025;21:00;0.42
06/10/2025;22:00;0.48
06/10/2025;23:00;0.45
07/10/2025;00:00;0.33
07/10/2025;01:00;0.2
07/10/2025;02:00;0.08
07/10/2025;03:00;-0.02
07/10/2025;04:00;-0.03
07/10/2025;05:00;0.06
07/10/2025;06:00;0.22
07/10/2025;07:00;0.4
07/10/2025;08:00;0.57
07/10/2025;09:00;0.73
07/10/2025;10:00;0.82
07/10/2025;11:00;0.83
07/10/2025;12:00;0.73
07/10/2025;13:00;0.52
07/10/2025;14:00;0.27
07/10/2025;15:00;0.02
07/10/2025;16:00;-0.19
07/10/2025;17:00;-0.31
07/10/2025;18:00;-0.3
07/10/2025;19:00;-0.15
07/10/2025;20:00;0.09
07/10/2025;21:00;0.29
07/10/2025;22:00;0.44
07/10/2025;23:00;0.54
08/10/2025;00:00;0.56
08/10/2025;01:00;0.45
08/10/2025;02:00;0.29
08/10/2025;03:00;0.12
08/10/2025;04:00;-0.01
08/10/2025;05:00;-0.06
08/10/2025;06:00;0.03
08/10/2025;07:00;0.21
08/10/2025;08:00;0.41
08/10/2025;09:00;0.6
08/10/2025;10:00;0.73
08/10/2025;11:00;0.78
08/10/2025;12:00;0.71
08/10/2025;13:00;0.52
08/10/2025;14:00;0.29
08/10/2025;15:00;0.04
08/10/2025;16:00;-0.18
08/10/2025;17:00;-0.34
08/10/2025;18:00;-0.36
08/10/2025;19:00;-0.22
08/10/2025;20:00;0.05
08/10/2025;21:00;0.28
08/10/2025;22:00;0.47
08/10/2025;23:00;0.59
09/10/2025;00:00;0.64
09/10/2025;01:00;0.57
09/10/2025;02:00;0.41
09/10/2025;03:00;0.24
09/10/2025;04:00;0.1
09/10/2025;05:00;0.03
09/10/2025;06:00;0.07
09/10/2025;07:00;0.22
09/10/2025;08:00;0.41
09/10/2025;09:00;0.58
09/10/2025;10:00;0.71
09/10/2025;11:00;0.78
09/10/2025;12:00;0.75
09/10/2025;13:00;0.6
09/10/2025;14:00;0.4
09/10/2025;15:00;0.19
09/10/2025;16:00;-0.01
09/10/2025;17:00;-0.16
09/10/2025;18:00;-0.22
09/10/2025;19:00;-0.17
09/10/2025;20:00;0
09/10/2025;21:00;0.2
09/10/2025;22:00;0.38
09/10/2025;23:00;0.5
10/10/2025;00:00;0.57
10/10/2025;01:00;0.56
10/10/2025;02:00;0.44
10/10/2025;03:00;0.29
10/10/2025;04:00;0.15
10/10/2025;05:00;0.06
10/10/2025;06:00;0.05
10/10/2025;07:00;0.14
10/10/2025;08:00;0.28
10/10/2025;09:00;0.44
10/10/2025;10:00;0.57
10/10/2025;11:00;0.67
10/10/2025;12:00;0.68
10/10/2025;13:00;0.62
10/10/2025;14:00;0.47
10/10/2025;15:00;0.29
10/10/2025;16:00;0.11
10/10/2025;17:00;-0.04
10/10/2025;18:00;-0.15
10/10/2025;19:00;-0.18
10/10/2025;20:00;-0.1
10/10/2025;21:00;0.04
10/10/2025;22:00;0.2
10/10/2025;23:00;0.32
11/10/2025;00:00;0.4
11/10/2025;01:00;0.43
11/10/2025;02:00;0.38
11/10/2025;03:00;0.28
11/10/2025;04:00;0.17
11/10/2025;05:00;0.09
11/10/2025;06:00;0.07
11/10/2025;07:00;0.11
11/10/2025;08:00;0.22
11/10/2025;09:00;0.36
11/10/2025;10:00;0.48
11/10/2025;11:00;0.57
11/10/2025;12:00;0.61
11/10/2025;13:00;0.58
11/10/2025;14:00;0.49
11/10/2025;15:00;0.36
11/10/2025;16:00;0.2
11/10/2025;17:00;0.06
11/10/2025;18:00;-0.05
11/10/2025;19:00;-0.14
11/10/2025;20:00;-0.16
11/10/2025;21:00;-0.1
11/10/2025;22:00;-0.01
11/10/2025;23:00;0.09
12/10/2025;00:00;0.18
12/10/2025;01:00;0.24
12/10/2025;02:00;0.26
12/10/2025;03:00;0.24
12/10/2025;04:00;0.2
12/10/2025;05:00;0.17
12/10/2025;06:00;0.16
12/10/2025;07:00;0.2
12/10/2025;08:00;0.29
12/10/2025;09:00;0.39
12/10/2025;10:00;0.48
12/10/2025;11:00;0.56
12/10/2025;12:00;0.6
12/10/2025;13:00;0.58
12/10/2025;14:00;0.51
12/10/2025;15:00;0.4
12/10/2025;16:00;0.28
12/10/2025;17:00;0.16
12/10/2025;18:00;0.06
12/10/2025;19:00;-0.03
12/10/2025;20:00;-0.1
12/10/2025;21:00;-0.12
12/10/2025;22:00;-0.09
12/10/2025;23:00;-0.04
13/10/2025;00:00;0.03
13/10/2025;01:00;0.11
13/10/2025;02:00;0.19
13/10/2025;03:00;0.24
13/10/2025;04:00;0.3
13/10/2025;05:00;0.34
13/10/2025;06:00;0.36
13/10/2025;07:00;0.38
13/10/2025;08:00;0.39
13/10/2025;09:00;0.42
13/10/2025;10:00;0.43
13/10/2025;11:00;0.44
13/10/2025;12:00;0.44
13/10/2025;13:00;0.43
13/10/2025;14:00;0.4
13/10/2025;15:00;0.35
13/10/2025;16:00;0.29
13/10/2025;17:00;0.23
13/10/2025;18:00;0.15
13/10/2025;19:00;0.08
13/10/2025;20:00;0.02
13/10/2025;21:00;-0.05
13/10/2025;22:00;-0.09
13/10/2025;23:00;-0.1
14/10/2025;00:00;-0.06
14/10/2025;01:00;0.01
14/10/2025;02:00;0.11
14/10/2025;03:00;0.22
14/10/2025;04:00;0.31
14/10/2025;05:00;0.39
14/10/2025;06:00;0.45
14/10/2025;07:00;0.48
14/10/2025;08:00;0.48
14/10/2025;09:00;0.45
14/10/2025;10:00;0.42
14/10/2025;11:00;0.39
14/10/2025;12:00;0.37
14/10/2025;13:00;0.36
14/10/2025;14:00;0.34
14/10/2025;15:00;0.33
14/10/2025;16:00;0.32
14/10/2025;17:00;0.29
14/10/2025;18:00;0.27
14/10/2025;19:00;0.23
14/10/2025;20:00;0.16
14/10/2025;21:00;0.09
14/10/2025;22:00;0.03
14/10/2025;23:00;-0.03
15/10/2025;00:00;-0.06
15/10/2025;01:00;-0.05
15/10/2025;02:00;0.02
15/10/2025;03:00;0.13
15/10/2025;04:00;0.26
15/10/2025;05:00;0.38
15/10/2025;06:00;0.47
15/10/2025;07:00;0.54
15/10/2025;08:00;0.56
15/10/2025;09:00;0.53
15/10/2025;10:00;0.45
15/10/2025;11:00;0.37
15/10/2025;12:00;0.28
15/10/2025;13:00;0.21
15/10/2025;14:00;0.17
15/10/2025;15:00;0.18
15/10/2025;16:00;0.23
15/10/2025;17:00;0.28
15/10/2025;18:00;0.33
15/10/2025;19:00;0.34
15/10/2025;20:00;0.32
15/10/2025;21:00;0.25
15/10/2025;22:00;0.14
15/10/2025;23:00;0.02
16/10/2025;00:00;-0.06
16/10/2025;01:00;-0.09
16/10/2025;02:00;-0.06
16/10/2025;03:00;0.04
16/10/2025;04:00;0.19
16/10/2025;05:00;0.33
16/10/2025;06:00;0.45
16/10/2025;07:00;0.55
16/10/2025;08:00;0.62
16/10/2025;09:00;0.62
16/10/2025;10:00;0.55
16/10/2025;11:00;0.42
16/10/2025;12:00;0.3
16/10/2025;13:00;0.19
16/10/2025;14:00;0.12
16/10/2025;15:00;0.12
16/10/2025;16:00;0.17
16/10/2025;17:00;0.27
16/10/2025;18:00;0.38
16/10/2025;19:00;0.46
16/10/2025;20:00;0.48
16/10/2025;21:00;0.44
16/10/2025;22:00;0.34
16/10/2025;23:00;0.21
17/10/2025;00:00;0.07
17/10/2025;01:00;-0.02
17/10/2025;02:00;-0.07
17/10/2025;03:00;-0.02
17/10/2025;04:00;0.11
17/10/2025;05:00;0.28
17/10/2025;06:00;0.44
17/10/2025;07:00;0.58
17/10/2025;08:00;0.68
17/10/2025;09:00;0.71
17/10/2025;10:00;0.65
17/10/2025;11:00;0.53
17/10/2025;12:00;0.37
17/10/2025;13:00;0.22
17/10/2025;14:00;0.11
17/10/2025;15:00;0.07
17/10/2025;16:00;0.1
17/10/2025;17:00;0.22
17/10/2025;18:00;0.36
17/10/2025;19:00;0.48
17/10/2025;20:00;0.55
17/10/2025;21:00;0.56
17/10/2025;22:00;0.48
17/10/2025;23:00;0.33
18/10/2025;00:00;0.15
18/10/2025;01:00;0
18/10/2025;02:00;-0.1
18/10/2025;03:00;-0.12
18/10/2025;04:00;-0.02
18/10/2025;05:00;0.16
18/10/2025;06:00;0.36
18/10/2025;07:00;0.52
18/10/2025;08:00;0.64
18/10/2025;09:00;0.7
18/10/2025;10:00;0.68
18/10/2025;11:00;0.55
18/10/2025;12:00;0.38
18/10/2025;13:00;0.21
18/10/2025;14:00;0.08
18/10/2025;15:00;-0.02
18/10/2025;16:00;-0.02
18/10/2025;17:00;0.07
18/10/2025;18:00;0.23
18/10/2025;19:00;0.38
18/10/2025;20:00;0.49
18/10/2025;21:00;0.55
18/10/2025;22:00;0.52
18/10/2025;23:00;0.39
19/10/2025;00:00;0.23
19/10/2025;01:00;0.07
19/10/2025;02:00;-0.05
19/10/2025;03:00;-0.1
19/10/2025;04:00;-0.04
19/10/2025;05:00;0.12
19/10/2025;06:00;0.32
19/10/2025;07:00;0.5
19/10/2025;08:00;0.64
19/10/2025;09:00;0.75
19/10/2025;10:00;0.75
19/10/2025;11:00;0.65
19/10/2025;12:00;0.47
19/10/2025;13:00;0.27
19/10/2025;14:00;0.1
19/10/2025;15:00;-0.03
19/10/2025;16:00;-0.07
19/10/2025;17:00;-0.01
19/10/2025;18:00;0.17
19/10/2025;19:00;0.34
19/10/2025;20:00;0.47
19/10/2025;21:00;0.55
19/10/2025;22:00;0.57
19/10/2025;23:00;0.5
20/10/2025;00:00;0.36
20/10/2025;01:00;0.2
20/10/2025;02:00;0.08
20/10/2025;03:00;0
20/10/2025;04:00;0.01
20/10/2025;05:00;0.13
20/10/2025;06:00;0.32
20/10/2025;07:00;0.5
20/10/2025;08:00;0.66
20/10/2025;09:00;0.77
20/10/2025;10:00;0.81
20/10/2025;11:00;0.74
20/10/2025;12:00;0.59
20/10/2025;13:00;0.39
20/10/2025;14:00;0.2
20/10/2025;15:00;0.05
20/10/2025;16:00;-0.05
20/10/2025;17:00;-0.05
20/10/2025;18:00;0.08
20/10/2025;19:00;0.27
20/10/2025;20:00;0.45
20/10/2025;21:00;0.58
20/10/2025;22:00;0.66
20/10/2025;23:00;0.66
21/10/2025;00:00;0.55
21/10/2025;01:00;0.41
21/10/2025;02:00;0.26
21/10/2025;03:00;0.16
21/10/2025;04:00;0.14
21/10/2025;05:00;0.21
21/10/2025;06:00;0.38
21/10/2025;07:00;0.57
21/10/2025;08:00;0.76
21/10/2025;09:00;0.89
21/10/2025;10:00;0.96
21/10/2025;11:00;0.95
21/10/2025;12:00;0.84
21/10/2025;13:00;0.67
21/10/2025;14:00;0.46
21/10/2025;15:00;0.26
21/10/2025;16:00;0.13
21/10/2025;17:00;0.08
21/10/2025;18:00;0.14
21/10/2025;19:00;0.32
21/10/2025;20:00;0.5
21/10/2025;21:00;0.65
21/10/2025;22:00;0.74
21/10/2025;23:00;0.76
22/10/2025;00:00;0.7
22/10/2025;01:00;0.56
22/10/2025;02:00;0.4
22/10/2025;03:00;0.27
22/10/2025;04:00;0.2
22/10/2025;05:00;0.22
22/10/2025;06:00;0.33
22/10/2025;07:00;0.51
22/10/2025;08:00;0.68
22/10/2025;09:00;0.81
22/10/2025;10:00;0.9
22/10/2025;11:00;0.92
22/10/2025;12:00;0.84
22/10/2025;13:00;0.67
22/10/2025;14:00;0.47
22/10/2025;15:00;0.28
22/10/2025;16:00;0.14
22/10/2025;17:00;0.06
22/10/2025;18:00;0.09
22/10/2025;19:00;0.23
22/10/2025;20:00;0.42
22/10/2025;21:00;0.59
22/10/2025;22:00;0.7
22/10/2025;23:00;0.76
23/10/2025;00:00;0.75
23/10/2025;01:00;0.64
23/10/2025;02:00;0.51
23/10/2025;03:00;0.38
23/10/2025;04:00;0.3
23/10/2025;05:00;0.31
23/10/2025;06:00;0.4
23/10/2025;07:00;0.56
23/10/2025;08:00;0.73
23/10/2025;09:00;0.9
23/10/2025;10:00;1.05
23/10/2025;11:00;1.11
23/10/2025;12:00;1.05
23/10/2025;13:00;0.9
23/10/2025;14:00;0.73
23/10/2025;15:00;0.57
23/10/2025;16:00;0.46
23/10/2025;17:00;0.43
23/10/2025;18:00;0.4
23/10/2025;19:00;0.46
23/10/2025;20:00;0.61
23/10/2025;21:00;0.74
23/10/2025;22:00;0.83
23/10/2025;23:00;0.95
24/10/2025;00:00;0.87
24/10/2025;01:00;0.9
24/10/2025;02:00;0.71
24/10/2025;03:00;0.49
24/10/2025;04:00;0.39
24/10/2025;05:00;0.44
24/10/2025;06:00;0.46
24/10/2025;07:00;0.58
24/10/2025;08:00;0.73
24/10/2025;09:00;0.8
24/10/2025;10:00;0.87
24/10/2025;11:00;0.83
24/10/2025;12:00;0.74
24/10/2025;13:00;0.6
24/10/2025;14:00;0.45
24/10/2025;15:00;0.36
24/10/2025;16:00;0.23
24/10/2025;17:00;0.16
24/10/2025;18:00;0.25
24/10/2025;19:00;0.39
24/10/2025;20:00;0.55
24/10/2025;21:00;0.72
24/10/2025;22:00;0.81
24/10/2025;23:00;0.78
25/10/2025;00:00;0.75
25/10/2025;01:00;0.71
25/10/2025;02:00;0.63
25/10/2025;03:00;0.5
25/10/2025;04:00;0.43
25/10/2025;05:00;0.39
25/10/2025;06:00;0.37
25/10/2025;07:00;0.44
25/10/2025;08:00;0.56
25/10/2025;09:00;0.67
25/10/2025;10:00;0.75
25/10/2025;11:00;0.82
25/10/2025;12:00;0.86
25/10/2025;13:00;0.83
25/10/2025;14:00;0.72
25/10/2025;15:00;0.59
25/10/2025;16:00;0.48
25/10/2025;17:00;0.4
25/10/2025;18:00;0.38
25/10/2025;19:00;0.4
25/10/2025;20:00;0.45
25/10/2025;21:00;0.52
25/10/2025;22:00;0.6
25/10/2025;23:00;0.66
26/10/2025;00:00;0.7
26/10/2025;01:00;0.69
26/10/2025;02:00;0.65
26/10/2025;03:00;0.6
26/10/2025;04:00;0.52
26/10/2025;05:00;0.47
26/10/2025;06:00;0.47
26/10/2025;07:00;0.5
26/10/2025;08:00;0.6
26/10/2025;09:00;0.73
26/10/2025;10:00;0.83
26/10/2025;11:00;0.92
26/10/2025;12:00;0.96
26/10/2025;13:00;0.94
26/10/2025;14:00;0.86
26/10/2025;15:00;0.75
26/10/2025;16:00;0.62
26/10/2025;17:00;0.49
26/10/2025;18:00;0.37
26/10/2025;19:00;0.28
26/10/2025;20:00;0.25
26/10/2025;21:00;0.31
26/10/2025;22:00;0.43
26/10/2025;23:00;0.54
27/10/2025;00:00;0.55
27/10/2025;01:00;0.56
27/10/2025;02:00;0.59
27/10/2025;03:00;0.61
27/10/2025;04:00;0.59
27/10/2025;05:00;0.56
27/10/2025;06:00;0.56
27/10/2025;07:00;0.61
27/10/2025;08:00;0.68
27/10/2025;09:00;0.75
27/10/2025;10:00;0.83
27/10/2025;11:00;0.9
27/10/2025;12:00;0.94
27/10/2025;13:00;0.93
27/10/2025;14:00;0.86
27/10/2025;15:00;0.74
27/10/2025;16:00;0.61
27/10/2025;17:00;0.49
27/10/2025;18:00;0.38
27/10/2025;19:00;0.3
27/10/2025;20:00;0.27
27/10/2025;21:00;0.29
27/10/2025;22:00;0.38
27/10/2025;23:00;0.49
28/10/2025;00:00;0.59
28/10/2025;01:00;0.68
28/10/2025;02:00;0.74
28/10/2025;03:00;0.76
28/10/2025;04:00;0.77
28/10/2025;05:00;0.74
28/10/2025;06:00;0.69
28/10/2025;07:00;0.64
28/10/2025;08:00;0.63
28/10/2025;09:00;0.66
28/10/2025;10:00;0.68
28/10/2025;11:00;0.71
28/10/2025;12:00;0.74
28/10/2025;13:00;0.71
28/10/2025;14:00;0.64
28/10/2025;15:00;0.56
28/10/2025;16:00;0.48
28/10/2025;17:00;0.39
28/10/2025;18:00;0.33
28/10/2025;19:00;0.3
28/10/2025;20:00;0.29
28/10/2025;21:00;0.31
28/10/2025;22:00;0.37
28/10/2025;23:00;0.45
29/10/2025;00:00;0.52
29/10/2025;01:00;0.59
29/10/2025;02:00;0.63
29/10/2025;03:00;0.66
29/10/2025;04:00;0.67
29/10/2025;05:00;0.67
29/10/2025;06:00;0.68
29/10/2025;07:00;0.69
29/10/2025;08:00;0.69
29/10/2025;09:00;0.66
29/10/2025;10:00;0.62
29/10/2025;11:00;0.59
29/10/2025;12:00;0.57
29/10/2025;13:00;0.56
29/10/2025;14:00;0.56
29/10/2025;15:00;0.57
29/10/2025;16:00;0.57
29/10/2025;17:00;0.56
29/10/2025;18:00;0.54
29/10/2025;19:00;0.52
29/10/2025;20:00;0.5
29/10/2025;21:00;0.49
29/10/2025;22:00;0.47
29/10/2025;23:00;0.47
30/10/2025;00:00;0.49
30/10/2025;01:00;0.51
30/10/2025;02:00;0.56
30/10/2025;03:00;0.62
30/10/2025;04:00;0.7
30/10/2025;05:00;0.77
30/10/2025;06:00;0.8
30/10/2025;07:00;0.8
30/10/2025;08:00;0.79
30/10/2025;09:00;0.75
30/10/2025;10:00;0.69
30/10/2025;11:00;0.66
30/10/2025;12:00;0.66
30/10/2025;13:00;0.64
30/10/2025;14:00;0.65
30/10/2025;15:00;0.68
30/10/2025;16:00;0.71
30/10/2025;17:00;0.72
30/10/2025;18:00;0.73
30/10/2025;19:00;0.73
30/10/2025;20:00;0.7
30/10/2025;21:00;0.61
30/10/2025;22:00;0.5
30/10/2025;23:00;0.41
31/10/2025;00:00;0.33
31/10/2025;01:00;0.3
31/10/2025;02:00;0.33
31/10/2025;03:00;0.4
31/10/2025;04:00;0.5
31/10/2025;05:00;0.62
31/10/2025;06:00;0.72
31/10/2025;07:00;0.79
31/10/2025;08:00;0.81
31/10/2025;09:00;0.79
31/10/2025;10:00;0.71
31/10/2025;11:00;0.63
31/10/2025;12:00;0.54
31/10/2025;13:00;0.48
31/10/2025;14:00;0.46
31/10/2025;15:00;0.49
31/10/2025;16:00;0.56
31/10/2025;17:00;0.64
31/10/2025;18:00;0.68
31/10/2025;19:00;0.68
31/10/2025;20:00;0.62
31/10/2025;21:00;0.53
31/10/2025;22:00;0.41
31/10/2025;23:00;0.28
01/11/2025;00:00;0.17
01/11/2025;01:00;0.11
01/11/2025;02:00;0.12
01/11/2025;03:00;0.21
01/11/2025;04:00;0.36
01/11/2025;05:00;0.54
01/11/2025;06:00;0.68
01/11/2025;07:00;0.81
01/11/2025;08:00;0.88
01/11/2025;09:00;0.88
01/11/2025;10:00;0.8
01/11/2025;11:00;0.65
01/11/2025;12:00;0.51
01/11/2025;13:00;0.38
01/11/2025;14:00;0.3
01/11/2025;15:00;0.28
01/11/2025;16:00;0.35
01/11/2025;17:00;0.47
01/11/2025;18:00;0.58
01/11/2025;19:00;0.66
01/11/2025;20:00;0.67
01/11/2025;21:00;0.59
01/11/2025;22:00;0.45
01/11/2025;23:00;0.32
02/11/2025;00:00;0.19
02/11/2025;01:00;0.1
02/11/2025;02:00;0.1
02/11/2025;03:00;0.18
02/11/2025;04:00;0.33
02/11/2025;05:00;0.51
02/11/2025;06:00;0.69
02/11/2025;07:00;0.85
02/11/2025;08:00;0.95
02/11/2025;09:00;0.98
02/11/2025;10:00;0.91
02/11/2025;11:00;0.76
02/11/2025;12:00;0.56
02/11/2025;13:00;0.39
02/11/2025;14:00;0.25
02/11/2025;15:00;0.17
02/11/2025;16:00;0.21
02/11/2025;17:00;0.36
02/11/2025;18:00;0.54
02/11/2025;19:00;0.69
02/11/2025;20:00;0.78
02/11/2025;21:00;0.82
02/11/2025;22:00;0.79
02/11/2025;23:00;0.65
03/11/2025;00:00;0.48
03/11/2025;01:00;0.35
03/11/2025;02:00;0.27
03/11/2025;03:00;0.28
03/11/2025;04:00;0.36
03/11/2025;05:00;0.51
03/11/2025;06:00;0.69
03/11/2025;07:00;0.85
03/11/2025;08:00;0.99
03/11/2025;09:00;1.01
03/11/2025;10:00;0.97
03/11/2025;11:00;0.79
03/11/2025;12:00;0.57
03/11/2025;13:00;0.35
03/11/2025;14:00;0.14
03/11/2025;15:00;-0.01
03/11/2025;16:00;-0.07
03/11/2025;17:00;0
03/11/2025;18:00;0.2
03/11/2025;19:00;0.41
03/11/2025;20:00;0.58
03/11/2025;21:00;0.7
03/11/2025;22:00;0.72
03/11/2025;23:00;0.66
04/11/2025;00:00;0.5
04/11/2025;01:00;0.33
04/11/2025;02:00;0.21
04/11/2025;03:00;0.14
04/11/2025;04:00;0.17
04/11/2025;05:00;0.32
04/11/2025;06:00;0.51
04/11/2025;07:00;0.69
04/11/2025;08:00;0.82
04/11/2025;09:00;0.9
04/11/2025;10:00;0.89
04/11/2025;11:00;0.76
04/11/2025;12:00;0.56
04/11/2025;13:00;0.34
04/11/2025;14:00;0.1
04/11/2025;15:00;-0.09
04/11/2025;16:00;-0.2
04/11/2025;17:00;-0.17
04/11/2025;18:00;0.01
04/11/2025;19:00;0.25
04/11/2025;20:00;0.45
04/11/2025;21:00;0.59
04/11/2025;22:00;0.67
04/11/2025;23:00;0.64
05/11/2025;00:00;0.5
05/11/2025;01:00;0.33
05/11/2025;02:00;0.17
05/11/2025;03:00;0.06
05/11/2025;04:00;0.05
05/11/2025;05:00;0.16
05/11/2025;06:00;0.36
05/11/2025;07:00;0.56
05/11/2025;08:00;0.75
05/11/2025;09:00;0.87
05/11/2025;10:00;0.92
05/11/2025;11:00;0.87
05/11/2025;12:00;0.68
05/11/2025;13:00;0.45
05/11/2025;14:00;0.21
05/11/2025;15:00;-0.01
05/11/2025;16:00;-0.17
05/11/2025;17:00;-0.23
05/11/2025;18:00;-0.14
05/11/2025;19:00;0.07
05/11/2025;20:00;0.29
05/11/2025;21:00;0.46
05/11/2025;22:00;0.57
05/11/2025;23:00;0.61
06/11/2025;00:00;0.57
06/11/2025;01:00;0.44
06/11/2025;02:00;0.28
06/11/2025;03:00;0.17
06/11/2025;04:00;0.13
06/11/2025;05:00;0.19
06/11/2025;06:00;0.36
06/11/2025;07:00;0.55
06/11/2025;08:00;0.72
06/11/2025;09:00;0.85
06/11/2025;10:00;0.93
06/11/2025;11:00;0.92
06/11/2025;12:00;0.79
06/11/2025;13:00;0.58
06/11/2025;14:00;0.35
06/11/2025;15:00;0.13
06/11/2025;16:00;-0.07
06/11/2025;17:00;-0.2
06/11/2025;18:00;-0.21
06/11/2025;19:00;-0.07
06/11/2025;20:00;0.14
06/11/2025;21:00;0.35
06/11/2025;22:00;0.51
06/11/2025;23:00;0.62
07/11/2025;00:00;0.67
07/11/2025;01:00;0.63
07/11/2025;02:00;0.52
07/11/2025;03:00;0.39
07/11/2025;04:00;0.31
07/11/2025;05:00;0.3
07/11/2025;06:00;0.38
07/11/2025;07:00;0.53
07/11/2025;08:00;0.7
07/11/2025;09:00;0.83
07/11/2025;10:00;0.93
07/11/2025;11:00;0.95
07/11/2025;12:00;0.88
07/11/2025;13:00;0.73
07/11/2025;14:00;0.53
07/11/2025;15:00;0.31
07/11/2025;16:00;0.11
07/11/2025;17:00;-0.05
07/11/2025;18:00;-0.13
07/11/2025;19:00;-0.09
07/11/2025;20:00;0.08
07/11/2025;21:00;0.29
07/11/2025;22:00;0.47
07/11/2025;23:00;0.63
08/11/2025;00:00;0.72
08/11/2025;01:00;0.76
08/11/2025;02:00;0.71
08/11/2025;03:00;0.61
08/11/2025;04:00;0.5
08/11/2025;05:00;0.44
08/11/2025;06:00;0.45
08/11/2025;07:00;0.54
08/11/2025;08:00;0.66
08/11/2025;09:00;0.79
08/11/2025;10:00;0.89
08/11/2025;11:00;0.93
08/11/2025;12:00;0.88
08/11/2025;13:00;0.77
08/11/2025;14:00;0.61
08/11/2025;15:00;0.42
08/11/2025;16:00;0.24
08/11/2025;17:00;0.08
08/11/2025;18:00;-0.02
08/11/2025;19:00;-0.04
08/11/2025;20:00;0.04
08/11/2025;21:00;0.19
08/11/2025;22:00;0.36
08/11/2025;23:00;0.51
09/11/2025;00:00;0.63
09/11/2025;01:00;0.71
09/11/2025;02:00;0.75
09/11/2025;03:00;0.72
09/11/2025;04:00;0.63
09/11/2025;05:00;0.55
09/11/2025;06:00;0.49
09/11/2025;07:00;0.49
09/11/2025;08:00;0.55
09/11/2025;09:00;0.64
09/11/2025;10:00;0.73
09/11/2025;11:00;0.79
09/11/2025;12:00;0.8
09/11/2025;13:00;0.76
09/11/2025;14:00;0.65
09/11/2025;15:00;0.5
09/11/2025;16:00;0.35
09/11/2025;17:00;0.2
09/11/2025;18:00;0.09
09/11/2025;19:00;0.03
09/11/2025;20:00;0.04
09/11/2025;21:00;0.14
09/11/2025;22:00;0.26
09/11/2025;23:00;0.39
10/11/2025;00:00;0.5
10/11/2025;01:00;0.57
10/11/2025;02:00;0.62
10/11/2025;03:00;0.63
10/11/2025;04:00;0.6
10/11/2025;05:00;0.53
10/11/2025;06:00;0.48
10/11/2025;07:00;0.44
10/11/2025;08:00;0.42
10/11/2025;09:00;0.45
10/11/2025;10:00;0.52
10/11/2025;11:00;0.59
10/11/2025;12:00;0.61
10/11/2025;13:00;0.59
10/11/2025;14:00;0.54
10/11/2025;15:00;0.47
10/11/2025;16:00;0.37
10/11/2025;17:00;0.28
10/11/2025;18:00;0.2
10/11/2025;19:00;0.13
10/11/2025;20:00;0.08
10/11/2025;21:00;0.1
10/11/2025;22:00;0.17
10/11/2025;23:00;0.29
11/11/2025;00:00;0.41
11/11/2025;01:00;0.51
11/11/2025;02:00;0.61
11/11/2025;03:00;0.67
11/11/2025;04:00;0.67
11/11/2025;05:00;0.64
11/11/2025;06:00;0.58
11/11/2025;07:00;0.52
11/11/2025;08:00;0.48
11/11/2025;09:00;0.46
11/11/2025;10:00;0.47
11/11/2025;11:00;0.51
11/11/2025;12:00;0.55
11/11/2025;13:00;0.56
11/11/2025;14:00;0.54
11/11/2025;15:00;0.5
11/11/2025;16:00;0.44
11/11/2025;17:00;0.36
11/11/2025;18:00;0.29
11/11/2025;19:00;0.24
11/11/2025;20:00;0.19
11/11/2025;21:00;0.17
11/11/2025;22:00;0.17
11/11/2025;23:00;0.23
12/11/2025;00:00;0.29
12/11/2025;01:00;0.37
12/11/2025;02:00;0.46
12/11/2025;03:00;0.54
12/11/2025;04:00;0.6
12/11/2025;05:00;0.63
12/11/2025;06:00;0.63
12/11/2025;07:00;0.6
12/11/2025;08:00;0.53
12/11/2025;09:00;0.46
12/11/2025;10:00;0.42
12/11/2025;11:00;0.38
12/11/2025;12:00;0.37
12/11/2025;13:00;0.37
12/11/2025;14:00;0.39
12/11/2025;15:00;0.39
12/11/2025;16:00;0.38
12/11/2025;17:00;0.37
12/11/2025;18:00;0.36
12/11/2025;19:00;0.33
12/11/2025;20:00;0.29
12/11/2025;21:00;0.23
12/11/2025;22:00;0.17
12/11/2025;23:00;0.13
13/11/2025;00:00;0.12
13/11/2025;01:00;0.16
13/11/2025;02:00;0.26
13/11/2025;03:00;0.39
13/11/2025;04:00;0.51
13/11/2025;05:00;0.59
13/11/2025;06:00;0.65
13/11/2025;07:00;0.66
13/11/2025;08:00;0.59
13/11/2025;09:00;0.5
13/11/2025;10:00;0.41
13/11/2025;11:00;0.33
13/11/2025;12:00;0.26
13/11/2025;13:00;0.23
13/11/2025;14:00;0.23
13/11/2025;15:00;0.26
13/11/2025;16:00;0.31
13/11/2025;17:00;0.37
13/11/2025;18:00;0.41
13/11/2025;19:00;0.42
13/11/2025;20:00;0.37
13/11/2025;21:00;0.29
13/11/2025;22:00;0.19
13/11/2025;23:00;0.1
14/11/2025;00:00;0.05
14/11/2025;01:00;0.05
14/11/2025;02:00;0.13
14/11/2025;03:00;0.27
14/11/2025;04:00;0.41
14/11/2025;05:00;0.54
14/11/2025;06:00;0.63
14/11/2025;07:00;0.68
14/11/2025;08:00;0.67
14/11/2025;09:00;0.59
14/11/2025;10:00;0.47
14/11/2025;11:00;0.35
14/11/2025;12:00;0.25
14/11/2025;13:00;0.16
14/11/2025;14:00;0.12
14/11/2025;15:00;0.15
14/11/2025;16:00;0.23
14/11/2025;17:00;0.33
14/11/2025;18:00;0.42
14/11/2025;19:00;0.47
14/11/2025;20:00;0.47
14/11/2025;21:00;0.41
14/11/2025;22:00;0.29
14/11/2025;23:00;0.18
15/11/2025;00:00;0.1
15/11/2025;01:00;0.08
15/11/2025;02:00;0.15
15/11/2025;03:00;0.27
15/11/2025;04:00;0.42
15/11/2025;05:00;0.56
15/11/2025;06:00;0.67
15/11/2025;07:00;0.74
15/11/2025;08:00;0.74
15/11/2025;09:00;0.67
15/11/2025;10:00;0.56
15/11/2025;11:00;0.43
15/11/2025;12:00;0.31
15/11/2025;13:00;0.2
15/11/2025;14:00;0.13
15/11/2025;15:00;0.13
15/11/2025;16:00;0.19
15/11/2025;17:00;0.3
15/11/2025;18:00;0.42
15/11/2025;19:00;0.52
15/11/2025;20:00;0.57
15/11/2025;21:00;0.57
15/11/2025;22:00;0.53
15/11/2025;23:00;0.45
16/11/2025;00:00;0.34
16/11/2025;01:00;0.28
16/11/2025;02:00;0.29
16/11/2025;03:00;0.35
16/11/2025;04:00;0.45
16/11/2025;05:00;0.6
16/11/2025;06:00;0.73
16/11/2025;07:00;0.82
16/11/2025;08:00;0.87
16/11/2025;09:00;0.87
16/11/2025;10:00;0.78
16/11/2025;11:00;0.63
16/11/2025;12:00;0.48
16/11/2025;13:00;0.32
16/11/2025;14:00;0.21
16/11/2025;15:00;0.16
16/11/2025;16:00;0.2
16/11/2025;17:00;0.34
16/11/2025;18:00;0.5
16/11/2025;19:00;0.66
16/11/2025;20:00;0.77
16/11/2025;21:00;0.83
16/11/2025;22:00;0.83
16/11/2025;23:00;0.78
17/11/2025;00:00;0.65
17/11/2025;01:00;0.56
17/11/2025;02:00;0.5
17/11/2025;03:00;0.49
17/11/2025;04:00;0.55
17/11/2025;05:00;0.69
17/11/2025;06:00;0.85
17/11/2025;07:00;0.93
17/11/2025;08:00;1.06
17/11/2025;09:00;1.08
17/11/2025;10:00;0.93
17/11/2025;11:00;0.85
17/11/2025;12:00;0.64
17/11/2025;13:00;0.47
17/11/2025;14:00;0.32
17/11/2025;15:00;0.16
17/11/2025;16:00;0.14
17/11/2025;17:00;0.24
17/11/2025;18:00;0.41
17/11/2025;19:00;0.57
17/11/2025;20:00;0.7
17/11/2025;21:00;0.77
17/11/2025;22:00;0.77
17/11/2025;23:00;0.7
18/11/2025;00:00;0.59
18/11/2025;01:00;0.48
18/11/2025;02:00;0.37
18/11/2025;03:00;0.36
18/11/2025;04:00;0.44
18/11/2025;05:00;0.62
18/11/2025;06:00;0.76
18/11/2025;07:00;0.85
18/11/2025;08:00;1.03
18/11/2025;09:00;1.06
18/11/2025;10:00;0.94
18/11/2025;11:00;0.82
18/11/2025;12:00;0.59
18/11/2025;13:00;0.42
18/11/2025;14:00;0.25
18/11/2025;15:00;0.13
18/11/2025;16:00;0.05
18/11/2025;17:00;0.05
18/11/2025;18:00;0.18
18/11/2025;19:00;0.36
18/11/2025;20:00;0.52
18/11/2025;21:00;0.67
18/11/2025;22:00;0.74
18/11/2025;23:00;0.72
19/11/2025;00:00;0.63
19/11/2025;01:00;0.52
19/11/2025;02:00;0.42
19/11/2025;03:00;0.34
19/11/2025;04:00;0.36
19/11/2025;05:00;0.45
19/11/2025;06:00;0.56
19/11/2025;07:00;0.71
19/11/2025;08:00;0.83
19/11/2025;09:00;0.9
19/11/2025;10:00;0.91
19/11/2025;11:00;0.86
19/11/2025;12:00;0.71
19/11/2025;13:00;0.52
19/11/2025;14:00;0.33
19/11/2025;15:00;0.15
19/11/2025;16:00;0.03
19/11/2025;17:00;0.01
19/11/2025;18:00;0.11
19/11/2025;19:00;0.29
19/11/2025;20:00;0.47
19/11/2025;21:00;0.6
19/11/2025;22:00;0.71
19/11/2025;23:00;0.75
20/11/2025;00:00;0.71
20/11/2025;01:00;0.6
20/11/2025;02:00;0.48
20/11/2025;03:00;0.39
20/11/2025;04:00;0.39
20/11/2025;05:00;0.48
20/11/2025;06:00;0.63
20/11/2025;07:00;0.8
20/11/2025;08:00;0.91
20/11/2025;09:00;1.06
20/11/2025;10:00;1.09
20/11/2025;11:00;0.99
20/11/2025;12:00;0.85
20/11/2025;13:00;0.66
20/11/2025;14:00;0.46
20/11/2025;15:00;0.26
20/11/2025;16:00;0.1
20/11/2025;17:00;0.01
20/11/2025;18:00;0.02
20/11/2025;19:00;0.15
20/11/2025;20:00;0.34
20/11/2025;21:00;0.49
20/11/2025;22:00;0.6
20/11/2025;23:00;0.67
21/11/2025;00:00;0.69
21/11/2025;01:00;0.64
21/11/2025;02:00;0.55
21/11/2025;03:00;0.48
21/11/2025;04:00;0.48
21/11/2025;05:00;0.55
21/11/2025;06:00;0.67
21/11/2025;07:00;0.79
21/11/2025;08:00;0.89
21/11/2025;09:00;1.06
21/11/2025;10:00;1.11
21/11/2025;11:00;1.05
21/11/2025;12:00;0.89
21/11/2025;13:00;0.66
21/11/2025;14:00;0.47
21/11/2025;15:00;0.27
21/11/2025;16:00;0.1
21/11/2025;17:00;0.03
21/11/2025;18:00;0.03
21/11/2025;19:00;0.15
21/11/2025;20:00;0.32
21/11/2025;21:00;0.5
21/11/2025;22:00;0.64
21/11/2025;23:00;0.75
22/11/2025;00:00;0.82
22/11/2025;01:00;0.82
22/11/2025;02:00;0.77
22/11/2025;03:00;0.69
22/11/2025;04:00;0.63
22/11/2025;05:00;0.63
22/11/2025;06:00;0.7
22/11/2025;07:00;0.8
22/11/2025;08:00;0.88
22/11/2025;09:00;1.01
22/11/2025;10:00;1.07
22/11/2025;11:00;1.04
22/11/2025;12:00;0.91
22/11/2025;13:00;0.76
22/11/2025;14:00;0.57
22/11/2025;15:00;0.39
22/11/2025;16:00;0.25
22/11/2025;17:00;0.12
22/11/2025;18:00;0.04
22/11/2025;19:00;0.07
22/11/2025;20:00;0.2
22/11/2025;21:00;0.35
22/11/2025;22:00;0.51
22/11/2025;23:00;0.64
23/11/2025;00:00;0.73
23/11/2025;01:00;0.78
23/11/2025;02:00;0.77
23/11/2025;03:00;0.7
23/11/2025;04:00;0.6
23/11/2025;05:00;0.54
23/11/2025;06:00;0.53
23/11/2025;07:00;0.57
23/11/2025;08:00;0.66
23/11/2025;09:00;0.75
23/11/2025;10:00;0.83
23/11/2025;11:00;0.87
23/11/2025;12:00;0.84
23/11/2025;13:00;0.75
23/11/2025;14:00;0.58
23/11/2025;15:00;0.39
23/11/2025;16:00;0.21
23/11/2025;17:00;0.06
23/11/2025;18:00;-0.03
23/11/2025;19:00;-0.04
23/11/2025;20:00;0.08
23/11/2025;21:00;0.25
23/11/2025;22:00;0.41
23/11/2025;23:00;0.55
24/11/2025;00:00;0.66
24/11/2025;01:00;0.73
24/11/2025;02:00;0.75
24/11/2025;03:00;0.72
24/11/2025;04:00;0.64
24/11/2025;05:00;0.57
24/11/2025;06:00;0.54
24/11/2025;07:00;0.56
24/11/2025;08:00;0.66
24/11/2025;09:00;0.79
24/11/2025;10:00;0.9
24/11/2025;11:00;0.99
24/11/2025;12:00;1.02
24/11/2025;13:00;0.96
24/11/2025;14:00;0.85
24/11/2025;15:00;0.73
24/11/2025;16:00;0.56
24/11/2025;17:00;0.43
24/11/2025;18:00;0.34
24/11/2025;19:00;0.31
24/11/2025;20:00;0.36
24/11/2025;21:00;0.45
24/11/2025;22:00;0.56
24/11/2025;23:00;0.69
25/11/2025;00:00;0.8
25/11/2025;01:00;0.85
25/11/2025;02:00;0.86
25/11/2025;03:00;0.84
25/11/2025;04:00;0.78
25/11/2025;05:00;0.69
25/11/2025;06:00;0.63
25/11/2025;07:00;0.64
25/11/2025;08:00;0.69
25/11/2025;09:00;0.77
25/11/2025;10:00;0.8
25/11/2025;11:00;0.89
25/11/2025;12:00;0.94
25/11/2025;13:00;0.95
25/11/2025;14:00;0.86
25/11/2025;15:00;0.73
25/11/2025;16:00;0.58
25/11/2025;17:00;0.45
25/11/2025;18:00;0.33
25/11/2025;19:00;0.25
25/11/2025;20:00;0.21
25/11/2025;21:00;0.25
25/11/2025;22:00;0.36
25/11/2025;23:00;0.47
26/11/2025;00:00;0.56
26/11/2025;01:00;0.61
26/11/2025;02:00;0.65
26/11/2025;03:00;0.67
26/11/2025;04:00;0.68
26/11/2025;05:00;0.64
26/11/2025;06:00;0.64
26/11/2025;07:00;0.64
26/11/2025;08:00;0.65
26/11/2025;09:00;0.68
26/11/2025;10:00;0.73
26/11/2025;11:00;0.76
26/11/2025;12:00;0.76
26/11/2025;13:00;0.74
26/11/2025;14:00;0.68
26/11/2025;15:00;0.61
26/11/2025;16:00;0.54
26/11/2025;17:00;0.43
26/11/2025;18:00;0.36
26/11/2025;19:00;0.29
26/11/2025;20:00;0.23
26/11/2025;21:00;0.21
26/11/2025;22:00;0.21
26/11/2025;23:00;0.27
27/11/2025;00:00;0.39
27/11/2025;01:00;0.52
27/11/2025;02:00;0.62
27/11/2025;03:00;0.7
27/11/2025;04:00;0.77
27/11/2025;05:00;0.79
27/11/2025;06:00;0.78
27/11/2025;07:00;0.72
27/11/2025;08:00;0.67
27/11/2025;09:00;0.63
27/11/2025;10:00;0.63
27/11/2025;11:00;0.65
27/11/2025;12:00;0.67
27/11/2025;13:00;0.69
27/11/2025;14:00;0.68
27/11/2025;15:00;0.68
27/11/2025;16:00;0.63
27/11/2025;17:00;0.55
27/11/2025;18:00;0.43
27/11/2025;19:00;0.3
27/11/2025;20:00;0.2
27/11/2025;21:00;0.12
27/11/2025;22:00;0.1
27/11/2025;23:00;0.16
28/11/2025;00:00;0.26
28/11/2025;01:00;0.37
28/11/2025;02:00;0.48
28/11/2025;03:00;0.58
28/11/2025;04:00;0.64
28/11/2025;05:00;0.68
28/11/2025;06:00;0.7
28/11/2025;07:00;0.69
28/11/2025;08:00;0.63
28/11/2025;09:00;0.57
28/11/2025;10:00;0.5
28/11/2025;11:00;0.48
28/11/2025;12:00;0.47
28/11/2025;13:00;0.47
28/11/2025;14:00;0.47
28/11/2025;15:00;0.45
28/11/2025;16:00;0.4
28/11/2025;17:00;0.36
28/11/2025;18:00;0.29
28/11/2025;19:00;0.23
28/11/2025;20:00;0.17
28/11/2025;21:00;0.11
28/11/2025;22:00;0.06
28/11/2025;23:00;0.08
29/11/2025;00:00;0.12
29/11/2025;01:00;0.22
29/11/2025;02:00;0.35
29/11/2025;03:00;0.49
29/11/2025;04:00;0.62
29/11/2025;05:00;0.72
29/11/2025;06:00;0.79
29/11/2025;07:00;0.8
29/11/2025;08:00;0.75
29/11/2025;09:00;0.66
29/11/2025;10:00;0.55
29/11/2025;11:00;0.43
29/11/2025;12:00;0.33
29/11/2025;13:00;0.27
29/11/2025;14:00;0.26
29/11/2025;15:00;0.29
29/11/2025;16:00;0.34
29/11/2025;17:00;0.39
29/11/2025;18:00;0.42
29/11/2025;19:00;0.4
29/11/2025;20:00;0.34
29/11/2025;21:00;0.26
29/11/2025;22:00;0.18
29/11/2025;23:00;0.15
30/11/2025;00:00;0.15
30/11/2025;01:00;0.21
30/11/2025;02:00;0.33
30/11/2025;03:00;0.46
30/11/2025;04:00;0.6
30/11/2025;05:00;0.73
30/11/2025;06:00;0.82
30/11/2025;07:00;0.86
30/11/2025;08:00;0.83
30/11/2025;09:00;0.73
30/11/2025;10:00;0.58
30/11/2025;11:00;0.43
30/11/2025;12:00;0.29
30/11/2025;13:00;0.17
30/11/2025;14:00;0.11
30/11/2025;15:00;0.12
30/11/2025;16:00;0.2
30/11/2025;17:00;0.32
30/11/2025;18:00;0.43
30/11/2025;19:00;0.49
30/11/2025;20:00;0.51
30/11/2025;21:00;0.46
30/11/2025;22:00;0.36
30/11/2025;23:00;0.27
01/12/2025;00:00;0.2
01/12/2025;01:00;0.21
01/12/2025;02:00;0.28
01/12/2025;03:00;0.42
01/12/2025;04:00;0.57
01/12/2025;05:00;0.71
01/12/2025;06:00;0.83
01/12/2025;07:00;0.89
01/12/2025;08:00;0.89
01/12/2025;09:00;0.8
01/12/2025;10:00;0.64
01/12/2025;11:00;0.46
01/12/2025;12:00;0.27
01/12/2025;13:00;0.09
01/12/2025;14:00;-0.02
01/12/2025;15:00;-0.04
01/12/2025;16:00;0.04
01/12/2025;17:00;0.19
01/12/2025;18:00;0.36
01/12/2025;19:00;0.48
01/12/2025;20:00;0.55
01/12/2025;21:00;0.56
01/12/2025;22:00;0.5
01/12/2025;23:00;0.39
02/12/2025;00:00;0.28
02/12/2025;01:00;0.22
02/12/2025;02:00;0.25
02/12/2025;03:00;0.35
02/12/2025;04:00;0.49
02/12/2025;05:00;0.64
02/12/2025;06:00;0.78
02/12/2025;07:00;0.87
02/12/2025;08:00;0.92
02/12/2025;09:00;0.89
02/12/2025;10:00;0.76
02/12/2025;11:00;0.58
02/12/2025;12:00;0.38
02/12/2025;13:00;0.19
02/12/2025;14:00;0.02
02/12/2025;15:00;-0.08
02/12/2025;16:00;-0.06
02/12/2025;17:00;0.08
02/12/2025;18:00;0.26
02/12/2025;19:00;0.43
02/12/2025;20:00;0.56
02/12/2025;21:00;0.64
02/12/2025;22:00;0.66
02/12/2025;23:00;0.6
03/12/2025;00:00;0.48
03/12/2025;01:00;0.37
03/12/2025;02:00;0.31
03/12/2025;03:00;0.33
03/12/2025;04:00;0.42
03/12/2025;05:00;0.57
03/12/2025;06:00;0.73
03/12/2025;07:00;0.85
03/12/2025;08:00;0.95
03/12/2025;09:00;0.96
03/12/2025;10:00;0.9
03/12/2025;11:00;0.74
03/12/2025;12:00;0.53
03/12/2025;13:00;0.33
03/12/2025;14:00;0.11
03/12/2025;15:00;-0.06
03/12/2025;16:00;-0.15
03/12/2025;17:00;-0.12
03/12/2025;18:00;0.05
03/12/2025;19:00;0.27
03/12/2025;20:00;0.45
03/12/2025;21:00;0.6
03/12/2025;22:00;0.67
03/12/2025;23:00;0.67
04/12/2025;00:00;0.59
04/12/2025;01:00;0.47
04/12/2025;02:00;0.36
04/12/2025;03:00;0.32
04/12/2025;04:00;0.37
04/12/2025;05:00;0.48
04/12/2025;06:00;0.64
04/12/2025;07:00;0.78
04/12/2025;08:00;0.91
04/12/2025;09:00;1
04/12/2025;10:00;0.98
04/12/2025;11:00;0.89
04/12/2025;12:00;0.72
04/12/2025;13:00;0.49
04/12/2025;14:00;0.27
04/12/2025;15:00;0.07
04/12/2025;16:00;-0.07
04/12/2025;17:00;-0.1
04/12/2025;18:00;0.03
04/12/2025;19:00;0.25
04/12/2025;20:00;0.46
04/12/2025;21:00;0.62
04/12/2025;22:00;0.75
04/12/2025;23:00;0.81
05/12/2025;00:00;0.76
05/12/2025;01:00;0.66
05/12/2025;02:00;0.54
05/12/2025;03:00;0.44
05/12/2025;04:00;0.41
05/12/2025;05:00;0.44
05/12/2025;06:00;0.55
05/12/2025;07:00;0.7
05/12/2025;08:00;0.84
05/12/2025;09:00;0.96
05/12/2025;10:00;1.04
05/12/2025;11:00;0.97
05/12/2025;12:00;0.82
05/12/2025;13:00;0.58
05/12/2025;14:00;0.35
05/12/2025;15:00;0.13
05/12/2025;16:00;-0.07
05/12/2025;17:00;-0.18
05/12/2025;18:00;-0.17
05/12/2025;19:00;-0.03
05/12/2025;20:00;0.18
05/12/2025;21:00;0.36
05/12/2025;22:00;0.51
05/12/2025;23:00;0.6
06/12/2025;00:00;0.62
06/12/2025;01:00;0.59
06/12/2025;02:00;0.49
06/12/2025;03:00;0.38
06/12/2025;04:00;0.32
06/12/2025;05:00;0.32
06/12/2025;06:00;0.39
06/12/2025;07:00;0.53
06/12/2025;08:00;0.67
06/12/2025;09:00;0.78
06/12/2025;10:00;0.84
06/12/2025;11:00;0.85
06/12/2025;12:00;0.78
06/12/2025;13:00;0.6
06/12/2025;14:00;0.4
06/12/2025;15:00;0.18
06/12/2025;16:00;-0.03
06/12/2025;17:00;-0.18
06/12/2025;18:00;-0.25
06/12/2025;19:00;-0.2
06/12/2025;20:00;-0.01
06/12/2025;21:00;0.19
06/12/2025;22:00;0.37
06/12/2025;23:00;0.51
07/12/2025;00:00;0.63
07/12/2025;01:00;0.68
07/12/2025;02:00;0.65
07/12/2025;03:00;0.56
07/12/2025;04:00;0.46
07/12/2025;05:00;0.39
07/12/2025;06:00;0.39
07/12/2025;07:00;0.46
07/12/2025;08:00;0.59
07/12/2025;09:00;0.71
07/12/2025;10:00;0.8
07/12/2025;11:00;0.84
07/12/2025;12:00;0.79
07/12/2025;13:00;0.66
07/12/2025;14:00;0.51
07/12/2025;15:00;0.32
07/12/2025;16:00;0.12
07/12/2025;17:00;-0.05
07/12/2025;18:00;-0.17
07/12/2025;19:00;-0.2
07/12/2025;20:00;-0.11
07/12/2025;21:00;0.07
07/12/2025;22:00;0.26
07/12/2025;23:00;0.43
08/12/2025;00:00;0.56
08/12/2025;01:00;0.66
08/12/2025;02:00;0.69
08/12/2025;03:00;0.65
08/12/2025;04:00;0.56
08/12/2025;05:00;0.48
08/12/2025;06:00;0.42
08/12/2025;07:00;0.41
08/12/2025;08:00;0.46
08/12/2025;09:00;0.56
08/12/2025;10:00;0.66
08/12/2025;11:00;0.73
08/12/2025;12:00;0.74
08/12/2025;13:00;0.67
08/12/2025;14:00;0.53
08/12/2025;15:00;0.37
08/12/2025;16:00;0.2
08/12/2025;17:00;0.03
08/12/2025;18:00;-0.1
08/12/2025;19:00;-0.16
08/12/2025;20:00;-0.14
08/12/2025;21:00;-0.02
08/12/2025;22:00;0.15
08/12/2025;23:00;0.33
09/12/2025;00:00;0.48
09/12/2025;01:00;0.61
09/12/2025;02:00;0.69
09/12/2025;03:00;0.71
09/12/2025;04:00;0.65
09/12/2025;05:00;0.54
09/12/2025;06:00;0.45
09/12/2025;07:00;0.4
09/12/2025;08:00;0.39
09/12/2025;09:00;0.43
09/12/2025;10:00;0.52
09/12/2025;11:00;0.58
09/12/2025;12:00;0.61
09/12/2025;13:00;0.57
09/12/2025;14:00;0.48
09/12/2025;15:00;0.35
09/12/2025;16:00;0.21
09/12/2025;17:00;0.1
09/12/2025;18:00;0
09/12/2025;19:00;-0.08
09/12/2025;20:00;-0.09
09/12/2025;21:00;-0.01
09/12/2025;22:00;0.13
09/12/2025;23:00;0.27
10/12/2025;00:00;0.42
10/12/2025;01:00;0.54
10/12/2025;02:00;0.63
10/12/2025;03:00;0.68
10/12/2025;04:00;0.68
10/12/2025;05:00;0.6
10/12/2025;06:00;0.5
10/12/2025;07:00;0.4
10/12/2025;08:00;0.34
10/12/2025;09:00;0.32
10/12/2025;10:00;0.33
10/12/2025;11:00;0.38
10/12/2025;12:00;0.42
10/12/2025;13:00;0.43
10/12/2025;14:00;0.4
10/12/2025;15:00;0.34
10/12/2025;16:00;0.24
10/12/2025;17:00;0.15
10/12/2025;18:00;0.06
10/12/2025;19:00;-0.01
10/12/2025;20:00;-0.03
10/12/2025;21:00;-0.01
10/12/2025;22:00;0.06
10/12/2025;23:00;0.18
11/12/2025;00:00;0.3
11/12/2025;01:00;0.43
11/12/2025;02:00;0.53
11/12/2025;03:00;0.61
11/12/2025;04:00;0.64
11/12/2025;05:00;0.61
11/12/2025;06:00;0.52
11/12/2025;07:00;0.41
11/12/2025;08:00;0.32
11/12/2025;09:00;0.25
11/12/2025;10:00;0.22
11/12/2025;11:00;0.23
11/12/2025;12:00;0.26
11/12/2025;13:00;0.3
11/12/2025;14:00;0.31
11/12/2025;15:00;0.27
11/12/2025;16:00;0.22
11/12/2025;17:00;0.17
11/12/2025;18:00;0.12
11/12/2025;19:00;0.08
11/12/2025;20:00;0.04
11/12/2025;21:00;0.03
11/12/2025;22:00;0.05
11/12/2025;23:00;0.11
12/12/2025;00:00;0.22
12/12/2025;01:00;0.34
12/12/2025;02:00;0.44
12/12/2025;03:00;0.53
12/12/2025;04:00;0.59
12/12/2025;05:00;0.62
12/12/2025;06:00;0.59
12/12/2025;07:00;0.51
12/12/2025;08:00;0.42
12/12/2025;09:00;0.33
12/12/2025;10:00;0.26
12/12/2025;11:00;0.21
12/12/2025;12:00;0.17
12/12/2025;13:00;0.15
12/12/2025;14:00;0.16
12/12/2025;15:00;0.18
12/12/2025;16:00;0.18
12/12/2025;17:00;0.18
12/12/2025;18:00;0.17
12/12/2025;19:00;0.15
12/12/2025;20:00;0.13
12/12/2025;21:00;0.11
12/12/2025;22:00;0.1
12/12/2025;23:00;0.11
13/12/2025;00:00;0.14
13/12/2025;01:00;0.21
13/12/2025;02:00;0.33
13/12/2025;03:00;0.45
13/12/2025;04:00;0.54
13/12/2025;05:00;0.61
13/12/2025;06:00;0.64
13/12/2025;07:00;0.6
13/12/2025;08:00;0.5
13/12/2025;09:00;0.38
13/12/2025;10:00;0.27
13/12/2025;11:00;0.17
13/12/2025;12:00;0.1
13/12/2025;13:00;0.06
13/12/2025;14:00;0.06
13/12/2025;15:00;0.09
13/12/2025;16:00;0.15
13/12/2025;17:00;0.22
13/12/2025;18:00;0.27
13/12/2025;19:00;0.28
13/12/2025;20:00;0.28
13/12/2025;21:00;0.25
13/12/2025;22:00;0.2
13/12/2025;23:00;0.17
14/12/2025;00:00;0.18
14/12/2025;01:00;0.25
14/12/2025;02:00;0.35
14/12/2025;03:00;0.46
14/12/2025;04:00;0.55
14/12/2025;05:00;0.62
14/12/2025;06:00;0.66
14/12/2025;07:00;0.63
14/12/2025;08:00;0.54
14/12/2025;09:00;0.42
14/12/2025;10:00;0.28
14/12/2025;11:00;0.17
14/12/2025;12:00;0.07
14/12/2025;13:00;0
14/12/2025;14:00;-0.04
14/12/2025;15:00;-0.04
14/12/2025;16:00;0.01
14/12/2025;17:00;0.08
14/12/2025;18:00;0.18
14/12/2025;19:00;0.26
14/12/2025;20:00;0.31
14/12/2025;21:00;0.32
14/12/2025;22:00;0.29
14/12/2025;23:00;0.24
15/12/2025;00:00;0.19
15/12/2025;01:00;0.17
15/12/2025;02:00;0.22
15/12/2025;03:00;0.32
15/12/2025;04:00;0.42
15/12/2025;05:00;0.52
15/12/2025;06:00;0.58
15/12/2025;07:00;0.59
15/12/2025;08:00;0.55
15/12/2025;09:00;0.44
15/12/2025;10:00;0.32
15/12/2025;11:00;0.17
15/12/2025;12:00;0.02
15/12/2025;13:00;-0.09
15/12/2025;14:00;-0.16
15/12/2025;15:00;-0.17
15/12/2025;16:00;-0.1
15/12/2025;17:00;0.02
15/12/2025;18:00;0.15
15/12/2025;19:00;0.24
15/12/2025;20:00;0.3
15/12/2025;21:00;0.34
15/12/2025;22:00;0.33
15/12/2025;23:00;0.28
16/12/2025;00:00;0.24
16/12/2025;01:00;0.22
16/12/2025;02:00;0.24
16/12/2025;03:00;0.29
16/12/2025;04:00;0.37
16/12/2025;05:00;0.45
16/12/2025;06:00;0.51
16/12/2025;07:00;0.56
16/12/2025;08:00;0.58
16/12/2025;09:00;0.54
16/12/2025;10:00;0.46
16/12/2025;11:00;0.35
16/12/2025;12:00;0.21
16/12/2025;13:00;0.06
16/12/2025;14:00;-0.06
16/12/2025;15:00;-0.13
16/12/2025;16:00;-0.13
16/12/2025;17:00;-0.02
16/12/2025;18:00;0.14
16/12/2025;19:00;0.3
16/12/2025;20:00;0.43
16/12/2025;21:00;0.52
16/12/2025;22:00;0.57
16/12/2025;23:00;0.57
17/12/2025;00:00;0.51
17/12/2025;01:00;0.42
17/12/2025;02:00;0.32
17/12/2025;03:00;0.29
17/12/2025;04:00;0.35
17/12/2025;05:00;0.47
17/12/2025;06:00;0.62
17/12/2025;07:00;0.73
17/12/2025;08:00;0.8
17/12/2025;09:00;0.78
17/12/2025;10:00;0.68
17/12/2025;11:00;0.53
17/12/2025;12:00;0.35
17/12/2025;13:00;0.19
17/12/2025;14:00;0.02
17/12/2025;15:00;-0.09
17/12/2025;16:00;-0.15
17/12/2025;17:00;-0.1
17/12/2025;18:00;0.02
17/12/2025;19:00;0.18
17/12/2025;20:00;0.34
17/12/2025;21:00;0.45
17/12/2025;22:00;0.53
17/12/2025;23:00;0.54
18/12/2025;00:00;0.49
18/12/2025;01:00;0.4
18/12/2025;02:00;0.31
18/12/2025;03:00;0.28
18/12/2025;04:00;0.31
18/12/2025;05:00;0.39
18/12/2025;06:00;0.5
18/12/2025;07:00;0.61
18/12/2025;08:00;0.69
18/12/2025;09:00;0.73
18/12/2025;10:00;0.68
18/12/2025;11:00;0.56
18/12/2025;12:00;0.38
18/12/2025;13:00;0.18
18/12/2025;14:00;-0.02
18/12/2025;15:00;-0.19
18/12/2025;16:00;-0.29
18/12/2025;17:00;-0.28
18/12/2025;18:00;-0.14
18/12/2025;19:00;0.06
18/12/2025;20:00;0.25
18/12/2025;21:00;0.39
18/12/2025;22:00;0.47
18/12/2025;23:00;0.51
19/12/2025;00:00;0.48
19/12/2025;01:00;0.39
19/12/2025;02:00;0.28
19/12/2025;03:00;0.21
19/12/2025;04:00;0.19
19/12/2025;05:00;0.24
19/12/2025;06:00;0.37
19/12/2025;07:00;0.49
19/12/2025;08:00;0.6
19/12/2025;09:00;0.67
19/12/2025;10:00;0.65
19/12/2025;11:00;0.55
19/12/2025;12:00;0.37
19/12/2025;13:00;0.18
19/12/2025;14:00;-0.02
19/12/2025;15:00;-0.18
19/12/2025;16:00;-0.29
19/12/2025;17:00;-0.31
19/12/2025;18:00;-0.22
19/12/2025;19:00;-0.05
19/12/2025;20:00;0.13
19/12/2025;21:00;0.28
19/12/2025;22:00;0.4
19/12/2025;23:00;0.47
20/12/2025;00:00;0.48
20/12/2025;01:00;0.41
20/12/2025;02:00;0.29
20/12/2025;03:00;0.17
20/12/2025;04:00;0.1
20/12/2025;05:00;0.11
20/12/2025;06:00;0.21
20/12/2025;07:00;0.35
20/12/2025;08:00;0.5
20/12/2025;09:00;0.61
20/12/2025;10:00;0.65
20/12/2025;11:00;0.59
20/12/2025;12:00;0.45
20/12/2025;13:00;0.26
20/12/2025;14:00;0.05
20/12/2025;15:00;-0.15
20/12/2025;16:00;-0.31
20/12/2025;17:00;-0.38
20/12/2025;18:00;-0.31
20/12/2025;19:00;-0.13
20/12/2025;20:00;0.09
20/12/2025;21:00;0.25
20/12/2025;22:00;0.38
20/12/2025;23:00;0.46
21/12/2025;00:00;0.48
21/12/2025;01:00;0.43
21/12/2025;02:00;0.33
21/12/2025;03:00;0.22
21/12/2025;04:00;0.17
21/12/2025;05:00;0.18
21/12/2025;06:00;0.25
21/12/2025;07:00;0.37
21/12/2025;08:00;0.48
21/12/2025;09:00;0.57
21/12/2025;10:00;0.63
21/12/2025;11:00;0.63
21/12/2025;12:00;0.53
21/12/2025;13:00;0.37
21/12/2025;14:00;0.19
21/12/2025;15:00;0.01
21/12/2025;16:00;-0.15
21/12/2025;17:00;-0.25
21/12/2025;18:00;-0.26
21/12/2025;19:00;-0.15
21/12/2025;20:00;0.02
21/12/2025;21:00;0.18
21/12/2025;22:00;0.33
21/12/2025;23:00;0.45
22/12/2025;00:00;0.52
22/12/2025;01:00;0.54
22/12/2025;02:00;0.52
22/12/2025;03:00;0.43
22/12/2025;04:00;0.32
22/12/2025;05:00;0.25
22/12/2025;06:00;0.24
22/12/2025;07:00;0.3
22/12/2025;08:00;0.41
22/12/2025;09:00;0.55
22/12/2025;10:00;0.66
22/12/2025;11:00;0.71
22/12/2025;12:00;0.69
22/12/2025;13:00;0.57
22/12/2025;14:00;0.4
22/12/2025;15:00;0.21
22/12/2025;16:00;0.02
22/12/2025;17:00;-0.12
22/12/2025;18:00;-0.2
22/12/2025;19:00;-0.17
22/12/2025;20:00;-0.04
22/12/2025;21:00;0.14
22/12/2025;22:00;0.31
22/12/2025;23:00;0.47
23/12/2025;00:00;0.57
23/12/2025;01:00;0.63
23/12/2025;02:00;0.63
23/12/2025;03:00;0.56
23/12/2025;04:00;0.46
23/12/2025;05:00;0.38
23/12/2025;06:00;0.36
23/12/2025;07:00;0.37
23/12/2025;08:00;0.47
23/12/2025;09:00;0.59
23/12/2025;10:00;0.71
23/12/2025;11:00;0.79
23/12/2025;12:00;0.81
23/12/2025;13:00;0.75
23/12/2025;14:00;0.6
23/12/2025;15:00;0.43
23/12/2025;16:00;0.26
23/12/2025;17:00;0.12
23/12/2025;18:00;0.02
23/12/2025;19:00;0.01
23/12/2025;20:00;0.1
23/12/2025;21:00;0.25
23/12/2025;22:00;0.41
23/12/2025;23:00;0.58
24/12/2025;00:00;0.72
24/12/2025;01:00;0.82
24/12/2025;02:00;0.88
24/12/2025;03:00;0.86
24/12/2025;04:00;0.79
24/12/2025;05:00;0.68
24/12/2025;06:00;0.6
24/12/2025;07:00;0.57
24/12/2025;08:00;0.64
24/12/2025;09:00;0.75
24/12/2025;10:00;0.85
24/12/2025;11:00;0.95
24/12/2025;12:00;0.98
24/12/2025;13:00;0.89
24/12/2025;14:00;0.74
24/12/2025;15:00;0.55
24/12/2025;16:00;0.4
24/12/2025;17:00;0.22
24/12/2025;18:00;0.11
24/12/2025;19:00;0.12
24/12/2025;20:00;0.17
24/12/2025;21:00;0.29
24/12/2025;22:00;0.43
24/12/2025;23:00;0.6
25/12/2025;00:00;0.73
25/12/2025;01:00;0.8
25/12/2025;02:00;0.83
25/12/2025;03:00;0.83
25/12/2025;04:00;0.79
25/12/2025;05:00;0.7
25/12/2025;06:00;0.6
25/12/2025;07:00;0.55
25/12/2025;08:00;0.51
25/12/2025;09:00;0.52
25/12/2025;10:00;0.56
25/12/2025;11:00;0.63
25/12/2025;12:00;0.69
25/12/2025;13:00;0.68
25/12/2025;14:00;0.63
25/12/2025;15:00;0.52
25/12/2025;16:00;0.37
25/12/2025;17:00;0.24
25/12/2025;18:00;0.14
25/12/2025;19:00;0.1
25/12/2025;20:00;0.11
25/12/2025;21:00;0.17
25/12/2025;22:00;0.27
25/12/2025;23:00;0.39
26/12/2025;00:00;0.49
26/12/2025;01:00;0.59
26/12/2025;02:00;0.67
26/12/2025;03:00;0.69
26/12/2025;04:00;0.65
26/12/2025;05:00;0.58
26/12/2025;06:00;0.49
26/12/2025;07:00;0.39
26/12/2025;08:00;0.32
26/12/2025;09:00;0.28
26/12/2025;10:00;0.27
26/12/2025;11:00;0.31
26/12/2025;12:00;0.37
26/12/2025;13:00;0.41
26/12/2025;14:00;0.42
26/12/2025;15:00;0.4
26/12/2025;16:00;0.32
26/12/2025;17:00;0.21
26/12/2025;18:00;0.11
26/12/2025;19:00;0.02
26/12/2025;20:00;-0.03
26/12/2025;21:00;-0.03
26/12/2025;22:00;0.01
26/12/2025;23:00;0.11
27/12/2025;00:00;0.23
27/12/2025;01:00;0.35
27/12/2025;02:00;0.45
27/12/2025;03:00;0.52
27/12/2025;04:00;0.55
27/12/2025;05:00;0.53
27/12/2025;06:00;0.43
27/12/2025;07:00;0.31
27/12/2025;08:00;0.2
27/12/2025;09:00;0.1
27/12/2025;10:00;0.04
27/12/2025;11:00;0.05
27/12/2025;12:00;0.1
27/12/2025;13:00;0.18
27/12/2025;14:00;0.25
27/12/2025;15:00;0.27
27/12/2025;16:00;0.24
27/12/2025;17:00;0.18
27/12/2025;18:00;0.09
27/12/2025;19:00;0
27/12/2025;20:00;-0.05
27/12/2025;21:00;-0.08
27/12/2025;22:00;-0.07
27/12/2025;23:00;0.02
28/12/2025;00:00;0.15
28/12/2025;01:00;0.29
28/12/2025;02:00;0.42
28/12/2025;03:00;0.53
28/12/2025;04:00;0.61
28/12/2025;05:00;0.64
28/12/2025;06:00;0.6
28/12/2025;07:00;0.52
28/12/2025;08:00;0.4
28/12/2025;09:00;0.28
28/12/2025;10:00;0.18
28/12/2025;11:00;0.12
28/12/2025;12:00;0.1
28/12/2025;13:00;0.14
28/12/2025;14:00;0.18
28/12/2025;15:00;0.23
28/12/2025;16:00;0.28
28/12/2025;17:00;0.3
28/12/2025;18:00;0.26
28/12/2025;19:00;0.19
28/12/2025;20:00;0.11
28/12/2025;21:00;0.04
28/12/2025;22:00;0.02
28/12/2025;23:00;0.05
29/12/2025;00:00;0.14
29/12/2025;01:00;0.24
29/12/2025;02:00;0.37
29/12/2025;03:00;0.5
29/12/2025;04:00;0.59
29/12/2025;05:00;0.65
29/12/2025;06:00;0.68
29/12/2025;07:00;0.62
29/12/2025;08:00;0.51
29/12/2025;09:00;0.39
29/12/2025;10:00;0.26
29/12/2025;11:00;0.14
29/12/2025;12:00;0.04
29/12/2025;13:00;0
29/12/2025;14:00;0.03
29/12/2025;15:00;0.09
29/12/2025;16:00;0.18
29/12/2025;17:00;0.27
29/12/2025;18:00;0.33
29/12/2025;19:00;0.35
29/12/2025;20:00;0.33
29/12/2025;21:00;0.3
29/12/2025;22:00;0.25
29/12/2025;23:00;0.24
30/12/2025;00:00;0.29
30/12/2025;01:00;0.37
30/12/2025;02:00;0.49
30/12/2025;03:00;0.59
30/12/2025;04:00;0.69
30/12/2025;05:00;0.77
30/12/2025;06:00;0.81
30/12/2025;07:00;0.79
30/12/2025;08:00;0.71
30/12/2025;09:00;0.57
30/12/2025;10:00;0.42
30/12/2025;11:00;0.26
30/12/2025;12:00;0.13
30/12/2025;13:00;0.02
30/12/2025;14:00;-0.05
30/12/2025;15:00;-0.04
30/12/2025;16:00;0.04
30/12/2025;17:00;0.16
30/12/2025;18:00;0.28
30/12/2025;19:00;0.39
30/12/2025;20:00;0.47
30/12/2025;21:00;0.49
30/12/2025;22:00;0.46
30/12/2025;23:00;0.42
31/12/2025;00:00;0.36
31/12/2025;01:00;0.34
31/12/2025;02:00;0.38
31/12/2025;03:00;0.45
31/12/2025;04:00;0.54
31/12/2025;05:00;0.62
31/12/2025;06:00;0.69
31/12/2025;07:00;0.72
31/12/2025;08:00;0.69
31/12/2025;09:00;0.6
31/12/2025;10:00;0.45
31/12/2025;11:00;0.27
31/12/2025;12:00;0.09
31/12/2025;13:00;-0.09
31/12/2025;14:00;-0.24
31/12/2025;15:00;-0.32
31/12/2025;16:00;-0.29
31/12/2025;17:00;-0.15
31/12/2025;18:00;0.05
31/12/2025;19:00;0.22
31/12/2025;20:00;0.36
31/12/2025;21:00;0.45
31/12/2025;22:00;0.48
31/12/2025;23:00;0.46
01/01/2026;00:00;0.38
