Punta della Salute Canal Grande;latitudine_Nord;45.431.078;longitudine_Est;12.336.378
Data_ora_solare;Livello_(m);;;
01/01/2021 01:00;0.68;;;
01/01/2021 02:00;0.67;;;
01/01/2021 03:00;0.57;;;
01/01/2021 04:00;0.48;;;
01/01/2021 05:00;0.45;;;
01/01/2021 06:00;0.49;;;
01/01/2021 07:00;0.53;;;
01/01/2021 08:00;0.6;;;
01/01/2021 09:00;0.68;;;
01/01/2021 10:00;0.77;;;
01/01/2021 11:00;0.83;;;
01/01/2021 12:00;0.85;;;
01/01/2021 13:00;0.75;;;
01/01/2021 14:00;0.55;;;
01/01/2021 15:00;0.34;;;
01/01/2021 16:00;0.15;;;
01/01/2021 17:00;0.01;;;
01/01/2021 18:00;-0.09;;;
01/01/2021 19:00;-0.07;;;
01/01/2021 20:00;0.07;;;
01/01/2021 21:00;0.26;;;
01/01/2021 22:00;0.45;;;
01/01/2021 23:00;0.62;;;
02/01/2021 00:00;0.75;;;
02/01/2021 01:00;0.83;;;
02/01/2021 02:00;0.84;;;
02/01/2021 03:00;0.78;;;
02/01/2021 04:00;0.7;;;
02/01/2021 05:00;0.6;;;
02/01/2021 06:00;0.58;;;
02/01/2021 07:00;0.58;;;
02/01/2021 08:00;0.59;;;
02/01/2021 09:00;0.64;;;
02/01/2021 10:00;0.68;;;
02/01/2021 11:00;0.66;;;
02/01/2021 12:00;0.66;;;
02/01/2021 13:00;0.7;;;
02/01/2021 14:00;0.72;;;
02/01/2021 15:00;0.69;;;
02/01/2021 16:00;0.55;;;
02/01/2021 17:00;0.41;;;
02/01/2021 18:00;0.28;;;
02/01/2021 19:00;0.21;;;
02/01/2021 20:00;0.25;;;
02/01/2021 21:00;0.37;;;
02/01/2021 22:00;0.54;;;
02/01/2021 23:00;0.69;;;
03/01/2021 00:00;0.81;;;
03/01/2021 01:00;0.89;;;
03/01/2021 02:00;0.88;;;
03/01/2021 03:00;0.82;;;
03/01/2021 04:00;0.69;;;
03/01/2021 05:00;0.56;;;
03/01/2021 06:00;0.44;;;
03/01/2021 07:00;0.4;;;
03/01/2021 08:00;0.43;;;
03/01/2021 09:00;0.5;;;
03/01/2021 10:00;0.64;;;
03/01/2021 11:00;0.76;;;
03/01/2021 12:00;0.83;;;
03/01/2021 13:00;0.85;;;
03/01/2021 14:00;0.81;;;
03/01/2021 15:00;0.68;;;
03/01/2021 16:00;0.52;;;
03/01/2021 17:00;0.37;;;
03/01/2021 18:00;0.25;;;
03/01/2021 19:00;0.15;;;
03/01/2021 20:00;0.1;;;
03/01/2021 21:00;0.14;;;
03/01/2021 22:00;0.28;;;
03/01/2021 23:00;0.42;;;
04/01/2021 00:00;0.56;;;
04/01/2021 01:00;0.67;;;
04/01/2021 02:00;0.74;;;
04/01/2021 03:00;0.74;;;
04/01/2021 04:00;0.65;;;
04/01/2021 05:00;0.53;;;
04/01/2021 06:00;0.44;;;
04/01/2021 07:00;0.37;;;
04/01/2021 08:00;0.38;;;
04/01/2021 09:00;0.44;;;
04/01/2021 10:00;0.54;;;
04/01/2021 11:00;0.65;;;
04/01/2021 12:00;0.73;;;
04/01/2021 13:00;0.76;;;
04/01/2021 14:00;0.73;;;
04/01/2021 15:00;0.64;;;
04/01/2021 16:00;0.51;;;
04/01/2021 17:00;0.38;;;
04/01/2021 18:00;0.24;;;
04/01/2021 19:00;0.13;;;
04/01/2021 20:00;0.06;;;
04/01/2021 21:00;0.06;;;
04/01/2021 22:00;0.15;;;
04/01/2021 23:00;0.29;;;
05/01/2021 00:00;0.44;;;
05/01/2021 01:00;0.56;;;
05/01/2021 02:00;0.66;;;
05/01/2021 03:00;0.72;;;
05/01/2021 04:00;0.74;;;
05/01/2021 05:00;0.7;;;
05/01/2021 06:00;0.62;;;
05/01/2021 07:00;0.55;;;
05/01/2021 08:00;0.49;;;
05/01/2021 09:00;0.45;;;
05/01/2021 10:00;0.49;;;
05/01/2021 11:00;0.56;;;
05/01/2021 12:00;0.64;;;
05/01/2021 13:00;0.71;;;
05/01/2021 14:00;0.75;;;
05/01/2021 15:00;0.74;;;
05/01/2021 16:00;0.66;;;
05/01/2021 17:00;0.56;;;
05/01/2021 18:00;0.44;;;
05/01/2021 19:00;0.32;;;
05/01/2021 20:00;0.25;;;
05/01/2021 21:00;0.22;;;
05/01/2021 22:00;0.27;;;
05/01/2021 23:00;0.36;;;
06/01/2021 00:00;0.49;;;
06/01/2021 01:00;0.64;;;
06/01/2021 02:00;0.77;;;
06/01/2021 03:00;0.84;;;
06/01/2021 04:00;0.89;;;
06/01/2021 05:00;0.87;;;
06/01/2021 06:00;0.79;;;
06/01/2021 07:00;0.69;;;
06/01/2021 08:00;0.57;;;
06/01/2021 09:00;0.47;;;
06/01/2021 10:00;0.41;;;
06/01/2021 11:00;0.38;;;
06/01/2021 12:00;0.4;;;
06/01/2021 13:00;0.46;;;
06/01/2021 14:00;0.5;;;
06/01/2021 15:00;0.5;;;
06/01/2021 16:00;0.46;;;
06/01/2021 17:00;0.43;;;
06/01/2021 18:00;0.37;;;
06/01/2021 19:00;0.3;;;
06/01/2021 20:00;0.24;;;
06/01/2021 21:00;0.23;;;
06/01/2021 22:00;0.22;;;
06/01/2021 23:00;0.23;;;
07/01/2021 00:00;0.32;;;
07/01/2021 01:00;0.44;;;
07/01/2021 02:00;0.56;;;
07/01/2021 03:00;0.68;;;
07/01/2021 04:00;0.78;;;
07/01/2021 05:00;0.79;;;
07/01/2021 06:00;0.75;;;
07/01/2021 07:00;0.65;;;
07/01/2021 08:00;0.52;;;
07/01/2021 09:00;0.4;;;
07/01/2021 10:00;0.31;;;
07/01/2021 11:00;0.25;;;
07/01/2021 12:00;0.21;;;
07/01/2021 13:00;0.19;;;
07/01/2021 14:00;0.22;;;
07/01/2021 15:00;0.25;;;
07/01/2021 16:00;0.29;;;
07/01/2021 17:00;0.33;;;
07/01/2021 18:00;0.36;;;
07/01/2021 19:00;0.38;;;
07/01/2021 20:00;0.37;;;
07/01/2021 21:00;0.32;;;
07/01/2021 22:00;0.29;;;
07/01/2021 23:00;0.26;;;
08/01/2021 00:00;0.26;;;
08/01/2021 01:00;0.33;;;
08/01/2021 02:00;0.45;;;
08/01/2021 03:00;0.56;;;
08/01/2021 04:00;0.66;;;
08/01/2021 05:00;0.74;;;
08/01/2021 06:00;0.78;;;
08/01/2021 07:00;0.75;;;
08/01/2021 08:00;0.69;;;
08/01/2021 09:00;0.59;;;
08/01/2021 10:00;0.45;;;
08/01/2021 11:00;0.31;;;
08/01/2021 12:00;0.18;;;
08/01/2021 13:00;0.07;;;
08/01/2021 14:00;0.01;;;
08/01/2021 15:00;0.01;;;
08/01/2021 16:00;0.08;;;
08/01/2021 17:00;0.17;;;
08/01/2021 18:00;0.28;;;
08/01/2021 19:00;0.37;;;
08/01/2021 20:00;0.42;;;
08/01/2021 21:00;0.42;;;
08/01/2021 22:00;0.37;;;
08/01/2021 23:00;0.29;;;
09/01/2021 00:00;0.23;;;
09/01/2021 01:00;0.22;;;
09/01/2021 02:00;0.26;;;
09/01/2021 03:00;0.38;;;
09/01/2021 04:00;0.51;;;
09/01/2021 05:00;0.64;;;
09/01/2021 06:00;0.76;;;
09/01/2021 07:00;0.82;;;
09/01/2021 08:00;0.81;;;
09/01/2021 09:00;0.72;;;
09/01/2021 10:00;0.57;;;
09/01/2021 11:00;0.4;;;
09/01/2021 12:00;0.22;;;
09/01/2021 13:00;0.09;;;
09/01/2021 14:00;-0.02;;;
09/01/2021 15:00;-0.05;;;
09/01/2021 16:00;-0.01;;;
09/01/2021 17:00;0.11;;;
09/01/2021 18:00;0.27;;;
09/01/2021 19:00;0.39;;;
09/01/2021 20:00;0.49;;;
09/01/2021 21:00;0.56;;;
09/01/2021 22:00;0.56;;;
09/01/2021 23:00;0.52;;;
10/01/2021 00:00;0.44;;;
10/01/2021 01:00;0.34;;;
10/01/2021 02:00;0.3;;;
10/01/2021 03:00;0.35;;;
10/01/2021 04:00;0.47;;;
10/01/2021 05:00;0.6;;;
10/01/2021 06:00;0.73;;;
10/01/2021 07:00;0.82;;;
10/01/2021 08:00;0.87;;;
10/01/2021 09:00;0.84;;;
10/01/2021 10:00;0.75;;;
10/01/2021 11:00;0.56;;;
10/01/2021 12:00;0.36;;;
10/01/2021 13:00;0.18;;;
10/01/2021 14:00;0.03;;;
10/01/2021 15:00;-0.06;;;
10/01/2021 16:00;-0.07;;;
10/01/2021 17:00;0.02;;;
10/01/2021 18:00;0.18;;;
10/01/2021 19:00;0.36;;;
10/01/2021 20:00;0.51;;;
10/01/2021 21:00;0.6;;;
10/01/2021 22:00;0.61;;;
10/01/2021 23:00;0.62;;;
11/01/2021 00:00;0.54;;;
11/01/2021 01:00;0.46;;;
11/01/2021 02:00;0.38;;;
11/01/2021 03:00;0.36;;;
11/01/2021 04:00;0.37;;;
11/01/2021 05:00;0.46;;;
11/01/2021 06:00;0.59;;;
11/01/2021 07:00;0.69;;;
11/01/2021 08:00;0.78;;;
11/01/2021 09:00;0.83;;;
11/01/2021 10:00;0.8;;;
11/01/2021 11:00;0.69;;;
11/01/2021 12:00;0.51;;;
11/01/2021 13:00;0.3;;;
11/01/2021 14:00;0.12;;;
11/01/2021 15:00;-0.03;;;
11/01/2021 16:00;-0.13;;;
11/01/2021 17:00;-0.14;;;
11/01/2021 18:00;-0.02;;;
11/01/2021 19:00;0.18;;;
11/01/2021 20:00;0.36;;;
11/01/2021 21:00;0.51;;;
11/01/2021 22:00;0.62;;;
11/01/2021 23:00;0.68;;;
12/01/2021 00:00;0.66;;;
12/01/2021 01:00;0.56;;;
12/01/2021 02:00;0.43;;;
12/01/2021 03:00;0.34;;;
12/01/2021 04:00;0.28;;;
12/01/2021 05:00;0.3;;;
12/01/2021 06:00;0.41;;;
12/01/2021 07:00;0.55;;;
12/01/2021 08:00;0.67;;;
12/01/2021 09:00;0.76;;;
12/01/2021 10:00;0.8;;;
12/01/2021 11:00;0.72;;;
12/01/2021 12:00;0.55;;;
12/01/2021 13:00;0.36;;;
12/01/2021 14:00;0.14;;;
12/01/2021 15:00;-0.07;;;
12/01/2021 16:00;-0.23;;;
12/01/2021 17:00;-0.3;;;
12/01/2021 18:00;-0.21;;;
12/01/2021 19:00;-0.01;;;
12/01/2021 20:00;0.21;;;
12/01/2021 21:00;0.4;;;
12/01/2021 22:00;0.55;;;
12/01/2021 23:00;0.66;;;
13/01/2021 00:00;0.7;;;
13/01/2021 01:00;0.66;;;
13/01/2021 02:00;0.52;;;
13/01/2021 03:00;0.4;;;
13/01/2021 04:00;0.32;;;
13/01/2021 05:00;0.3;;;
13/01/2021 06:00;0.38;;;
13/01/2021 07:00;0.54;;;
13/01/2021 08:00;0.69;;;
13/01/2021 09:00;0.8;;;
13/01/2021 10:00;0.87;;;
13/01/2021 11:00;0.86;;;
13/01/2021 12:00;0.71;;;
13/01/2021 13:00;0.51;;;
13/01/2021 14:00;0.27;;;
13/01/2021 15:00;0.04;;;
13/01/2021 16:00;-0.16;;;
13/01/2021 17:00;-0.29;;;
13/01/2021 18:00;-0.28;;;
13/01/2021 19:00;-0.14;;;
13/01/2021 20:00;0.09;;;
13/01/2021 21:00;0.31;;;
13/01/2021 22:00;0.49;;;
13/01/2021 23:00;0.63;;;
14/01/2021 00:00;0.72;;;
14/01/2021 01:00;0.72;;;
14/01/2021 02:00;0.63;;;
14/01/2021 03:00;0.49;;;
14/01/2021 04:00;0.38;;;
14/01/2021 05:00;0.35;;;
14/01/2021 06:00;0.4;;;
14/01/2021 07:00;0.52;;;
14/01/2021 08:00;0.67;;;
14/01/2021 09:00;0.79;;;
14/01/2021 10:00;0.86;;;
14/01/2021 11:00;0.87;;;
14/01/2021 12:00;0.77;;;
14/01/2021 13:00;0.6;;;
14/01/2021 14:00;0.4;;;
14/01/2021 15:00;0.2;;;
14/01/2021 16:00;-0.01;;;
14/01/2021 17:00;-0.15;;;
14/01/2021 18:00;-0.19;;;
14/01/2021 19:00;-0.12;;;
14/01/2021 20:00;0.07;;;
14/01/2021 21:00;0.28;;;
14/01/2021 22:00;0.47;;;
14/01/2021 23:00;0.63;;;
15/01/2021 00:00;0.72;;;
15/01/2021 01:00;0.75;;;
15/01/2021 02:00;0.72;;;
15/01/2021 03:00;0.61;;;
15/01/2021 04:00;0.47;;;
15/01/2021 05:00;0.35;;;
15/01/2021 06:00;0.28;;;
15/01/2021 07:00;0.3;;;
15/01/2021 08:00;0.41;;;
15/01/2021 09:00;0.55;;;
15/01/2021 10:00;0.7;;;
15/01/2021 11:00;0.78;;;
15/01/2021 12:00;0.77;;;
15/01/2021 13:00;0.68;;;
15/01/2021 14:00;0.49;;;
15/01/2021 15:00;0.29;;;
15/01/2021 16:00;0.09;;;
15/01/2021 17:00;-0.08;;;
15/01/2021 18:00;-0.17;;;
15/01/2021 19:00;-0.17;;;
15/01/2021 20:00;-0.06;;;
15/01/2021 21:00;0.11;;;
15/01/2021 22:00;0.3;;;
15/01/2021 23:00;0.45;;;
16/01/2021 00:00;0.57;;;
16/01/2021 01:00;0.64;;;
16/01/2021 02:00;0.62;;;
16/01/2021 03:00;0.51;;;
16/01/2021 04:00;0.37;;;
16/01/2021 05:00;0.26;;;
16/01/2021 06:00;0.19;;;
16/01/2021 07:00;0.17;;;
16/01/2021 08:00;0.26;;;
16/01/2021 09:00;0.4;;;
16/01/2021 10:00;0.54;;;
16/01/2021 11:00;0.64;;;
16/01/2021 12:00;0.67;;;
16/01/2021 13:00;0.6;;;
16/01/2021 14:00;0.43;;;
16/01/2021 15:00;0.22;;;
16/01/2021 16:00;0.01;;;
16/01/2021 17:00;-0.19;;;
16/01/2021 18:00;-0.32;;;
16/01/2021 19:00;-0.36;;;
16/01/2021 20:00;-0.28;;;
16/01/2021 21:00;-0.09;;;
16/01/2021 22:00;0.12;;;
16/01/2021 23:00;0.28;;;
17/01/2021 00:00;0.41;;;
17/01/2021 01:00;0.51;;;
17/01/2021 02:00;0.57;;;
17/01/2021 03:00;0.56;;;
17/01/2021 04:00;0.49;;;
17/01/2021 05:00;0.39;;;
17/01/2021 06:00;0.32;;;
17/01/2021 07:00;0.29;;;
17/01/2021 08:00;0.32;;;
17/01/2021 09:00;0.42;;;
17/01/2021 10:00;0.52;;;
17/01/2021 11:00;0.62;;;
17/01/2021 12:00;0.65;;;
17/01/2021 13:00;0.63;;;
17/01/2021 14:00;0.51;;;
17/01/2021 15:00;0.33;;;
17/01/2021 16:00;0.15;;;
17/01/2021 17:00;-0.01;;;
17/01/2021 18:00;-0.14;;;
17/01/2021 19:00;-0.2;;;
17/01/2021 20:00;-0.18;;;
17/01/2021 21:00;-0.07;;;
17/01/2021 22:00;0.09;;;
17/01/2021 23:00;0.26;;;
18/01/2021 00:00;0.42;;;
18/01/2021 01:00;0.56;;;
18/01/2021 02:00;0.63;;;
18/01/2021 03:00;0.66;;;
18/01/2021 04:00;0.61;;;
18/01/2021 05:00;0.5;;;
18/01/2021 06:00;0.4;;;
18/01/2021 07:00;0.32;;;
18/01/2021 08:00;0.28;;;
18/01/2021 09:00;0.3;;;
18/01/2021 10:00;0.35;;;
18/01/2021 11:00;0.42;;;
18/01/2021 12:00;0.46;;;
18/01/2021 13:00;0.44;;;
18/01/2021 14:00;0.35;;;
18/01/2021 15:00;0.23;;;
18/01/2021 16:00;0.1;;;
18/01/2021 17:00;-0.03;;;
18/01/2021 18:00;-0.15;;;
18/01/2021 19:00;-0.2;;;
18/01/2021 20:00;-0.18;;;
18/01/2021 21:00;-0.1;;;
18/01/2021 22:00;0.04;;;
18/01/2021 23:00;0.19;;;
19/01/2021 00:00;0.32;;;
19/01/2021 01:00;0.43;;;
19/01/2021 02:00;0.51;;;
19/01/2021 03:00;0.57;;;
19/01/2021 04:00;0.57;;;
19/01/2021 05:00;0.49;;;
19/01/2021 06:00;0.39;;;
19/01/2021 07:00;0.29;;;
19/01/2021 08:00;0.21;;;
19/01/2021 09:00;0.16;;;
19/01/2021 10:00;0.17;;;
19/01/2021 11:00;0.21;;;
19/01/2021 12:00;0.27;;;
19/01/2021 13:00;0.32;;;
19/01/2021 14:00;0.33;;;
19/01/2021 15:00;0.25;;;
19/01/2021 16:00;0.15;;;
19/01/2021 17:00;0.05;;;
19/01/2021 18:00;-0.04;;;
19/01/2021 19:00;-0.07;;;
19/01/2021 20:00;-0.07;;;
19/01/2021 21:00;-0.01;;;
19/01/2021 22:00;0.09;;;
19/01/2021 23:00;0.21;;;
20/01/2021 00:00;0.33;;;
20/01/2021 01:00;0.44;;;
20/01/2021 02:00;0.53;;;
20/01/2021 03:00;0.58;;;
20/01/2021 04:00;0.59;;;
20/01/2021 05:00;0.52;;;
20/01/2021 06:00;0.42;;;
20/01/2021 07:00;0.31;;;
20/01/2021 08:00;0.22;;;
20/01/2021 09:00;0.17;;;
20/01/2021 10:00;0.13;;;
20/01/2021 11:00;0.16;;;
20/01/2021 12:00;0.2;;;
20/01/2021 13:00;0.22;;;
20/01/2021 14:00;0.24;;;
20/01/2021 15:00;0.23;;;
20/01/2021 16:00;0.19;;;
20/01/2021 17:00;0.14;;;
20/01/2021 18:00;0.1;;;
20/01/2021 19:00;0.07;;;
20/01/2021 20:00;0.06;;;
20/01/2021 21:00;0.1;;;
20/01/2021 22:00;0.19;;;
20/01/2021 23:00;0.31;;;
21/01/2021 00:00;0.4;;;
21/01/2021 01:00;0.48;;;
21/01/2021 02:00;0.54;;;
21/01/2021 03:00;0.57;;;
21/01/2021 04:00;0.57;;;
21/01/2021 05:00;0.53;;;
21/01/2021 06:00;0.46;;;
21/01/2021 07:00;0.39;;;
21/01/2021 08:00;0.32;;;
21/01/2021 09:00;0.24;;;
21/01/2021 10:00;0.19;;;
21/01/2021 11:00;0.14;;;
21/01/2021 12:00;0.15;;;
21/01/2021 13:00;0.18;;;
21/01/2021 14:00;0.21;;;
21/01/2021 15:00;0.24;;;
21/01/2021 16:00;0.25;;;
21/01/2021 17:00;0.25;;;
21/01/2021 18:00;0.26;;;
21/01/2021 19:00;0.27;;;
21/01/2021 20:00;0.31;;;
21/01/2021 21:00;0.35;;;
21/01/2021 22:00;0.38;;;
21/01/2021 23:00;0.39;;;
22/01/2021 00:00;0.43;;;
22/01/2021 01:00;0.46;;;
22/01/2021 02:00;0.52;;;
22/01/2021 03:00;0.59;;;
22/01/2021 04:00;0.66;;;
22/01/2021 05:00;0.71;;;
22/01/2021 06:00;0.72;;;
22/01/2021 07:00;0.69;;;
22/01/2021 08:00;0.62;;;
22/01/2021 09:00;0.52;;;
22/01/2021 10:00;0.43;;;
22/01/2021 11:00;0.34;;;
22/01/2021 12:00;0.26;;;
22/01/2021 13:00;0.22;;;
22/01/2021 14:00;0.21;;;
22/01/2021 15:00;0.26;;;
22/01/2021 16:00;0.34;;;
22/01/2021 17:00;0.43;;;
22/01/2021 18:00;0.51;;;
22/01/2021 19:00;0.55;;;
22/01/2021 20:00;0.57;;;
22/01/2021 21:00;0.57;;;
22/01/2021 22:00;0.55;;;
22/01/2021 23:00;0.59;;;
23/01/2021 00:00;0.61;;;
23/01/2021 01:00;0.67;;;
23/01/2021 02:00;0.76;;;
23/01/2021 03:00;0.73;;;
23/01/2021 04:00;0.75;;;
23/01/2021 05:00;0.77;;;
23/01/2021 06:00;0.81;;;
23/01/2021 07:00;0.8;;;
23/01/2021 08:00;0.8;;;
23/01/2021 09:00;0.82;;;
23/01/2021 10:00;0.77;;;
23/01/2021 11:00;0.62;;;
23/01/2021 12:00;0.48;;;
23/01/2021 13:00;0.35;;;
23/01/2021 14:00;0.27;;;
23/01/2021 15:00;0.21;;;
23/01/2021 16:00;0.26;;;
23/01/2021 17:00;0.28;;;
23/01/2021 18:00;0.27;;;
23/01/2021 19:00;0.31;;;
23/01/2021 20:00;0.34;;;
23/01/2021 21:00;0.35;;;
23/01/2021 22:00;0.39;;;
23/01/2021 23:00;0.39;;;
24/01/2021 00:00;0.45;;;
24/01/2021 01:00;0.5;;;
24/01/2021 02:00;0.56;;;
24/01/2021 03:00;0.65;;;
24/01/2021 04:00;0.76;;;
24/01/2021 05:00;0.82;;;
24/01/2021 06:00;0.87;;;
24/01/2021 07:00;0.91;;;
24/01/2021 08:00;0.91;;;
24/01/2021 09:00;0.85;;;
24/01/2021 10:00;0.73;;;
24/01/2021 11:00;0.58;;;
24/01/2021 12:00;0.43;;;
24/01/2021 13:00;0.29;;;
24/01/2021 14:00;0.17;;;
24/01/2021 15:00;0.09;;;
24/01/2021 16:00;0.06;;;
24/01/2021 17:00;0.07;;;
24/01/2021 18:00;0.18;;;
24/01/2021 19:00;0.32;;;
24/01/2021 20:00;0.41;;;
24/01/2021 21:00;0.49;;;
24/01/2021 22:00;0.52;;;
24/01/2021 23:00;0.51;;;
25/01/2021 00:00;0.46;;;
25/01/2021 01:00;0.4;;;
25/01/2021 02:00;0.4;;;
25/01/2021 03:00;0.43;;;
25/01/2021 04:00;0.47;;;
25/01/2021 05:00;0.53;;;
25/01/2021 06:00;0.58;;;
25/01/2021 07:00;0.61;;;
25/01/2021 08:00;0.64;;;
25/01/2021 09:00;0.68;;;
25/01/2021 10:00;0.69;;;
25/01/2021 11:00;0.65;;;
25/01/2021 12:00;0.53;;;
25/01/2021 13:00;0.45;;;
25/01/2021 14:00;0.35;;;
25/01/2021 15:00;0.27;;;
25/01/2021 16:00;0.27;;;
25/01/2021 17:00;0.36;;;
25/01/2021 18:00;0.46;;;
25/01/2021 19:00;0.58;;;
25/01/2021 20:00;0.7;;;
25/01/2021 21:00;0.73;;;
25/01/2021 22:00;0.69;;;
25/01/2021 23:00;0.59;;;
26/01/2021 00:00;0.47;;;
26/01/2021 01:00;0.35;;;
26/01/2021 02:00;0.24;;;
26/01/2021 03:00;0.18;;;
26/01/2021 04:00;0.13;;;
26/01/2021 05:00;0.16;;;
26/01/2021 06:00;0.26;;;
26/01/2021 07:00;0.41;;;
26/01/2021 08:00;0.57;;;
26/01/2021 09:00;0.68;;;
26/01/2021 10:00;0.75;;;
26/01/2021 11:00;0.74;;;
26/01/2021 12:00;0.65;;;
26/01/2021 13:00;0.49;;;
26/01/2021 14:00;0.3;;;
26/01/2021 15:00;0.13;;;
26/01/2021 16:00;0.02;;;
26/01/2021 17:00;-0.02;;;
26/01/2021 18:00;0.02;;;
26/01/2021 19:00;0.15;;;
26/01/2021 20:00;0.3;;;
26/01/2021 21:00;0.42;;;
26/01/2021 22:00;0.48;;;
26/01/2021 23:00;0.48;;;
27/01/2021 00:00;0.39;;;
27/01/2021 01:00;0.23;;;
27/01/2021 02:00;0.07;;;
27/01/2021 03:00;-0.01;;;
27/01/2021 04:00;0.01;;;
27/01/2021 05:00;0.12;;;
27/01/2021 06:00;0.32;;;
27/01/2021 07:00;0.53;;;
27/01/2021 08:00;0.71;;;
27/01/2021 09:00;0.84;;;
27/01/2021 10:00;0.92;;;
27/01/2021 11:00;0.88;;;
27/01/2021 12:00;0.73;;;
27/01/2021 13:00;0.51;;;
27/01/2021 14:00;0.29;;;
27/01/2021 15:00;0.07;;;
27/01/2021 16:00;-0.1;;;
27/01/2021 17:00;-0.18;;;
27/01/2021 18:00;-0.13;;;
27/01/2021 19:00;0.04;;;
27/01/2021 20:00;0.23;;;
27/01/2021 21:00;0.39;;;
27/01/2021 22:00;0.48;;;
27/01/2021 23:00;0.49;;;
28/01/2021 00:00;0.43;;;
28/01/2021 01:00;0.34;;;
28/01/2021 02:00;0.24;;;
28/01/2021 03:00;0.2;;;
28/01/2021 04:00;0.25;;;
28/01/2021 05:00;0.39;;;
28/01/2021 06:00;0.57;;;
28/01/2021 07:00;0.72;;;
28/01/2021 08:00;0.84;;;
28/01/2021 09:00;0.92;;;
28/01/2021 10:00;0.94;;;
28/01/2021 11:00;0.85;;;
28/01/2021 12:00;0.7;;;
28/01/2021 13:00;0.5;;;
28/01/2021 14:00;0.28;;;
28/01/2021 15:00;0.08;;;
28/01/2021 16:00;-0.1;;;
28/01/2021 17:00;-0.21;;;
28/01/2021 18:00;-0.19;;;
28/01/2021 19:00;-0.06;;;
28/01/2021 20:00;0.14;;;
28/01/2021 21:00;0.34;;;
28/01/2021 22:00;0.51;;;
28/01/2021 23:00;0.62;;;
29/01/2021 00:00;0.7;;;
29/01/2021 01:00;0.71;;;
29/01/2021 02:00;0.67;;;
29/01/2021 03:00;0.59;;;
29/01/2021 04:00;0.5;;;
29/01/2021 05:00;0.5;;;
29/01/2021 06:00;0.54;;;
29/01/2021 07:00;0.64;;;
29/01/2021 08:00;0.76;;;
29/01/2021 09:00;0.83;;;
29/01/2021 10:00;0.86;;;
29/01/2021 11:00;0.87;;;
29/01/2021 12:00;0.76;;;
29/01/2021 13:00;0.61;;;
29/01/2021 14:00;0.41;;;
29/01/2021 15:00;0.2;;;
29/01/2021 16:00;0.03;;;
29/01/2021 17:00;-0.1;;;
29/01/2021 18:00;-0.14;;;
29/01/2021 19:00;-0.02;;;
29/01/2021 20:00;0.19;;;
29/01/2021 21:00;0.43;;;
29/01/2021 22:00;0.63;;;
29/01/2021 23:00;0.79;;;
30/01/2021 00:00;0.88;;;
30/01/2021 01:00;0.89;;;
30/01/2021 02:00;0.78;;;
30/01/2021 03:00;0.62;;;
30/01/2021 04:00;0.46;;;
30/01/2021 05:00;0.33;;;
30/01/2021 06:00;0.23;;;
30/01/2021 07:00;0.23;;;
30/01/2021 08:00;0.31;;;
30/01/2021 09:00;0.46;;;
30/01/2021 10:00;0.58;;;
30/01/2021 11:00;0.66;;;
30/01/2021 12:00;0.67;;;
30/01/2021 13:00;0.61;;;
30/01/2021 14:00;0.44;;;
30/01/2021 15:00;0.29;;;
30/01/2021 16:00;0.11;;;
30/01/2021 17:00;-0.03;;;
30/01/2021 18:00;-0.07;;;
30/01/2021 19:00;0.03;;;
30/01/2021 20:00;0.24;;;
30/01/2021 21:00;0.47;;;
30/01/2021 22:00;0.67;;;
30/01/2021 23:00;0.71;;;
31/01/2021 00:00;0.66;;;
31/01/2021 01:00;0.68;;;
31/01/2021 02:00;0.68;;;
31/01/2021 03:00;0.67;;;
31/01/2021 04:00;0.59;;;
31/01/2021 05:00;0.46;;;
31/01/2021 06:00;0.36;;;
31/01/2021 07:00;0.43;;;
31/01/2021 08:00;0.54;;;
31/01/2021 09:00;0.68;;;
31/01/2021 10:00;0.84;;;
31/01/2021 11:00;0.93;;;
31/01/2021 12:00;0.99;;;
31/01/2021 13:00;0.98;;;
31/01/2021 14:00;0.86;;;
31/01/2021 15:00;0.7;;;
31/01/2021 16:00;0.5;;;
31/01/2021 17:00;0.35;;;
31/01/2021 18:00;0.22;;;
31/01/2021 19:00;0.13;;;
31/01/2021 20:00;0.16;;;
31/01/2021 21:00;0.31;;;
31/01/2021 22:00;0.49;;;
31/01/2021 23:00;0.65;;;
01/02/2021 00:00;0.76;;;
01/02/2021 01:00;0.8;;;
01/02/2021 02:00;0.77;;;
01/02/2021 03:00;0.66;;;
01/02/2021 04:00;0.53;;;
01/02/2021 05:00;0.42;;;
01/02/2021 06:00;0.36;;;
01/02/2021 07:00;0.36;;;
01/02/2021 08:00;0.47;;;
01/02/2021 09:00;0.62;;;
01/02/2021 10:00;0.76;;;
01/02/2021 11:00;0.88;;;
01/02/2021 12:00;0.98;;;
01/02/2021 13:00;0.99;;;
01/02/2021 14:00;0.9;;;
01/02/2021 15:00;0.75;;;
01/02/2021 16:00;0.55;;;
01/02/2021 17:00;0.38;;;
01/02/2021 18:00;0.22;;;
01/02/2021 19:00;0.11;;;
01/02/2021 20:00;0.08;;;
01/02/2021 21:00;0.17;;;
01/02/2021 22:00;0.31;;;
01/02/2021 23:00;0.47;;;
02/02/2021 00:00;0.61;;;
02/02/2021 01:00;0.72;;;
02/02/2021 02:00;0.78;;;
02/02/2021 03:00;0.77;;;
02/02/2021 04:00;0.69;;;
02/02/2021 05:00;0.56;;;
02/02/2021 06:00;0.45;;;
02/02/2021 07:00;0.38;;;
02/02/2021 08:00;0.37;;;
02/02/2021 09:00;0.44;;;
02/02/2021 10:00;0.56;;;
02/02/2021 11:00;0.67;;;
02/02/2021 12:00;0.74;;;
02/02/2021 13:00;0.76;;;
02/02/2021 14:00;0.69;;;
02/02/2021 15:00;0.57;;;
02/02/2021 16:00;0.42;;;
02/02/2021 17:00;0.26;;;
02/02/2021 18:00;0.11;;;
02/02/2021 19:00;0.01;;;
02/02/2021 20:00;-0.02;;;
02/02/2021 21:00;0.02;;;
02/02/2021 22:00;0.18;;;
02/02/2021 23:00;0.38;;;
03/02/2021 00:00;0.57;;;
03/02/2021 01:00;0.71;;;
03/02/2021 02:00;0.83;;;
03/02/2021 03:00;0.88;;;
03/02/2021 04:00;0.82;;;
03/02/2021 05:00;0.71;;;
03/02/2021 06:00;0.56;;;
03/02/2021 07:00;0.43;;;
03/02/2021 08:00;0.34;;;
03/02/2021 09:00;0.33;;;
03/02/2021 10:00;0.35;;;
03/02/2021 11:00;0.4;;;
03/02/2021 12:00;0.49;;;
03/02/2021 13:00;0.56;;;
03/02/2021 14:00;0.56;;;
03/02/2021 15:00;0.49;;;
03/02/2021 16:00;0.36;;;
03/02/2021 17:00;0.23;;;
03/02/2021 18:00;0.13;;;
03/02/2021 19:00;0.07;;;
03/02/2021 20:00;0.1;;;
03/02/2021 21:00;0.21;;;
03/02/2021 22:00;0.37;;;
03/02/2021 23:00;0.54;;;
04/02/2021 00:00;0.68;;;
04/02/2021 01:00;0.8;;;
04/02/2021 02:00;0.87;;;
04/02/2021 03:00;0.91;;;
04/02/2021 04:00;0.87;;;
04/02/2021 05:00;0.79;;;
04/02/2021 06:00;0.65;;;
04/02/2021 07:00;0.5;;;
04/02/2021 08:00;0.37;;;
04/02/2021 09:00;0.27;;;
04/02/2021 10:00;0.2;;;
04/02/2021 11:00;0.18;;;
04/02/2021 12:00;0.22;;;
04/02/2021 13:00;0.25;;;
04/02/2021 14:00;0.27;;;
04/02/2021 15:00;0.26;;;
04/02/2021 16:00;0.24;;;
04/02/2021 17:00;0.21;;;
04/02/2021 18:00;0.2;;;
04/02/2021 19:00;0.23;;;
04/02/2021 20:00;0.26;;;
04/02/2021 21:00;0.32;;;
04/02/2021 22:00;0.38;;;
04/02/2021 23:00;0.44;;;
05/02/2021 00:00;0.52;;;
05/02/2021 01:00;0.61;;;
05/02/2021 02:00;0.69;;;
05/02/2021 03:00;0.74;;;
05/02/2021 04:00;0.75;;;
05/02/2021 05:00;0.69;;;
05/02/2021 06:00;0.59;;;
05/02/2021 07:00;0.47;;;
05/02/2021 08:00;0.36;;;
05/02/2021 09:00;0.27;;;
05/02/2021 10:00;0.18;;;
05/02/2021 11:00;0.13;;;
05/02/2021 12:00;0.11;;;
05/02/2021 13:00;0.11;;;
05/02/2021 14:00;0.14;;;
05/02/2021 15:00;0.19;;;
05/02/2021 16:00;0.25;;;
05/02/2021 17:00;0.31;;;
05/02/2021 18:00;0.39;;;
05/02/2021 19:00;0.45;;;
05/02/2021 20:00;0.47;;;
05/02/2021 21:00;0.46;;;
05/02/2021 22:00;0.45;;;
05/02/2021 23:00;0.44;;;
06/02/2021 00:00;0.46;;;
06/02/2021 01:00;0.5;;;
06/02/2021 02:00;0.57;;;
06/02/2021 03:00;0.61;;;
06/02/2021 04:00;0.65;;;
06/02/2021 05:00;0.65;;;
06/02/2021 06:00;0.62;;;
06/02/2021 07:00;0.54;;;
06/02/2021 08:00;0.46;;;
06/02/2021 09:00;0.36;;;
06/02/2021 10:00;0.26;;;
06/02/2021 11:00;0.17;;;
06/02/2021 12:00;0.1;;;
06/02/2021 13:00;0.06;;;
06/02/2021 14:00;0.06;;;
06/02/2021 15:00;0.12;;;
06/02/2021 16:00;0.21;;;
06/02/2021 17:00;0.32;;;
06/02/2021 18:00;0.43;;;
06/02/2021 19:00;0.52;;;
06/02/2021 20:00;0.58;;;
06/02/2021 21:00;0.61;;;
06/02/2021 22:00;0.59;;;
06/02/2021 23:00;0.56;;;
07/02/2021 00:00;0.51;;;
07/02/2021 01:00;0.5;;;
07/02/2021 02:00;0.53;;;
07/02/2021 03:00;0.58;;;
07/02/2021 04:00;0.66;;;
07/02/2021 05:00;0.73;;;
07/02/2021 06:00;0.79;;;
07/02/2021 07:00;0.83;;;
07/02/2021 08:00;0.85;;;
07/02/2021 09:00;0.83;;;
07/02/2021 10:00;0.73;;;
07/02/2021 11:00;0.61;;;
07/02/2021 12:00;0.51;;;
07/02/2021 13:00;0.42;;;
07/02/2021 14:00;0.42;;;
07/02/2021 15:00;0.48;;;
07/02/2021 16:00;0.54;;;
07/02/2021 17:00;0.67;;;
07/02/2021 18:00;0.79;;;
07/02/2021 19:00;0.85;;;
07/02/2021 20:00;0.91;;;
07/02/2021 21:00;0.94;;;
07/02/2021 22:00;0.91;;;
07/02/2021 23:00;0.83;;;
08/02/2021 00:00;0.75;;;
08/02/2021 01:00;0.64;;;
08/02/2021 02:00;0.56;;;
08/02/2021 03:00;0.53;;;
08/02/2021 04:00;0.52;;;
08/02/2021 05:00;0.58;;;
08/02/2021 06:00;0.7;;;
08/02/2021 07:00;0.83;;;
08/02/2021 08:00;0.89;;;
08/02/2021 09:00;0.92;;;
08/02/2021 10:00;0.88;;;
08/02/2021 11:00;0.76;;;
08/02/2021 12:00;0.59;;;
08/02/2021 13:00;0.44;;;
08/02/2021 14:00;0.29;;;
08/02/2021 15:00;0.23;;;
08/02/2021 16:00;0.26;;;
08/02/2021 17:00;0.35;;;
08/02/2021 18:00;0.47;;;
08/02/2021 19:00;0.56;;;
08/02/2021 20:00;0.64;;;
08/02/2021 21:00;0.69;;;
08/02/2021 22:00;0.7;;;
08/02/2021 23:00;0.68;;;
09/02/2021 00:00;0.6;;;
09/02/2021 01:00;0.51;;;
09/02/2021 02:00;0.48;;;
09/02/2021 03:00;0.5;;;
09/02/2021 04:00;0.52;;;
09/02/2021 05:00;0.6;;;
09/02/2021 06:00;0.69;;;
09/02/2021 07:00;0.79;;;
09/02/2021 08:00;0.88;;;
09/02/2021 09:00;0.96;;;
09/02/2021 10:00;1.02;;;
09/02/2021 11:00;1.01;;;
09/02/2021 12:00;0.86;;;
09/02/2021 13:00;0.69;;;
09/02/2021 14:00;0.49;;;
09/02/2021 15:00;0.32;;;
09/02/2021 16:00;0.19;;;
09/02/2021 17:00;0.12;;;
09/02/2021 18:00;0.18;;;
09/02/2021 19:00;0.33;;;
09/02/2021 20:00;0.51;;;
09/02/2021 21:00;0.66;;;
09/02/2021 22:00;0.74;;;
09/02/2021 23:00;0.76;;;
10/02/2021 00:00;0.71;;;
10/02/2021 01:00;0.58;;;
10/02/2021 02:00;0.48;;;
10/02/2021 03:00;0.44;;;
10/02/2021 04:00;0.46;;;
10/02/2021 05:00;0.62;;;
10/02/2021 06:00;0.68;;;
10/02/2021 07:00;0.74;;;
10/02/2021 08:00;0.76;;;
10/02/2021 09:00;0.76;;;
10/02/2021 10:00;0.77;;;
10/02/2021 11:00;0.77;;;
10/02/2021 12:00;0.77;;;
10/02/2021 13:00;0.71;;;
10/02/2021 14:00;0.53;;;
10/02/2021 15:00;0.33;;;
10/02/2021 16:00;0.18;;;
10/02/2021 17:00;0.11;;;
10/02/2021 18:00;0.12;;;
10/02/2021 19:00;0.25;;;
10/02/2021 20:00;0.43;;;
10/02/2021 21:00;0.6;;;
10/02/2021 22:00;0.73;;;
10/02/2021 23:00;0.81;;;
11/02/2021 00:00;0.88;;;
11/02/2021 01:00;0.85;;;
11/02/2021 02:00;0.71;;;
11/02/2021 03:00;0.61;;;
11/02/2021 04:00;0.52;;;
11/02/2021 05:00;0.47;;;
11/02/2021 06:00;0.5;;;
11/02/2021 07:00;0.58;;;
11/02/2021 08:00;0.68;;;
11/02/2021 09:00;0.77;;;
11/02/2021 10:00;0.85;;;
11/02/2021 11:00;0.91;;;
11/02/2021 12:00;0.85;;;
11/02/2021 13:00;0.67;;;
11/02/2021 14:00;0.44;;;
11/02/2021 15:00;0.2;;;
11/02/2021 16:00;0.02;;;
11/02/2021 17:00;-0.05;;;
11/02/2021 18:00;0;;;
11/02/2021 19:00;0.15;;;
11/02/2021 20:00;0.38;;;
11/02/2021 21:00;0.6;;;
11/02/2021 22:00;0.79;;;
11/02/2021 23:00;0.9;;;
12/02/2021 00:00;0.96;;;
12/02/2021 01:00;0.91;;;
12/02/2021 02:00;0.79;;;
12/02/2021 03:00;0.64;;;
12/02/2021 04:00;0.5;;;
12/02/2021 05:00;0.4;;;
12/02/2021 06:00;0.39;;;
12/02/2021 07:00;0.5;;;
12/02/2021 08:00;0.65;;;
12/02/2021 09:00;0.79;;;
12/02/2021 10:00;0.87;;;
12/02/2021 11:00;0.86;;;
12/02/2021 12:00;0.77;;;
12/02/2021 13:00;0.59;;;
12/02/2021 14:00;0.39;;;
12/02/2021 15:00;0.18;;;
12/02/2021 16:00;0.01;;;
12/02/2021 17:00;-0.12;;;
12/02/2021 18:00;-0.13;;;
12/02/2021 19:00;0.01;;;
12/02/2021 20:00;0.24;;;
12/02/2021 21:00;0.44;;;
12/02/2021 22:00;0.65;;;
12/02/2021 23:00;0.79;;;
13/02/2021 00:00;0.85;;;
13/02/2021 01:00;0.84;;;
13/02/2021 02:00;0.75;;;
13/02/2021 03:00;0.58;;;
13/02/2021 04:00;0.44;;;
13/02/2021 05:00;0.33;;;
13/02/2021 06:00;0.29;;;
13/02/2021 07:00;0.32;;;
13/02/2021 08:00;0.43;;;
13/02/2021 09:00;0.58;;;
13/02/2021 10:00;0.7;;;
13/02/2021 11:00;0.78;;;
13/02/2021 12:00;0.77;;;
13/02/2021 13:00;0.62;;;
13/02/2021 14:00;0.43;;;
13/02/2021 15:00;0.23;;;
13/02/2021 16:00;0.04;;;
13/02/2021 17:00;-0.08;;;
13/02/2021 18:00;-0.11;;;
13/02/2021 19:00;-0.04;;;
13/02/2021 20:00;0.11;;;
13/02/2021 21:00;0.29;;;
13/02/2021 22:00;0.46;;;
13/02/2021 23:00;0.62;;;
14/02/2021 00:00;0.69;;;
14/02/2021 01:00;0.67;;;
14/02/2021 02:00;0.56;;;
14/02/2021 03:00;0.39;;;
14/02/2021 04:00;0.23;;;
14/02/2021 05:00;0.1;;;
14/02/2021 06:00;0.01;;;
14/02/2021 07:00;0.04;;;
14/02/2021 08:00;0.15;;;
14/02/2021 09:00;0.31;;;
14/02/2021 10:00;0.45;;;
14/02/2021 11:00;0.56;;;
14/02/2021 12:00;0.6;;;
14/02/2021 13:00;0.55;;;
14/02/2021 14:00;0.41;;;
14/02/2021 15:00;0.23;;;
14/02/2021 16:00;0.03;;;
14/02/2021 17:00;-0.13;;;
14/02/2021 18:00;-0.21;;;
14/02/2021 19:00;-0.21;;;
14/02/2021 20:00;-0.09;;;
14/02/2021 21:00;0.08;;;
14/02/2021 22:00;0.25;;;
14/02/2021 23:00;0.38;;;
15/02/2021 00:00;0.47;;;
15/02/2021 01:00;0.5;;;
15/02/2021 02:00;0.46;;;
15/02/2021 03:00;0.35;;;
15/02/2021 04:00;0.2;;;
15/02/2021 05:00;0.07;;;
15/02/2021 06:00;-0.01;;;
15/02/2021 07:00;-0.01;;;
15/02/2021 08:00;0.07;;;
15/02/2021 09:00;0.2;;;
15/02/2021 10:00;0.35;;;
15/02/2021 11:00;0.45;;;
15/02/2021 12:00;0.51;;;
15/02/2021 13:00;0.48;;;
15/02/2021 14:00;0.36;;;
15/02/2021 15:00;0.19;;;
15/02/2021 16:00;-0.01;;;
15/02/2021 17:00;-0.18;;;
15/02/2021 18:00;-0.28;;;
15/02/2021 19:00;-0.3;;;
15/02/2021 20:00;-0.24;;;
15/02/2021 21:00;-0.1;;;
15/02/2021 22:00;0.09;;;
15/02/2021 23:00;0.25;;;
16/02/2021 00:00;0.38;;;
16/02/2021 01:00;0.45;;;
16/02/2021 02:00;0.47;;;
16/02/2021 03:00;0.4;;;
16/02/2021 04:00;0.28;;;
16/02/2021 05:00;0.15;;;
16/02/2021 06:00;0.07;;;
16/02/2021 07:00;0.04;;;
16/02/2021 08:00;0.08;;;
16/02/2021 09:00;0.18;;;
16/02/2021 10:00;0.31;;;
16/02/2021 11:00;0.42;;;
16/02/2021 12:00;0.47;;;
16/02/2021 13:00;0.46;;;
16/02/2021 14:00;0.38;;;
16/02/2021 15:00;0.23;;;
16/02/2021 16:00;0.07;;;
16/02/2021 17:00;-0.08;;;
16/02/2021 18:00;-0.2;;;
16/02/2021 19:00;-0.26;;;
16/02/2021 20:00;-0.21;;;
16/02/2021 21:00;-0.08;;;
16/02/2021 22:00;0.1;;;
16/02/2021 23:00;0.27;;;
17/02/2021 00:00;0.4;;;
17/02/2021 01:00;0.51;;;
17/02/2021 02:00;0.54;;;
17/02/2021 03:00;0.52;;;
17/02/2021 04:00;0.43;;;
17/02/2021 05:00;0.32;;;
17/02/2021 06:00;0.2;;;
17/02/2021 07:00;0.14;;;
17/02/2021 08:00;0.12;;;
17/02/2021 09:00;0.15;;;
17/02/2021 10:00;0.22;;;
17/02/2021 11:00;0.3;;;
17/02/2021 12:00;0.35;;;
17/02/2021 13:00;0.36;;;
17/02/2021 14:00;0.31;;;
17/02/2021 15:00;0.23;;;
17/02/2021 16:00;0.11;;;
17/02/2021 17:00;-0.02;;;
17/02/2021 18:00;-0.11;;;
17/02/2021 19:00;-0.13;;;
17/02/2021 20:00;-0.09;;;
17/02/2021 21:00;0.03;;;
17/02/2021 22:00;0.19;;;
17/02/2021 23:00;0.34;;;
18/02/2021 00:00;0.46;;;
18/02/2021 01:00;0.54;;;
18/02/2021 02:00;0.59;;;
18/02/2021 03:00;0.56;;;
18/02/2021 04:00;0.48;;;
18/02/2021 05:00;0.37;;;
18/02/2021 06:00;0.26;;;
18/02/2021 07:00;0.17;;;
18/02/2021 08:00;0.11;;;
18/02/2021 09:00;0.08;;;
18/02/2021 10:00;0.09;;;
18/02/2021 11:00;0.13;;;
18/02/2021 12:00;0.19;;;
18/02/2021 13:00;0.23;;;
18/02/2021 14:00;0.22;;;
18/02/2021 15:00;0.18;;;
18/02/2021 16:00;0.11;;;
18/02/2021 17:00;0.03;;;
18/02/2021 18:00;-0.03;;;
18/02/2021 19:00;-0.03;;;
18/02/2021 20:00;0.03;;;
18/02/2021 21:00;0.12;;;
18/02/2021 22:00;0.25;;;
18/02/2021 23:00;0.37;;;
19/02/2021 00:00;0.46;;;
19/02/2021 01:00;0.54;;;
19/02/2021 02:00;0.57;;;
19/02/2021 03:00;0.56;;;
19/02/2021 04:00;0.48;;;
19/02/2021 05:00;0.39;;;
19/02/2021 06:00;0.3;;;
19/02/2021 07:00;0.22;;;
19/02/2021 08:00;0.14;;;
19/02/2021 09:00;0.1;;;
19/02/2021 10:00;0.07;;;
19/02/2021 11:00;0.07;;;
19/02/2021 12:00;0.07;;;
19/02/2021 13:00;0.09;;;
19/02/2021 14:00;0.11;;;
19/02/2021 15:00;0.11;;;
19/02/2021 16:00;0.11;;;
19/02/2021 17:00;0.13;;;
19/02/2021 18:00;0.15;;;
19/02/2021 19:00;0.19;;;
19/02/2021 20:00;0.23;;;
19/02/2021 21:00;0.27;;;
19/02/2021 22:00;0.32;;;
19/02/2021 23:00;0.38;;;
20/02/2021 00:00;0.44;;;
20/02/2021 01:00;0.48;;;
20/02/2021 02:00;0.5;;;
20/02/2021 03:00;0.49;;;
20/02/2021 04:00;0.46;;;
20/02/2021 05:00;0.41;;;
20/02/2021 06:00;0.34;;;
20/02/2021 07:00;0.26;;;
20/02/2021 08:00;0.18;;;
20/02/2021 09:00;0.09;;;
20/02/2021 10:00;0.02;;;
20/02/2021 11:00;-0.03;;;
20/02/2021 12:00;-0.07;;;
20/02/2021 13:00;-0.07;;;
20/02/2021 14:00;-0.02;;;
20/02/2021 15:00;0.04;;;
20/02/2021 16:00;0.1;;;
20/02/2021 17:00;0.16;;;
20/02/2021 18:00;0.21;;;
20/02/2021 19:00;0.24;;;
20/02/2021 20:00;0.27;;;
20/02/2021 21:00;0.3;;;
20/02/2021 22:00;0.32;;;
20/02/2021 23:00;0.33;;;
21/02/2021 00:00;0.36;;;
21/02/2021 01:00;0.37;;;
21/02/2021 02:00;0.36;;;
21/02/2021 03:00;0.36;;;
21/02/2021 04:00;0.35;;;
21/02/2021 05:00;0.32;;;
21/02/2021 06:00;0.29;;;
21/02/2021 07:00;0.24;;;
21/02/2021 08:00;0.17;;;
21/02/2021 09:00;0.08;;;
21/02/2021 10:00;0;;;
21/02/2021 11:00;-0.06;;;
21/02/2021 12:00;-0.11;;;
21/02/2021 13:00;-0.13;;;
21/02/2021 14:00;-0.1;;;
21/02/2021 15:00;-0.05;;;
21/02/2021 16:00;0.03;;;
21/02/2021 17:00;0.11;;;
21/02/2021 18:00;0.2;;;
21/02/2021 19:00;0.27;;;
21/02/2021 20:00;0.32;;;
21/02/2021 21:00;0.35;;;
21/02/2021 22:00;0.36;;;
21/02/2021 23:00;0.32;;;
22/02/2021 00:00;0.27;;;
22/02/2021 01:00;0.22;;;
22/02/2021 02:00;0.2;;;
22/02/2021 03:00;0.2;;;
22/02/2021 04:00;0.22;;;
22/02/2021 05:00;0.26;;;
22/02/2021 06:00;0.29;;;
22/02/2021 07:00;0.3;;;
22/02/2021 08:00;0.27;;;
22/02/2021 09:00;0.21;;;
22/02/2021 10:00;0.12;;;
22/02/2021 11:00;0.01;;;
22/02/2021 12:00;-0.09;;;
22/02/2021 13:00;-0.18;;;
22/02/2021 14:00;-0.22;;;
22/02/2021 15:00;-0.2;;;
22/02/2021 16:00;-0.12;;;
22/02/2021 17:00;0.01;;;
22/02/2021 18:00;0.15;;;
22/02/2021 19:00;0.26;;;
22/02/2021 20:00;0.35;;;
22/02/2021 21:00;0.39;;;
22/02/2021 22:00;0.37;;;
22/02/2021 23:00;0.31;;;
23/02/2021 00:00;0.23;;;
23/02/2021 01:00;0.15;;;
23/02/2021 02:00;0.09;;;
23/02/2021 03:00;0.09;;;
23/02/2021 04:00;0.11;;;
23/02/2021 05:00;0.17;;;
23/02/2021 06:00;0.25;;;
23/02/2021 07:00;0.32;;;
23/02/2021 08:00;0.35;;;
23/02/2021 09:00;0.32;;;
23/02/2021 10:00;0.23;;;
23/02/2021 11:00;0.09;;;
23/02/2021 12:00;-0.07;;;
23/02/2021 13:00;-0.21;;;
23/02/2021 14:00;-0.32;;;
23/02/2021 15:00;-0.36;;;
23/02/2021 16:00;-0.31;;;
23/02/2021 17:00;-0.18;;;
23/02/2021 18:00;-0.02;;;
23/02/2021 19:00;0.13;;;
23/02/2021 20:00;0.25;;;
23/02/2021 21:00;0.32;;;
23/02/2021 22:00;0.32;;;
23/02/2021 23:00;0.27;;;
24/02/2021 00:00;0.15;;;
24/02/2021 01:00;0.04;;;
24/02/2021 02:00;-0.04;;;
24/02/2021 03:00;-0.07;;;
24/02/2021 04:00;-0.04;;;
24/02/2021 05:00;0.06;;;
24/02/2021 06:00;0.2;;;
24/02/2021 07:00;0.31;;;
24/02/2021 08:00;0.4;;;
24/02/2021 09:00;0.41;;;
24/02/2021 10:00;0.34;;;
24/02/2021 11:00;0.21;;;
24/02/2021 12:00;0.04;;;
24/02/2021 13:00;-0.15;;;
24/02/2021 14:00;-0.31;;;
24/02/2021 15:00;-0.41;;;
24/02/2021 16:00;-0.43;;;
24/02/2021 17:00;-0.33;;;
24/02/2021 18:00;-0.13;;;
24/02/2021 19:00;0.08;;;
24/02/2021 20:00;0.23;;;
24/02/2021 21:00;0.34;;;
24/02/2021 22:00;0.4;;;
24/02/2021 23:00;0.37;;;
25/02/2021 00:00;0.28;;;
25/02/2021 01:00;0.16;;;
25/02/2021 02:00;0.05;;;
25/02/2021 03:00;-0.02;;;
25/02/2021 04:00;-0.02;;;
25/02/2021 05:00;0.06;;;
25/02/2021 06:00;0.2;;;
25/02/2021 07:00;0.34;;;
25/02/2021 08:00;0.45;;;
25/02/2021 09:00;0.51;;;
25/02/2021 10:00;0.49;;;
25/02/2021 11:00;0.38;;;
25/02/2021 12:00;0.19;;;
25/02/2021 13:00;-0.01;;;
25/02/2021 14:00;-0.22;;;
25/02/2021 15:00;-0.39;;;
25/02/2021 16:00;-0.47;;;
25/02/2021 17:00;-0.44;;;
25/02/2021 18:00;-0.28;;;
25/02/2021 19:00;-0.04;;;
25/02/2021 20:00;0.16;;;
25/02/2021 21:00;0.32;;;
25/02/2021 22:00;0.42;;;
25/02/2021 23:00;0.46;;;
26/02/2021 00:00;0.4;;;
26/02/2021 01:00;0.26;;;
26/02/2021 02:00;0.1;;;
26/02/2021 03:00;-0.02;;;
26/02/2021 04:00;-0.09;;;
26/02/2021 05:00;-0.05;;;
26/02/2021 06:00;0.07;;;
26/02/2021 07:00;0.24;;;
26/02/2021 08:00;0.38;;;
26/02/2021 09:00;0.48;;;
26/02/2021 10:00;0.52;;;
26/02/2021 11:00;0.46;;;
26/02/2021 12:00;0.29;;;
26/02/2021 13:00;0.09;;;
26/02/2021 14:00;-0.13;;;
26/02/2021 15:00;-0.34;;;
26/02/2021 16:00;-0.48;;;
26/02/2021 17:00;-0.51;;;
26/02/2021 18:00;-0.38;;;
26/02/2021 19:00;-0.16;;;
26/02/2021 20:00;0.09;;;
26/02/2021 21:00;0.29;;;
26/02/2021 22:00;0.44;;;
26/02/2021 23:00;0.52;;;
27/02/2021 00:00;0.51;;;
27/02/2021 01:00;0.4;;;
27/02/2021 02:00;0.22;;;
27/02/2021 03:00;0.06;;;
27/02/2021 04:00;-0.06;;;
27/02/2021 05:00;-0.11;;;
27/02/2021 06:00;-0.04;;;
27/02/2021 07:00;0.1;;;
27/02/2021 08:00;0.27;;;
27/02/2021 09:00;0.41;;;
27/02/2021 10:00;0.51;;;
27/02/2021 11:00;0.53;;;
27/02/2021 12:00;0.45;;;
27/02/2021 13:00;0.27;;;
27/02/2021 14:00;0.04;;;
27/02/2021 15:00;-0.18;;;
27/02/2021 16:00;-0.36;;;
27/02/2021 17:00;-0.46;;;
27/02/2021 18:00;-0.43;;;
27/02/2021 19:00;-0.25;;;
27/02/2021 20:00;-0.01;;;
27/02/2021 21:00;0.23;;;
27/02/2021 22:00;0.42;;;
27/02/2021 23:00;0.55;;;
28/02/2021 00:00;0.6;;;
28/02/2021 01:00;0.53;;;
28/02/2021 02:00;0.36;;;
28/02/2021 03:00;0.17;;;
28/02/2021 04:00;0;;;
28/02/2021 05:00;-0.13;;;
28/02/2021 06:00;-0.16;;;
28/02/2021 07:00;-0.07;;;
28/02/2021 08:00;0.12;;;
28/02/2021 09:00;0.29;;;
28/02/2021 10:00;0.43;;;
28/02/2021 11:00;0.5;;;
28/02/2021 12:00;0.47;;;
28/02/2021 13:00;0.32;;;
28/02/2021 14:00;0.11;;;
28/02/2021 15:00;-0.11;;;
28/02/2021 16:00;-0.32;;;
28/02/2021 17:00;-0.48;;;
28/02/2021 18:00;-0.51;;;
28/02/2021 19:00;-0.4;;;
28/02/2021 20:00;-0.17;;;
28/02/2021 21:00;0.08;;;
28/02/2021 22:00;0.29;;;
28/02/2021 23:00;0.43;;;
01/03/2021 00:00;0.5;;;
01/03/2021 01:00;0.46;;;
01/03/2021 02:00;0.32;;;
01/03/2021 03:00;0.12;;;
01/03/2021 04:00;-0.07;;;
01/03/2021 05:00;-0.21;;;
01/03/2021 06:00;-0.28;;;
01/03/2021 07:00;-0.25;;;
01/03/2021 08:00;-0.09;;;
01/03/2021 09:00;0.1;;;
01/03/2021 10:00;0.26;;;
01/03/2021 11:00;0.37;;;
01/03/2021 12:00;0.4;;;
01/03/2021 13:00;0.33;;;
01/03/2021 14:00;0.15;;;
01/03/2021 15:00;-0.07;;;
01/03/2021 16:00;-0.28;;;
01/03/2021 17:00;-0.44;;;
01/03/2021 18:00;-0.52;;;
01/03/2021 19:00;-0.46;;;
01/03/2021 20:00;-0.28;;;
01/03/2021 21:00;-0.05;;;
01/03/2021 22:00;0.14;;;
01/03/2021 23:00;0.3;;;
02/03/2021 00:00;0.4;;;
02/03/2021 01:00;0.43;;;
02/03/2021 02:00;0.36;;;
02/03/2021 03:00;0.2;;;
02/03/2021 04:00;0.02;;;
02/03/2021 05:00;-0.15;;;
02/03/2021 06:00;-0.25;;;
02/03/2021 07:00;-0.26;;;
02/03/2021 08:00;-0.17;;;
02/03/2021 09:00;0;;;
02/03/2021 10:00;0.15;;;
02/03/2021 11:00;0.28;;;
02/03/2021 12:00;0.34;;;
02/03/2021 13:00;0.32;;;
02/03/2021 14:00;0.22;;;
02/03/2021 15:00;0.05;;;
02/03/2021 16:00;-0.13;;;
02/03/2021 17:00;-0.3;;;
02/03/2021 18:00;-0.42;;;
02/03/2021 19:00;-0.45;;;
02/03/2021 20:00;-0.35;;;
02/03/2021 21:00;-0.15;;;
02/03/2021 22:00;0.06;;;
02/03/2021 23:00;0.24;;;
03/03/2021 00:00;0.37;;;
03/03/2021 01:00;0.44;;;
03/03/2021 02:00;0.41;;;
03/03/2021 03:00;0.29;;;
03/03/2021 04:00;0.11;;;
03/03/2021 05:00;-0.07;;;
03/03/2021 06:00;-0.21;;;
03/03/2021 07:00;-0.29;;;
03/03/2021 08:00;-0.27;;;
03/03/2021 09:00;-0.17;;;
03/03/2021 10:00;-0.03;;;
03/03/2021 11:00;0.1;;;
03/03/2021 12:00;0.18;;;
03/03/2021 13:00;0.19;;;
03/03/2021 14:00;0.13;;;
03/03/2021 15:00;0.01;;;
03/03/2021 16:00;-0.13;;;
03/03/2021 17:00;-0.26;;;
03/03/2021 18:00;-0.34;;;
03/03/2021 19:00;-0.33;;;
03/03/2021 20:00;-0.23;;;
03/03/2021 21:00;-0.07;;;
03/03/2021 22:00;0.11;;;
03/03/2021 23:00;0.26;;;
04/03/2021 00:00;0.38;;;
04/03/2021 01:00;0.45;;;
04/03/2021 02:00;0.46;;;
04/03/2021 03:00;0.37;;;
04/03/2021 04:00;0.23;;;
04/03/2021 05:00;0.08;;;
04/03/2021 06:00;-0.07;;;
04/03/2021 07:00;-0.18;;;
04/03/2021 08:00;-0.23;;;
04/03/2021 09:00;-0.22;;;
04/03/2021 10:00;-0.15;;;
04/03/2021 11:00;-0.04;;;
04/03/2021 12:00;0.04;;;
04/03/2021 13:00;0.09;;;
04/03/2021 14:00;0.1;;;
04/03/2021 15:00;0.07;;;
04/03/2021 16:00;0.02;;;
04/03/2021 17:00;-0.06;;;
04/03/2021 18:00;-0.1;;;
04/03/2021 19:00;-0.09;;;
04/03/2021 20:00;-0.05;;;
04/03/2021 21:00;0.04;;;
04/03/2021 22:00;0.18;;;
04/03/2021 23:00;0.3;;;
05/03/2021 00:00;0.4;;;
05/03/2021 01:00;0.47;;;
05/03/2021 02:00;0.49;;;
05/03/2021 03:00;0.45;;;
05/03/2021 04:00;0.34;;;
05/03/2021 05:00;0.2;;;
05/03/2021 06:00;0.05;;;
05/03/2021 07:00;-0.08;;;
05/03/2021 08:00;-0.18;;;
05/03/2021 09:00;-0.22;;;
05/03/2021 10:00;-0.21;;;
05/03/2021 11:00;-0.15;;;
05/03/2021 12:00;-0.07;;;
05/03/2021 13:00;0;;;
05/03/2021 14:00;0.04;;;
05/03/2021 15:00;0.06;;;
05/03/2021 16:00;0.07;;;
05/03/2021 17:00;0.07;;;
05/03/2021 18:00;0.08;;;
05/03/2021 19:00;0.11;;;
05/03/2021 20:00;0.15;;;
05/03/2021 21:00;0.19;;;
05/03/2021 22:00;0.24;;;
05/03/2021 23:00;0.3;;;
06/03/2021 00:00;0.35;;;
06/03/2021 01:00;0.44;;;
06/03/2021 02:00;0.48;;;
06/03/2021 03:00;0.42;;;
06/03/2021 04:00;0.34;;;
06/03/2021 05:00;0.29;;;
06/03/2021 06:00;0.2;;;
06/03/2021 07:00;0.06;;;
06/03/2021 08:00;-0.04;;;
06/03/2021 09:00;-0.12;;;
06/03/2021 10:00;-0.16;;;
06/03/2021 11:00;-0.22;;;
06/03/2021 12:00;-0.22;;;
06/03/2021 13:00;-0.17;;;
06/03/2021 14:00;-0.12;;;
06/03/2021 15:00;-0.06;;;
06/03/2021 16:00;0.02;;;
06/03/2021 17:00;0.09;;;
06/03/2021 18:00;0.14;;;
06/03/2021 19:00;0.18;;;
06/03/2021 20:00;0.19;;;
06/03/2021 21:00;0.19;;;
06/03/2021 22:00;0.15;;;
06/03/2021 23:00;0.12;;;
07/03/2021 00:00;0.1;;;
07/03/2021 01:00;0.12;;;
07/03/2021 02:00;0.16;;;
07/03/2021 03:00;0.18;;;
07/03/2021 04:00;0.2;;;
07/03/2021 05:00;0.2;;;
07/03/2021 06:00;0.17;;;
07/03/2021 07:00;0.13;;;
07/03/2021 08:00;0.06;;;
07/03/2021 09:00;0;;;
07/03/2021 10:00;-0.09;;;
07/03/2021 11:00;-0.16;;;
07/03/2021 12:00;-0.2;;;
07/03/2021 13:00;-0.19;;;
07/03/2021 14:00;-0.16;;;
07/03/2021 15:00;-0.09;;;
07/03/2021 16:00;0.02;;;
07/03/2021 17:00;0.11;;;
07/03/2021 18:00;0.18;;;
07/03/2021 19:00;0.23;;;
07/03/2021 20:00;0.24;;;
07/03/2021 21:00;0.23;;;
07/03/2021 22:00;0.19;;;
07/03/2021 23:00;0.16;;;
08/03/2021 00:00;0.12;;;
08/03/2021 01:00;0.1;;;
08/03/2021 02:00;0.09;;;
08/03/2021 03:00;0.12;;;
08/03/2021 04:00;0.17;;;
08/03/2021 05:00;0.22;;;
08/03/2021 06:00;0.27;;;
08/03/2021 07:00;0.28;;;
08/03/2021 08:00;0.24;;;
08/03/2021 09:00;0.16;;;
08/03/2021 10:00;0.06;;;
08/03/2021 11:00;-0.05;;;
08/03/2021 12:00;-0.14;;;
08/03/2021 13:00;-0.22;;;
08/03/2021 14:00;-0.26;;;
08/03/2021 15:00;-0.24;;;
08/03/2021 16:00;-0.18;;;
08/03/2021 17:00;-0.08;;;
08/03/2021 18:00;0.04;;;
08/03/2021 19:00;0.16;;;
08/03/2021 20:00;0.24;;;
08/03/2021 21:00;0.29;;;
08/03/2021 22:00;0.3;;;
08/03/2021 23:00;0.25;;;
09/03/2021 00:00;0.17;;;
09/03/2021 01:00;0.09;;;
09/03/2021 02:00;0.04;;;
09/03/2021 03:00;0.02;;;
09/03/2021 04:00;0.04;;;
09/03/2021 05:00;0.13;;;
09/03/2021 06:00;0.23;;;
09/03/2021 07:00;0.32;;;
09/03/2021 08:00;0.4;;;
09/03/2021 09:00;0.41;;;
09/03/2021 10:00;0.35;;;
09/03/2021 11:00;0.23;;;
09/03/2021 12:00;0.07;;;
09/03/2021 13:00;-0.08;;;
09/03/2021 14:00;-0.21;;;
09/03/2021 15:00;-0.27;;;
09/03/2021 16:00;-0.25;;;
09/03/2021 17:00;-0.13;;;
09/03/2021 18:00;0.04;;;
09/03/2021 19:00;0.22;;;
09/03/2021 20:00;0.35;;;
09/03/2021 21:00;0.44;;;
09/03/2021 22:00;0.47;;;
09/03/2021 23:00;0.44;;;
10/03/2021 00:00;0.32;;;
10/03/2021 01:00;0.19;;;
10/03/2021 02:00;0.07;;;
10/03/2021 03:00;-0.01;;;
10/03/2021 04:00;-0.01;;;
10/03/2021 05:00;0.07;;;
10/03/2021 06:00;0.21;;;
10/03/2021 07:00;0.35;;;
10/03/2021 08:00;0.43;;;
10/03/2021 09:00;0.47;;;
10/03/2021 10:00;0.42;;;
10/03/2021 11:00;0.28;;;
10/03/2021 12:00;0.1;;;
10/03/2021 13:00;-0.07;;;
10/03/2021 14:00;-0.22;;;
10/03/2021 15:00;-0.33;;;
10/03/2021 16:00;-0.35;;;
10/03/2021 17:00;-0.26;;;
10/03/2021 18:00;-0.08;;;
10/03/2021 19:00;0.1;;;
10/03/2021 20:00;0.26;;;
10/03/2021 21:00;0.39;;;
10/03/2021 22:00;0.45;;;
10/03/2021 23:00;0.45;;;
11/03/2021 00:00;0.36;;;
11/03/2021 01:00;0.22;;;
11/03/2021 02:00;0.07;;;
11/03/2021 03:00;-0.02;;;
11/03/2021 04:00;-0.04;;;
11/03/2021 05:00;0.03;;;
11/03/2021 06:00;0.17;;;
11/03/2021 07:00;0.32;;;
11/03/2021 08:00;0.45;;;
11/03/2021 09:00;0.54;;;
11/03/2021 10:00;0.55;;;
11/03/2021 11:00;0.47;;;
11/03/2021 12:00;0.3;;;
11/03/2021 13:00;0.09;;;
11/03/2021 14:00;-0.11;;;
11/03/2021 15:00;-0.26;;;
11/03/2021 16:00;-0.33;;;
11/03/2021 17:00;-0.29;;;
11/03/2021 18:00;-0.12;;;
11/03/2021 19:00;0.09;;;
11/03/2021 20:00;0.29;;;
11/03/2021 21:00;0.45;;;
11/03/2021 22:00;0.56;;;
11/03/2021 23:00;0.61;;;
12/03/2021 00:00;0.54;;;
12/03/2021 01:00;0.41;;;
12/03/2021 02:00;0.27;;;
12/03/2021 03:00;0.14;;;
12/03/2021 04:00;0.08;;;
12/03/2021 05:00;0.11;;;
12/03/2021 06:00;0.22;;;
12/03/2021 07:00;0.38;;;
12/03/2021 08:00;0.53;;;
12/03/2021 09:00;0.63;;;
12/03/2021 10:00;0.64;;;
12/03/2021 11:00;0.57;;;
12/03/2021 12:00;0.41;;;
12/03/2021 13:00;0.22;;;
12/03/2021 14:00;0.03;;;
12/03/2021 15:00;-0.13;;;
12/03/2021 16:00;-0.22;;;
12/03/2021 17:00;-0.23;;;
12/03/2021 18:00;-0.11;;;
12/03/2021 19:00;0.1;;;
12/03/2021 20:00;0.32;;;
12/03/2021 21:00;0.51;;;
12/03/2021 22:00;0.65;;;
12/03/2021 23:00;0.74;;;
13/03/2021 00:00;0.73;;;
13/03/2021 01:00;0.61;;;
13/03/2021 02:00;0.42;;;
13/03/2021 03:00;0.24;;;
13/03/2021 04:00;0.08;;;
13/03/2021 05:00;-0.03;;;
13/03/2021 06:00;-0.02;;;
13/03/2021 07:00;0.1;;;
13/03/2021 08:00;0.27;;;
13/03/2021 09:00;0.4;;;
13/03/2021 10:00;0.48;;;
13/03/2021 11:00;0.48;;;
13/03/2021 12:00;0.37;;;
13/03/2021 13:00;0.2;;;
13/03/2021 14:00;0.02;;;
13/03/2021 15:00;-0.16;;;
13/03/2021 16:00;-0.26;;;
13/03/2021 17:00;-0.26;;;
13/03/2021 18:00;-0.13;;;
13/03/2021 19:00;0.09;;;
13/03/2021 20:00;0.33;;;
13/03/2021 21:00;0.54;;;
13/03/2021 22:00;0.72;;;
13/03/2021 23:00;0.8;;;
14/03/2021 00:00;0.81;;;
14/03/2021 01:00;0.71;;;
14/03/2021 02:00;0.52;;;
14/03/2021 03:00;0.34;;;
14/03/2021 04:00;0.16;;;
14/03/2021 05:00;0.02;;;
14/03/2021 06:00;-0.03;;;
14/03/2021 07:00;0.02;;;
14/03/2021 08:00;0.18;;;
14/03/2021 09:00;0.35;;;
14/03/2021 10:00;0.49;;;
14/03/2021 11:00;0.57;;;
14/03/2021 12:00;0.48;;;
14/03/2021 13:00;0.32;;;
14/03/2021 14:00;0.14;;;
14/03/2021 15:00;-0.01;;;
14/03/2021 16:00;-0.12;;;
14/03/2021 17:00;-0.22;;;
14/03/2021 18:00;-0.17;;;
14/03/2021 19:00;0.04;;;
14/03/2021 20:00;0.28;;;
14/03/2021 21:00;0.45;;;
14/03/2021 22:00;0.56;;;
14/03/2021 23:00;0.66;;;
15/03/2021 00:00;0.67;;;
15/03/2021 01:00;0.52;;;
15/03/2021 02:00;0.33;;;
15/03/2021 03:00;0.11;;;
15/03/2021 04:00;-0.11;;;
15/03/2021 05:00;-0.31;;;
15/03/2021 06:00;-0.44;;;
15/03/2021 07:00;-0.4;;;
15/03/2021 08:00;-0.22;;;
15/03/2021 09:00;0.05;;;
15/03/2021 10:00;0.29;;;
15/03/2021 11:00;0.43;;;
15/03/2021 12:00;0.49;;;
15/03/2021 13:00;0.44;;;
15/03/2021 14:00;0.29;;;
15/03/2021 15:00;0.13;;;
15/03/2021 16:00;-0.01;;;
15/03/2021 17:00;-0.09;;;
15/03/2021 18:00;-0.06;;;
15/03/2021 19:00;0.05;;;
15/03/2021 20:00;0.23;;;
15/03/2021 21:00;0.42;;;
15/03/2021 22:00;0.55;;;
15/03/2021 23:00;0.63;;;
16/03/2021 00:00;0.62;;;
16/03/2021 01:00;0.5;;;
16/03/2021 02:00;0.32;;;
16/03/2021 03:00;0.13;;;
16/03/2021 04:00;-0.06;;;
16/03/2021 05:00;-0.2;;;
16/03/2021 06:00;-0.24;;;
16/03/2021 07:00;-0.16;;;
16/03/2021 08:00;0.02;;;
16/03/2021 09:00;0.2;;;
16/03/2021 10:00;0.34;;;
16/03/2021 11:00;0.45;;;
16/03/2021 12:00;0.5;;;
16/03/2021 13:00;0.49;;;
16/03/2021 14:00;0.38;;;
16/03/2021 15:00;0.21;;;
16/03/2021 16:00;0.06;;;
16/03/2021 17:00;-0.04;;;
16/03/2021 18:00;-0.08;;;
16/03/2021 19:00;-0.04;;;
16/03/2021 20:00;0.1;;;
16/03/2021 21:00;0.25;;;
16/03/2021 22:00;0.37;;;
16/03/2021 23:00;0.45;;;
17/03/2021 00:00;0.47;;;
17/03/2021 01:00;0.42;;;
17/03/2021 02:00;0.28;;;
17/03/2021 03:00;0.13;;;
17/03/2021 04:00;-0.01;;;
17/03/2021 05:00;-0.11;;;
17/03/2021 06:00;-0.16;;;
17/03/2021 07:00;-0.12;;;
17/03/2021 08:00;0;;;
17/03/2021 09:00;0.15;;;
17/03/2021 10:00;0.29;;;
17/03/2021 11:00;0.39;;;
17/03/2021 12:00;0.45;;;
17/03/2021 13:00;0.43;;;
17/03/2021 14:00;0.35;;;
17/03/2021 15:00;0.22;;;
17/03/2021 16:00;0.09;;;
17/03/2021 17:00;-0.01;;;
17/03/2021 18:00;-0.06;;;
17/03/2021 19:00;-0.05;;;
17/03/2021 20:00;0.05;;;
17/03/2021 21:00;0.2;;;
17/03/2021 22:00;0.33;;;
17/03/2021 23:00;0.41;;;
18/03/2021 00:00;0.44;;;
18/03/2021 01:00;0.4;;;
18/03/2021 02:00;0.39;;;
18/03/2021 03:00;0.31;;;
18/03/2021 04:00;0.18;;;
18/03/2021 05:00;0.09;;;
18/03/2021 06:00;-0.01;;;
18/03/2021 07:00;-0.08;;;
18/03/2021 08:00;-0.06;;;
18/03/2021 09:00;0.04;;;
18/03/2021 10:00;0.15;;;
18/03/2021 11:00;0.27;;;
18/03/2021 12:00;0.35;;;
18/03/2021 13:00;0.4;;;
18/03/2021 14:00;0.37;;;
18/03/2021 15:00;0.29;;;
18/03/2021 16:00;0.18;;;
18/03/2021 17:00;0.06;;;
18/03/2021 18:00;-0.01;;;
18/03/2021 19:00;-0.03;;;
18/03/2021 20:00;0.02;;;
18/03/2021 21:00;0.13;;;
18/03/2021 22:00;0.27;;;
18/03/2021 23:00;0.39;;;
19/03/2021 00:00;0.48;;;
19/03/2021 01:00;0.51;;;
19/03/2021 02:00;0.49;;;
19/03/2021 03:00;0.42;;;
19/03/2021 04:00;0.3;;;
19/03/2021 05:00;0.15;;;
19/03/2021 06:00;0.03;;;
19/03/2021 07:00;-0.05;;;
19/03/2021 08:00;-0.07;;;
19/03/2021 09:00;-0.03;;;
19/03/2021 10:00;0.07;;;
19/03/2021 11:00;0.19;;;
19/03/2021 12:00;0.28;;;
19/03/2021 13:00;0.32;;;
19/03/2021 14:00;0.32;;;
19/03/2021 15:00;0.26;;;
19/03/2021 16:00;0.16;;;
19/03/2021 17:00;0.08;;;
19/03/2021 18:00;0.02;;;
19/03/2021 19:00;0.02;;;
19/03/2021 20:00;0.09;;;
19/03/2021 21:00;0.19;;;
19/03/2021 22:00;0.3;;;
19/03/2021 23:00;0.41;;;
20/03/2021 00:00;0.48;;;
20/03/2021 01:00;0.5;;;
20/03/2021 02:00;0.48;;;
20/03/2021 03:00;0.39;;;
20/03/2021 04:00;0.26;;;
20/03/2021 05:00;0.14;;;
20/03/2021 06:00;0.04;;;
20/03/2021 07:00;-0.03;;;
20/03/2021 08:00;-0.07;;;
20/03/2021 09:00;-0.07;;;
20/03/2021 10:00;0.01;;;
20/03/2021 11:00;0.1;;;
20/03/2021 12:00;0.17;;;
20/03/2021 13:00;0.22;;;
20/03/2021 14:00;0.25;;;
20/03/2021 15:00;0.22;;;
20/03/2021 16:00;0.18;;;
20/03/2021 17:00;0.13;;;
20/03/2021 18:00;0.14;;;
20/03/2021 19:00;0.17;;;
20/03/2021 20:00;0.2;;;
20/03/2021 21:00;0.3;;;
20/03/2021 22:00;0.4;;;
20/03/2021 23:00;0.43;;;
21/03/2021 00:00;0.44;;;
21/03/2021 01:00;0.44;;;
21/03/2021 02:00;0.38;;;
21/03/2021 03:00;0.32;;;
21/03/2021 04:00;0.26;;;
21/03/2021 05:00;0.2;;;
21/03/2021 06:00;0.15;;;
21/03/2021 07:00;0.1;;;
21/03/2021 08:00;0.06;;;
21/03/2021 09:00;0.01;;;
21/03/2021 10:00;-0.01;;;
21/03/2021 11:00;0.01;;;
21/03/2021 12:00;0.04;;;
21/03/2021 13:00;0.09;;;
21/03/2021 14:00;0.13;;;
21/03/2021 15:00;0.17;;;
21/03/2021 16:00;0.19;;;
21/03/2021 17:00;0.22;;;
21/03/2021 18:00;0.27;;;
21/03/2021 19:00;0.29;;;
21/03/2021 20:00;0.29;;;
21/03/2021 21:00;0.27;;;
21/03/2021 22:00;0.25;;;
21/03/2021 23:00;0.26;;;
22/03/2021 00:00;0.3;;;
22/03/2021 01:00;0.34;;;
22/03/2021 02:00;0.34;;;
22/03/2021 03:00;0.33;;;
22/03/2021 04:00;0.3;;;
22/03/2021 05:00;0.25;;;
22/03/2021 06:00;0.22;;;
22/03/2021 07:00;0.18;;;
22/03/2021 08:00;0.13;;;
22/03/2021 09:00;0.1;;;
22/03/2021 10:00;0.08;;;
22/03/2021 11:00;0.05;;;
22/03/2021 12:00;0.02;;;
22/03/2021 13:00;0.01;;;
22/03/2021 14:00;0.04;;;
22/03/2021 15:00;0.09;;;
22/03/2021 16:00;0.13;;;
22/03/2021 17:00;0.18;;;
22/03/2021 18:00;0.2;;;
22/03/2021 19:00;0.23;;;
22/03/2021 20:00;0.27;;;
22/03/2021 21:00;0.31;;;
22/03/2021 22:00;0.35;;;
22/03/2021 23:00;0.37;;;
23/03/2021 00:00;0.34;;;
23/03/2021 01:00;0.29;;;
23/03/2021 02:00;0.26;;;
23/03/2021 03:00;0.23;;;
23/03/2021 04:00;0.23;;;
23/03/2021 05:00;0.26;;;
23/03/2021 06:00;0.28;;;
23/03/2021 07:00;0.28;;;
23/03/2021 08:00;0.25;;;
23/03/2021 09:00;0.18;;;
23/03/2021 10:00;0.09;;;
23/03/2021 11:00;-0.02;;;
23/03/2021 12:00;-0.13;;;
23/03/2021 13:00;-0.2;;;
23/03/2021 14:00;-0.25;;;
23/03/2021 15:00;-0.27;;;
23/03/2021 16:00;-0.18;;;
23/03/2021 17:00;-0.04;;;
23/03/2021 18:00;0.13;;;
23/03/2021 19:00;0.25;;;
23/03/2021 20:00;0.33;;;
23/03/2021 21:00;0.38;;;
23/03/2021 22:00;0.41;;;
23/03/2021 23:00;0.36;;;
24/03/2021 00:00;0.28;;;
24/03/2021 01:00;0.23;;;
24/03/2021 02:00;0.2;;;
24/03/2021 03:00;0.21;;;
24/03/2021 04:00;0.27;;;
24/03/2021 05:00;0.35;;;
24/03/2021 06:00;0.4;;;
24/03/2021 07:00;0.41;;;
24/03/2021 08:00;0.38;;;
24/03/2021 09:00;0.3;;;
24/03/2021 10:00;0.16;;;
24/03/2021 11:00;0;;;
24/03/2021 12:00;-0.16;;;
24/03/2021 13:00;-0.31;;;
24/03/2021 14:00;-0.38;;;
24/03/2021 15:00;-0.36;;;
24/03/2021 16:00;-0.23;;;
24/03/2021 17:00;-0.05;;;
24/03/2021 18:00;0.14;;;
24/03/2021 19:00;0.29;;;
24/03/2021 20:00;0.42;;;
24/03/2021 21:00;0.49;;;
24/03/2021 22:00;0.49;;;
24/03/2021 23:00;0.43;;;
25/03/2021 00:00;0.34;;;
25/03/2021 01:00;0.24;;;
25/03/2021 02:00;0.16;;;
25/03/2021 03:00;0.14;;;
25/03/2021 04:00;0.18;;;
25/03/2021 05:00;0.24;;;
25/03/2021 06:00;0.34;;;
25/03/2021 07:00;0.43;;;
25/03/2021 08:00;0.46;;;
25/03/2021 09:00;0.41;;;
25/03/2021 10:00;0.3;;;
25/03/2021 11:00;0.14;;;
25/03/2021 12:00;-0.06;;;
25/03/2021 13:00;-0.23;;;
25/03/2021 14:00;-0.34;;;
25/03/2021 15:00;-0.36;;;
25/03/2021 16:00;-0.27;;;
25/03/2021 17:00;-0.09;;;
25/03/2021 18:00;0.13;;;
25/03/2021 19:00;0.32;;;
25/03/2021 20:00;0.47;;;
25/03/2021 21:00;0.59;;;
25/03/2021 22:00;0.63;;;
25/03/2021 23:00;0.58;;;
26/03/2021 00:00;0.44;;;
26/03/2021 01:00;0.28;;;
26/03/2021 02:00;0.15;;;
26/03/2021 03:00;0.06;;;
26/03/2021 04:00;0.05;;;
26/03/2021 05:00;0.11;;;
26/03/2021 06:00;0.22;;;
26/03/2021 07:00;0.35;;;
26/03/2021 08:00;0.43;;;
26/03/2021 09:00;0.45;;;
26/03/2021 10:00;0.4;;;
26/03/2021 11:00;0.28;;;
26/03/2021 12:00;0.1;;;
26/03/2021 13:00;-0.07;;;
26/03/2021 14:00;-0.22;;;
26/03/2021 15:00;-0.31;;;
26/03/2021 16:00;-0.3;;;
26/03/2021 17:00;-0.16;;;
26/03/2021 18:00;0.06;;;
26/03/2021 19:00;0.29;;;
26/03/2021 20:00;0.48;;;
26/03/2021 21:00;0.63;;;
26/03/2021 22:00;0.71;;;
26/03/2021 23:00;0.67;;;
27/03/2021 00:00;0.52;;;
27/03/2021 01:00;0.35;;;
27/03/2021 02:00;0.17;;;
27/03/2021 03:00;0.01;;;
27/03/2021 04:00;-0.08;;;
27/03/2021 05:00;-0.07;;;
27/03/2021 06:00;0.04;;;
27/03/2021 07:00;0.2;;;
27/03/2021 08:00;0.35;;;
27/03/2021 09:00;0.46;;;
27/03/2021 10:00;0.5;;;
27/03/2021 11:00;0.45;;;
27/03/2021 12:00;0.31;;;
27/03/2021 13:00;0.12;;;
27/03/2021 14:00;-0.08;;;
27/03/2021 15:00;-0.22;;;
27/03/2021 16:00;-0.28;;;
27/03/2021 17:00;-0.22;;;
27/03/2021 18:00;-0.03;;;
27/03/2021 19:00;0.23;;;
27/03/2021 20:00;0.44;;;
27/03/2021 21:00;0.61;;;
27/03/2021 22:00;0.7;;;
27/03/2021 23:00;0.7;;;
28/03/2021 00:00;0.57;;;
28/03/2021 01:00;0.35;;;
28/03/2021 02:00;0.12;;;
28/03/2021 03:00;-0.08;;;
28/03/2021 04:00;-0.22;;;
28/03/2021 05:00;-0.27;;;
28/03/2021 06:00;-0.2;;;
28/03/2021 07:00;-0.01;;;
28/03/2021 08:00;0.19;;;
28/03/2021 09:00;0.35;;;
28/03/2021 10:00;0.44;;;
28/03/2021 11:00;0.45;;;
28/03/2021 12:00;0.36;;;
28/03/2021 13:00;0.17;;;
28/03/2021 14:00;-0.03;;;
28/03/2021 15:00;-0.2;;;
28/03/2021 16:00;-0.32;;;
28/03/2021 17:00;-0.34;;;
28/03/2021 18:00;-0.22;;;
28/03/2021 19:00;-0.01;;;
28/03/2021 20:00;0.22;;;
28/03/2021 21:00;0.42;;;
28/03/2021 22:00;0.54;;;
28/03/2021 23:00;0.58;;;
29/03/2021 00:00;0.51;;;
29/03/2021 01:00;0.33;;;
29/03/2021 02:00;0.1;;;
29/03/2021 03:00;-0.13;;;
29/03/2021 04:00;-0.31;;;
29/03/2021 05:00;-0.41;;;
29/03/2021 06:00;-0.4;;;
29/03/2021 07:00;-0.24;;;
29/03/2021 08:00;-0.02;;;
29/03/2021 09:00;0.18;;;
29/03/2021 10:00;0.31;;;
29/03/2021 11:00;0.37;;;
29/03/2021 12:00;0.34;;;
29/03/2021 13:00;0.21;;;
29/03/2021 14:00;0.01;;;
29/03/2021 15:00;-0.19;;;
29/03/2021 16:00;-0.36;;;
29/03/2021 17:00;-0.43;;;
29/03/2021 18:00;-0.39;;;
29/03/2021 19:00;-0.22;;;
29/03/2021 20:00;0.02;;;
29/03/2021 21:00;0.23;;;
29/03/2021 22:00;0.38;;;
29/03/2021 23:00;0.47;;;
30/03/2021 00:00;0.45;;;
30/03/2021 01:00;0.33;;;
30/03/2021 02:00;0.11;;;
30/03/2021 03:00;-0.11;;;
30/03/2021 04:00;-0.32;;;
30/03/2021 05:00;-0.46;;;
30/03/2021 06:00;-0.49;;;
30/03/2021 07:00;-0.37;;;
30/03/2021 08:00;-0.17;;;
30/03/2021 09:00;0.05;;;
30/03/2021 10:00;0.21;;;
30/03/2021 11:00;0.3;;;
30/03/2021 12:00;0.32;;;
30/03/2021 13:00;0.24;;;
30/03/2021 14:00;0.08;;;
30/03/2021 15:00;-0.13;;;
30/03/2021 16:00;-0.31;;;
30/03/2021 17:00;-0.42;;;
30/03/2021 18:00;-0.42;;;
30/03/2021 19:00;-0.3;;;
30/03/2021 20:00;-0.08;;;
30/03/2021 21:00;0.14;;;
30/03/2021 22:00;0.32;;;
30/03/2021 23:00;0.44;;;
31/03/2021 00:00;0.48;;;
31/03/2021 01:00;0.41;;;
31/03/2021 02:00;0.24;;;
31/03/2021 03:00;0.04;;;
31/03/2021 04:00;-0.17;;;
31/03/2021 05:00;-0.33;;;
31/03/2021 06:00;-0.41;;;
31/03/2021 07:00;-0.38;;;
31/03/2021 08:00;-0.24;;;
31/03/2021 09:00;-0.06;;;
31/03/2021 10:00;0.09;;;
31/03/2021 11:00;0.18;;;
31/03/2021 12:00;0.24;;;
31/03/2021 13:00;0.2;;;
31/03/2021 14:00;0.1;;;
31/03/2021 15:00;-0.05;;;
31/03/2021 16:00;-0.2;;;
31/03/2021 17:00;-0.29;;;
31/03/2021 18:00;-0.3;;;
31/03/2021 19:00;-0.21;;;
31/03/2021 20:00;-0.04;;;
31/03/2021 21:00;0.16;;;
31/03/2021 22:00;0.33;;;
31/03/2021 23:00;0.46;;;
01/04/2021 00:00;0.53;;;
01/04/2021 01:00;0.52;;;
01/04/2021 02:00;0.4;;;
01/04/2021 03:00;0.22;;;
01/04/2021 04:00;0.04;;;
01/04/2021 05:00;-0.14;;;
01/04/2021 06:00;-0.27;;;
01/04/2021 07:00;-0.34;;;
01/04/2021 08:00;-0.31;;;
01/04/2021 09:00;-0.2;;;
01/04/2021 10:00;-0.05;;;
01/04/2021 11:00;0.08;;;
01/04/2021 12:00;0.17;;;
01/04/2021 13:00;0.2;;;
01/04/2021 14:00;0.17;;;
01/04/2021 15:00;0.11;;;
01/04/2021 16:00;0.02;;;
01/04/2021 17:00;-0.05;;;
01/04/2021 18:00;-0.07;;;
01/04/2021 19:00;-0.03;;;
01/04/2021 20:00;0.09;;;
01/04/2021 21:00;0.25;;;
01/04/2021 22:00;0.41;;;
01/04/2021 23:00;0.53;;;
02/04/2021 00:00;0.61;;;
02/04/2021 01:00;0.63;;;
02/04/2021 02:00;0.56;;;
02/04/2021 03:00;0.4;;;
02/04/2021 04:00;0.24;;;
02/04/2021 05:00;0.06;;;
02/04/2021 06:00;-0.1;;;
02/04/2021 07:00;-0.21;;;
02/04/2021 08:00;-0.25;;;
02/04/2021 09:00;-0.21;;;
02/04/2021 10:00;-0.12;;;
02/04/2021 11:00;0.01;;;
02/04/2021 12:00;0.11;;;
02/04/2021 13:00;0.19;;;
02/04/2021 14:00;0.23;;;
02/04/2021 15:00;0.25;;;
02/04/2021 16:00;0.25;;;
02/04/2021 17:00;0.23;;;
02/04/2021 18:00;0.22;;;
02/04/2021 19:00;0.25;;;
02/04/2021 20:00;0.32;;;
02/04/2021 21:00;0.4;;;
02/04/2021 22:00;0.49;;;
02/04/2021 23:00;0.59;;;
03/04/2021 00:00;0.65;;;
03/04/2021 01:00;0.67;;;
03/04/2021 02:00;0.63;;;
03/04/2021 03:00;0.53;;;
03/04/2021 04:00;0.38;;;
03/04/2021 05:00;0.21;;;
03/04/2021 06:00;0.08;;;
03/04/2021 07:00;0;;;
03/04/2021 08:00;-0.05;;;
03/04/2021 09:00;-0.05;;;
03/04/2021 10:00;0.01;;;
03/04/2021 11:00;0.11;;;
03/04/2021 12:00;0.21;;;
03/04/2021 13:00;0.3;;;
03/04/2021 14:00;0.36;;;
03/04/2021 15:00;0.4;;;
03/04/2021 16:00;0.43;;;
03/04/2021 17:00;0.45;;;
03/04/2021 18:00;0.45;;;
03/04/2021 19:00;0.45;;;
03/04/2021 20:00;0.45;;;
03/04/2021 21:00;0.46;;;
03/04/2021 22:00;0.45;;;
03/04/2021 23:00;0.44;;;
04/04/2021 00:00;0.43;;;
04/04/2021 01:00;0.4;;;
04/04/2021 02:00;0.37;;;
04/04/2021 03:00;0.31;;;
04/04/2021 04:00;0.2;;;
04/04/2021 05:00;0.12;;;
04/04/2021 06:00;0.02;;;
04/04/2021 07:00;-0.03;;;
04/04/2021 08:00;-0.06;;;
04/04/2021 09:00;-0.06;;;
04/04/2021 10:00;-0.04;;;
04/04/2021 11:00;0;;;
04/04/2021 12:00;0.06;;;
04/04/2021 13:00;0.13;;;
04/04/2021 14:00;0.19;;;
04/04/2021 15:00;0.25;;;
04/04/2021 16:00;0.33;;;
04/04/2021 17:00;0.39;;;
04/04/2021 18:00;0.43;;;
04/04/2021 19:00;0.45;;;
04/04/2021 20:00;0.43;;;
04/04/2021 21:00;0.34;;;
04/04/2021 22:00;0.27;;;
04/04/2021 23:00;0.22;;;
05/04/2021 00:00;0.18;;;
05/04/2021 01:00;0.16;;;
05/04/2021 02:00;0.16;;;
05/04/2021 03:00;0.17;;;
05/04/2021 04:00;0.18;;;
05/04/2021 05:00;0.21;;;
05/04/2021 06:00;0.24;;;
05/04/2021 07:00;0.25;;;
05/04/2021 08:00;0.23;;;
05/04/2021 09:00;0.2;;;
05/04/2021 10:00;0.13;;;
05/04/2021 11:00;0.06;;;
05/04/2021 12:00;0.04;;;
05/04/2021 13:00;0.06;;;
05/04/2021 14:00;0.12;;;
05/04/2021 15:00;0.2;;;
05/04/2021 16:00;0.27;;;
05/04/2021 17:00;0.32;;;
05/04/2021 18:00;0.37;;;
05/04/2021 19:00;0.43;;;
05/04/2021 20:00;0.47;;;
05/04/2021 21:00;0.5;;;
05/04/2021 22:00;0.5;;;
05/04/2021 23:00;0.46;;;
06/04/2021 00:00;0.39;;;
06/04/2021 01:00;0.33;;;
06/04/2021 02:00;0.28;;;
06/04/2021 03:00;0.29;;;
06/04/2021 04:00;0.34;;;
06/04/2021 05:00;0.41;;;
06/04/2021 06:00;0.48;;;
06/04/2021 07:00;0.51;;;
06/04/2021 08:00;0.5;;;
06/04/2021 09:00;0.45;;;
06/04/2021 10:00;0.41;;;
06/04/2021 11:00;0.41;;;
06/04/2021 12:00;0.34;;;
06/04/2021 13:00;0.23;;;
06/04/2021 14:00;0.22;;;
06/04/2021 15:00;0.23;;;
06/04/2021 16:00;0.23;;;
06/04/2021 17:00;0.32;;;
06/04/2021 18:00;0.44;;;
06/04/2021 19:00;0.52;;;
06/04/2021 20:00;0.55;;;
06/04/2021 21:00;0.57;;;
06/04/2021 22:00;0.58;;;
06/04/2021 23:00;0.48;;;
07/04/2021 00:00;0.34;;;
07/04/2021 01:00;0.22;;;
07/04/2021 02:00;0.13;;;
07/04/2021 03:00;0.1;;;
07/04/2021 04:00;0.18;;;
07/04/2021 05:00;0.28;;;
07/04/2021 06:00;0.39;;;
07/04/2021 07:00;0.43;;;
07/04/2021 08:00;0.41;;;
07/04/2021 09:00;0.34;;;
07/04/2021 10:00;0.24;;;
07/04/2021 11:00;0.13;;;
07/04/2021 12:00;0.02;;;
07/04/2021 13:00;-0.09;;;
07/04/2021 14:00;-0.13;;;
07/04/2021 15:00;-0.13;;;
07/04/2021 16:00;-0.05;;;
07/04/2021 17:00;0.14;;;
07/04/2021 18:00;0.31;;;
07/04/2021 19:00;0.44;;;
07/04/2021 20:00;0.54;;;
07/04/2021 21:00;0.6;;;
07/04/2021 22:00;0.57;;;
07/04/2021 23:00;0.43;;;
08/04/2021 00:00;0.26;;;
08/04/2021 01:00;0.12;;;
08/04/2021 02:00;0.02;;;
08/04/2021 03:00;-0.04;;;
08/04/2021 04:00;-0.01;;;
08/04/2021 05:00;0.09;;;
08/04/2021 06:00;0.19;;;
08/04/2021 07:00;0.3;;;
08/04/2021 08:00;0.38;;;
08/04/2021 09:00;0.41;;;
08/04/2021 10:00;0.37;;;
08/04/2021 11:00;0.25;;;
08/04/2021 12:00;0.1;;;
08/04/2021 13:00;-0.03;;;
08/04/2021 14:00;-0.14;;;
08/04/2021 15:00;-0.16;;;
08/04/2021 16:00;-0.09;;;
08/04/2021 17:00;0.07;;;
08/04/2021 18:00;0.24;;;
08/04/2021 19:00;0.4;;;
08/04/2021 20:00;0.52;;;
08/04/2021 21:00;0.59;;;
08/04/2021 22:00;0.61;;;
08/04/2021 23:00;0.52;;;
09/04/2021 00:00;0.39;;;
09/04/2021 01:00;0.22;;;
09/04/2021 02:00;0.06;;;
09/04/2021 03:00;-0.07;;;
09/04/2021 04:00;-0.13;;;
09/04/2021 05:00;-0.07;;;
09/04/2021 06:00;0.07;;;
09/04/2021 07:00;0.24;;;
09/04/2021 08:00;0.38;;;
09/04/2021 09:00;0.45;;;
09/04/2021 10:00;0.44;;;
09/04/2021 11:00;0.33;;;
09/04/2021 12:00;0.18;;;
09/04/2021 13:00;0.01;;;
09/04/2021 14:00;-0.14;;;
09/04/2021 15:00;-0.22;;;
09/04/2021 16:00;-0.21;;;
09/04/2021 17:00;-0.08;;;
09/04/2021 18:00;0.12;;;
09/04/2021 19:00;0.32;;;
09/04/2021 20:00;0.49;;;
09/04/2021 21:00;0.61;;;
09/04/2021 22:00;0.65;;;
09/04/2021 23:00;0.6;;;
10/04/2021 00:00;0.46;;;
10/04/2021 01:00;0.27;;;
10/04/2021 02:00;0.09;;;
10/04/2021 03:00;-0.05;;;
10/04/2021 04:00;-0.13;;;
10/04/2021 05:00;-0.1;;;
10/04/2021 06:00;0.02;;;
10/04/2021 07:00;0.19;;;
10/04/2021 08:00;0.33;;;
10/04/2021 09:00;0.41;;;
10/04/2021 10:00;0.4;;;
10/04/2021 11:00;0.33;;;
10/04/2021 12:00;0.19;;;
10/04/2021 13:00;0;;;
10/04/2021 14:00;-0.15;;;
10/04/2021 15:00;-0.25;;;
10/04/2021 16:00;-0.24;;;
10/04/2021 17:00;-0.1;;;
10/04/2021 18:00;0.09;;;
10/04/2021 19:00;0.3;;;
10/04/2021 20:00;0.47;;;
10/04/2021 21:00;0.6;;;
10/04/2021 22:00;0.67;;;
10/04/2021 23:00;0.66;;;
11/04/2021 00:00;0.54;;;
11/04/2021 01:00;0.35;;;
11/04/2021 02:00;0.16;;;
11/04/2021 03:00;-0.02;;;
11/04/2021 04:00;-0.12;;;
11/04/2021 05:00;-0.17;;;
11/04/2021 06:00;-0.1;;;
11/04/2021 07:00;0.07;;;
11/04/2021 08:00;0.25;;;
11/04/2021 09:00;0.37;;;
11/04/2021 10:00;0.46;;;
11/04/2021 11:00;0.47;;;
11/04/2021 12:00;0.39;;;
11/04/2021 13:00;0.26;;;
11/04/2021 14:00;0.13;;;
11/04/2021 15:00;0.02;;;
11/04/2021 16:00;0;;;
11/04/2021 17:00;0.08;;;
11/04/2021 18:00;0.23;;;
11/04/2021 19:00;0.39;;;
11/04/2021 20:00;0.56;;;
11/04/2021 21:00;0.69;;;
11/04/2021 22:00;0.78;;;
11/04/2021 23:00;0.76;;;
12/04/2021 00:00;0.63;;;
12/04/2021 01:00;0.45;;;
12/04/2021 02:00;0.24;;;
12/04/2021 03:00;0.02;;;
12/04/2021 04:00;-0.14;;;
12/04/2021 05:00;-0.21;;;
12/04/2021 06:00;-0.18;;;
12/04/2021 07:00;0.01;;;
12/04/2021 08:00;0.23;;;
12/04/2021 09:00;0.39;;;
12/04/2021 10:00;0.53;;;
12/04/2021 11:00;0.61;;;
12/04/2021 12:00;0.6;;;
12/04/2021 13:00;0.51;;;
12/04/2021 14:00;0.38;;;
12/04/2021 15:00;0.25;;;
12/04/2021 16:00;0.17;;;
12/04/2021 17:00;0.16;;;
12/04/2021 18:00;0.24;;;
12/04/2021 19:00;0.42;;;
12/04/2021 20:00;0.6;;;
12/04/2021 21:00;0.75;;;
12/04/2021 22:00;0.82;;;
12/04/2021 23:00;0.83;;;
13/04/2021 00:00;0.74;;;
13/04/2021 01:00;0.47;;;
13/04/2021 02:00;0.22;;;
13/04/2021 03:00;0.03;;;
13/04/2021 04:00;-0.13;;;
13/04/2021 05:00;-0.22;;;
13/04/2021 06:00;-0.2;;;
13/04/2021 07:00;-0.07;;;
13/04/2021 08:00;0.15;;;
13/04/2021 09:00;0.35;;;
13/04/2021 10:00;0.54;;;
13/04/2021 11:00;0.64;;;
13/04/2021 12:00;0.65;;;
13/04/2021 13:00;0.56;;;
13/04/2021 14:00;0.38;;;
13/04/2021 15:00;0.21;;;
13/04/2021 16:00;0.07;;;
13/04/2021 17:00;0.01;;;
13/04/2021 18:00;0.02;;;
13/04/2021 19:00;0.12;;;
13/04/2021 20:00;0.28;;;
13/04/2021 21:00;0.44;;;
13/04/2021 22:00;0.56;;;
13/04/2021 23:00;0.62;;;
14/04/2021 00:00;0.57;;;
14/04/2021 01:00;0.42;;;
14/04/2021 02:00;0.21;;;
14/04/2021 03:00;0.01;;;
14/04/2021 04:00;-0.18;;;
14/04/2021 05:00;-0.3;;;
14/04/2021 06:00;-0.32;;;
14/04/2021 07:00;-0.2;;;
14/04/2021 08:00;-0.01;;;
14/04/2021 09:00;0.19;;;
14/04/2021 10:00;0.34;;;
14/04/2021 11:00;0.44;;;
14/04/2021 12:00;0.46;;;
14/04/2021 13:00;0.42;;;
14/04/2021 14:00;0.3;;;
14/04/2021 15:00;0.15;;;
14/04/2021 16:00;0.02;;;
14/04/2021 17:00;-0.03;;;
14/04/2021 18:00;-0.02;;;
14/04/2021 19:00;0.05;;;
14/04/2021 20:00;0.2;;;
14/04/2021 21:00;0.34;;;
14/04/2021 22:00;0.45;;;
14/04/2021 23:00;0.5;;;
15/04/2021 00:00;0.49;;;
15/04/2021 01:00;0.39;;;
15/04/2021 02:00;0.24;;;
15/04/2021 03:00;0.08;;;
15/04/2021 04:00;-0.07;;;
15/04/2021 05:00;-0.16;;;
15/04/2021 06:00;-0.21;;;
15/04/2021 07:00;-0.16;;;
15/04/2021 08:00;-0.02;;;
15/04/2021 09:00;0.16;;;
15/04/2021 10:00;0.3;;;
15/04/2021 11:00;0.4;;;
15/04/2021 12:00;0.45;;;
15/04/2021 13:00;0.41;;;
15/04/2021 14:00;0.31;;;
15/04/2021 15:00;0.17;;;
15/04/2021 16:00;0.03;;;
15/04/2021 17:00;-0.04;;;
15/04/2021 18:00;-0.06;;;
15/04/2021 19:00;-0.01;;;
15/04/2021 20:00;0.11;;;
15/04/2021 21:00;0.26;;;
15/04/2021 22:00;0.38;;;
15/04/2021 23:00;0.45;;;
16/04/2021 00:00;0.46;;;
16/04/2021 01:00;0.39;;;
16/04/2021 02:00;0.26;;;
16/04/2021 03:00;0.11;;;
16/04/2021 04:00;-0.03;;;
16/04/2021 05:00;-0.14;;;
16/04/2021 06:00;-0.19;;;
16/04/2021 07:00;-0.17;;;
16/04/2021 08:00;-0.07;;;
16/04/2021 09:00;0.05;;;
16/04/2021 10:00;-0.02;;;
16/04/2021 11:00;0.08;;;
16/04/2021 12:00;0.25;;;
16/04/2021 13:00;0.3;;;
16/04/2021 14:00;0.26;;;
16/04/2021 15:00;0.18;;;
16/04/2021 16:00;0.06;;;
16/04/2021 17:00;-0.01;;;
16/04/2021 18:00;-0.03;;;
16/04/2021 19:00;0;;;
16/04/2021 20:00;0.07;;;
16/04/2021 21:00;0.19;;;
16/04/2021 22:00;0.3;;;
16/04/2021 23:00;0.37;;;
17/04/2021 00:00;0.39;;;
17/04/2021 01:00;0.38;;;
17/04/2021 02:00;0.31;;;
17/04/2021 03:00;0.18;;;
17/04/2021 04:00;0.04;;;
17/04/2021 05:00;-0.06;;;
17/04/2021 06:00;-0.15;;;
17/04/2021 07:00;-0.18;;;
17/04/2021 08:00;-0.15;;;
17/04/2021 09:00;-0.06;;;
17/04/2021 10:00;0.07;;;
17/04/2021 11:00;0.18;;;
17/04/2021 12:00;0.28;;;
17/04/2021 13:00;0.34;;;
17/04/2021 14:00;0.36;;;
17/04/2021 15:00;0.34;;;
17/04/2021 16:00;0.3;;;
17/04/2021 17:00;0.23;;;
17/04/2021 18:00;0.16;;;
17/04/2021 19:00;0.14;;;
17/04/2021 20:00;0.16;;;
17/04/2021 21:00;0.23;;;
17/04/2021 22:00;0.34;;;
17/04/2021 23:00;0.43;;;
18/04/2021 00:00;0.49;;;
18/04/2021 01:00;0.51;;;
18/04/2021 02:00;0.47;;;
18/04/2021 03:00;0.37;;;
18/04/2021 04:00;0.25;;;
18/04/2021 05:00;0.14;;;
18/04/2021 06:00;0.05;;;
18/04/2021 07:00;-0.01;;;
18/04/2021 08:00;-0.03;;;
18/04/2021 09:00;0.02;;;
18/04/2021 10:00;0.09;;;
18/04/2021 11:00;0.2;;;
18/04/2021 12:00;0.3;;;
18/04/2021 13:00;0.39;;;
18/04/2021 14:00;0.42;;;
18/04/2021 15:00;0.41;;;
18/04/2021 16:00;0.37;;;
18/04/2021 17:00;0.3;;;
18/04/2021 18:00;0.25;;;
18/04/2021 19:00;0.22;;;
18/04/2021 20:00;0.25;;;
18/04/2021 21:00;0.32;;;
18/04/2021 22:00;0.4;;;
18/04/2021 23:00;0.46;;;
19/04/2021 00:00;0.51;;;
19/04/2021 01:00;0.5;;;
19/04/2021 02:00;0.47;;;
19/04/2021 03:00;0.41;;;
19/04/2021 04:00;0.32;;;
19/04/2021 05:00;0.22;;;
19/04/2021 06:00;0.15;;;
19/04/2021 07:00;0.09;;;
19/04/2021 08:00;0.06;;;
19/04/2021 09:00;0.05;;;
19/04/2021 10:00;0.08;;;
19/04/2021 11:00;0.12;;;
19/04/2021 12:00;0.18;;;
19/04/2021 13:00;0.25;;;
19/04/2021 14:00;0.3;;;
19/04/2021 15:00;0.35;;;
19/04/2021 16:00;0.35;;;
19/04/2021 17:00;0.35;;;
19/04/2021 18:00;0.37;;;
19/04/2021 19:00;0.38;;;
19/04/2021 20:00;0.38;;;
19/04/2021 21:00;0.4;;;
19/04/2021 22:00;0.4;;;
19/04/2021 23:00;0.41;;;
20/04/2021 00:00;0.42;;;
20/04/2021 01:00;0.42;;;
20/04/2021 02:00;0.39;;;
20/04/2021 03:00;0.35;;;
20/04/2021 04:00;0.32;;;
20/04/2021 05:00;0.3;;;
20/04/2021 06:00;0.26;;;
20/04/2021 07:00;0.23;;;
20/04/2021 08:00;0.19;;;
20/04/2021 09:00;0.11;;;
20/04/2021 10:00;0.07;;;
20/04/2021 11:00;0.05;;;
20/04/2021 12:00;0.04;;;
20/04/2021 13:00;0.08;;;
20/04/2021 14:00;0.16;;;
20/04/2021 15:00;0.26;;;
20/04/2021 16:00;0.36;;;
20/04/2021 17:00;0.43;;;
20/04/2021 18:00;0.49;;;
20/04/2021 19:00;0.53;;;
20/04/2021 20:00;0.54;;;
20/04/2021 21:00;0.5;;;
20/04/2021 22:00;0.45;;;
20/04/2021 23:00;0.4;;;
21/04/2021 00:00;0.37;;;
21/04/2021 01:00;0.33;;;
21/04/2021 02:00;0.31;;;
21/04/2021 03:00;0.31;;;
21/04/2021 04:00;0.32;;;
21/04/2021 05:00;0.34;;;
21/04/2021 06:00;0.35;;;
21/04/2021 07:00;0.33;;;
21/04/2021 08:00;0.29;;;
21/04/2021 09:00;0.22;;;
21/04/2021 10:00;0.13;;;
21/04/2021 11:00;0.05;;;
21/04/2021 12:00;-0.01;;;
21/04/2021 13:00;-0.02;;;
21/04/2021 14:00;0.04;;;
21/04/2021 15:00;0.16;;;
21/04/2021 16:00;0.31;;;
21/04/2021 17:00;0.43;;;
21/04/2021 18:00;0.53;;;
21/04/2021 19:00;0.6;;;
21/04/2021 20:00;0.62;;;
21/04/2021 21:00;0.59;;;
21/04/2021 22:00;0.51;;;
21/04/2021 23:00;0.41;;;
22/04/2021 00:00;0.33;;;
22/04/2021 01:00;0.27;;;
22/04/2021 02:00;0.24;;;
22/04/2021 03:00;0.25;;;
22/04/2021 04:00;0.29;;;
22/04/2021 05:00;0.34;;;
22/04/2021 06:00;0.39;;;
22/04/2021 07:00;0.4;;;
22/04/2021 08:00;0.38;;;
22/04/2021 09:00;0.32;;;
22/04/2021 10:00;0.23;;;
22/04/2021 11:00;0.12;;;
22/04/2021 12:00;0.04;;;
22/04/2021 13:00;-0.01;;;
22/04/2021 14:00;-0.02;;;
22/04/2021 15:00;0.04;;;
22/04/2021 16:00;0.17;;;
22/04/2021 17:00;0.33;;;
22/04/2021 18:00;0.49;;;
22/04/2021 19:00;0.61;;;
22/04/2021 20:00;0.68;;;
22/04/2021 21:00;0.7;;;
22/04/2021 22:00;0.63;;;
22/04/2021 23:00;0.49;;;
23/04/2021 00:00;0.34;;;
23/04/2021 01:00;0.2;;;
23/04/2021 02:00;0.09;;;
23/04/2021 03:00;0.04;;;
23/04/2021 04:00;0.06;;;
23/04/2021 05:00;0.14;;;
23/04/2021 06:00;0.26;;;
23/04/2021 07:00;0.36;;;
23/04/2021 08:00;0.4;;;
23/04/2021 09:00;0.36;;;
23/04/2021 10:00;0.25;;;
23/04/2021 11:00;0.11;;;
23/04/2021 12:00;-0.05;;;
23/04/2021 13:00;-0.18;;;
23/04/2021 14:00;-0.23;;;
23/04/2021 15:00;-0.19;;;
23/04/2021 16:00;-0.06;;;
23/04/2021 17:00;0.13;;;
23/04/2021 18:00;0.33;;;
23/04/2021 19:00;0.49;;;
23/04/2021 20:00;0.6;;;
23/04/2021 21:00;0.65;;;
23/04/2021 22:00;0.6;;;
23/04/2021 23:00;0.45;;;
24/04/2021 00:00;0.26;;;
24/04/2021 01:00;0.09;;;
24/04/2021 02:00;-0.06;;;
24/04/2021 03:00;-0.15;;;
24/04/2021 04:00;-0.15;;;
24/04/2021 05:00;-0.03;;;
24/04/2021 06:00;0.14;;;
24/04/2021 07:00;0.29;;;
24/04/2021 08:00;0.41;;;
24/04/2021 09:00;0.44;;;
24/04/2021 10:00;0.37;;;
24/04/2021 11:00;0.22;;;
24/04/2021 12:00;0.05;;;
24/04/2021 13:00;-0.11;;;
24/04/2021 14:00;-0.22;;;
24/04/2021 15:00;-0.22;;;
24/04/2021 16:00;-0.1;;;
24/04/2021 17:00;0.1;;;
24/04/2021 18:00;0.31;;;
24/04/2021 19:00;0.48;;;
24/04/2021 20:00;0.61;;;
24/04/2021 21:00;0.66;;;
24/04/2021 22:00;0.62;;;
24/04/2021 23:00;0.47;;;
25/04/2021 00:00;0.27;;;
25/04/2021 01:00;0.07;;;
25/04/2021 02:00;-0.1;;;
25/04/2021 03:00;-0.22;;;
25/04/2021 04:00;-0.23;;;
25/04/2021 05:00;-0.13;;;
25/04/2021 06:00;0.03;;;
25/04/2021 07:00;0.22;;;
25/04/2021 08:00;0.36;;;
25/04/2021 09:00;0.44;;;
25/04/2021 10:00;0.45;;;
25/04/2021 11:00;0.38;;;
25/04/2021 12:00;0.23;;;
25/04/2021 13:00;0.06;;;
25/04/2021 14:00;-0.09;;;
25/04/2021 15:00;-0.15;;;
25/04/2021 16:00;-0.13;;;
25/04/2021 17:00;0.02;;;
25/04/2021 18:00;0.24;;;
25/04/2021 19:00;0.44;;;
25/04/2021 20:00;0.6;;;
25/04/2021 21:00;0.7;;;
25/04/2021 22:00;0.72;;;
25/04/2021 23:00;0.62;;;
26/04/2021 00:00;0.42;;;
26/04/2021 01:00;0.21;;;
26/04/2021 02:00;0;;;
26/04/2021 03:00;-0.17;;;
26/04/2021 04:00;-0.25;;;
26/04/2021 05:00;-0.22;;;
26/04/2021 06:00;-0.08;;;
26/04/2021 07:00;0.12;;;
26/04/2021 08:00;0.31;;;
26/04/2021 09:00;0.45;;;
26/04/2021 10:00;0.53;;;
26/04/2021 11:00;0.54;;;
26/04/2021 12:00;0.45;;;
26/04/2021 13:00;0.3;;;
26/04/2021 14:00;0.14;;;
26/04/2021 15:00;0.02;;;
26/04/2021 16:00;-0.06;;;
26/04/2021 17:00;-0.01;;;
26/04/2021 18:00;0.17;;;
26/04/2021 19:00;0.4;;;
26/04/2021 20:00;0.6;;;
26/04/2021 21:00;0.76;;;
26/04/2021 22:00;0.83;;;
26/04/2021 23:00;0.81;;;
27/04/2021 00:00;0.66;;;
27/04/2021 01:00;0.43;;;
27/04/2021 02:00;0.2;;;
27/04/2021 03:00;-0.03;;;
27/04/2021 04:00;-0.2;;;
27/04/2021 05:00;-0.27;;;
27/04/2021 06:00;-0.22;;;
27/04/2021 07:00;-0.02;;;
27/04/2021 08:00;0.19;;;
27/04/2021 09:00;0.36;;;
27/04/2021 10:00;0.5;;;
27/04/2021 11:00;0.59;;;
27/04/2021 12:00;0.58;;;
27/04/2021 13:00;0.5;;;
27/04/2021 14:00;0.36;;;
27/04/2021 15:00;0.21;;;
27/04/2021 16:00;0.11;;;
27/04/2021 17:00;0.11;;;
27/04/2021 18:00;0.21;;;
27/04/2021 19:00;0.39;;;
27/04/2021 20:00;0.59;;;
27/04/2021 21:00;0.76;;;
27/04/2021 22:00;0.85;;;
27/04/2021 23:00;0.85;;;
28/04/2021 00:00;0.77;;;
28/04/2021 01:00;0.57;;;
28/04/2021 02:00;0.33;;;
28/04/2021 03:00;0.1;;;
28/04/2021 04:00;-0.09;;;
28/04/2021 05:00;-0.22;;;
28/04/2021 06:00;-0.26;;;
28/04/2021 07:00;-0.15;;;
28/04/2021 08:00;0.05;;;
28/04/2021 09:00;0.27;;;
28/04/2021 10:00;0.44;;;
28/04/2021 11:00;0.58;;;
28/04/2021 12:00;0.67;;;
28/04/2021 13:00;0.65;;;
28/04/2021 14:00;0.55;;;
28/04/2021 15:00;0.39;;;
28/04/2021 16:00;0.26;;;
28/04/2021 17:00;0.2;;;
28/04/2021 18:00;0.23;;;
28/04/2021 19:00;0.34;;;
28/04/2021 20:00;0.52;;;
28/04/2021 21:00;0.69;;;
28/04/2021 22:00;0.8;;;
28/04/2021 23:00;0.85;;;
29/04/2021 00:00;0.83;;;
29/04/2021 01:00;0.7;;;
29/04/2021 02:00;0.49;;;
29/04/2021 03:00;0.26;;;
29/04/2021 04:00;0.06;;;
29/04/2021 05:00;-0.1;;;
29/04/2021 06:00;-0.19;;;
29/04/2021 07:00;-0.13;;;
29/04/2021 08:00;0.04;;;
29/04/2021 09:00;0.24;;;
29/04/2021 10:00;0.42;;;
29/04/2021 11:00;0.55;;;
29/04/2021 12:00;0.65;;;
29/04/2021 13:00;0.67;;;
29/04/2021 14:00;0.62;;;
29/04/2021 15:00;0.51;;;
29/04/2021 16:00;0.39;;;
29/04/2021 17:00;0.3;;;
29/04/2021 18:00;0.26;;;
29/04/2021 19:00;0.32;;;
29/04/2021 20:00;0.44;;;
29/04/2021 21:00;0.59;;;
29/04/2021 22:00;0.72;;;
29/04/2021 23:00;0.8;;;
30/04/2021 00:00;0.82;;;
30/04/2021 01:00;0.74;;;
30/04/2021 02:00;0.6;;;
30/04/2021 03:00;0.42;;;
30/04/2021 04:00;0.23;;;
30/04/2021 05:00;0.06;;;
30/04/2021 06:00;-0.05;;;
30/04/2021 07:00;-0.09;;;
30/04/2021 08:00;-0.05;;;
30/04/2021 09:00;0.08;;;
30/04/2021 10:00;0.26;;;
30/04/2021 11:00;0.4;;;
30/04/2021 12:00;0.51;;;
30/04/2021 13:00;0.58;;;
30/04/2021 14:00;0.6;;;
30/04/2021 15:00;0.56;;;
30/04/2021 16:00;0.47;;;
30/04/2021 17:00;0.39;;;
30/04/2021 18:00;0.35;;;
30/04/2021 19:00;0.35;;;
30/04/2021 20:00;0.43;;;
30/04/2021 21:00;0.53;;;
30/04/2021 22:00;0.62;;;
30/04/2021 23:00;0.7;;;
01/05/2021 00:00;0.77;;;
01/05/2021 01:00;0.72;;;
01/05/2021 02:00;0.63;;;
01/05/2021 03:00;0.48;;;
01/05/2021 04:00;0.33;;;
01/05/2021 05:00;0.17;;;
01/05/2021 06:00;0.04;;;
01/05/2021 07:00;-0.03;;;
01/05/2021 08:00;-0.06;;;
01/05/2021 09:00;0;;;
01/05/2021 10:00;0.14;;;
01/05/2021 11:00;0.27;;;
01/05/2021 12:00;0.39;;;
01/05/2021 13:00;0.47;;;
01/05/2021 14:00;0.56;;;
01/05/2021 15:00;0.59;;;
01/05/2021 16:00;0.56;;;
01/05/2021 17:00;0.56;;;
01/05/2021 18:00;0.57;;;
01/05/2021 19:00;0.61;;;
01/05/2021 20:00;0.61;;;
01/05/2021 21:00;0.64;;;
01/05/2021 22:00;0.75;;;
01/05/2021 23:00;0.83;;;
02/05/2021 00:00;0.86;;;
02/05/2021 01:00;0.84;;;
02/05/2021 02:00;0.77;;;
02/05/2021 03:00;0.63;;;
02/05/2021 04:00;0.52;;;
02/05/2021 05:00;0.38;;;
02/05/2021 06:00;0.25;;;
02/05/2021 07:00;0.16;;;
02/05/2021 08:00;0.11;;;
02/05/2021 09:00;0.1;;;
02/05/2021 10:00;0.11;;;
02/05/2021 11:00;0.18;;;
02/05/2021 12:00;0.29;;;
02/05/2021 13:00;0.38;;;
02/05/2021 14:00;0.44;;;
02/05/2021 15:00;0.5;;;
02/05/2021 16:00;0.53;;;
02/05/2021 17:00;0.56;;;
02/05/2021 18:00;0.53;;;
02/05/2021 19:00;0.54;;;
02/05/2021 20:00;0.52;;;
02/05/2021 21:00;0.48;;;
02/05/2021 22:00;0.52;;;
02/05/2021 23:00;0.56;;;
03/05/2021 00:00;0.55;;;
03/05/2021 01:00;0.5;;;
03/05/2021 02:00;0.47;;;
03/05/2021 03:00;0.42;;;
03/05/2021 04:00;0.37;;;
03/05/2021 05:00;0.28;;;
03/05/2021 06:00;0.18;;;
03/05/2021 07:00;0.09;;;
03/05/2021 08:00;0.01;;;
03/05/2021 09:00;-0.06;;;
03/05/2021 10:00;-0.08;;;
03/05/2021 11:00;-0.05;;;
03/05/2021 12:00;0.02;;;
03/05/2021 13:00;0.12;;;
03/05/2021 14:00;0.22;;;
03/05/2021 15:00;0.32;;;
03/05/2021 16:00;0.4;;;
03/05/2021 17:00;0.49;;;
03/05/2021 18:00;0.56;;;
03/05/2021 19:00;0.59;;;
03/05/2021 20:00;0.58;;;
03/05/2021 21:00;0.55;;;
03/05/2021 22:00;0.5;;;
03/05/2021 23:00;0.44;;;
04/05/2021 00:00;0.42;;;
04/05/2021 01:00;0.37;;;
04/05/2021 02:00;0.31;;;
04/05/2021 03:00;0.3;;;
04/05/2021 04:00;0.28;;;
04/05/2021 05:00;0.26;;;
04/05/2021 06:00;0.23;;;
04/05/2021 07:00;0.16;;;
04/05/2021 08:00;0.09;;;
04/05/2021 09:00;0;;;
04/05/2021 10:00;-0.05;;;
04/05/2021 11:00;-0.05;;;
04/05/2021 12:00;0;;;
04/05/2021 13:00;0.09;;;
04/05/2021 14:00;0.22;;;
04/05/2021 15:00;0.35;;;
04/05/2021 16:00;0.48;;;
04/05/2021 17:00;0.6;;;
04/05/2021 18:00;0.71;;;
04/05/2021 19:00;0.77;;;
04/05/2021 20:00;0.74;;;
04/05/2021 21:00;0.69;;;
04/05/2021 22:00;0.59;;;
04/05/2021 23:00;0.47;;;
05/05/2021 00:00;0.38;;;
05/05/2021 01:00;0.3;;;
05/05/2021 02:00;0.26;;;
05/05/2021 03:00;0.24;;;
05/05/2021 04:00;0.24;;;
05/05/2021 05:00;0.26;;;
05/05/2021 06:00;0.28;;;
05/05/2021 07:00;0.28;;;
05/05/2021 08:00;0.27;;;
05/05/2021 09:00;0.22;;;
05/05/2021 10:00;0.14;;;
05/05/2021 11:00;0.08;;;
05/05/2021 12:00;0.04;;;
05/05/2021 13:00;0.06;;;
05/05/2021 14:00;0.19;;;
05/05/2021 15:00;0.36;;;
05/05/2021 16:00;0.49;;;
05/05/2021 17:00;0.6;;;
05/05/2021 18:00;0.72;;;
05/05/2021 19:00;0.81;;;
05/05/2021 20:00;0.83;;;
05/05/2021 21:00;0.8;;;
05/05/2021 22:00;0.7;;;
05/05/2021 23:00;0.56;;;
06/05/2021 00:00;0.41;;;
06/05/2021 01:00;0.28;;;
06/05/2021 02:00;0.19;;;
06/05/2021 03:00;0.15;;;
06/05/2021 04:00;0.15;;;
06/05/2021 05:00;0.22;;;
06/05/2021 06:00;0.3;;;
06/05/2021 07:00;0.32;;;
06/05/2021 08:00;0.31;;;
06/05/2021 09:00;0.29;;;
06/05/2021 10:00;0.23;;;
06/05/2021 11:00;0.18;;;
06/05/2021 12:00;0.14;;;
06/05/2021 13:00;0.1;;;
06/05/2021 14:00;0.1;;;
06/05/2021 15:00;0.18;;;
06/05/2021 16:00;0.34;;;
06/05/2021 17:00;0.5;;;
06/05/2021 18:00;0.65;;;
06/05/2021 19:00;0.76;;;
06/05/2021 20:00;0.83;;;
06/05/2021 21:00;0.83;;;
06/05/2021 22:00;0.76;;;
06/05/2021 23:00;0.6;;;
07/05/2021 00:00;0.44;;;
07/05/2021 01:00;0.29;;;
07/05/2021 02:00;0.16;;;
07/05/2021 03:00;0.08;;;
07/05/2021 04:00;0.07;;;
07/05/2021 05:00;0.13;;;
07/05/2021 06:00;0.28;;;
07/05/2021 07:00;0.42;;;
07/05/2021 08:00;0.5;;;
07/05/2021 09:00;0.5;;;
07/05/2021 10:00;0.46;;;
07/05/2021 11:00;0.36;;;
07/05/2021 12:00;0.24;;;
07/05/2021 13:00;0.16;;;
07/05/2021 14:00;0.15;;;
07/05/2021 15:00;0.21;;;
07/05/2021 16:00;0.32;;;
07/05/2021 17:00;0.48;;;
07/05/2021 18:00;0.64;;;
07/05/2021 19:00;0.79;;;
07/05/2021 20:00;0.85;;;
07/05/2021 21:00;0.85;;;
07/05/2021 22:00;0.8;;;
07/05/2021 23:00;0.64;;;
08/05/2021 00:00;0.47;;;
08/05/2021 01:00;0.29;;;
08/05/2021 02:00;0.12;;;
08/05/2021 03:00;-0.02;;;
08/05/2021 04:00;-0.07;;;
08/05/2021 05:00;0;;;
08/05/2021 06:00;0.14;;;
08/05/2021 07:00;0.28;;;
08/05/2021 08:00;0.39;;;
08/05/2021 09:00;0.45;;;
08/05/2021 10:00;0.42;;;
08/05/2021 11:00;0.31;;;
08/05/2021 12:00;0.2;;;
08/05/2021 13:00;0.09;;;
08/05/2021 14:00;0.02;;;
08/05/2021 15:00;0.07;;;
08/05/2021 16:00;0.17;;;
08/05/2021 17:00;0.3;;;
08/05/2021 18:00;0.43;;;
08/05/2021 19:00;0.55;;;
08/05/2021 20:00;0.62;;;
08/05/2021 21:00;0.66;;;
08/05/2021 22:00;0.6;;;
08/05/2021 23:00;0.47;;;
09/05/2021 00:00;0.28;;;
09/05/2021 01:00;0.1;;;
09/05/2021 02:00;-0.07;;;
09/05/2021 03:00;-0.2;;;
09/05/2021 04:00;-0.22;;;
09/05/2021 05:00;-0.13;;;
09/05/2021 06:00;0.03;;;
09/05/2021 07:00;0.2;;;
09/05/2021 08:00;0.35;;;
09/05/2021 09:00;0.45;;;
09/05/2021 10:00;0.49;;;
09/05/2021 11:00;0.45;;;
09/05/2021 12:00;0.35;;;
09/05/2021 13:00;0.22;;;
09/05/2021 14:00;0.11;;;
09/05/2021 15:00;0.04;;;
09/05/2021 16:00;0.05;;;
09/05/2021 17:00;0.15;;;
09/05/2021 18:00;0.29;;;
09/05/2021 19:00;0.45;;;
09/05/2021 20:00;0.58;;;
09/05/2021 21:00;0.65;;;
09/05/2021 22:00;0.64;;;
09/05/2021 23:00;0.54;;;
10/05/2021 00:00;0.37;;;
10/05/2021 01:00;0.18;;;
10/05/2021 02:00;0.01;;;
10/05/2021 03:00;-0.13;;;
10/05/2021 04:00;-0.2;;;
10/05/2021 05:00;-0.15;;;
10/05/2021 06:00;0.02;;;
10/05/2021 07:00;0.2;;;
10/05/2021 08:00;0.37;;;
10/05/2021 09:00;0.48;;;
10/05/2021 10:00;0.56;;;
10/05/2021 11:00;0.55;;;
10/05/2021 12:00;0.45;;;
10/05/2021 13:00;0.3;;;
10/05/2021 14:00;0.16;;;
10/05/2021 15:00;0.06;;;
10/05/2021 16:00;0.04;;;
10/05/2021 17:00;0.12;;;
10/05/2021 18:00;0.26;;;
10/05/2021 19:00;0.44;;;
10/05/2021 20:00;0.6;;;
10/05/2021 21:00;0.69;;;
10/05/2021 22:00;0.73;;;
10/05/2021 23:00;0.67;;;
11/05/2021 00:00;0.51;;;
11/05/2021 01:00;0.32;;;
11/05/2021 02:00;0.13;;;
11/05/2021 03:00;-0.04;;;
11/05/2021 04:00;-0.15;;;
11/05/2021 05:00;-0.18;;;
11/05/2021 06:00;-0.07;;;
11/05/2021 07:00;0.12;;;
11/05/2021 08:00;0.31;;;
11/05/2021 09:00;0.45;;;
11/05/2021 10:00;0.51;;;
11/05/2021 11:00;0.52;;;
11/05/2021 12:00;0.48;;;
11/05/2021 13:00;0.38;;;
11/05/2021 14:00;0.23;;;
11/05/2021 15:00;0.12;;;
11/05/2021 16:00;0.1;;;
11/05/2021 17:00;0.17;;;
11/05/2021 18:00;0.28;;;
11/05/2021 19:00;0.47;;;
11/05/2021 20:00;0.64;;;
11/05/2021 21:00;0.77;;;
11/05/2021 22:00;0.84;;;
11/05/2021 23:00;0.82;;;
12/05/2021 00:00;0.72;;;
12/05/2021 01:00;0.52;;;
12/05/2021 02:00;0.34;;;
12/05/2021 03:00;0.14;;;
12/05/2021 04:00;-0.04;;;
12/05/2021 05:00;-0.14;;;
12/05/2021 06:00;-0.12;;;
12/05/2021 07:00;0.02;;;
12/05/2021 08:00;0.21;;;
12/05/2021 09:00;0.36;;;
12/05/2021 10:00;0.47;;;
12/05/2021 11:00;0.54;;;
12/05/2021 12:00;0.55;;;
12/05/2021 13:00;0.5;;;
12/05/2021 14:00;0.4;;;
12/05/2021 15:00;0.29;;;
12/05/2021 16:00;0.23;;;
12/05/2021 17:00;0.24;;;
12/05/2021 18:00;0.32;;;
12/05/2021 19:00;0.45;;;
12/05/2021 20:00;0.61;;;
12/05/2021 21:00;0.74;;;
12/05/2021 22:00;0.83;;;
12/05/2021 23:00;0.83;;;
13/05/2021 00:00;0.72;;;
13/05/2021 01:00;0.55;;;
13/05/2021 02:00;0.33;;;
13/05/2021 03:00;0.12;;;
13/05/2021 04:00;-0.06;;;
13/05/2021 05:00;-0.18;;;
13/05/2021 06:00;-0.21;;;
13/05/2021 07:00;-0.11;;;
13/05/2021 08:00;0.07;;;
13/05/2021 09:00;0.25;;;
13/05/2021 10:00;0.4;;;
13/05/2021 11:00;0.52;;;
13/05/2021 12:00;0.57;;;
13/05/2021 13:00;0.57;;;
13/05/2021 14:00;0.52;;;
13/05/2021 15:00;0.42;;;
13/05/2021 16:00;0.36;;;
13/05/2021 17:00;0.35;;;
13/05/2021 18:00;0.38;;;
13/05/2021 19:00;0.53;;;
13/05/2021 20:00;0.7;;;
13/05/2021 21:00;0.81;;;
13/05/2021 22:00;0.87;;;
13/05/2021 23:00;0.85;;;
14/05/2021 00:00;0.77;;;
14/05/2021 01:00;0.6;;;
14/05/2021 02:00;0.41;;;
14/05/2021 03:00;0.2;;;
14/05/2021 04:00;0;;;
14/05/2021 05:00;-0.15;;;
14/05/2021 06:00;-0.25;;;
14/05/2021 07:00;-0.21;;;
14/05/2021 08:00;-0.06;;;
14/05/2021 09:00;0.13;;;
14/05/2021 10:00;0.3;;;
14/05/2021 11:00;0.44;;;
14/05/2021 12:00;0.55;;;
14/05/2021 13:00;0.58;;;
14/05/2021 14:00;0.59;;;
14/05/2021 15:00;0.56;;;
14/05/2021 16:00;0.51;;;
14/05/2021 17:00;0.46;;;
14/05/2021 18:00;0.46;;;
14/05/2021 19:00;0.52;;;
14/05/2021 20:00;0.62;;;
14/05/2021 21:00;0.71;;;
14/05/2021 22:00;0.76;;;
14/05/2021 23:00;0.75;;;
15/05/2021 00:00;0.66;;;
15/05/2021 01:00;0.52;;;
15/05/2021 02:00;0.35;;;
15/05/2021 03:00;0.16;;;
15/05/2021 04:00;0;;;
15/05/2021 05:00;-0.15;;;
15/05/2021 06:00;-0.25;;;
15/05/2021 07:00;-0.24;;;
15/05/2021 08:00;-0.12;;;
15/05/2021 09:00;0.05;;;
15/05/2021 10:00;0.22;;;
15/05/2021 11:00;0.37;;;
15/05/2021 12:00;0.52;;;
15/05/2021 13:00;0.6;;;
15/05/2021 14:00;0.66;;;
15/05/2021 15:00;0.66;;;
15/05/2021 16:00;0.61;;;
15/05/2021 17:00;0.55;;;
15/05/2021 18:00;0.5;;;
15/05/2021 19:00;0.49;;;
15/05/2021 20:00;0.51;;;
15/05/2021 21:00;0.56;;;
15/05/2021 22:00;0.62;;;
15/05/2021 23:00;0.67;;;
16/05/2021 00:00;0.67;;;
16/05/2021 01:00;0.6;;;
16/05/2021 02:00;0.46;;;
16/05/2021 03:00;0.29;;;
16/05/2021 04:00;0.13;;;
16/05/2021 05:00;-0.01;;;
16/05/2021 06:00;-0.11;;;
16/05/2021 07:00;-0.13;;;
16/05/2021 08:00;-0.06;;;
16/05/2021 09:00;0.07;;;
16/05/2021 10:00;0.24;;;
16/05/2021 11:00;0.4;;;
16/05/2021 12:00;0.53;;;
16/05/2021 13:00;0.62;;;
16/05/2021 14:00;0.66;;;
16/05/2021 15:00;0.63;;;
16/05/2021 16:00;0.54;;;
16/05/2021 17:00;0.45;;;
16/05/2021 18:00;0.39;;;
16/05/2021 19:00;0.38;;;
16/05/2021 20:00;0.41;;;
16/05/2021 21:00;0.48;;;
16/05/2021 22:00;0.56;;;
16/05/2021 23:00;0.62;;;
17/05/2021 00:00;0.64;;;
17/05/2021 01:00;0.62;;;
17/05/2021 02:00;0.52;;;
17/05/2021 03:00;0.4;;;
17/05/2021 04:00;0.3;;;
17/05/2021 05:00;0.18;;;
17/05/2021 06:00;0.11;;;
17/05/2021 07:00;0.05;;;
17/05/2021 08:00;0.07;;;
17/05/2021 09:00;0.19;;;
17/05/2021 10:00;0.32;;;
17/05/2021 11:00;0.38;;;
17/05/2021 12:00;0.45;;;
17/05/2021 13:00;0.54;;;
17/05/2021 14:00;0.58;;;
17/05/2021 15:00;0.58;;;
17/05/2021 16:00;0.54;;;
17/05/2021 17:00;0.46;;;
17/05/2021 18:00;0.41;;;
17/05/2021 19:00;0.38;;;
17/05/2021 20:00;0.37;;;
17/05/2021 21:00;0.38;;;
17/05/2021 22:00;0.39;;;
17/05/2021 23:00;0.44;;;
18/05/2021 00:00;0.46;;;
18/05/2021 01:00;0.46;;;
18/05/2021 02:00;0.42;;;
18/05/2021 03:00;0.39;;;
18/05/2021 04:00;0.33;;;
18/05/2021 05:00;0.3;;;
18/05/2021 06:00;0.25;;;
18/05/2021 07:00;0.19;;;
18/05/2021 08:00;0.11;;;
18/05/2021 09:00;0.06;;;
18/05/2021 10:00;0.06;;;
18/05/2021 11:00;0.13;;;
18/05/2021 12:00;0.23;;;
18/05/2021 13:00;0.33;;;
18/05/2021 14:00;0.41;;;
18/05/2021 15:00;0.49;;;
18/05/2021 16:00;0.54;;;
18/05/2021 17:00;0.51;;;
18/05/2021 18:00;0.5;;;
18/05/2021 19:00;0.48;;;
18/05/2021 20:00;0.46;;;
18/05/2021 21:00;0.48;;;
18/05/2021 22:00;0.46;;;
18/05/2021 23:00;0.43;;;
19/05/2021 00:00;0.43;;;
19/05/2021 01:00;0.47;;;
19/05/2021 02:00;0.52;;;
19/05/2021 03:00;0.53;;;
19/05/2021 04:00;0.47;;;
19/05/2021 05:00;0.36;;;
19/05/2021 06:00;0.24;;;
19/05/2021 07:00;0.13;;;
19/05/2021 08:00;0.07;;;
19/05/2021 09:00;0.03;;;
19/05/2021 10:00;-0.01;;;
19/05/2021 11:00;-0.03;;;
19/05/2021 12:00;0.03;;;
19/05/2021 13:00;0.1;;;
19/05/2021 14:00;0.18;;;
19/05/2021 15:00;0.29;;;
19/05/2021 16:00;0.37;;;
19/05/2021 17:00;0.42;;;
19/05/2021 18:00;0.48;;;
19/05/2021 19:00;0.51;;;
19/05/2021 20:00;0.46;;;
19/05/2021 21:00;0.37;;;
19/05/2021 22:00;0.33;;;
19/05/2021 23:00;0.31;;;
20/05/2021 00:00;0.33;;;
20/05/2021 01:00;0.35;;;
20/05/2021 02:00;0.34;;;
20/05/2021 03:00;0.33;;;
20/05/2021 04:00;0.31;;;
20/05/2021 05:00;0.3;;;
20/05/2021 06:00;0.26;;;
20/05/2021 07:00;0.22;;;
20/05/2021 08:00;0.13;;;
20/05/2021 09:00;0.04;;;
20/05/2021 10:00;-0.07;;;
20/05/2021 11:00;-0.14;;;
20/05/2021 12:00;-0.17;;;
20/05/2021 13:00;-0.11;;;
20/05/2021 14:00;0.01;;;
20/05/2021 15:00;0.16;;;
20/05/2021 16:00;0.3;;;
20/05/2021 17:00;0.42;;;
20/05/2021 18:00;0.5;;;
20/05/2021 19:00;0.56;;;
20/05/2021 20:00;0.55;;;
20/05/2021 21:00;0.5;;;
20/05/2021 22:00;0.39;;;
20/05/2021 23:00;0.29;;;
21/05/2021 00:00;0.2;;;
21/05/2021 01:00;0.13;;;
21/05/2021 02:00;0.11;;;
21/05/2021 03:00;0.13;;;
21/05/2021 04:00;0.18;;;
21/05/2021 05:00;0.26;;;
21/05/2021 06:00;0.31;;;
21/05/2021 07:00;0.29;;;
21/05/2021 08:00;0.22;;;
21/05/2021 09:00;0.12;;;
21/05/2021 10:00;0.01;;;
21/05/2021 11:00;-0.09;;;
21/05/2021 12:00;-0.13;;;
21/05/2021 13:00;-0.1;;;
21/05/2021 14:00;0.01;;;
21/05/2021 15:00;0.16;;;
21/05/2021 16:00;0.35;;;
21/05/2021 17:00;0.52;;;
21/05/2021 18:00;0.65;;;
21/05/2021 19:00;0.75;;;
21/05/2021 20:00;0.78;;;
21/05/2021 21:00;0.74;;;
21/05/2021 22:00;0.58;;;
21/05/2021 23:00;0.42;;;
22/05/2021 00:00;0.27;;;
22/05/2021 01:00;0.14;;;
22/05/2021 02:00;0.07;;;
22/05/2021 03:00;0.1;;;
22/05/2021 04:00;0.14;;;
22/05/2021 05:00;0.23;;;
22/05/2021 06:00;0.33;;;
22/05/2021 07:00;0.37;;;
22/05/2021 08:00;0.37;;;
22/05/2021 09:00;0.32;;;
22/05/2021 10:00;0.26;;;
22/05/2021 11:00;0.16;;;
22/05/2021 12:00;0.06;;;
22/05/2021 13:00;0;;;
22/05/2021 14:00;0.02;;;
22/05/2021 15:00;0.15;;;
22/05/2021 16:00;0.33;;;
22/05/2021 17:00;0.5;;;
22/05/2021 18:00;0.67;;;
22/05/2021 19:00;0.77;;;
22/05/2021 20:00;0.83;;;
22/05/2021 21:00;0.81;;;
22/05/2021 22:00;0.7;;;
22/05/2021 23:00;0.51;;;
23/05/2021 00:00;0.32;;;
23/05/2021 01:00;0.14;;;
23/05/2021 02:00;-0.02;;;
23/05/2021 03:00;-0.1;;;
23/05/2021 04:00;-0.09;;;
23/05/2021 05:00;0.01;;;
23/05/2021 06:00;0.17;;;
23/05/2021 07:00;0.34;;;
23/05/2021 08:00;0.45;;;
23/05/2021 09:00;0.49;;;
23/05/2021 10:00;0.45;;;
23/05/2021 11:00;0.36;;;
23/05/2021 12:00;0.23;;;
23/05/2021 13:00;0.12;;;
23/05/2021 14:00;0.08;;;
23/05/2021 15:00;0.15;;;
23/05/2021 16:00;0.3;;;
23/05/2021 17:00;0.48;;;
23/05/2021 18:00;0.65;;;
23/05/2021 19:00;0.79;;;
23/05/2021 20:00;0.85;;;
23/05/2021 21:00;0.85;;;
23/05/2021 22:00;0.77;;;
23/05/2021 23:00;0.57;;;
24/05/2021 00:00;0.33;;;
24/05/2021 01:00;0.1;;;
24/05/2021 02:00;-0.11;;;
24/05/2021 03:00;-0.25;;;
24/05/2021 04:00;-0.31;;;
24/05/2021 05:00;-0.21;;;
24/05/2021 06:00;-0.03;;;
24/05/2021 07:00;0.17;;;
24/05/2021 08:00;0.35;;;
24/05/2021 09:00;0.44;;;
24/05/2021 10:00;0.47;;;
24/05/2021 11:00;0.43;;;
24/05/2021 12:00;0.3;;;
24/05/2021 13:00;0.15;;;
24/05/2021 14:00;0.06;;;
24/05/2021 15:00;0.11;;;
24/05/2021 16:00;0.22;;;
24/05/2021 17:00;0.35;;;
24/05/2021 18:00;0.52;;;
24/05/2021 19:00;0.72;;;
24/05/2021 20:00;0.83;;;
24/05/2021 21:00;0.85;;;
24/05/2021 22:00;0.77;;;
24/05/2021 23:00;0.66;;;
25/05/2021 00:00;0.44;;;
25/05/2021 01:00;0.16;;;
25/05/2021 02:00;0;;;
25/05/2021 03:00;-0.17;;;
25/05/2021 04:00;-0.29;;;
25/05/2021 05:00;-0.28;;;
25/05/2021 06:00;-0.12;;;
25/05/2021 07:00;0.14;;;
25/05/2021 08:00;0.29;;;
25/05/2021 09:00;0.4;;;
25/05/2021 10:00;0.51;;;
25/05/2021 11:00;0.51;;;
25/05/2021 12:00;0.43;;;
25/05/2021 13:00;0.31;;;
25/05/2021 14:00;0.19;;;
25/05/2021 15:00;0.12;;;
25/05/2021 16:00;0.12;;;
25/05/2021 17:00;0.22;;;
25/05/2021 18:00;0.4;;;
25/05/2021 19:00;0.57;;;
25/05/2021 20:00;0.71;;;
25/05/2021 21:00;0.8;;;
25/05/2021 22:00;0.78;;;
25/05/2021 23:00;0.67;;;
26/05/2021 00:00;0.47;;;
26/05/2021 01:00;0.21;;;
26/05/2021 02:00;-0.02;;;
26/05/2021 03:00;-0.23;;;
26/05/2021 04:00;-0.37;;;
26/05/2021 05:00;-0.41;;;
26/05/2021 06:00;-0.31;;;
26/05/2021 07:00;-0.11;;;
26/05/2021 08:00;0.08;;;
26/05/2021 09:00;0.26;;;
26/05/2021 10:00;0.4;;;
26/05/2021 11:00;0.47;;;
26/05/2021 12:00;0.47;;;
26/05/2021 13:00;0.39;;;
26/05/2021 14:00;0.27;;;
26/05/2021 15:00;0.17;;;
26/05/2021 16:00;0.11;;;
26/05/2021 17:00;0.12;;;
26/05/2021 18:00;0.23;;;
26/05/2021 19:00;0.39;;;
26/05/2021 20:00;0.56;;;
26/05/2021 21:00;0.68;;;
26/05/2021 22:00;0.73;;;
26/05/2021 23:00;0.68;;;
27/05/2021 00:00;0.52;;;
27/05/2021 01:00;0.31;;;
27/05/2021 02:00;0.08;;;
27/05/2021 03:00;-0.13;;;
27/05/2021 04:00;-0.32;;;
27/05/2021 05:00;-0.43;;;
27/05/2021 06:00;-0.42;;;
27/05/2021 07:00;-0.28;;;
27/05/2021 08:00;-0.06;;;
27/05/2021 09:00;0.15;;;
27/05/2021 10:00;0.32;;;
27/05/2021 11:00;0.44;;;
27/05/2021 12:00;0.5;;;
27/05/2021 13:00;0.48;;;
27/05/2021 14:00;0.38;;;
27/05/2021 15:00;0.24;;;
27/05/2021 16:00;0.12;;;
27/05/2021 17:00;0.08;;;
27/05/2021 18:00;0.12;;;
27/05/2021 19:00;0.23;;;
27/05/2021 20:00;0.42;;;
27/05/2021 21:00;0.57;;;
27/05/2021 22:00;0.65;;;
27/05/2021 23:00;0.63;;;
28/05/2021 00:00;0.58;;;
28/05/2021 01:00;0.4;;;
28/05/2021 02:00;0.19;;;
28/05/2021 03:00;-0.04;;;
28/05/2021 04:00;-0.23;;;
28/05/2021 05:00;-0.36;;;
28/05/2021 06:00;-0.43;;;
28/05/2021 07:00;-0.38;;;
28/05/2021 08:00;-0.22;;;
28/05/2021 09:00;-0.02;;;
28/05/2021 10:00;0.13;;;
28/05/2021 11:00;0.25;;;
28/05/2021 12:00;0.34;;;
28/05/2021 13:00;0.37;;;
28/05/2021 14:00;0.35;;;
28/05/2021 15:00;0.31;;;
28/05/2021 16:00;0.24;;;
28/05/2021 17:00;0.17;;;
28/05/2021 18:00;0.14;;;
28/05/2021 19:00;0.17;;;
28/05/2021 20:00;0.26;;;
28/05/2021 21:00;0.4;;;
28/05/2021 22:00;0.51;;;
28/05/2021 23:00;0.57;;;
29/05/2021 00:00;0.58;;;
29/05/2021 01:00;0.5;;;
29/05/2021 02:00;0.33;;;
29/05/2021 03:00;0.13;;;
29/05/2021 04:00;-0.08;;;
29/05/2021 05:00;-0.25;;;
29/05/2021 06:00;-0.37;;;
29/05/2021 07:00;-0.37;;;
29/05/2021 08:00;-0.28;;;
29/05/2021 09:00;-0.12;;;
29/05/2021 10:00;0.07;;;
29/05/2021 11:00;0.22;;;
29/05/2021 12:00;0.34;;;
29/05/2021 13:00;0.42;;;
29/05/2021 14:00;0.44;;;
29/05/2021 15:00;0.41;;;
29/05/2021 16:00;0.34;;;
29/05/2021 17:00;0.25;;;
29/05/2021 18:00;0.2;;;
29/05/2021 19:00;0.2;;;
29/05/2021 20:00;0.25;;;
29/05/2021 21:00;0.36;;;
29/05/2021 22:00;0.47;;;
29/05/2021 23:00;0.53;;;
30/05/2021 00:00;0.56;;;
30/05/2021 01:00;0.52;;;
30/05/2021 02:00;0.39;;;
30/05/2021 03:00;0.21;;;
30/05/2021 04:00;0.04;;;
30/05/2021 05:00;-0.15;;;
30/05/2021 06:00;-0.29;;;
30/05/2021 07:00;-0.34;;;
30/05/2021 08:00;-0.32;;;
30/05/2021 09:00;-0.23;;;
30/05/2021 10:00;-0.07;;;
30/05/2021 11:00;0.08;;;
30/05/2021 12:00;0.22;;;
30/05/2021 13:00;0.33;;;
30/05/2021 14:00;0.4;;;
30/05/2021 15:00;0.43;;;
30/05/2021 16:00;0.43;;;
30/05/2021 17:00;0.38;;;
30/05/2021 18:00;0.32;;;
30/05/2021 19:00;0.28;;;
30/05/2021 20:00;0.26;;;
30/05/2021 21:00;0.29;;;
30/05/2021 22:00;0.33;;;
30/05/2021 23:00;0.37;;;
31/05/2021 00:00;0.39;;;
31/05/2021 01:00;0.39;;;
31/05/2021 02:00;0.34;;;
31/05/2021 03:00;0.26;;;
31/05/2021 04:00;0.14;;;
31/05/2021 05:00;-0.03;;;
31/05/2021 06:00;-0.16;;;
31/05/2021 07:00;-0.25;;;
31/05/2021 08:00;-0.27;;;
31/05/2021 09:00;-0.22;;;
31/05/2021 10:00;-0.1;;;
31/05/2021 11:00;0.06;;;
31/05/2021 12:00;0.19;;;
31/05/2021 13:00;0.29;;;
31/05/2021 14:00;0.38;;;
31/05/2021 15:00;0.43;;;
31/05/2021 16:00;0.42;;;
31/05/2021 17:00;0.39;;;
31/05/2021 18:00;0.34;;;
31/05/2021 19:00;0.27;;;
31/05/2021 20:00;0.21;;;
31/05/2021 21:00;0.18;;;
31/05/2021 22:00;0.19;;;
31/05/2021 23:00;0.23;;;
01/06/2021 00:00;0.27;;;
01/06/2021 01:00;0.31;;;
01/06/2021 02:00;0.31;;;
01/06/2021 03:00;0.25;;;
01/06/2021 04:00;0.16;;;
01/06/2021 05:00;0.07;;;
01/06/2021 06:00;-0.02;;;
01/06/2021 07:00;-0.08;;;
01/06/2021 08:00;-0.11;;;
01/06/2021 09:00;-0.09;;;
01/06/2021 10:00;-0.04;;;
01/06/2021 11:00;0.04;;;
01/06/2021 12:00;0.13;;;
01/06/2021 13:00;0.21;;;
01/06/2021 14:00;0.3;;;
01/06/2021 15:00;0.38;;;
01/06/2021 16:00;0.44;;;
01/06/2021 17:00;0.47;;;
01/06/2021 18:00;0.46;;;
01/06/2021 19:00;0.4;;;
01/06/2021 20:00;0.33;;;
01/06/2021 21:00;0.27;;;
01/06/2021 22:00;0.22;;;
01/06/2021 23:00;0.2;;;
02/06/2021 00:00;0.2;;;
02/06/2021 01:00;0.22;;;
02/06/2021 02:00;0.24;;;
02/06/2021 03:00;0.24;;;
02/06/2021 04:00;0.23;;;
02/06/2021 05:00;0.21;;;
02/06/2021 06:00;0.16;;;
02/06/2021 07:00;0.12;;;
02/06/2021 08:00;0.05;;;
02/06/2021 09:00;0;;;
02/06/2021 10:00;-0.03;;;
02/06/2021 11:00;-0.03;;;
02/06/2021 12:00;0.03;;;
02/06/2021 13:00;0.13;;;
02/06/2021 14:00;0.24;;;
02/06/2021 15:00;0.33;;;
02/06/2021 16:00;0.39;;;
02/06/2021 17:00;0.45;;;
02/06/2021 18:00;0.49;;;
02/06/2021 19:00;0.51;;;
02/06/2021 20:00;0.48;;;
02/06/2021 21:00;0.41;;;
02/06/2021 22:00;0.33;;;
02/06/2021 23:00;0.22;;;
03/06/2021 00:00;0.14;;;
03/06/2021 01:00;0.09;;;
03/06/2021 02:00;0.09;;;
03/06/2021 03:00;0.11;;;
03/06/2021 04:00;0.17;;;
03/06/2021 05:00;0.22;;;
03/06/2021 06:00;0.24;;;
03/06/2021 07:00;0.2;;;
03/06/2021 08:00;0.15;;;
03/06/2021 09:00;0.06;;;
03/06/2021 10:00;-0.02;;;
03/06/2021 11:00;-0.08;;;
03/06/2021 12:00;-0.09;;;
03/06/2021 13:00;-0.04;;;
03/06/2021 14:00;0.07;;;
03/06/2021 15:00;0.22;;;
03/06/2021 16:00;0.37;;;
03/06/2021 17:00;0.49;;;
03/06/2021 18:00;0.56;;;
03/06/2021 19:00;0.6;;;
03/06/2021 20:00;0.57;;;
03/06/2021 21:00;0.46;;;
03/06/2021 22:00;0.32;;;
03/06/2021 23:00;0.18;;;
04/06/2021 00:00;0.07;;;
04/06/2021 01:00;0.01;;;
04/06/2021 02:00;0;;;
04/06/2021 03:00;0.04;;;
04/06/2021 04:00;0.12;;;
04/06/2021 05:00;0.2;;;
04/06/2021 06:00;0.25;;;
04/06/2021 07:00;0.25;;;
04/06/2021 08:00;0.2;;;
04/06/2021 09:00;0.12;;;
04/06/2021 10:00;0.03;;;
04/06/2021 11:00;-0.04;;;
04/06/2021 12:00;-0.07;;;
04/06/2021 13:00;-0.03;;;
04/06/2021 14:00;0.08;;;
04/06/2021 15:00;0.23;;;
04/06/2021 16:00;0.38;;;
04/06/2021 17:00;0.5;;;
04/06/2021 18:00;0.6;;;
04/06/2021 19:00;0.65;;;
04/06/2021 20:00;0.63;;;
04/06/2021 21:00;0.55;;;
04/06/2021 22:00;0.41;;;
04/06/2021 23:00;0.25;;;
05/06/2021 00:00;0.12;;;
05/06/2021 01:00;0.01;;;
05/06/2021 02:00;-0.04;;;
05/06/2021 03:00;-0.04;;;
05/06/2021 04:00;0.01;;;
05/06/2021 05:00;0.1;;;
05/06/2021 06:00;0.21;;;
05/06/2021 07:00;0.26;;;
05/06/2021 08:00;0.26;;;
05/06/2021 09:00;0.23;;;
05/06/2021 10:00;0.17;;;
05/06/2021 11:00;0.09;;;
05/06/2021 12:00;0.04;;;
05/06/2021 13:00;0.05;;;
05/06/2021 14:00;0.12;;;
05/06/2021 15:00;0.25;;;
05/06/2021 16:00;0.4;;;
05/06/2021 17:00;0.53;;;
05/06/2021 18:00;0.63;;;
05/06/2021 19:00;0.68;;;
05/06/2021 20:00;0.68;;;
05/06/2021 21:00;0.62;;;
05/06/2021 22:00;0.5;;;
05/06/2021 23:00;0.35;;;
06/06/2021 00:00;0.2;;;
06/06/2021 01:00;0.05;;;
06/06/2021 02:00;-0.07;;;
06/06/2021 03:00;-0.11;;;
06/06/2021 04:00;-0.11;;;
06/06/2021 05:00;-0.07;;;
06/06/2021 06:00;0.08;;;
06/06/2021 07:00;0.22;;;
06/06/2021 08:00;0.32;;;
06/06/2021 09:00;0.34;;;
06/06/2021 10:00;0.3;;;
06/06/2021 11:00;0.25;;;
06/06/2021 12:00;0.2;;;
06/06/2021 13:00;0.17;;;
06/06/2021 14:00;0.16;;;
06/06/2021 15:00;0.22;;;
06/06/2021 16:00;0.33;;;
06/06/2021 17:00;0.46;;;
06/06/2021 18:00;0.57;;;
06/06/2021 19:00;0.66;;;
06/06/2021 20:00;0.69;;;
06/06/2021 21:00;0.66;;;
06/06/2021 22:00;0.57;;;
06/06/2021 23:00;0.41;;;
07/06/2021 00:00;0.23;;;
07/06/2021 01:00;0.05;;;
07/06/2021 02:00;-0.09;;;
07/06/2021 03:00;-0.17;;;
07/06/2021 04:00;-0.19;;;
07/06/2021 05:00;-0.12;;;
07/06/2021 06:00;0.02;;;
07/06/2021 07:00;0.17;;;
07/06/2021 08:00;0.3;;;
07/06/2021 09:00;0.39;;;
07/06/2021 10:00;0.43;;;
07/06/2021 11:00;0.43;;;
07/06/2021 12:00;0.37;;;
07/06/2021 13:00;0.29;;;
07/06/2021 14:00;0.21;;;
07/06/2021 15:00;0.17;;;
07/06/2021 16:00;0.22;;;
07/06/2021 17:00;0.35;;;
07/06/2021 18:00;0.51;;;
07/06/2021 19:00;0.63;;;
07/06/2021 20:00;0.71;;;
07/06/2021 21:00;0.71;;;
07/06/2021 22:00;0.63;;;
07/06/2021 23:00;0.47;;;
08/06/2021 00:00;0.29;;;
08/06/2021 01:00;0.09;;;
08/06/2021 02:00;-0.09;;;
08/06/2021 03:00;-0.23;;;
08/06/2021 04:00;-0.28;;;
08/06/2021 05:00;-0.21;;;
08/06/2021 06:00;-0.05;;;
08/06/2021 07:00;0.15;;;
08/06/2021 08:00;0.32;;;
08/06/2021 09:00;0.44;;;
08/06/2021 10:00;0.5;;;
08/06/2021 11:00;0.5;;;
08/06/2021 12:00;0.42;;;
08/06/2021 13:00;0.31;;;
08/06/2021 14:00;0.21;;;
08/06/2021 15:00;0.16;;;
08/06/2021 16:00;0.18;;;
08/06/2021 17:00;0.26;;;
08/06/2021 18:00;0.39;;;
08/06/2021 19:00;0.52;;;
08/06/2021 20:00;0.62;;;
08/06/2021 21:00;0.67;;;
08/06/2021 22:00;0.64;;;
08/06/2021 23:00;0.51;;;
09/06/2021 00:00;0.32;;;
09/06/2021 01:00;0.11;;;
09/06/2021 02:00;-0.07;;;
09/06/2021 03:00;-0.22;;;
09/06/2021 04:00;-0.3;;;
09/06/2021 05:00;-0.27;;;
09/06/2021 06:00;-0.13;;;
09/06/2021 07:00;0.07;;;
09/06/2021 08:00;0.26;;;
09/06/2021 09:00;0.4;;;
09/06/2021 10:00;0.49;;;
09/06/2021 11:00;0.51;;;
09/06/2021 12:00;0.48;;;
09/06/2021 13:00;0.38;;;
09/06/2021 14:00;0.27;;;
09/06/2021 15:00;0.19;;;
09/06/2021 16:00;0.17;;;
09/06/2021 17:00;0.22;;;
09/06/2021 18:00;0.33;;;
09/06/2021 19:00;0.46;;;
09/06/2021 20:00;0.58;;;
09/06/2021 21:00;0.65;;;
09/06/2021 22:00;0.66;;;
09/06/2021 23:00;0.59;;;
10/06/2021 00:00;0.45;;;
10/06/2021 01:00;0.25;;;
10/06/2021 02:00;0.04;;;
10/06/2021 03:00;-0.14;;;
10/06/2021 04:00;-0.25;;;
10/06/2021 05:00;-0.27;;;
10/06/2021 06:00;-0.16;;;
10/06/2021 07:00;0.02;;;
10/06/2021 08:00;0.22;;;
10/06/2021 09:00;0.38;;;
10/06/2021 10:00;0.49;;;
10/06/2021 11:00;0.56;;;
10/06/2021 12:00;0.54;;;
10/06/2021 13:00;0.44;;;
10/06/2021 14:00;0.32;;;
10/06/2021 15:00;0.22;;;
10/06/2021 16:00;0.16;;;
10/06/2021 17:00;0.17;;;
10/06/2021 18:00;0.27;;;
10/06/2021 19:00;0.41;;;
10/06/2021 20:00;0.54;;;
10/06/2021 21:00;0.65;;;
10/06/2021 22:00;0.71;;;
10/06/2021 23:00;0.69;;;
11/06/2021 00:00;0.57;;;
11/06/2021 01:00;0.39;;;
11/06/2021 02:00;0.19;;;
11/06/2021 03:00;0.02;;;
11/06/2021 04:00;-0.14;;;
11/06/2021 05:00;-0.2;;;
11/06/2021 06:00;-0.17;;;
11/06/2021 07:00;-0.02;;;
11/06/2021 08:00;0.17;;;
11/06/2021 09:00;0.32;;;
11/06/2021 10:00;0.45;;;
11/06/2021 11:00;0.54;;;
11/06/2021 12:00;0.55;;;
11/06/2021 13:00;0.49;;;
11/06/2021 14:00;0.39;;;
11/06/2021 15:00;0.28;;;
11/06/2021 16:00;0.2;;;
11/06/2021 17:00;0.18;;;
11/06/2021 18:00;0.23;;;
11/06/2021 19:00;0.36;;;
11/06/2021 20:00;0.5;;;
11/06/2021 21:00;0.62;;;
11/06/2021 22:00;0.71;;;
11/06/2021 23:00;0.74;;;
12/06/2021 00:00;0.67;;;
12/06/2021 01:00;0.51;;;
12/06/2021 02:00;0.31;;;
12/06/2021 03:00;0.11;;;
12/06/2021 04:00;-0.08;;;
12/06/2021 05:00;-0.2;;;
12/06/2021 06:00;-0.23;;;
12/06/2021 07:00;-0.16;;;
12/06/2021 08:00;0;;;
12/06/2021 09:00;0.2;;;
12/06/2021 10:00;0.36;;;
12/06/2021 11:00;0.47;;;
12/06/2021 12:00;0.53;;;
12/06/2021 13:00;0.52;;;
12/06/2021 14:00;0.46;;;
12/06/2021 15:00;0.37;;;
12/06/2021 16:00;0.29;;;
12/06/2021 17:00;0.24;;;
12/06/2021 18:00;0.27;;;
12/06/2021 19:00;0.35;;;
12/06/2021 20:00;0.49;;;
12/06/2021 21:00;0.62;;;
12/06/2021 22:00;0.71;;;
12/06/2021 23:00;0.74;;;
13/06/2021 00:00;0.71;;;
13/06/2021 01:00;0.6;;;
13/06/2021 02:00;0.42;;;
13/06/2021 03:00;0.22;;;
13/06/2021 04:00;0.04;;;
13/06/2021 05:00;-0.12;;;
13/06/2021 06:00;-0.21;;;
13/06/2021 07:00;-0.18;;;
13/06/2021 08:00;-0.05;;;
13/06/2021 09:00;0.11;;;
13/06/2021 10:00;0.28;;;
13/06/2021 11:00;0.43;;;
13/06/2021 12:00;0.51;;;
13/06/2021 13:00;0.55;;;
13/06/2021 14:00;0.55;;;
13/06/2021 15:00;0.5;;;
13/06/2021 16:00;0.42;;;
13/06/2021 17:00;0.35;;;
13/06/2021 18:00;0.34;;;
13/06/2021 19:00;0.38;;;
13/06/2021 20:00;0.46;;;
13/06/2021 21:00;0.58;;;
13/06/2021 22:00;0.65;;;
13/06/2021 23:00;0.7;;;
14/06/2021 00:00;0.68;;;
14/06/2021 01:00;0.59;;;
14/06/2021 02:00;0.45;;;
14/06/2021 03:00;0.28;;;
14/06/2021 04:00;0.1;;;
14/06/2021 05:00;-0.02;;;
14/06/2021 06:00;-0.12;;;
14/06/2021 07:00;-0.14;;;
14/06/2021 08:00;-0.1;;;
14/06/2021 09:00;0.03;;;
14/06/2021 10:00;0.17;;;
14/06/2021 11:00;0.3;;;
14/06/2021 12:00;0.42;;;
14/06/2021 13:00;0.51;;;
14/06/2021 14:00;0.55;;;
14/06/2021 15:00;0.54;;;
14/06/2021 16:00;0.5;;;
14/06/2021 17:00;0.43;;;
14/06/2021 18:00;0.37;;;
14/06/2021 19:00;0.35;;;
14/06/2021 20:00;0.38;;;
14/06/2021 21:00;0.43;;;
14/06/2021 22:00;0.51;;;
14/06/2021 23:00;0.58;;;
15/06/2021 00:00;0.6;;;
15/06/2021 01:00;0.55;;;
15/06/2021 02:00;0.47;;;
15/06/2021 03:00;0.34;;;
15/06/2021 04:00;0.19;;;
15/06/2021 05:00;0.05;;;
15/06/2021 06:00;-0.07;;;
15/06/2021 07:00;-0.16;;;
15/06/2021 08:00;-0.18;;;
15/06/2021 09:00;-0.1;;;
15/06/2021 10:00;0.04;;;
15/06/2021 11:00;0.19;;;
15/06/2021 12:00;0.32;;;
15/06/2021 13:00;0.44;;;
15/06/2021 14:00;0.51;;;
15/06/2021 15:00;0.55;;;
15/06/2021 16:00;0.52;;;
15/06/2021 17:00;0.46;;;
15/06/2021 18:00;0.36;;;
15/06/2021 19:00;0.3;;;
15/06/2021 20:00;0.29;;;
15/06/2021 21:00;0.31;;;
15/06/2021 22:00;0.36;;;
15/06/2021 23:00;0.42;;;
16/06/2021 00:00;0.47;;;
16/06/2021 01:00;0.48;;;
16/06/2021 02:00;0.45;;;
16/06/2021 03:00;0.37;;;
16/06/2021 04:00;0.26;;;
16/06/2021 05:00;0.13;;;
16/06/2021 06:00;0.01;;;
16/06/2021 07:00;-0.08;;;
16/06/2021 08:00;-0.13;;;
16/06/2021 09:00;-0.11;;;
16/06/2021 10:00;-0.03;;;
16/06/2021 11:00;0.12;;;
16/06/2021 12:00;0.26;;;
16/06/2021 13:00;0.39;;;
16/06/2021 14:00;0.49;;;
16/06/2021 15:00;0.53;;;
16/06/2021 16:00;0.54;;;
16/06/2021 17:00;0.51;;;
16/06/2021 18:00;0.44;;;
16/06/2021 19:00;0.36;;;
16/06/2021 20:00;0.32;;;
16/06/2021 21:00;0.32;;;
16/06/2021 22:00;0.36;;;
16/06/2021 23:00;0.41;;;
17/06/2021 00:00;0.46;;;
17/06/2021 01:00;0.49;;;
17/06/2021 02:00;0.48;;;
17/06/2021 03:00;0.43;;;
17/06/2021 04:00;0.35;;;
17/06/2021 05:00;0.24;;;
17/06/2021 06:00;0.13;;;
17/06/2021 07:00;0.05;;;
17/06/2021 08:00;-0.02;;;
17/06/2021 09:00;-0.05;;;
17/06/2021 10:00;-0.03;;;
17/06/2021 11:00;0.05;;;
17/06/2021 12:00;0.18;;;
17/06/2021 13:00;0.3;;;
17/06/2021 14:00;0.42;;;
17/06/2021 15:00;0.52;;;
17/06/2021 16:00;0.6;;;
17/06/2021 17:00;0.61;;;
17/06/2021 18:00;0.58;;;
17/06/2021 19:00;0.53;;;
17/06/2021 20:00;0.45;;;
17/06/2021 21:00;0.39;;;
17/06/2021 22:00;0.37;;;
17/06/2021 23:00;0.36;;;
18/06/2021 00:00;0.36;;;
18/06/2021 01:00;0.39;;;
18/06/2021 02:00;0.38;;;
18/06/2021 03:00;0.35;;;
18/06/2021 04:00;0.3;;;
18/06/2021 05:00;0.27;;;
18/06/2021 06:00;0.22;;;
18/06/2021 07:00;0.16;;;
18/06/2021 08:00;0.09;;;
18/06/2021 09:00;0.04;;;
18/06/2021 10:00;0;;;
18/06/2021 11:00;0.01;;;
18/06/2021 12:00;0.07;;;
18/06/2021 13:00;0.19;;;
18/06/2021 14:00;0.32;;;
18/06/2021 15:00;0.46;;;
18/06/2021 16:00;0.58;;;
18/06/2021 17:00;0.65;;;
18/06/2021 18:00;0.69;;;
18/06/2021 19:00;0.67;;;
18/06/2021 20:00;0.61;;;
18/06/2021 21:00;0.48;;;
18/06/2021 22:00;0.37;;;
18/06/2021 23:00;0.26;;;
19/06/2021 00:00;0.18;;;
19/06/2021 01:00;0.15;;;
19/06/2021 02:00;0.16;;;
19/06/2021 03:00;0.18;;;
19/06/2021 04:00;0.22;;;
19/06/2021 05:00;0.26;;;
19/06/2021 06:00;0.29;;;
19/06/2021 07:00;0.27;;;
19/06/2021 08:00;0.22;;;
19/06/2021 09:00;0.15;;;
19/06/2021 10:00;0.08;;;
19/06/2021 11:00;0.02;;;
19/06/2021 12:00;0.04;;;
19/06/2021 13:00;0.12;;;
19/06/2021 14:00;0.27;;;
19/06/2021 15:00;0.43;;;
19/06/2021 16:00;0.58;;;
19/06/2021 17:00;0.69;;;
19/06/2021 18:00;0.76;;;
19/06/2021 19:00;0.77;;;
19/06/2021 20:00;0.68;;;
19/06/2021 21:00;0.54;;;
19/06/2021 22:00;0.39;;;
19/06/2021 23:00;0.25;;;
20/06/2021 00:00;0.13;;;
20/06/2021 01:00;0.05;;;
20/06/2021 02:00;0.03;;;
20/06/2021 03:00;0.06;;;
20/06/2021 04:00;0.13;;;
20/06/2021 05:00;0.21;;;
20/06/2021 06:00;0.29;;;
20/06/2021 07:00;0.33;;;
20/06/2021 08:00;0.33;;;
20/06/2021 09:00;0.31;;;
20/06/2021 10:00;0.26;;;
20/06/2021 11:00;0.19;;;
20/06/2021 12:00;0.14;;;
20/06/2021 13:00;0.17;;;
20/06/2021 14:00;0.27;;;
20/06/2021 15:00;0.41;;;
20/06/2021 16:00;0.54;;;
20/06/2021 17:00;0.69;;;
20/06/2021 18:00;0.78;;;
20/06/2021 19:00;0.82;;;
20/06/2021 20:00;0.81;;;
20/06/2021 21:00;0.71;;;
20/06/2021 22:00;0.55;;;
20/06/2021 23:00;0.36;;;
21/06/2021 00:00;0.21;;;
21/06/2021 01:00;0.05;;;
21/06/2021 02:00;-0.04;;;
21/06/2021 03:00;-0.07;;;
21/06/2021 04:00;-0.01;;;
21/06/2021 05:00;0.11;;;
21/06/2021 06:00;0.24;;;
21/06/2021 07:00;0.38;;;
21/06/2021 08:00;0.46;;;
21/06/2021 09:00;0.5;;;
21/06/2021 10:00;0.5;;;
21/06/2021 11:00;0.45;;;
21/06/2021 12:00;0.37;;;
21/06/2021 13:00;0.31;;;
21/06/2021 14:00;0.31;;;
21/06/2021 15:00;0.38;;;
21/06/2021 16:00;0.53;;;
21/06/2021 17:00;0.68;;;
21/06/2021 18:00;0.81;;;
21/06/2021 19:00;0.89;;;
21/06/2021 20:00;0.9;;;
21/06/2021 21:00;0.87;;;
21/06/2021 22:00;0.75;;;
21/06/2021 23:00;0.55;;;
22/06/2021 00:00;0.33;;;
22/06/2021 01:00;0.12;;;
22/06/2021 02:00;-0.05;;;
22/06/2021 03:00;-0.13;;;
22/06/2021 04:00;-0.12;;;
22/06/2021 05:00;-0.01;;;
22/06/2021 06:00;0.17;;;
22/06/2021 07:00;0.35;;;
22/06/2021 08:00;0.5;;;
22/06/2021 09:00;0.59;;;
22/06/2021 10:00;0.61;;;
22/06/2021 11:00;0.57;;;
22/06/2021 12:00;0.48;;;
22/06/2021 13:00;0.36;;;
22/06/2021 14:00;0.28;;;
22/06/2021 15:00;0.28;;;
22/06/2021 16:00;0.38;;;
22/06/2021 17:00;0.52;;;
22/06/2021 18:00;0.69;;;
22/06/2021 19:00;0.83;;;
22/06/2021 20:00;0.89;;;
22/06/2021 21:00;0.88;;;
22/06/2021 22:00;0.79;;;
22/06/2021 23:00;0.6;;;
23/06/2021 00:00;0.39;;;
23/06/2021 01:00;0.16;;;
23/06/2021 02:00;-0.02;;;
23/06/2021 03:00;-0.16;;;
23/06/2021 04:00;-0.23;;;
23/06/2021 05:00;-0.13;;;
23/06/2021 06:00;0.05;;;
23/06/2021 07:00;0.26;;;
23/06/2021 08:00;0.43;;;
23/06/2021 09:00;0.54;;;
23/06/2021 10:00;0.61;;;
23/06/2021 11:00;0.6;;;
23/06/2021 12:00;0.52;;;
23/06/2021 13:00;0.39;;;
23/06/2021 14:00;0.29;;;
23/06/2021 15:00;0.26;;;
23/06/2021 16:00;0.29;;;
23/06/2021 17:00;0.4;;;
23/06/2021 18:00;0.55;;;
23/06/2021 19:00;0.71;;;
23/06/2021 20:00;0.84;;;
23/06/2021 21:00;0.86;;;
23/06/2021 22:00;0.83;;;
23/06/2021 23:00;0.73;;;
24/06/2021 00:00;0.53;;;
24/06/2021 01:00;0.32;;;
24/06/2021 02:00;0.12;;;
24/06/2021 03:00;-0.06;;;
24/06/2021 04:00;-0.18;;;
24/06/2021 05:00;-0.18;;;
24/06/2021 06:00;-0.08;;;
24/06/2021 07:00;0.09;;;
24/06/2021 08:00;0.27;;;
24/06/2021 09:00;0.43;;;
24/06/2021 10:00;0.55;;;
24/06/2021 11:00;0.61;;;
24/06/2021 12:00;0.62;;;
24/06/2021 13:00;0.55;;;
24/06/2021 14:00;0.44;;;
24/06/2021 15:00;0.36;;;
24/06/2021 16:00;0.32;;;
24/06/2021 17:00;0.35;;;
24/06/2021 18:00;0.47;;;
24/06/2021 19:00;0.62;;;
24/06/2021 20:00;0.78;;;
24/06/2021 21:00;0.88;;;
24/06/2021 22:00;0.9;;;
24/06/2021 23:00;0.84;;;
25/06/2021 00:00;0.68;;;
25/06/2021 01:00;0.47;;;
25/06/2021 02:00;0.25;;;
25/06/2021 03:00;0.05;;;
25/06/2021 04:00;-0.14;;;
25/06/2021 05:00;-0.26;;;
25/06/2021 06:00;-0.29;;;
25/06/2021 07:00;-0.16;;;
25/06/2021 08:00;0.04;;;
25/06/2021 09:00;0.24;;;
25/06/2021 10:00;0.4;;;
25/06/2021 11:00;0.52;;;
25/06/2021 12:00;0.56;;;
25/06/2021 13:00;0.54;;;
25/06/2021 14:00;0.47;;;
25/06/2021 15:00;0.39;;;
25/06/2021 16:00;0.3;;;
25/06/2021 17:00;0.27;;;
25/06/2021 18:00;0.34;;;
25/06/2021 19:00;0.49;;;
25/06/2021 20:00;0.64;;;
25/06/2021 21:00;0.77;;;
25/06/2021 22:00;0.84;;;
25/06/2021 23:00;0.86;;;
26/06/2021 00:00;0.76;;;
26/06/2021 01:00;0.57;;;
26/06/2021 02:00;0.36;;;
26/06/2021 03:00;0.11;;;
26/06/2021 04:00;-0.11;;;
26/06/2021 05:00;-0.28;;;
26/06/2021 06:00;-0.37;;;
26/06/2021 07:00;-0.32;;;
26/06/2021 08:00;-0.17;;;
26/06/2021 09:00;0.05;;;
26/06/2021 10:00;0.23;;;
26/06/2021 11:00;0.38;;;
26/06/2021 12:00;0.47;;;
26/06/2021 13:00;0.53;;;
26/06/2021 14:00;0.51;;;
26/06/2021 15:00;0.45;;;
26/06/2021 16:00;0.37;;;
26/06/2021 17:00;0.29;;;
26/06/2021 18:00;0.29;;;
26/06/2021 19:00;0.36;;;
26/06/2021 20:00;0.48;;;
26/06/2021 21:00;0.62;;;
26/06/2021 22:00;0.72;;;
26/06/2021 23:00;0.78;;;
27/06/2021 00:00;0.74;;;
27/06/2021 01:00;0.6;;;
27/06/2021 02:00;0.4;;;
27/06/2021 03:00;0.18;;;
27/06/2021 04:00;-0.03;;;
27/06/2021 05:00;-0.21;;;
27/06/2021 06:00;-0.32;;;
27/06/2021 07:00;-0.35;;;
27/06/2021 08:00;-0.24;;;
27/06/2021 09:00;-0.06;;;
27/06/2021 10:00;0.15;;;
27/06/2021 11:00;0.33;;;
27/06/2021 12:00;0.47;;;
27/06/2021 13:00;0.57;;;
27/06/2021 14:00;0.61;;;
27/06/2021 15:00;0.58;;;
27/06/2021 16:00;0.52;;;
27/06/2021 17:00;0.41;;;
27/06/2021 18:00;0.35;;;
27/06/2021 19:00;0.32;;;
27/06/2021 20:00;0.37;;;
27/06/2021 21:00;0.48;;;
27/06/2021 22:00;0.6;;;
27/06/2021 23:00;0.67;;;
28/06/2021 00:00;0.68;;;
28/06/2021 01:00;0.61;;;
28/06/2021 02:00;0.45;;;
28/06/2021 03:00;0.26;;;
28/06/2021 04:00;0.07;;;
28/06/2021 05:00;-0.1;;;
28/06/2021 06:00;-0.24;;;
28/06/2021 07:00;-0.29;;;
28/06/2021 08:00;-0.22;;;
28/06/2021 09:00;-0.05;;;
28/06/2021 10:00;0.15;;;
28/06/2021 11:00;0.32;;;
28/06/2021 12:00;0.48;;;
28/06/2021 13:00;0.6;;;
28/06/2021 14:00;0.66;;;
28/06/2021 15:00;0.65;;;
28/06/2021 16:00;0.59;;;
28/06/2021 17:00;0.49;;;
28/06/2021 18:00;0.4;;;
28/06/2021 19:00;0.36;;;
28/06/2021 20:00;0.36;;;
28/06/2021 21:00;0.41;;;
28/06/2021 22:00;0.49;;;
28/06/2021 23:00;0.56;;;
29/06/2021 00:00;0.59;;;
29/06/2021 01:00;0.56;;;
29/06/2021 02:00;0.48;;;
29/06/2021 03:00;0.34;;;
29/06/2021 04:00;0.19;;;
29/06/2021 05:00;0.05;;;
29/06/2021 06:00;-0.06;;;
29/06/2021 07:00;-0.11;;;
29/06/2021 08:00;-0.09;;;
29/06/2021 09:00;-0.01;;;
29/06/2021 10:00;0.16;;;
29/06/2021 11:00;0.33;;;
29/06/2021 12:00;0.47;;;
29/06/2021 13:00;0.59;;;
29/06/2021 14:00;0.68;;;
29/06/2021 15:00;0.71;;;
29/06/2021 16:00;0.72;;;
29/06/2021 17:00;0.68;;;
29/06/2021 18:00;0.58;;;
29/06/2021 19:00;0.52;;;
29/06/2021 20:00;0.44;;;
29/06/2021 21:00;0.37;;;
29/06/2021 22:00;0.38;;;
29/06/2021 23:00;0.42;;;
30/06/2021 00:00;0.5;;;
30/06/2021 01:00;0.54;;;
30/06/2021 02:00;0.52;;;
30/06/2021 03:00;0.44;;;
30/06/2021 04:00;0.3;;;
30/06/2021 05:00;0.16;;;
30/06/2021 06:00;0.04;;;
30/06/2021 07:00;-0.02;;;
30/06/2021 08:00;-0.04;;;
30/06/2021 09:00;0;;;
30/06/2021 10:00;0.08;;;
30/06/2021 11:00;0.2;;;
30/06/2021 12:00;0.33;;;
30/06/2021 13:00;0.45;;;
30/06/2021 14:00;0.56;;;
30/06/2021 15:00;0.63;;;
30/06/2021 16:00;0.67;;;
30/06/2021 17:00;0.65;;;
30/06/2021 18:00;0.59;;;
30/06/2021 19:00;0.52;;;
30/06/2021 20:00;0.42;;;
30/06/2021 21:00;0.36;;;
30/06/2021 22:00;0.35;;;
30/06/2021 23:00;0.37;;;
01/07/2021 00:00;0.37;;;
01/07/2021 01:00;0.36;;;
01/07/2021 02:00;0.36;;;
01/07/2021 03:00;0.33;;;
01/07/2021 04:00;0.26;;;
01/07/2021 05:00;0.18;;;
01/07/2021 06:00;0.08;;;
01/07/2021 07:00;0;;;
01/07/2021 08:00;-0.07;;;
01/07/2021 09:00;-0.08;;;
01/07/2021 10:00;-0.03;;;
01/07/2021 11:00;0.05;;;
01/07/2021 12:00;0.19;;;
01/07/2021 13:00;0.32;;;
01/07/2021 14:00;0.44;;;
01/07/2021 15:00;0.53;;;
01/07/2021 16:00;0.6;;;
01/07/2021 17:00;0.65;;;
01/07/2021 18:00;0.64;;;
01/07/2021 19:00;0.58;;;
01/07/2021 20:00;0.52;;;
01/07/2021 21:00;0.43;;;
01/07/2021 22:00;0.33;;;
01/07/2021 23:00;0.27;;;
02/07/2021 00:00;0.24;;;
02/07/2021 01:00;0.24;;;
02/07/2021 02:00;0.24;;;
02/07/2021 03:00;0.23;;;
02/07/2021 04:00;0.21;;;
02/07/2021 05:00;0.18;;;
02/07/2021 06:00;0.1;;;
02/07/2021 07:00;0.03;;;
02/07/2021 08:00;-0.03;;;
02/07/2021 09:00;-0.04;;;
02/07/2021 10:00;-0.02;;;
02/07/2021 11:00;0.05;;;
02/07/2021 12:00;0.17;;;
02/07/2021 13:00;0.3;;;
02/07/2021 14:00;0.42;;;
02/07/2021 15:00;0.54;;;
02/07/2021 16:00;0.64;;;
02/07/2021 17:00;0.71;;;
02/07/2021 18:00;0.7;;;
02/07/2021 19:00;0.64;;;
02/07/2021 20:00;0.54;;;
02/07/2021 21:00;0.42;;;
02/07/2021 22:00;0.3;;;
02/07/2021 23:00;0.19;;;
03/07/2021 00:00;0.1;;;
03/07/2021 01:00;0.05;;;
03/07/2021 02:00;0.02;;;
03/07/2021 03:00;0.04;;;
03/07/2021 04:00;0.07;;;
03/07/2021 05:00;0.11;;;
03/07/2021 06:00;0.13;;;
03/07/2021 07:00;0.13;;;
03/07/2021 08:00;0.15;;;
03/07/2021 09:00;0.12;;;
03/07/2021 10:00;0.11;;;
03/07/2021 11:00;0.14;;;
03/07/2021 12:00;0.2;;;
03/07/2021 13:00;0.31;;;
03/07/2021 14:00;0.44;;;
03/07/2021 15:00;0.55;;;
03/07/2021 16:00;0.64;;;
03/07/2021 17:00;0.69;;;
03/07/2021 18:00;0.72;;;
03/07/2021 19:00;0.69;;;
03/07/2021 20:00;0.59;;;
03/07/2021 21:00;0.46;;;
03/07/2021 22:00;0.33;;;
03/07/2021 23:00;0.19;;;
04/07/2021 00:00;0.07;;;
04/07/2021 01:00;-0.01;;;
04/07/2021 02:00;-0.08;;;
04/07/2021 03:00;-0.07;;;
04/07/2021 04:00;0.01;;;
04/07/2021 05:00;0.12;;;
04/07/2021 06:00;0.23;;;
04/07/2021 07:00;0.27;;;
04/07/2021 08:00;0.3;;;
04/07/2021 09:00;0.32;;;
04/07/2021 10:00;0.3;;;
04/07/2021 11:00;0.28;;;
04/07/2021 12:00;0.28;;;
04/07/2021 13:00;0.32;;;
04/07/2021 14:00;0.4;;;
04/07/2021 15:00;0.49;;;
04/07/2021 16:00;0.59;;;
04/07/2021 17:00;0.65;;;
04/07/2021 18:00;0.69;;;
04/07/2021 19:00;0.69;;;
04/07/2021 20:00;0.57;;;
04/07/2021 21:00;0.5;;;
04/07/2021 22:00;0.41;;;
04/07/2021 23:00;0.27;;;
05/07/2021 00:00;0.11;;;
05/07/2021 01:00;-0.01;;;
05/07/2021 02:00;-0.08;;;
05/07/2021 03:00;-0.09;;;
05/07/2021 04:00;-0.04;;;
05/07/2021 05:00;0.05;;;
05/07/2021 06:00;0.18;;;
05/07/2021 07:00;0.3;;;
05/07/2021 08:00;0.36;;;
05/07/2021 09:00;0.38;;;
05/07/2021 10:00;0.38;;;
05/07/2021 11:00;0.33;;;
05/07/2021 12:00;0.26;;;
05/07/2021 13:00;0.19;;;
05/07/2021 14:00;0.17;;;
05/07/2021 15:00;0.22;;;
05/07/2021 16:00;0.34;;;
05/07/2021 17:00;0.48;;;
05/07/2021 18:00;0.55;;;
05/07/2021 19:00;0.61;;;
05/07/2021 20:00;0.61;;;
05/07/2021 21:00;0.53;;;
05/07/2021 22:00;0.41;;;
05/07/2021 23:00;0.27;;;
06/07/2021 00:00;0.11;;;
06/07/2021 01:00;-0.03;;;
06/07/2021 02:00;-0.12;;;
06/07/2021 03:00;-0.15;;;
06/07/2021 04:00;-0.11;;;
06/07/2021 05:00;-0.01;;;
06/07/2021 06:00;0.13;;;
06/07/2021 07:00;0.27;;;
06/07/2021 08:00;0.37;;;
06/07/2021 09:00;0.42;;;
06/07/2021 10:00;0.41;;;
06/07/2021 11:00;0.34;;;
06/07/2021 12:00;0.24;;;
06/07/2021 13:00;0.17;;;
06/07/2021 14:00;0.16;;;
06/07/2021 15:00;0.22;;;
06/07/2021 16:00;0.3;;;
06/07/2021 17:00;0.42;;;
06/07/2021 18:00;0.52;;;
06/07/2021 19:00;0.61;;;
06/07/2021 20:00;0.66;;;
06/07/2021 21:00;0.65;;;
06/07/2021 22:00;0.58;;;
06/07/2021 23:00;0.44;;;
07/07/2021 00:00;0.27;;;
07/07/2021 01:00;0.1;;;
07/07/2021 02:00;-0.05;;;
07/07/2021 03:00;-0.14;;;
07/07/2021 04:00;-0.15;;;
07/07/2021 05:00;-0.05;;;
07/07/2021 06:00;0.09;;;
07/07/2021 07:00;0.24;;;
07/07/2021 08:00;0.36;;;
07/07/2021 09:00;0.46;;;
07/07/2021 10:00;0.49;;;
07/07/2021 11:00;0.46;;;
07/07/2021 12:00;0.39;;;
07/07/2021 13:00;0.29;;;
07/07/2021 14:00;0.22;;;
07/07/2021 15:00;0.22;;;
07/07/2021 16:00;0.27;;;
07/07/2021 17:00;0.38;;;
07/07/2021 18:00;0.52;;;
07/07/2021 19:00;0.64;;;
07/07/2021 20:00;0.72;;;
07/07/2021 21:00;0.74;;;
07/07/2021 22:00;0.69;;;
07/07/2021 23:00;0.55;;;
08/07/2021 00:00;0.36;;;
08/07/2021 01:00;0.17;;;
08/07/2021 02:00;-0.01;;;
08/07/2021 03:00;-0.14;;;
08/07/2021 04:00;-0.2;;;
08/07/2021 05:00;-0.18;;;
08/07/2021 06:00;-0.04;;;
08/07/2021 07:00;0.14;;;
08/07/2021 08:00;0.3;;;
08/07/2021 09:00;0.43;;;
08/07/2021 10:00;0.49;;;
08/07/2021 11:00;0.52;;;
08/07/2021 12:00;0.48;;;
08/07/2021 13:00;0.4;;;
08/07/2021 14:00;0.32;;;
08/07/2021 15:00;0.27;;;
08/07/2021 16:00;0.31;;;
08/07/2021 17:00;0.4;;;
08/07/2021 18:00;0.51;;;
08/07/2021 19:00;0.65;;;
08/07/2021 20:00;0.77;;;
08/07/2021 21:00;0.83;;;
08/07/2021 22:00;0.77;;;
08/07/2021 23:00;0.65;;;
09/07/2021 00:00;0.48;;;
09/07/2021 01:00;0.32;;;
09/07/2021 02:00;0.08;;;
09/07/2021 03:00;-0.11;;;
09/07/2021 04:00;-0.24;;;
09/07/2021 05:00;-0.25;;;
09/07/2021 06:00;-0.19;;;
09/07/2021 07:00;-0.09;;;
09/07/2021 08:00;0.09;;;
09/07/2021 09:00;0.28;;;
09/07/2021 10:00;0.39;;;
09/07/2021 11:00;0.43;;;
09/07/2021 12:00;0.41;;;
09/07/2021 13:00;0.38;;;
09/07/2021 14:00;0.29;;;
09/07/2021 15:00;0.21;;;
09/07/2021 16:00;0.21;;;
09/07/2021 17:00;0.26;;;
09/07/2021 18:00;0.36;;;
09/07/2021 19:00;0.5;;;
09/07/2021 20:00;0.63;;;
09/07/2021 21:00;0.71;;;
09/07/2021 22:00;0.72;;;
09/07/2021 23:00;0.66;;;
10/07/2021 00:00;0.53;;;
10/07/2021 01:00;0.34;;;
10/07/2021 02:00;0.11;;;
10/07/2021 03:00;-0.1;;;
10/07/2021 04:00;-0.29;;;
10/07/2021 05:00;-0.39;;;
10/07/2021 06:00;-0.39;;;
10/07/2021 07:00;-0.24;;;
10/07/2021 08:00;-0.04;;;
10/07/2021 09:00;0.16;;;
10/07/2021 10:00;0.33;;;
10/07/2021 11:00;0.44;;;
10/07/2021 12:00;0.48;;;
10/07/2021 13:00;0.46;;;
10/07/2021 14:00;0.38;;;
10/07/2021 15:00;0.28;;;
10/07/2021 16:00;0.21;;;
10/07/2021 17:00;0.21;;;
10/07/2021 18:00;0.27;;;
10/07/2021 19:00;0.39;;;
10/07/2021 20:00;0.52;;;
10/07/2021 21:00;0.63;;;
10/07/2021 22:00;0.69;;;
10/07/2021 23:00;0.68;;;
11/07/2021 00:00;0.57;;;
11/07/2021 01:00;0.39;;;
11/07/2021 02:00;0.19;;;
11/07/2021 03:00;-0.03;;;
11/07/2021 04:00;-0.21;;;
11/07/2021 05:00;-0.34;;;
11/07/2021 06:00;-0.39;;;
11/07/2021 07:00;-0.28;;;
11/07/2021 08:00;-0.08;;;
11/07/2021 09:00;0.15;;;
11/07/2021 10:00;0.34;;;
11/07/2021 11:00;0.49;;;
11/07/2021 12:00;0.58;;;
11/07/2021 13:00;0.6;;;
11/07/2021 14:00;0.54;;;
11/07/2021 15:00;0.42;;;
11/07/2021 16:00;0.3;;;
11/07/2021 17:00;0.23;;;
11/07/2021 18:00;0.24;;;
11/07/2021 19:00;0.32;;;
11/07/2021 20:00;0.45;;;
11/07/2021 21:00;0.59;;;
11/07/2021 22:00;0.69;;;
11/07/2021 23:00;0.73;;;
12/07/2021 00:00;0.67;;;
12/07/2021 01:00;0.51;;;
12/07/2021 02:00;0.31;;;
12/07/2021 03:00;0.1;;;
12/07/2021 04:00;-0.09;;;
12/07/2021 05:00;-0.24;;;
12/07/2021 06:00;-0.32;;;
12/07/2021 07:00;-0.27;;;
12/07/2021 08:00;-0.09;;;
12/07/2021 09:00;0.14;;;
12/07/2021 10:00;0.33;;;
12/07/2021 11:00;0.48;;;
12/07/2021 12:00;0.58;;;
12/07/2021 13:00;0.62;;;
12/07/2021 14:00;0.6;;;
12/07/2021 15:00;0.51;;;
12/07/2021 16:00;0.38;;;
12/07/2021 17:00;0.29;;;
12/07/2021 18:00;0.25;;;
12/07/2021 19:00;0.3;;;
12/07/2021 20:00;0.39;;;
12/07/2021 21:00;0.52;;;
12/07/2021 22:00;0.65;;;
12/07/2021 23:00;0.7;;;
13/07/2021 00:00;0.7;;;
13/07/2021 01:00;0.62;;;
13/07/2021 02:00;0.46;;;
13/07/2021 03:00;0.25;;;
13/07/2021 04:00;0.07;;;
13/07/2021 05:00;-0.07;;;
13/07/2021 06:00;-0.18;;;
13/07/2021 07:00;-0.17;;;
13/07/2021 08:00;-0.01;;;
13/07/2021 09:00;0.19;;;
13/07/2021 10:00;0.38;;;
13/07/2021 11:00;0.56;;;
13/07/2021 12:00;0.7;;;
13/07/2021 13:00;0.81;;;
13/07/2021 14:00;0.83;;;
13/07/2021 15:00;0.78;;;
13/07/2021 16:00;0.77;;;
13/07/2021 17:00;0.65;;;
13/07/2021 18:00;0.56;;;
13/07/2021 19:00;0.5;;;
13/07/2021 20:00;0.51;;;
13/07/2021 21:00;0.59;;;
13/07/2021 22:00;0.72;;;
13/07/2021 23:00;0.77;;;
14/07/2021 00:00;0.7;;;
14/07/2021 01:00;0.62;;;
14/07/2021 02:00;0.49;;;
14/07/2021 03:00;0.32;;;
14/07/2021 04:00;0.14;;;
14/07/2021 05:00;-0.03;;;
14/07/2021 06:00;-0.15;;;
14/07/2021 07:00;-0.22;;;
14/07/2021 08:00;-0.17;;;
14/07/2021 09:00;0;;;
14/07/2021 10:00;0.17;;;
14/07/2021 11:00;0.34;;;
14/07/2021 12:00;0.5;;;
14/07/2021 13:00;0.61;;;
14/07/2021 14:00;0.66;;;
14/07/2021 15:00;0.67;;;
14/07/2021 16:00;0.64;;;
14/07/2021 17:00;0.54;;;
14/07/2021 18:00;0.42;;;
14/07/2021 19:00;0.34;;;
14/07/2021 20:00;0.32;;;
14/07/2021 21:00;0.34;;;
14/07/2021 22:00;0.4;;;
14/07/2021 23:00;0.48;;;
15/07/2021 00:00;0.52;;;
15/07/2021 01:00;0.5;;;
15/07/2021 02:00;0.41;;;
15/07/2021 03:00;0.29;;;
15/07/2021 04:00;0.14;;;
15/07/2021 05:00;0;;;
15/07/2021 06:00;-0.09;;;
15/07/2021 07:00;-0.16;;;
15/07/2021 08:00;-0.16;;;
15/07/2021 09:00;-0.07;;;
15/07/2021 10:00;0.08;;;
15/07/2021 11:00;0.24;;;
15/07/2021 12:00;0.39;;;
15/07/2021 13:00;0.53;;;
15/07/2021 14:00;0.63;;;
15/07/2021 15:00;0.66;;;
15/07/2021 16:00;0.64;;;
15/07/2021 17:00;0.57;;;
15/07/2021 18:00;0.44;;;
15/07/2021 19:00;0.32;;;
15/07/2021 20:00;0.25;;;
15/07/2021 21:00;0.22;;;
15/07/2021 22:00;0.22;;;
15/07/2021 23:00;0.25;;;
16/07/2021 00:00;0.31;;;
16/07/2021 01:00;0.35;;;
16/07/2021 02:00;0.35;;;
16/07/2021 03:00;0.31;;;
16/07/2021 04:00;0.23;;;
16/07/2021 05:00;0.14;;;
16/07/2021 06:00;0.05;;;
16/07/2021 07:00;-0.03;;;
16/07/2021 08:00;-0.07;;;
16/07/2021 09:00;-0.05;;;
16/07/2021 10:00;0.03;;;
16/07/2021 11:00;0.16;;;
16/07/2021 12:00;0.29;;;
16/07/2021 13:00;0.41;;;
16/07/2021 14:00;0.52;;;
16/07/2021 15:00;0.57;;;
16/07/2021 16:00;0.55;;;
16/07/2021 17:00;0.49;;;
16/07/2021 18:00;0.39;;;
16/07/2021 19:00;0.25;;;
16/07/2021 20:00;0.14;;;
16/07/2021 21:00;0.08;;;
16/07/2021 22:00;0.07;;;
16/07/2021 23:00;0.09;;;
17/07/2021 00:00;0.13;;;
17/07/2021 01:00;0.21;;;
17/07/2021 02:00;0.28;;;
17/07/2021 03:00;0.29;;;
17/07/2021 04:00;0.28;;;
17/07/2021 05:00;0.27;;;
17/07/2021 06:00;0.22;;;
17/07/2021 07:00;0.16;;;
17/07/2021 08:00;0.09;;;
17/07/2021 09:00;0.03;;;
17/07/2021 10:00;0.04;;;
17/07/2021 11:00;0.08;;;
17/07/2021 12:00;0.16;;;
17/07/2021 13:00;0.3;;;
17/07/2021 14:00;0.44;;;
17/07/2021 15:00;0.57;;;
17/07/2021 16:00;0.68;;;
17/07/2021 17:00;0.72;;;
17/07/2021 18:00;0.67;;;
17/07/2021 19:00;0.56;;;
17/07/2021 20:00;0.39;;;
17/07/2021 21:00;0.25;;;
17/07/2021 22:00;0.15;;;
17/07/2021 23:00;0.11;;;
18/07/2021 00:00;0.11;;;
18/07/2021 01:00;0.15;;;
18/07/2021 02:00;0.22;;;
18/07/2021 03:00;0.29;;;
18/07/2021 04:00;0.33;;;
18/07/2021 05:00;0.33;;;
18/07/2021 06:00;0.3;;;
18/07/2021 07:00;0.26;;;
18/07/2021 08:00;0.2;;;
18/07/2021 09:00;0.14;;;
18/07/2021 10:00;0.11;;;
18/07/2021 11:00;0.11;;;
18/07/2021 12:00;0.18;;;
18/07/2021 13:00;0.33;;;
18/07/2021 14:00;0.47;;;
18/07/2021 15:00;0.61;;;
18/07/2021 16:00;0.72;;;
18/07/2021 17:00;0.77;;;
18/07/2021 18:00;0.71;;;
18/07/2021 19:00;0.65;;;
18/07/2021 20:00;0.54;;;
18/07/2021 21:00;0.39;;;
18/07/2021 22:00;0.26;;;
18/07/2021 23:00;0.17;;;
19/07/2021 00:00;0.11;;;
19/07/2021 01:00;0.08;;;
19/07/2021 02:00;0.08;;;
19/07/2021 03:00;0.14;;;
19/07/2021 04:00;0.22;;;
19/07/2021 05:00;0.26;;;
19/07/2021 06:00;0.31;;;
19/07/2021 07:00;0.33;;;
19/07/2021 08:00;0.32;;;
19/07/2021 09:00;0.3;;;
19/07/2021 10:00;0.29;;;
19/07/2021 11:00;0.27;;;
19/07/2021 12:00;0.29;;;
19/07/2021 13:00;0.36;;;
19/07/2021 14:00;0.46;;;
19/07/2021 15:00;0.56;;;
19/07/2021 16:00;0.67;;;
19/07/2021 17:00;0.73;;;
19/07/2021 18:00;0.77;;;
19/07/2021 19:00;0.76;;;
19/07/2021 20:00;0.68;;;
19/07/2021 21:00;0.56;;;
19/07/2021 22:00;0.43;;;
19/07/2021 23:00;0.27;;;
20/07/2021 00:00;0.14;;;
20/07/2021 01:00;0.03;;;
20/07/2021 02:00;-0.05;;;
20/07/2021 03:00;-0.06;;;
20/07/2021 04:00;-0.01;;;
20/07/2021 05:00;0.09;;;
20/07/2021 06:00;0.22;;;
20/07/2021 07:00;0.33;;;
20/07/2021 08:00;0.42;;;
20/07/2021 09:00;0.48;;;
20/07/2021 10:00;0.49;;;
20/07/2021 11:00;0.47;;;
20/07/2021 12:00;0.41;;;
20/07/2021 13:00;0.37;;;
20/07/2021 14:00;0.38;;;
20/07/2021 15:00;0.44;;;
20/07/2021 16:00;0.55;;;
20/07/2021 17:00;0.67;;;
20/07/2021 18:00;0.76;;;
20/07/2021 19:00;0.79;;;
20/07/2021 20:00;0.78;;;
20/07/2021 21:00;0.7;;;
20/07/2021 22:00;0.55;;;
20/07/2021 23:00;0.37;;;
21/07/2021 00:00;0.19;;;
21/07/2021 01:00;0.02;;;
21/07/2021 02:00;-0.12;;;
21/07/2021 03:00;-0.19;;;
21/07/2021 04:00;-0.17;;;
21/07/2021 05:00;-0.06;;;
21/07/2021 06:00;0.1;;;
21/07/2021 07:00;0.29;;;
21/07/2021 08:00;0.43;;;
21/07/2021 09:00;0.54;;;
21/07/2021 10:00;0.59;;;
21/07/2021 11:00;0.58;;;
21/07/2021 12:00;0.51;;;
21/07/2021 13:00;0.41;;;
21/07/2021 14:00;0.34;;;
21/07/2021 15:00;0.32;;;
21/07/2021 16:00;0.37;;;
21/07/2021 17:00;0.48;;;
21/07/2021 18:00;0.62;;;
21/07/2021 19:00;0.72;;;
21/07/2021 20:00;0.77;;;
21/07/2021 21:00;0.75;;;
21/07/2021 22:00;0.64;;;
21/07/2021 23:00;0.46;;;
22/07/2021 00:00;0.26;;;
22/07/2021 01:00;0.05;;;
22/07/2021 02:00;-0.14;;;
22/07/2021 03:00;-0.26;;;
22/07/2021 04:00;-0.29;;;
22/07/2021 05:00;-0.2;;;
22/07/2021 06:00;-0.01;;;
22/07/2021 07:00;0.19;;;
22/07/2021 08:00;0.37;;;
22/07/2021 09:00;0.51;;;
22/07/2021 10:00;0.61;;;
22/07/2021 11:00;0.65;;;
22/07/2021 12:00;0.59;;;
22/07/2021 13:00;0.48;;;
22/07/2021 14:00;0.37;;;
22/07/2021 15:00;0.3;;;
22/07/2021 16:00;0.28;;;
22/07/2021 17:00;0.33;;;
22/07/2021 18:00;0.44;;;
22/07/2021 19:00;0.57;;;
22/07/2021 20:00;0.67;;;
22/07/2021 21:00;0.71;;;
22/07/2021 22:00;0.66;;;
22/07/2021 23:00;0.52;;;
23/07/2021 00:00;0.33;;;
23/07/2021 01:00;0.12;;;
23/07/2021 02:00;-0.07;;;
23/07/2021 03:00;-0.24;;;
23/07/2021 04:00;-0.33;;;
23/07/2021 05:00;-0.31;;;
23/07/2021 06:00;-0.16;;;
23/07/2021 07:00;0.07;;;
23/07/2021 08:00;0.27;;;
23/07/2021 09:00;0.44;;;
23/07/2021 10:00;0.57;;;
23/07/2021 11:00;0.65;;;
23/07/2021 12:00;0.64;;;
23/07/2021 13:00;0.55;;;
23/07/2021 14:00;0.42;;;
23/07/2021 15:00;0.31;;;
23/07/2021 16:00;0.23;;;
23/07/2021 17:00;0.23;;;
23/07/2021 18:00;0.32;;;
23/07/2021 19:00;0.46;;;
23/07/2021 20:00;0.59;;;
23/07/2021 21:00;0.69;;;
23/07/2021 22:00;0.72;;;
23/07/2021 23:00;0.67;;;
24/07/2021 00:00;0.52;;;
24/07/2021 01:00;0.32;;;
24/07/2021 02:00;0.11;;;
24/07/2021 03:00;-0.09;;;
24/07/2021 04:00;-0.23;;;
24/07/2021 05:00;-0.28;;;
24/07/2021 06:00;-0.22;;;
24/07/2021 07:00;-0.04;;;
24/07/2021 08:00;0.16;;;
24/07/2021 09:00;0.36;;;
24/07/2021 10:00;0.52;;;
24/07/2021 11:00;0.62;;;
24/07/2021 12:00;0.66;;;
24/07/2021 13:00;0.61;;;
24/07/2021 14:00;0.5;;;
24/07/2021 15:00;0.37;;;
24/07/2021 16:00;0.26;;;
24/07/2021 17:00;0.21;;;
24/07/2021 18:00;0.26;;;
24/07/2021 19:00;0.37;;;
24/07/2021 20:00;0.53;;;
24/07/2021 21:00;0.67;;;
24/07/2021 22:00;0.76;;;
24/07/2021 23:00;0.77;;;
25/07/2021 00:00;0.68;;;
25/07/2021 01:00;0.53;;;
25/07/2021 02:00;0.32;;;
25/07/2021 03:00;0.11;;;
25/07/2021 04:00;-0.06;;;
25/07/2021 05:00;-0.17;;;
25/07/2021 06:00;-0.19;;;
25/07/2021 07:00;-0.08;;;
25/07/2021 08:00;0.11;;;
25/07/2021 09:00;0.32;;;
25/07/2021 10:00;0.51;;;
25/07/2021 11:00;0.66;;;
25/07/2021 12:00;0.76;;;
25/07/2021 13:00;0.8;;;
25/07/2021 14:00;0.73;;;
25/07/2021 15:00;0.63;;;
25/07/2021 16:00;0.51;;;
25/07/2021 17:00;0.43;;;
25/07/2021 18:00;0.34;;;
25/07/2021 19:00;0.41;;;
25/07/2021 20:00;0.52;;;
25/07/2021 21:00;0.67;;;
25/07/2021 22:00;0.78;;;
25/07/2021 23:00;0.84;;;
26/07/2021 00:00;0.82;;;
26/07/2021 01:00;0.7;;;
26/07/2021 02:00;0.5;;;
26/07/2021 03:00;0.28;;;
26/07/2021 04:00;0.06;;;
26/07/2021 05:00;-0.1;;;
26/07/2021 06:00;-0.13;;;
26/07/2021 07:00;-0.09;;;
26/07/2021 08:00;0.04;;;
26/07/2021 09:00;0.23;;;
26/07/2021 10:00;0.4;;;
26/07/2021 11:00;0.56;;;
26/07/2021 12:00;0.71;;;
26/07/2021 13:00;0.8;;;
26/07/2021 14:00;0.8;;;
26/07/2021 15:00;0.72;;;
26/07/2021 16:00;0.56;;;
26/07/2021 17:00;0.43;;;
26/07/2021 18:00;0.32;;;
26/07/2021 19:00;0.29;;;
26/07/2021 20:00;0.35;;;
26/07/2021 21:00;0.5;;;
26/07/2021 22:00;0.61;;;
26/07/2021 23:00;0.7;;;
27/07/2021 00:00;0.73;;;
27/07/2021 01:00;0.65;;;
27/07/2021 02:00;0.48;;;
27/07/2021 03:00;0.29;;;
27/07/2021 04:00;0.13;;;
27/07/2021 05:00;-0.01;;;
27/07/2021 06:00;-0.13;;;
27/07/2021 07:00;-0.18;;;
27/07/2021 08:00;-0.09;;;
27/07/2021 09:00;0.1;;;
27/07/2021 10:00;0.3;;;
27/07/2021 11:00;0.49;;;
27/07/2021 12:00;0.62;;;
27/07/2021 13:00;0.73;;;
27/07/2021 14:00;0.78;;;
27/07/2021 15:00;0.73;;;
27/07/2021 16:00;0.59;;;
27/07/2021 17:00;0.44;;;
27/07/2021 18:00;0.3;;;
27/07/2021 19:00;0.21;;;
27/07/2021 20:00;0.21;;;
27/07/2021 21:00;0.33;;;
27/07/2021 22:00;0.47;;;
27/07/2021 23:00;0.55;;;
28/07/2021 00:00;0.6;;;
28/07/2021 01:00;0.61;;;
28/07/2021 02:00;0.55;;;
28/07/2021 03:00;0.39;;;
28/07/2021 04:00;0.21;;;
28/07/2021 05:00;0.06;;;
28/07/2021 06:00;-0.06;;;
28/07/2021 07:00;-0.12;;;
28/07/2021 08:00;-0.07;;;
28/07/2021 09:00;0.08;;;
28/07/2021 10:00;0.27;;;
28/07/2021 11:00;0.44;;;
28/07/2021 12:00;0.59;;;
28/07/2021 13:00;0.71;;;
28/07/2021 14:00;0.74;;;
28/07/2021 15:00;0.72;;;
28/07/2021 16:00;0.63;;;
28/07/2021 17:00;0.5;;;
28/07/2021 18:00;0.38;;;
28/07/2021 19:00;0.28;;;
28/07/2021 20:00;0.22;;;
28/07/2021 21:00;0.25;;;
28/07/2021 22:00;0.36;;;
28/07/2021 23:00;0.47;;;
29/07/2021 00:00;0.56;;;
29/07/2021 01:00;0.58;;;
29/07/2021 02:00;0.53;;;
29/07/2021 03:00;0.42;;;
29/07/2021 04:00;0.26;;;
29/07/2021 05:00;0.12;;;
29/07/2021 06:00;0;;;
29/07/2021 07:00;-0.06;;;
29/07/2021 08:00;-0.03;;;
29/07/2021 09:00;0.08;;;
29/07/2021 10:00;0.23;;;
29/07/2021 11:00;0.38;;;
29/07/2021 12:00;0.51;;;
29/07/2021 13:00;0.6;;;
29/07/2021 14:00;0.66;;;
29/07/2021 15:00;0.68;;;
29/07/2021 16:00;0.62;;;
29/07/2021 17:00;0.52;;;
29/07/2021 18:00;0.42;;;
29/07/2021 19:00;0.33;;;
29/07/2021 20:00;0.27;;;
29/07/2021 21:00;0.25;;;
29/07/2021 22:00;0.3;;;
29/07/2021 23:00;0.39;;;
30/07/2021 00:00;0.47;;;
30/07/2021 01:00;0.51;;;
30/07/2021 02:00;0.51;;;
30/07/2021 03:00;0.45;;;
30/07/2021 04:00;0.33;;;
30/07/2021 05:00;0.21;;;
30/07/2021 06:00;0.11;;;
30/07/2021 07:00;0.05;;;
30/07/2021 08:00;0.05;;;
30/07/2021 09:00;0.1;;;
30/07/2021 10:00;0.21;;;
30/07/2021 11:00;0.35;;;
30/07/2021 12:00;0.48;;;
30/07/2021 13:00;0.56;;;
30/07/2021 14:00;0.64;;;
30/07/2021 15:00;0.68;;;
30/07/2021 16:00;0.68;;;
30/07/2021 17:00;0.62;;;
30/07/2021 18:00;0.52;;;
30/07/2021 19:00;0.43;;;
30/07/2021 20:00;0.36;;;
30/07/2021 21:00;0.32;;;
30/07/2021 22:00;0.32;;;
30/07/2021 23:00;0.34;;;
31/07/2021 00:00;0.37;;;
31/07/2021 01:00;0.41;;;
31/07/2021 02:00;0.44;;;
31/07/2021 03:00;0.42;;;
31/07/2021 04:00;0.37;;;
31/07/2021 05:00;0.29;;;
31/07/2021 06:00;0.22;;;
31/07/2021 07:00;0.18;;;
31/07/2021 08:00;0.18;;;
31/07/2021 09:00;0.21;;;
31/07/2021 10:00;0.29;;;
31/07/2021 11:00;0.38;;;
31/07/2021 12:00;0.48;;;
31/07/2021 13:00;0.57;;;
31/07/2021 14:00;0.64;;;
31/07/2021 15:00;0.69;;;
31/07/2021 16:00;0.73;;;
31/07/2021 17:00;0.7;;;
31/07/2021 18:00;0.66;;;
31/07/2021 19:00;0.58;;;
31/07/2021 20:00;0.49;;;
31/07/2021 21:00;0.41;;;
31/07/2021 22:00;0.36;;;
31/07/2021 23:00;0.34;;;
01/08/2021 00:00;0.36;;;
01/08/2021 01:00;0.39;;;
01/08/2021 02:00;0.41;;;
01/08/2021 03:00;0.42;;;
01/08/2021 04:00;0.43;;;
01/08/2021 05:00;0.42;;;
01/08/2021 06:00;0.38;;;
01/08/2021 07:00;0.36;;;
01/08/2021 08:00;0.36;;;
01/08/2021 09:00;0.35;;;
01/08/2021 10:00;0.4;;;
01/08/2021 11:00;0.47;;;
01/08/2021 12:00;0.58;;;
01/08/2021 13:00;0.68;;;
01/08/2021 14:00;0.71;;;
01/08/2021 15:00;0.77;;;
01/08/2021 16:00;0.77;;;
01/08/2021 17:00;0.78;;;
01/08/2021 18:00;0.74;;;
01/08/2021 19:00;0.65;;;
01/08/2021 20:00;0.56;;;
01/08/2021 21:00;0.46;;;
01/08/2021 22:00;0.39;;;
01/08/2021 23:00;0.29;;;
02/08/2021 00:00;0.23;;;
02/08/2021 01:00;0.19;;;
02/08/2021 02:00;0.15;;;
02/08/2021 03:00;0.15;;;
02/08/2021 04:00;0.19;;;
02/08/2021 05:00;0.22;;;
02/08/2021 06:00;0.23;;;
02/08/2021 07:00;0.28;;;
02/08/2021 08:00;0.34;;;
02/08/2021 09:00;0.37;;;
02/08/2021 10:00;0.39;;;
02/08/2021 11:00;0.43;;;
02/08/2021 12:00;0.48;;;
02/08/2021 13:00;0.52;;;
02/08/2021 14:00;0.58;;;
02/08/2021 15:00;0.64;;;
02/08/2021 16:00;0.69;;;
02/08/2021 17:00;0.72;;;
02/08/2021 18:00;0.72;;;
02/08/2021 19:00;0.7;;;
02/08/2021 20:00;0.66;;;
02/08/2021 21:00;0.52;;;
02/08/2021 22:00;0.38;;;
02/08/2021 23:00;0.27;;;
03/08/2021 00:00;0.15;;;
03/08/2021 01:00;0.06;;;
03/08/2021 02:00;0.01;;;
03/08/2021 03:00;0.02;;;
03/08/2021 04:00;0.07;;;
03/08/2021 05:00;0.15;;;
03/08/2021 06:00;0.27;;;
03/08/2021 07:00;0.37;;;
03/08/2021 08:00;0.44;;;
03/08/2021 09:00;0.48;;;
03/08/2021 10:00;0.49;;;
03/08/2021 11:00;0.48;;;
03/08/2021 12:00;0.47;;;
03/08/2021 13:00;0.44;;;
03/08/2021 14:00;0.46;;;
03/08/2021 15:00;0.53;;;
03/08/2021 16:00;0.6;;;
03/08/2021 17:00;0.66;;;
03/08/2021 18:00;0.72;;;
03/08/2021 19:00;0.73;;;
03/08/2021 20:00;0.7;;;
03/08/2021 21:00;0.63;;;
03/08/2021 22:00;0.52;;;
03/08/2021 23:00;0.39;;;
04/08/2021 00:00;0.25;;;
04/08/2021 01:00;0.12;;;
04/08/2021 02:00;0.03;;;
04/08/2021 03:00;-0.03;;;
04/08/2021 04:00;0.01;;;
04/08/2021 05:00;0.13;;;
04/08/2021 06:00;0.25;;;
04/08/2021 07:00;0.38;;;
04/08/2021 08:00;0.48;;;
04/08/2021 09:00;0.54;;;
04/08/2021 10:00;0.56;;;
04/08/2021 11:00;0.53;;;
04/08/2021 12:00;0.47;;;
04/08/2021 13:00;0.42;;;
04/08/2021 14:00;0.4;;;
04/08/2021 15:00;0.45;;;
04/08/2021 16:00;0.54;;;
04/08/2021 17:00;0.63;;;
04/08/2021 18:00;0.71;;;
04/08/2021 19:00;0.76;;;
04/08/2021 20:00;0.77;;;
04/08/2021 21:00;0.73;;;
04/08/2021 22:00;0.61;;;
04/08/2021 23:00;0.47;;;
05/08/2021 00:00;0.35;;;
05/08/2021 01:00;0.2;;;
05/08/2021 02:00;0.09;;;
05/08/2021 03:00;0.02;;;
05/08/2021 04:00;0.02;;;
05/08/2021 05:00;0.09;;;
05/08/2021 06:00;0.23;;;
05/08/2021 07:00;0.37;;;
05/08/2021 08:00;0.48;;;
05/08/2021 09:00;0.53;;;
05/08/2021 10:00;0.55;;;
05/08/2021 11:00;0.58;;;
05/08/2021 12:00;0.51;;;
05/08/2021 13:00;0.44;;;
05/08/2021 14:00;0.4;;;
05/08/2021 15:00;0.39;;;
05/08/2021 16:00;0.46;;;
05/08/2021 17:00;0.56;;;
05/08/2021 18:00;0.66;;;
05/08/2021 19:00;0.75;;;
05/08/2021 20:00;0.82;;;
05/08/2021 21:00;0.84;;;
05/08/2021 22:00;0.81;;;
05/08/2021 23:00;0.65;;;
06/08/2021 00:00;0.46;;;
06/08/2021 01:00;0.29;;;
06/08/2021 02:00;0.11;;;
06/08/2021 03:00;-0.04;;;
06/08/2021 04:00;-0.09;;;
06/08/2021 05:00;-0.05;;;
06/08/2021 06:00;0.06;;;
06/08/2021 07:00;0.23;;;
06/08/2021 08:00;0.4;;;
06/08/2021 09:00;0.53;;;
06/08/2021 10:00;0.58;;;
06/08/2021 11:00;0.6;;;
06/08/2021 12:00;0.57;;;
06/08/2021 13:00;0.49;;;
06/08/2021 14:00;0.39;;;
06/08/2021 15:00;0.32;;;
06/08/2021 16:00;0.31;;;
06/08/2021 17:00;0.37;;;
06/08/2021 18:00;0.52;;;
06/08/2021 19:00;0.68;;;
06/08/2021 20:00;0.82;;;
06/08/2021 21:00;0.88;;;
06/08/2021 22:00;0.87;;;
06/08/2021 23:00;0.77;;;
07/08/2021 00:00;0.6;;;
07/08/2021 01:00;0.38;;;
07/08/2021 02:00;0.16;;;
07/08/2021 03:00;-0.02;;;
07/08/2021 04:00;-0.15;;;
07/08/2021 05:00;-0.16;;;
07/08/2021 06:00;-0.04;;;
07/08/2021 07:00;0.15;;;
07/08/2021 08:00;0.34;;;
07/08/2021 09:00;0.51;;;
07/08/2021 10:00;0.64;;;
07/08/2021 11:00;0.69;;;
07/08/2021 12:00;0.67;;;
07/08/2021 13:00;0.56;;;
07/08/2021 14:00;0.44;;;
07/08/2021 15:00;0.35;;;
07/08/2021 16:00;0.33;;;
07/08/2021 17:00;0.42;;;
07/08/2021 18:00;0.58;;;
07/08/2021 19:00;0.73;;;
07/08/2021 20:00;0.85;;;
07/08/2021 21:00;0.94;;;
07/08/2021 22:00;0.98;;;
07/08/2021 23:00;0.89;;;
08/08/2021 00:00;0.73;;;
08/08/2021 01:00;0.52;;;
08/08/2021 02:00;0.3;;;
08/08/2021 03:00;0.09;;;
08/08/2021 04:00;-0.07;;;
08/08/2021 05:00;-0.13;;;
08/08/2021 06:00;-0.06;;;
08/08/2021 07:00;0.12;;;
08/08/2021 08:00;0.33;;;
08/08/2021 09:00;0.51;;;
08/08/2021 10:00;0.63;;;
08/08/2021 11:00;0.71;;;
08/08/2021 12:00;0.72;;;
08/08/2021 13:00;0.67;;;
08/08/2021 14:00;0.56;;;
08/08/2021 15:00;0.45;;;
08/08/2021 16:00;0.4;;;
08/08/2021 17:00;0.42;;;
08/08/2021 18:00;0.5;;;
08/08/2021 19:00;0.64;;;
08/08/2021 20:00;0.79;;;
08/08/2021 21:00;0.89;;;
08/08/2021 22:00;0.92;;;
08/08/2021 23:00;0.88;;;
09/08/2021 00:00;0.76;;;
09/08/2021 01:00;0.56;;;
09/08/2021 02:00;0.34;;;
09/08/2021 03:00;0.12;;;
09/08/2021 04:00;-0.07;;;
09/08/2021 05:00;-0.2;;;
09/08/2021 06:00;-0.21;;;
09/08/2021 07:00;-0.07;;;
09/08/2021 08:00;0.14;;;
09/08/2021 09:00;0.35;;;
09/08/2021 10:00;0.52;;;
09/08/2021 11:00;0.63;;;
09/08/2021 12:00;0.69;;;
09/08/2021 13:00;0.67;;;
09/08/2021 14:00;0.58;;;
09/08/2021 15:00;0.46;;;
09/08/2021 16:00;0.33;;;
09/08/2021 17:00;0.29;;;
09/08/2021 18:00;0.31;;;
09/08/2021 19:00;0.41;;;
09/08/2021 20:00;0.56;;;
09/08/2021 21:00;0.69;;;
09/08/2021 22:00;0.78;;;
09/08/2021 23:00;0.79;;;
10/08/2021 00:00;0.72;;;
10/08/2021 01:00;0.57;;;
10/08/2021 02:00;0.37;;;
10/08/2021 03:00;0.15;;;
10/08/2021 04:00;-0.05;;;
10/08/2021 05:00;-0.22;;;
10/08/2021 06:00;-0.29;;;
10/08/2021 07:00;-0.21;;;
10/08/2021 08:00;-0.02;;;
10/08/2021 09:00;0.21;;;
10/08/2021 10:00;0.42;;;
10/08/2021 11:00;0.59;;;
10/08/2021 12:00;0.69;;;
10/08/2021 13:00;0.72;;;
10/08/2021 14:00;0.62;;;
10/08/2021 15:00;0.48;;;
10/08/2021 16:00;0.35;;;
10/08/2021 17:00;0.23;;;
10/08/2021 18:00;0.2;;;
10/08/2021 19:00;0.22;;;
10/08/2021 20:00;0.36;;;
10/08/2021 21:00;0.52;;;
10/08/2021 22:00;0.65;;;
10/08/2021 23:00;0.73;;;
11/08/2021 00:00;0.74;;;
11/08/2021 01:00;0.63;;;
11/08/2021 02:00;0.45;;;
11/08/2021 03:00;0.23;;;
11/08/2021 04:00;0.04;;;
11/08/2021 05:00;-0.13;;;
11/08/2021 06:00;-0.25;;;
11/08/2021 07:00;-0.23;;;
11/08/2021 08:00;-0.08;;;
11/08/2021 09:00;0.14;;;
11/08/2021 10:00;0.36;;;
11/08/2021 11:00;0.53;;;
11/08/2021 12:00;0.65;;;
11/08/2021 13:00;0.69;;;
11/08/2021 14:00;0.66;;;
11/08/2021 15:00;0.53;;;
11/08/2021 16:00;0.36;;;
11/08/2021 17:00;0.22;;;
11/08/2021 18:00;0.11;;;
11/08/2021 19:00;0.09;;;
11/08/2021 20:00;0.15;;;
11/08/2021 21:00;0.28;;;
11/08/2021 22:00;0.43;;;
11/08/2021 23:00;0.55;;;
12/08/2021 00:00;0.6;;;
12/08/2021 01:00;0.59;;;
12/08/2021 02:00;0.48;;;
12/08/2021 03:00;0.32;;;
12/08/2021 04:00;0.13;;;
12/08/2021 05:00;-0.05;;;
12/08/2021 06:00;-0.18;;;
12/08/2021 07:00;-0.2;;;
12/08/2021 08:00;-0.12;;;
12/08/2021 09:00;0.07;;;
12/08/2021 10:00;0.3;;;
12/08/2021 11:00;0.49;;;
12/08/2021 12:00;0.64;;;
12/08/2021 13:00;0.72;;;
12/08/2021 14:00;0.72;;;
12/08/2021 15:00;0.63;;;
12/08/2021 16:00;0.46;;;
12/08/2021 17:00;0.28;;;
12/08/2021 18:00;0.14;;;
12/08/2021 19:00;0.07;;;
12/08/2021 20:00;0.09;;;
12/08/2021 21:00;0.19;;;
12/08/2021 22:00;0.34;;;
12/08/2021 23:00;0.47;;;
13/08/2021 00:00;0.55;;;
13/08/2021 01:00;0.55;;;
13/08/2021 02:00;0.5;;;
13/08/2021 03:00;0.37;;;
13/08/2021 04:00;0.2;;;
13/08/2021 05:00;0.05;;;
13/08/2021 06:00;-0.07;;;
13/08/2021 07:00;-0.1;;;
13/08/2021 08:00;-0.05;;;
13/08/2021 09:00;0.07;;;
13/08/2021 10:00;0.26;;;
13/08/2021 11:00;0.43;;;
13/08/2021 12:00;0.58;;;
13/08/2021 13:00;0.66;;;
13/08/2021 14:00;0.69;;;
13/08/2021 15:00;0.64;;;
13/08/2021 16:00;0.51;;;
13/08/2021 17:00;0.35;;;
13/08/2021 18:00;0.21;;;
13/08/2021 19:00;0.11;;;
13/08/2021 20:00;0.06;;;
13/08/2021 21:00;0.1;;;
13/08/2021 22:00;0.2;;;
13/08/2021 23:00;0.31;;;
14/08/2021 00:00;0.4;;;
14/08/2021 01:00;0.43;;;
14/08/2021 02:00;0.41;;;
14/08/2021 03:00;0.34;;;
14/08/2021 04:00;0.22;;;
14/08/2021 05:00;0.11;;;
14/08/2021 06:00;0.01;;;
14/08/2021 07:00;-0.02;;;
14/08/2021 08:00;0.01;;;
14/08/2021 09:00;0.1;;;
14/08/2021 10:00;0.23;;;
14/08/2021 11:00;0.36;;;
14/08/2021 12:00;0.49;;;
14/08/2021 13:00;0.59;;;
14/08/2021 14:00;0.64;;;
14/08/2021 15:00;0.65;;;
14/08/2021 16:00;0.58;;;
14/08/2021 17:00;0.46;;;
14/08/2021 18:00;0.33;;;
14/08/2021 19:00;0.22;;;
14/08/2021 20:00;0.14;;;
14/08/2021 21:00;0.1;;;
14/08/2021 22:00;0.11;;;
14/08/2021 23:00;0.16;;;
15/08/2021 00:00;0.22;;;
15/08/2021 01:00;0.28;;;
15/08/2021 02:00;0.31;;;
15/08/2021 03:00;0.3;;;
15/08/2021 04:00;0.26;;;
15/08/2021 05:00;0.22;;;
15/08/2021 06:00;0.17;;;
15/08/2021 07:00;0.14;;;
15/08/2021 08:00;0.12;;;
15/08/2021 09:00;0.15;;;
15/08/2021 10:00;0.22;;;
15/08/2021 11:00;0.33;;;
15/08/2021 12:00;0.44;;;
15/08/2021 13:00;0.54;;;
15/08/2021 14:00;0.63;;;
15/08/2021 15:00;0.67;;;
15/08/2021 16:00;0.67;;;
15/08/2021 17:00;0.61;;;
15/08/2021 18:00;0.5;;;
15/08/2021 19:00;0.38;;;
15/08/2021 20:00;0.27;;;
15/08/2021 21:00;0.18;;;
15/08/2021 22:00;0.13;;;
15/08/2021 23:00;0.11;;;
16/08/2021 00:00;0.13;;;
16/08/2021 01:00;0.16;;;
16/08/2021 02:00;0.21;;;
16/08/2021 03:00;0.24;;;
16/08/2021 04:00;0.27;;;
16/08/2021 05:00;0.28;;;
16/08/2021 06:00;0.29;;;
16/08/2021 07:00;0.3;;;
16/08/2021 08:00;0.31;;;
16/08/2021 09:00;0.32;;;
16/08/2021 10:00;0.37;;;
16/08/2021 11:00;0.43;;;
16/08/2021 12:00;0.5;;;
16/08/2021 13:00;0.58;;;
16/08/2021 14:00;0.66;;;
16/08/2021 15:00;0.72;;;
16/08/2021 16:00;0.75;;;
16/08/2021 17:00;0.75;;;
16/08/2021 18:00;0.72;;;
16/08/2021 19:00;0.65;;;
16/08/2021 20:00;0.55;;;
16/08/2021 21:00;0.46;;;
16/08/2021 22:00;0.3;;;
16/08/2021 23:00;0.2;;;
17/08/2021 00:00;0.13;;;
17/08/2021 01:00;0.13;;;
17/08/2021 02:00;0.07;;;
17/08/2021 03:00;0.06;;;
17/08/2021 04:00;0.16;;;
17/08/2021 05:00;0.28;;;
17/08/2021 06:00;0.33;;;
17/08/2021 07:00;0.36;;;
17/08/2021 08:00;0.39;;;
17/08/2021 09:00;0.43;;;
17/08/2021 10:00;0.37;;;
17/08/2021 11:00;0.36;;;
17/08/2021 12:00;0.39;;;
17/08/2021 13:00;0.41;;;
17/08/2021 14:00;0.46;;;
17/08/2021 15:00;0.53;;;
17/08/2021 16:00;0.62;;;
17/08/2021 17:00;0.67;;;
17/08/2021 18:00;0.7;;;
17/08/2021 19:00;0.72;;;
17/08/2021 20:00;0.68;;;
17/08/2021 21:00;0.58;;;
17/08/2021 22:00;0.43;;;
17/08/2021 23:00;0.28;;;
18/08/2021 00:00;0.15;;;
18/08/2021 01:00;0.03;;;
18/08/2021 02:00;-0.03;;;
18/08/2021 03:00;-0.02;;;
18/08/2021 04:00;0.05;;;
18/08/2021 05:00;0.16;;;
18/08/2021 06:00;0.28;;;
18/08/2021 07:00;0.39;;;
18/08/2021 08:00;0.49;;;
18/08/2021 09:00;0.53;;;
18/08/2021 10:00;0.5;;;
18/08/2021 11:00;0.45;;;
18/08/2021 12:00;0.39;;;
18/08/2021 13:00;0.33;;;
18/08/2021 14:00;0.33;;;
18/08/2021 15:00;0.39;;;
18/08/2021 16:00;0.48;;;
18/08/2021 17:00;0.6;;;
18/08/2021 18:00;0.68;;;
18/08/2021 19:00;0.71;;;
18/08/2021 20:00;0.66;;;
18/08/2021 21:00;0.55;;;
18/08/2021 22:00;0.41;;;
18/08/2021 23:00;0.26;;;
19/08/2021 00:00;0.09;;;
19/08/2021 01:00;-0.04;;;
19/08/2021 02:00;-0.14;;;
19/08/2021 03:00;-0.18;;;
19/08/2021 04:00;-0.13;;;
19/08/2021 05:00;0.01;;;
19/08/2021 06:00;0.17;;;
19/08/2021 07:00;0.32;;;
19/08/2021 08:00;0.46;;;
19/08/2021 09:00;0.56;;;
19/08/2021 10:00;0.61;;;
19/08/2021 11:00;0.58;;;
19/08/2021 12:00;0.51;;;
19/08/2021 13:00;0.43;;;
19/08/2021 14:00;0.37;;;
19/08/2021 15:00;0.36;;;
19/08/2021 16:00;0.39;;;
19/08/2021 17:00;0.48;;;
19/08/2021 18:00;0.56;;;
19/08/2021 19:00;0.63;;;
19/08/2021 20:00;0.66;;;
19/08/2021 21:00;0.63;;;
19/08/2021 22:00;0.52;;;
19/08/2021 23:00;0.35;;;
20/08/2021 00:00;0.17;;;
20/08/2021 01:00;-0.01;;;
20/08/2021 02:00;-0.16;;;
20/08/2021 03:00;-0.26;;;
20/08/2021 04:00;-0.27;;;
20/08/2021 05:00;-0.14;;;
20/08/2021 06:00;0.06;;;
20/08/2021 07:00;0.25;;;
20/08/2021 08:00;0.43;;;
20/08/2021 09:00;0.56;;;
20/08/2021 10:00;0.65;;;
20/08/2021 11:00;0.67;;;
20/08/2021 12:00;0.61;;;
20/08/2021 13:00;0.49;;;
20/08/2021 14:00;0.36;;;
20/08/2021 15:00;0.27;;;
20/08/2021 16:00;0.22;;;
20/08/2021 17:00;0.27;;;
20/08/2021 18:00;0.37;;;
20/08/2021 19:00;0.5;;;
20/08/2021 20:00;0.6;;;
20/08/2021 21:00;0.65;;;
20/08/2021 22:00;0.62;;;
20/08/2021 23:00;0.5;;;
21/08/2021 00:00;0.32;;;
21/08/2021 01:00;0.13;;;
21/08/2021 02:00;-0.06;;;
21/08/2021 03:00;-0.21;;;
21/08/2021 04:00;-0.29;;;
21/08/2021 05:00;-0.26;;;
21/08/2021 06:00;-0.1;;;
21/08/2021 07:00;0.12;;;
21/08/2021 08:00;0.32;;;
21/08/2021 09:00;0.49;;;
21/08/2021 10:00;0.61;;;
21/08/2021 11:00;0.66;;;
21/08/2021 12:00;0.63;;;
21/08/2021 13:00;0.51;;;
21/08/2021 14:00;0.36;;;
21/08/2021 15:00;0.22;;;
21/08/2021 16:00;0.13;;;
21/08/2021 17:00;0.12;;;
21/08/2021 18:00;0.2;;;
21/08/2021 19:00;0.35;;;
21/08/2021 20:00;0.5;;;
21/08/2021 21:00;0.61;;;
21/08/2021 22:00;0.67;;;
21/08/2021 23:00;0.64;;;
22/08/2021 00:00;0.5;;;
22/08/2021 01:00;0.3;;;
22/08/2021 02:00;0.08;;;
22/08/2021 03:00;-0.13;;;
22/08/2021 04:00;-0.26;;;
22/08/2021 05:00;-0.29;;;
22/08/2021 06:00;-0.18;;;
22/08/2021 07:00;0.04;;;
22/08/2021 08:00;0.27;;;
22/08/2021 09:00;0.45;;;
22/08/2021 10:00;0.6;;;
22/08/2021 11:00;0.69;;;
22/08/2021 12:00;0.69;;;
22/08/2021 13:00;0.57;;;
22/08/2021 14:00;0.4;;;
22/08/2021 15:00;0.23;;;
22/08/2021 16:00;0.1;;;
22/08/2021 17:00;0.06;;;
22/08/2021 18:00;0.13;;;
22/08/2021 19:00;0.3;;;
22/08/2021 20:00;0.48;;;
22/08/2021 21:00;0.64;;;
22/08/2021 22:00;0.74;;;
22/08/2021 23:00;0.76;;;
23/08/2021 00:00;0.67;;;
23/08/2021 01:00;0.48;;;
23/08/2021 02:00;0.25;;;
23/08/2021 03:00;0.04;;;
23/08/2021 04:00;-0.12;;;
23/08/2021 05:00;-0.21;;;
23/08/2021 06:00;-0.2;;;
23/08/2021 07:00;-0.04;;;
23/08/2021 08:00;0.19;;;
23/08/2021 09:00;0.4;;;
23/08/2021 10:00;0.56;;;
23/08/2021 11:00;0.69;;;
23/08/2021 12:00;0.78;;;
23/08/2021 13:00;0.7;;;
23/08/2021 14:00;0.5;;;
23/08/2021 15:00;0.36;;;
23/08/2021 16:00;0.24;;;
23/08/2021 17:00;0.15;;;
23/08/2021 18:00;0.13;;;
23/08/2021 19:00;0.23;;;
23/08/2021 20:00;0.4;;;
23/08/2021 21:00;0.57;;;
23/08/2021 22:00;0.69;;;
23/08/2021 23:00;0.76;;;
24/08/2021 00:00;0.72;;;
24/08/2021 01:00;0.56;;;
24/08/2021 02:00;0.34;;;
24/08/2021 03:00;0.12;;;
24/08/2021 04:00;-0.09;;;
24/08/2021 05:00;-0.22;;;
24/08/2021 06:00;-0.24;;;
24/08/2021 07:00;-0.11;;;
24/08/2021 08:00;0.07;;;
24/08/2021 09:00;0.25;;;
24/08/2021 10:00;0.42;;;
24/08/2021 11:00;0.57;;;
24/08/2021 12:00;0.65;;;
24/08/2021 13:00;0.67;;;
24/08/2021 14:00;0.57;;;
24/08/2021 15:00;0.42;;;
24/08/2021 16:00;0.27;;;
24/08/2021 17:00;0.15;;;
24/08/2021 18:00;0.09;;;
24/08/2021 19:00;0.12;;;
24/08/2021 20:00;0.24;;;
24/08/2021 21:00;0.4;;;
24/08/2021 22:00;0.55;;;
24/08/2021 23:00;0.64;;;
25/08/2021 00:00;0.66;;;
25/08/2021 01:00;0.57;;;
25/08/2021 02:00;0.4;;;
25/08/2021 03:00;0.22;;;
25/08/2021 04:00;0.04;;;
25/08/2021 05:00;-0.09;;;
25/08/2021 06:00;-0.14;;;
25/08/2021 07:00;-0.1;;;
25/08/2021 08:00;0.06;;;
25/08/2021 09:00;0.25;;;
25/08/2021 10:00;0.43;;;
25/08/2021 11:00;0.6;;;
25/08/2021 12:00;0.71;;;
25/08/2021 13:00;0.75;;;
25/08/2021 14:00;0.7;;;
25/08/2021 15:00;0.57;;;
25/08/2021 16:00;0.39;;;
25/08/2021 17:00;0.24;;;
25/08/2021 18:00;0.13;;;
25/08/2021 19:00;0.08;;;
25/08/2021 20:00;0.14;;;
25/08/2021 21:00;0.25;;;
25/08/2021 22:00;0.4;;;
25/08/2021 23:00;0.52;;;
26/08/2021 00:00;0.58;;;
26/08/2021 01:00;0.56;;;
26/08/2021 02:00;0.45;;;
26/08/2021 03:00;0.27;;;
26/08/2021 04:00;0.09;;;
26/08/2021 05:00;-0.06;;;
26/08/2021 06:00;-0.15;;;
26/08/2021 07:00;-0.12;;;
26/08/2021 08:00;0.01;;;
26/08/2021 09:00;0.22;;;
26/08/2021 10:00;0.43;;;
26/08/2021 11:00;0.6;;;
26/08/2021 12:00;0.73;;;
26/08/2021 13:00;0.8;;;
26/08/2021 14:00;0.78;;;
26/08/2021 15:00;0.68;;;
26/08/2021 16:00;0.53;;;
26/08/2021 17:00;0.37;;;
26/08/2021 18:00;0.22;;;
26/08/2021 19:00;0.14;;;
26/08/2021 20:00;0.15;;;
26/08/2021 21:00;0.27;;;
26/08/2021 22:00;0.44;;;
26/08/2021 23:00;0.57;;;
27/08/2021 00:00;0.65;;;
27/08/2021 01:00;0.67;;;
27/08/2021 02:00;0.6;;;
27/08/2021 03:00;0.46;;;
27/08/2021 04:00;0.29;;;
27/08/2021 05:00;0.17;;;
27/08/2021 06:00;0.11;;;
27/08/2021 07:00;0.16;;;
27/08/2021 08:00;0.23;;;
27/08/2021 09:00;0.34;;;
27/08/2021 10:00;0.5;;;
27/08/2021 11:00;0.63;;;
27/08/2021 12:00;0.72;;;
27/08/2021 13:00;0.78;;;
27/08/2021 14:00;0.73;;;
27/08/2021 15:00;0.6;;;
27/08/2021 16:00;0.44;;;
27/08/2021 17:00;0.29;;;
27/08/2021 18:00;0.17;;;
27/08/2021 19:00;0.11;;;
27/08/2021 20:00;0.13;;;
27/08/2021 21:00;0.21;;;
27/08/2021 22:00;0.32;;;
27/08/2021 23:00;0.41;;;
28/08/2021 00:00;0.46;;;
28/08/2021 01:00;0.47;;;
28/08/2021 02:00;0.42;;;
28/08/2021 03:00;0.34;;;
28/08/2021 04:00;0.21;;;
28/08/2021 05:00;0.12;;;
28/08/2021 06:00;0.08;;;
28/08/2021 07:00;0.11;;;
28/08/2021 08:00;0.19;;;
28/08/2021 09:00;0.32;;;
28/08/2021 10:00;0.46;;;
28/08/2021 11:00;0.57;;;
28/08/2021 12:00;0.64;;;
28/08/2021 13:00;0.67;;;
28/08/2021 14:00;0.66;;;
28/08/2021 15:00;0.6;;;
28/08/2021 16:00;0.5;;;
28/08/2021 17:00;0.41;;;
28/08/2021 18:00;0.33;;;
28/08/2021 19:00;0.25;;;
28/08/2021 20:00;0.19;;;
28/08/2021 21:00;0.17;;;
28/08/2021 22:00;0.21;;;
28/08/2021 23:00;0.24;;;
29/08/2021 00:00;0.28;;;
29/08/2021 01:00;0.33;;;
29/08/2021 02:00;0.35;;;
29/08/2021 03:00;0.33;;;
29/08/2021 04:00;0.29;;;
29/08/2021 05:00;0.23;;;
29/08/2021 06:00;0.19;;;
29/08/2021 07:00;0.17;;;
29/08/2021 08:00;0.21;;;
29/08/2021 09:00;0.28;;;
29/08/2021 10:00;0.36;;;
29/08/2021 11:00;0.46;;;
29/08/2021 12:00;0.55;;;
29/08/2021 13:00;0.62;;;
29/08/2021 14:00;0.66;;;
29/08/2021 15:00;0.66;;;
29/08/2021 16:00;0.63;;;
29/08/2021 17:00;0.55;;;
29/08/2021 18:00;0.45;;;
29/08/2021 19:00;0.34;;;
29/08/2021 20:00;0.24;;;
29/08/2021 21:00;0.16;;;
29/08/2021 22:00;0.12;;;
29/08/2021 23:00;0.13;;;
30/08/2021 00:00;0.19;;;
30/08/2021 01:00;0.26;;;
30/08/2021 02:00;0.32;;;
30/08/2021 03:00;0.35;;;
30/08/2021 04:00;0.34;;;
30/08/2021 05:00;0.33;;;
30/08/2021 06:00;0.3;;;
30/08/2021 07:00;0.29;;;
30/08/2021 08:00;0.29;;;
30/08/2021 09:00;0.33;;;
30/08/2021 10:00;0.41;;;
30/08/2021 11:00;0.51;;;
30/08/2021 12:00;0.61;;;
30/08/2021 13:00;0.67;;;
30/08/2021 14:00;0.71;;;
30/08/2021 15:00;0.7;;;
30/08/2021 16:00;0.65;;;
30/08/2021 17:00;0.57;;;
30/08/2021 18:00;0.46;;;
30/08/2021 19:00;0.41;;;
30/08/2021 20:00;0.32;;;
30/08/2021 21:00;0.25;;;
30/08/2021 22:00;0.21;;;
30/08/2021 23:00;0.17;;;
31/08/2021 00:00;0.15;;;
31/08/2021 01:00;0.17;;;
31/08/2021 02:00;0.21;;;
31/08/2021 03:00;0.26;;;
31/08/2021 04:00;0.3;;;
31/08/2021 05:00;0.33;;;
31/08/2021 06:00;0.35;;;
31/08/2021 07:00;0.38;;;
31/08/2021 08:00;0.4;;;
31/08/2021 09:00;0.44;;;
31/08/2021 10:00;0.45;;;
31/08/2021 11:00;0.46;;;
31/08/2021 12:00;0.49;;;
31/08/2021 13:00;0.51;;;
31/08/2021 14:00;0.56;;;
31/08/2021 15:00;0.6;;;
31/08/2021 16:00;0.61;;;
31/08/2021 17:00;0.58;;;
31/08/2021 18:00;0.51;;;
31/08/2021 19:00;0.44;;;
31/08/2021 20:00;0.36;;;
31/08/2021 21:00;0.28;;;
31/08/2021 22:00;0.21;;;
31/08/2021 23:00;0.13;;;
01/09/2021 00:00;0.07;;;
01/09/2021 01:00;0.04;;;
01/09/2021 02:00;0.03;;;
01/09/2021 03:00;0.06;;;
01/09/2021 04:00;0.12;;;
01/09/2021 05:00;0.22;;;
01/09/2021 06:00;0.3;;;
01/09/2021 07:00;0.36;;;
01/09/2021 08:00;0.41;;;
01/09/2021 09:00;0.42;;;
01/09/2021 10:00;0.4;;;
01/09/2021 11:00;0.41;;;
01/09/2021 12:00;0.41;;;
01/09/2021 13:00;0.42;;;
01/09/2021 14:00;0.44;;;
01/09/2021 15:00;0.47;;;
01/09/2021 16:00;0.46;;;
01/09/2021 17:00;0.46;;;
01/09/2021 18:00;0.47;;;
01/09/2021 19:00;0.45;;;
01/09/2021 20:00;0.41;;;
01/09/2021 21:00;0.33;;;
01/09/2021 22:00;0.23;;;
01/09/2021 23:00;0.11;;;
02/09/2021 00:00;-0.01;;;
02/09/2021 01:00;-0.1;;;
02/09/2021 02:00;-0.12;;;
02/09/2021 03:00;-0.09;;;
02/09/2021 04:00;0.01;;;
02/09/2021 05:00;0.15;;;
02/09/2021 06:00;0.27;;;
02/09/2021 07:00;0.38;;;
02/09/2021 08:00;0.47;;;
02/09/2021 09:00;0.52;;;
02/09/2021 10:00;0.53;;;
02/09/2021 11:00;0.49;;;
02/09/2021 12:00;0.42;;;
02/09/2021 13:00;0.36;;;
02/09/2021 14:00;0.31;;;
02/09/2021 15:00;0.32;;;
02/09/2021 16:00;0.33;;;
02/09/2021 17:00;0.35;;;
02/09/2021 18:00;0.39;;;
02/09/2021 19:00;0.4;;;
02/09/2021 20:00;0.38;;;
02/09/2021 21:00;0.31;;;
02/09/2021 22:00;0.23;;;
02/09/2021 23:00;0.11;;;
03/09/2021 00:00;-0.01;;;
03/09/2021 01:00;-0.11;;;
03/09/2021 02:00;-0.18;;;
03/09/2021 03:00;-0.21;;;
03/09/2021 04:00;-0.13;;;
03/09/2021 05:00;0.01;;;
03/09/2021 06:00;0.19;;;
03/09/2021 07:00;0.37;;;
03/09/2021 08:00;0.52;;;
03/09/2021 09:00;0.63;;;
03/09/2021 10:00;0.67;;;
03/09/2021 11:00;0.62;;;
03/09/2021 12:00;0.52;;;
03/09/2021 13:00;0.39;;;
03/09/2021 14:00;0.28;;;
03/09/2021 15:00;0.22;;;
03/09/2021 16:00;0.22;;;
03/09/2021 17:00;0.29;;;
03/09/2021 18:00;0.39;;;
03/09/2021 19:00;0.48;;;
03/09/2021 20:00;0.53;;;
03/09/2021 21:00;0.54;;;
03/09/2021 22:00;0.47;;;
03/09/2021 23:00;0.33;;;
04/09/2021 00:00;0.16;;;
04/09/2021 01:00;0.01;;;
04/09/2021 02:00;-0.12;;;
04/09/2021 03:00;-0.19;;;
04/09/2021 04:00;-0.14;;;
04/09/2021 05:00;-0.02;;;
04/09/2021 06:00;0.17;;;
04/09/2021 07:00;0.35;;;
04/09/2021 08:00;0.51;;;
04/09/2021 09:00;0.62;;;
04/09/2021 10:00;0.69;;;
04/09/2021 11:00;0.67;;;
04/09/2021 12:00;0.54;;;
04/09/2021 13:00;0.38;;;
04/09/2021 14:00;0.22;;;
04/09/2021 15:00;0.13;;;
04/09/2021 16:00;0.09;;;
04/09/2021 17:00;0.17;;;
04/09/2021 18:00;0.32;;;
04/09/2021 19:00;0.46;;;
04/09/2021 20:00;0.56;;;
04/09/2021 21:00;0.6;;;
04/09/2021 22:00;0.6;;;
04/09/2021 23:00;0.48;;;
05/09/2021 00:00;0.32;;;
05/09/2021 01:00;0.14;;;
05/09/2021 02:00;-0.02;;;
05/09/2021 03:00;-0.14;;;
05/09/2021 04:00;-0.18;;;
05/09/2021 05:00;-0.14;;;
05/09/2021 06:00;0.01;;;
05/09/2021 07:00;0.21;;;
05/09/2021 08:00;0.39;;;
05/09/2021 09:00;0.55;;;
05/09/2021 10:00;0.65;;;
05/09/2021 11:00;0.67;;;
05/09/2021 12:00;0.59;;;
05/09/2021 13:00;0.42;;;
05/09/2021 14:00;0.23;;;
05/09/2021 15:00;0.1;;;
05/09/2021 16:00;0.02;;;
05/09/2021 17:00;0.05;;;
05/09/2021 18:00;0.19;;;
05/09/2021 19:00;0.37;;;
05/09/2021 20:00;0.53;;;
05/09/2021 21:00;0.63;;;
05/09/2021 22:00;0.66;;;
05/09/2021 23:00;0.61;;;
06/09/2021 00:00;0.45;;;
06/09/2021 01:00;0.25;;;
06/09/2021 02:00;0.04;;;
06/09/2021 03:00;-0.13;;;
06/09/2021 04:00;-0.24;;;
06/09/2021 05:00;-0.24;;;
06/09/2021 06:00;-0.1;;;
06/09/2021 07:00;0.12;;;
06/09/2021 08:00;0.32;;;
06/09/2021 09:00;0.49;;;
06/09/2021 10:00;0.63;;;
06/09/2021 11:00;0.66;;;
06/09/2021 12:00;0.61;;;
06/09/2021 13:00;0.48;;;
06/09/2021 14:00;0.31;;;
06/09/2021 15:00;0.15;;;
06/09/2021 16:00;0.03;;;
06/09/2021 17:00;0;;;
06/09/2021 18:00;0.07;;;
06/09/2021 19:00;0.23;;;
06/09/2021 20:00;0.42;;;
06/09/2021 21:00;0.57;;;
06/09/2021 22:00;0.66;;;
06/09/2021 23:00;0.65;;;
07/09/2021 00:00;0.53;;;
07/09/2021 01:00;0.35;;;
07/09/2021 02:00;0.12;;;
07/09/2021 03:00;-0.09;;;
07/09/2021 04:00;-0.24;;;
07/09/2021 05:00;-0.3;;;
07/09/2021 06:00;-0.22;;;
07/09/2021 07:00;-0.01;;;
07/09/2021 08:00;0.23;;;
07/09/2021 09:00;0.44;;;
07/09/2021 10:00;0.59;;;
07/09/2021 11:00;0.69;;;
07/09/2021 12:00;0.69;;;
07/09/2021 13:00;0.57;;;
07/09/2021 14:00;0.39;;;
07/09/2021 15:00;0.21;;;
07/09/2021 16:00;0.05;;;
07/09/2021 17:00;-0.04;;;
07/09/2021 18:00;-0.02;;;
07/09/2021 19:00;0.14;;;
07/09/2021 20:00;0.33;;;
07/09/2021 21:00;0.48;;;
07/09/2021 22:00;0.6;;;
07/09/2021 23:00;0.65;;;
08/09/2021 00:00;0.6;;;
08/09/2021 01:00;0.45;;;
08/09/2021 02:00;0.24;;;
08/09/2021 03:00;0.03;;;
08/09/2021 04:00;-0.16;;;
08/09/2021 05:00;-0.26;;;
08/09/2021 06:00;-0.23;;;
08/09/2021 07:00;-0.06;;;
08/09/2021 08:00;0.17;;;
08/09/2021 09:00;0.39;;;
08/09/2021 10:00;0.58;;;
08/09/2021 11:00;0.71;;;
08/09/2021 12:00;0.76;;;
08/09/2021 13:00;0.7;;;
08/09/2021 14:00;0.53;;;
08/09/2021 15:00;0.33;;;
08/09/2021 16:00;0.15;;;
08/09/2021 17:00;0.02;;;
08/09/2021 18:00;-0.03;;;
08/09/2021 19:00;0.02;;;
08/09/2021 20:00;0.18;;;
08/09/2021 21:00;0.36;;;
08/09/2021 22:00;0.51;;;
08/09/2021 23:00;0.6;;;
09/09/2021 00:00;0.62;;;
09/09/2021 01:00;0.54;;;
09/09/2021 02:00;0.36;;;
09/09/2021 03:00;0.15;;;
09/09/2021 04:00;-0.03;;;
09/09/2021 05:00;-0.17;;;
09/09/2021 06:00;-0.21;;;
09/09/2021 07:00;-0.12;;;
09/09/2021 08:00;0.08;;;
09/09/2021 09:00;0.32;;;
09/09/2021 10:00;0.52;;;
09/09/2021 11:00;0.67;;;
09/09/2021 12:00;0.76;;;
09/09/2021 13:00;0.75;;;
09/09/2021 14:00;0.62;;;
09/09/2021 15:00;0.41;;;
09/09/2021 16:00;0.21;;;
09/09/2021 17:00;0.04;;;
09/09/2021 18:00;-0.07;;;
09/09/2021 19:00;-0.07;;;
09/09/2021 20:00;0.07;;;
09/09/2021 21:00;0.28;;;
09/09/2021 22:00;0.44;;;
09/09/2021 23:00;0.56;;;
10/09/2021 00:00;0.61;;;
10/09/2021 01:00;0.57;;;
10/09/2021 02:00;0.44;;;
10/09/2021 03:00;0.26;;;
10/09/2021 04:00;0.07;;;
10/09/2021 05:00;-0.08;;;
10/09/2021 06:00;-0.14;;;
10/09/2021 07:00;-0.07;;;
10/09/2021 08:00;0.11;;;
10/09/2021 09:00;0.33;;;
10/09/2021 10:00;0.45;;;
10/09/2021 11:00;0.53;;;
10/09/2021 12:00;0.61;;;
10/09/2021 13:00;0.7;;;
10/09/2021 14:00;0.66;;;
10/09/2021 15:00;0.48;;;
10/09/2021 16:00;0.3;;;
10/09/2021 17:00;0.14;;;
10/09/2021 18:00;0.03;;;
10/09/2021 19:00;0;;;
10/09/2021 20:00;0.05;;;
10/09/2021 21:00;0.17;;;
10/09/2021 22:00;0.31;;;
10/09/2021 23:00;0.42;;;
11/09/2021 00:00;0.47;;;
11/09/2021 01:00;0.48;;;
11/09/2021 02:00;0.42;;;
11/09/2021 03:00;0.29;;;
11/09/2021 04:00;0.17;;;
11/09/2021 05:00;0.07;;;
11/09/2021 06:00;0.01;;;
11/09/2021 07:00;0.04;;;
11/09/2021 08:00;0.13;;;
11/09/2021 09:00;0.27;;;
11/09/2021 10:00;0.42;;;
11/09/2021 11:00;0.57;;;
11/09/2021 12:00;0.69;;;
11/09/2021 13:00;0.75;;;
11/09/2021 14:00;0.73;;;
11/09/2021 15:00;0.61;;;
11/09/2021 16:00;0.44;;;
11/09/2021 17:00;0.27;;;
11/09/2021 18:00;0.11;;;
11/09/2021 19:00;0;;;
11/09/2021 20:00;-0.04;;;
11/09/2021 21:00;0.02;;;
11/09/2021 22:00;0.14;;;
11/09/2021 23:00;0.26;;;
12/09/2021 00:00;0.35;;;
12/09/2021 01:00;0.39;;;
12/09/2021 02:00;0.38;;;
12/09/2021 03:00;0.32;;;
12/09/2021 04:00;0.23;;;
12/09/2021 05:00;0.13;;;
12/09/2021 06:00;0.07;;;
12/09/2021 07:00;0.07;;;
12/09/2021 08:00;0.13;;;
12/09/2021 09:00;0.24;;;
12/09/2021 10:00;0.38;;;
12/09/2021 11:00;0.51;;;
12/09/2021 12:00;0.62;;;
12/09/2021 13:00;0.69;;;
12/09/2021 14:00;0.7;;;
12/09/2021 15:00;0.63;;;
12/09/2021 16:00;0.49;;;
12/09/2021 17:00;0.34;;;
12/09/2021 18:00;0.19;;;
12/09/2021 19:00;0.08;;;
12/09/2021 20:00;0.01;;;
12/09/2021 21:00;0.01;;;
12/09/2021 22:00;0.07;;;
12/09/2021 23:00;0.17;;;
13/09/2021 00:00;0.26;;;
13/09/2021 01:00;0.31;;;
13/09/2021 02:00;0.33;;;
13/09/2021 03:00;0.32;;;
13/09/2021 04:00;0.28;;;
13/09/2021 05:00;0.24;;;
13/09/2021 06:00;0.21;;;
13/09/2021 07:00;0.21;;;
13/09/2021 08:00;0.26;;;
13/09/2021 09:00;0.32;;;
13/09/2021 10:00;0.41;;;
13/09/2021 11:00;0.5;;;
13/09/2021 12:00;0.56;;;
13/09/2021 13:00;0.6;;;
13/09/2021 14:00;0.61;;;
13/09/2021 15:00;0.58;;;
13/09/2021 16:00;0.51;;;
13/09/2021 17:00;0.41;;;
13/09/2021 18:00;0.32;;;
13/09/2021 19:00;0.22;;;
13/09/2021 20:00;0.14;;;
13/09/2021 21:00;0.09;;;
13/09/2021 22:00;0.08;;;
13/09/2021 23:00;0.1;;;
14/09/2021 00:00;0.14;;;
14/09/2021 01:00;0.18;;;
14/09/2021 02:00;0.23;;;
14/09/2021 03:00;0.27;;;
14/09/2021 04:00;0.31;;;
14/09/2021 05:00;0.35;;;
14/09/2021 06:00;0.37;;;
14/09/2021 07:00;0.4;;;
14/09/2021 08:00;0.42;;;
14/09/2021 09:00;0.45;;;
14/09/2021 10:00;0.45;;;
14/09/2021 11:00;0.46;;;
14/09/2021 12:00;0.47;;;
14/09/2021 13:00;0.48;;;
14/09/2021 14:00;0.49;;;
14/09/2021 15:00;0.51;;;
14/09/2021 16:00;0.52;;;
14/09/2021 17:00;0.52;;;
14/09/2021 18:00;0.49;;;
14/09/2021 19:00;0.42;;;
14/09/2021 20:00;0.35;;;
14/09/2021 21:00;0.25;;;
14/09/2021 22:00;0.17;;;
14/09/2021 23:00;0.1;;;
15/09/2021 00:00;0.05;;;
15/09/2021 01:00;0.05;;;
15/09/2021 02:00;0.07;;;
15/09/2021 03:00;0.15;;;
15/09/2021 04:00;0.25;;;
15/09/2021 05:00;0.34;;;
15/09/2021 06:00;0.42;;;
15/09/2021 07:00;0.49;;;
15/09/2021 08:00;0.52;;;
15/09/2021 09:00;0.52;;;
15/09/2021 10:00;0.49;;;
15/09/2021 11:00;0.44;;;
15/09/2021 12:00;0.4;;;
15/09/2021 13:00;0.38;;;
15/09/2021 14:00;0.4;;;
15/09/2021 15:00;0.46;;;
15/09/2021 16:00;0.52;;;
15/09/2021 17:00;0.58;;;
15/09/2021 18:00;0.61;;;
15/09/2021 19:00;0.59;;;
15/09/2021 20:00;0.52;;;
15/09/2021 21:00;0.42;;;
15/09/2021 22:00;0.31;;;
15/09/2021 23:00;0.19;;;
16/09/2021 00:00;0.1;;;
16/09/2021 01:00;0.03;;;
16/09/2021 02:00;0.01;;;
16/09/2021 03:00;0.04;;;
16/09/2021 04:00;0.13;;;
16/09/2021 05:00;0.27;;;
16/09/2021 06:00;0.4;;;
16/09/2021 07:00;0.52;;;
16/09/2021 08:00;0.61;;;
16/09/2021 09:00;0.65;;;
16/09/2021 10:00;0.63;;;
16/09/2021 11:00;0.55;;;
16/09/2021 12:00;0.46;;;
16/09/2021 13:00;0.37;;;
16/09/2021 14:00;0.34;;;
16/09/2021 15:00;0.38;;;
16/09/2021 16:00;0.44;;;
16/09/2021 17:00;0.53;;;
16/09/2021 18:00;0.62;;;
16/09/2021 19:00;0.67;;;
16/09/2021 20:00;0.67;;;
16/09/2021 21:00;0.62;;;
16/09/2021 22:00;0.5;;;
16/09/2021 23:00;0.36;;;
17/09/2021 00:00;0.22;;;
17/09/2021 01:00;0.08;;;
17/09/2021 02:00;-0.01;;;
17/09/2021 03:00;-0.05;;;
17/09/2021 04:00;0.04;;;
17/09/2021 05:00;0.21;;;
17/09/2021 06:00;0.38;;;
17/09/2021 07:00;0.53;;;
17/09/2021 08:00;0.66;;;
17/09/2021 09:00;0.74;;;
17/09/2021 10:00;0.75;;;
17/09/2021 11:00;0.7;;;
17/09/2021 12:00;0.56;;;
17/09/2021 13:00;0.42;;;
17/09/2021 14:00;0.3;;;
17/09/2021 15:00;0.25;;;
17/09/2021 16:00;0.27;;;
17/09/2021 17:00;0.39;;;
17/09/2021 18:00;0.51;;;
17/09/2021 19:00;0.64;;;
17/09/2021 20:00;0.72;;;
17/09/2021 21:00;0.73;;;
17/09/2021 22:00;0.65;;;
17/09/2021 23:00;0.49;;;
18/09/2021 00:00;0.3;;;
18/09/2021 01:00;0.13;;;
18/09/2021 02:00;-0.01;;;
18/09/2021 03:00;-0.09;;;
18/09/2021 04:00;-0.06;;;
18/09/2021 05:00;0.1;;;
18/09/2021 06:00;0.28;;;
18/09/2021 07:00;0.48;;;
18/09/2021 08:00;0.65;;;
18/09/2021 09:00;0.76;;;
18/09/2021 10:00;0.78;;;
18/09/2021 11:00;0.73;;;
18/09/2021 12:00;0.58;;;
18/09/2021 13:00;0.42;;;
18/09/2021 14:00;0.29;;;
18/09/2021 15:00;0.2;;;
18/09/2021 16:00;0.19;;;
18/09/2021 17:00;0.25;;;
18/09/2021 18:00;0.4;;;
18/09/2021 19:00;0.56;;;
18/09/2021 20:00;0.68;;;
18/09/2021 21:00;0.73;;;
18/09/2021 22:00;0.73;;;
18/09/2021 23:00;0.61;;;
19/09/2021 00:00;0.45;;;
19/09/2021 01:00;0.26;;;
19/09/2021 02:00;0.09;;;
19/09/2021 03:00;-0.04;;;
19/09/2021 04:00;-0.07;;;
19/09/2021 05:00;0.02;;;
19/09/2021 06:00;0.19;;;
19/09/2021 07:00;0.41;;;
19/09/2021 08:00;0.59;;;
19/09/2021 09:00;0.73;;;
19/09/2021 10:00;0.81;;;
19/09/2021 11:00;0.82;;;
19/09/2021 12:00;0.71;;;
19/09/2021 13:00;0.54;;;
19/09/2021 14:00;0.38;;;
19/09/2021 15:00;0.24;;;
19/09/2021 16:00;0.19;;;
19/09/2021 17:00;0.2;;;
19/09/2021 18:00;0.35;;;
19/09/2021 19:00;0.54;;;
19/09/2021 20:00;0.71;;;
19/09/2021 21:00;0.82;;;
19/09/2021 22:00;0.86;;;
19/09/2021 23:00;0.82;;;
20/09/2021 00:00;0.66;;;
20/09/2021 01:00;0.46;;;
20/09/2021 02:00;0.26;;;
20/09/2021 03:00;0.08;;;
20/09/2021 04:00;-0.01;;;
20/09/2021 05:00;-0.04;;;
20/09/2021 06:00;0.07;;;
20/09/2021 07:00;0.29;;;
20/09/2021 08:00;0.47;;;
20/09/2021 09:00;0.64;;;
20/09/2021 10:00;0.73;;;
20/09/2021 11:00;0.76;;;
20/09/2021 12:00;0.7;;;
20/09/2021 13:00;0.56;;;
20/09/2021 14:00;0.38;;;
20/09/2021 15:00;0.21;;;
20/09/2021 16:00;0.11;;;
20/09/2021 17:00;0.12;;;
20/09/2021 18:00;0.23;;;
20/09/2021 19:00;0.42;;;
20/09/2021 20:00;0.62;;;
20/09/2021 21:00;0.76;;;
20/09/2021 22:00;0.84;;;
20/09/2021 23:00;0.83;;;
21/09/2021 00:00;0.72;;;
21/09/2021 01:00;0.52;;;
21/09/2021 02:00;0.3;;;
21/09/2021 03:00;0.1;;;
21/09/2021 04:00;-0.05;;;
21/09/2021 05:00;-0.08;;;
21/09/2021 06:00;-0.01;;;
21/09/2021 07:00;0.16;;;
21/09/2021 08:00;0.36;;;
21/09/2021 09:00;0.55;;;
21/09/2021 10:00;0.69;;;
21/09/2021 11:00;0.77;;;
21/09/2021 12:00;0.75;;;
21/09/2021 13:00;0.61;;;
21/09/2021 14:00;0.42;;;
21/09/2021 15:00;0.24;;;
21/09/2021 16:00;0.1;;;
21/09/2021 17:00;0.03;;;
21/09/2021 18:00;0.07;;;
21/09/2021 19:00;0.2;;;
21/09/2021 20:00;0.38;;;
21/09/2021 21:00;0.54;;;
21/09/2021 22:00;0.65;;;
21/09/2021 23:00;0.67;;;
22/09/2021 00:00;0.58;;;
22/09/2021 01:00;0.4;;;
22/09/2021 02:00;0.2;;;
22/09/2021 03:00;0.02;;;
22/09/2021 04:00;-0.12;;;
22/09/2021 05:00;-0.18;;;
22/09/2021 06:00;-0.12;;;
22/09/2021 07:00;0.04;;;
22/09/2021 08:00;0.26;;;
22/09/2021 09:00;0.46;;;
22/09/2021 10:00;0.62;;;
22/09/2021 11:00;0.71;;;
22/09/2021 12:00;0.74;;;
22/09/2021 13:00;0.67;;;
22/09/2021 14:00;0.49;;;
22/09/2021 15:00;0.31;;;
22/09/2021 16:00;0.15;;;
22/09/2021 17:00;0.01;;;
22/09/2021 18:00;-0.04;;;
22/09/2021 19:00;0.02;;;
22/09/2021 20:00;0.17;;;
22/09/2021 21:00;0.33;;;
22/09/2021 22:00;0.44;;;
22/09/2021 23:00;0.51;;;
23/09/2021 00:00;0.49;;;
23/09/2021 01:00;0.37;;;
23/09/2021 02:00;0.21;;;
23/09/2021 03:00;0.03;;;
23/09/2021 04:00;-0.11;;;
23/09/2021 05:00;-0.17;;;
23/09/2021 06:00;-0.11;;;
23/09/2021 07:00;0.04;;;
23/09/2021 08:00;0.23;;;
23/09/2021 09:00;0.41;;;
23/09/2021 10:00;0.57;;;
23/09/2021 11:00;0.68;;;
23/09/2021 12:00;0.74;;;
23/09/2021 13:00;0.69;;;
23/09/2021 14:00;0.55;;;
23/09/2021 15:00;0.35;;;
23/09/2021 16:00;0.16;;;
23/09/2021 17:00;0.01;;;
23/09/2021 18:00;-0.09;;;
23/09/2021 19:00;-0.09;;;
23/09/2021 20:00;0.02;;;
23/09/2021 21:00;0.21;;;
23/09/2021 22:00;0.36;;;
23/09/2021 23:00;0.45;;;
24/09/2021 00:00;0.48;;;
24/09/2021 01:00;0.43;;;
24/09/2021 02:00;0.31;;;
24/09/2021 03:00;0.16;;;
24/09/2021 04:00;0.03;;;
24/09/2021 05:00;-0.05;;;
24/09/2021 06:00;-0.04;;;
24/09/2021 07:00;0.09;;;
24/09/2021 08:00;0.27;;;
24/09/2021 09:00;0.45;;;
24/09/2021 10:00;0.62;;;
24/09/2021 11:00;0.72;;;
24/09/2021 12:00;0.77;;;
24/09/2021 13:00;0.72;;;
24/09/2021 14:00;0.57;;;
24/09/2021 15:00;0.38;;;
24/09/2021 16:00;0.18;;;
24/09/2021 17:00;0.01;;;
24/09/2021 18:00;-0.1;;;
24/09/2021 19:00;-0.11;;;
24/09/2021 20:00;-0.03;;;
24/09/2021 21:00;0.13;;;
24/09/2021 22:00;0.29;;;
24/09/2021 23:00;0.41;;;
25/09/2021 00:00;0.48;;;
25/09/2021 01:00;0.49;;;
25/09/2021 02:00;0.42;;;
25/09/2021 03:00;0.29;;;
25/09/2021 04:00;0.15;;;
25/09/2021 05:00;0.07;;;
25/09/2021 06:00;0.05;;;
25/09/2021 07:00;0.12;;;
25/09/2021 08:00;0.26;;;
25/09/2021 09:00;0.42;;;
25/09/2021 10:00;0.55;;;
25/09/2021 11:00;0.65;;;
25/09/2021 12:00;0.69;;;
25/09/2021 13:00;0.65;;;
25/09/2021 14:00;0.53;;;
25/09/2021 15:00;0.36;;;
25/09/2021 16:00;0.19;;;
25/09/2021 17:00;0.05;;;
25/09/2021 18:00;-0.06;;;
25/09/2021 19:00;-0.08;;;
25/09/2021 20:00;-0.01;;;
25/09/2021 21:00;0.13;;;
25/09/2021 22:00;0.26;;;
25/09/2021 23:00;0.37;;;
26/09/2021 00:00;0.43;;;
26/09/2021 01:00;0.44;;;
26/09/2021 02:00;0.4;;;
26/09/2021 03:00;0.31;;;
26/09/2021 04:00;0.21;;;
26/09/2021 05:00;0.14;;;
26/09/2021 06:00;0.13;;;
26/09/2021 07:00;0.16;;;
26/09/2021 08:00;0.25;;;
26/09/2021 09:00;0.37;;;
26/09/2021 10:00;0.48;;;
26/09/2021 11:00;0.57;;;
26/09/2021 12:00;0.61;;;
26/09/2021 13:00;0.59;;;
26/09/2021 14:00;0.51;;;
26/09/2021 15:00;0.4;;;
26/09/2021 16:00;0.29;;;
26/09/2021 17:00;0.18;;;
26/09/2021 18:00;0.1;;;
26/09/2021 19:00;0.08;;;
26/09/2021 20:00;0.07;;;
26/09/2021 21:00;0.09;;;
26/09/2021 22:00;0.24;;;
26/09/2021 23:00;0.31;;;
27/09/2021 00:00;0.36;;;
27/09/2021 01:00;0.34;;;
27/09/2021 02:00;0.43;;;
27/09/2021 03:00;0.41;;;
27/09/2021 04:00;0.26;;;
27/09/2021 05:00;0.21;;;
27/09/2021 06:00;0.2;;;
27/09/2021 07:00;0.21;;;
27/09/2021 08:00;0.19;;;
27/09/2021 09:00;0.25;;;
27/09/2021 10:00;0.39;;;
27/09/2021 11:00;0.44;;;
27/09/2021 12:00;0.5;;;
27/09/2021 13:00;0.57;;;
27/09/2021 14:00;0.57;;;
27/09/2021 15:00;0.47;;;
27/09/2021 16:00;0.37;;;
27/09/2021 17:00;0.26;;;
27/09/2021 18:00;0.16;;;
27/09/2021 19:00;0.07;;;
27/09/2021 20:00;0.05;;;
27/09/2021 21:00;0.08;;;
27/09/2021 22:00;0.09;;;
27/09/2021 23:00;0.17;;;
28/09/2021 00:00;0.22;;;
28/09/2021 01:00;0.26;;;
28/09/2021 02:00;0.27;;;
28/09/2021 03:00;0.25;;;
28/09/2021 04:00;0.22;;;
28/09/2021 05:00;0.18;;;
28/09/2021 06:00;0.17;;;
28/09/2021 07:00;0.17;;;
28/09/2021 08:00;0.2;;;
28/09/2021 09:00;0.26;;;
28/09/2021 10:00;0.34;;;
28/09/2021 11:00;0.4;;;
28/09/2021 12:00;0.45;;;
28/09/2021 13:00;0.49;;;
28/09/2021 14:00;0.47;;;
28/09/2021 15:00;0.41;;;
28/09/2021 16:00;0.33;;;
28/09/2021 17:00;0.26;;;
28/09/2021 18:00;0.21;;;
28/09/2021 19:00;0.14;;;
28/09/2021 20:00;0.09;;;
28/09/2021 21:00;0.04;;;
28/09/2021 22:00;0.04;;;
28/09/2021 23:00;0.05;;;
29/09/2021 00:00;0.09;;;
29/09/2021 01:00;0.15;;;
29/09/2021 02:00;0.19;;;
29/09/2021 03:00;0.22;;;
29/09/2021 04:00;0.25;;;
29/09/2021 05:00;0.27;;;
29/09/2021 06:00;0.29;;;
29/09/2021 07:00;0.33;;;
29/09/2021 08:00;0.35;;;
29/09/2021 09:00;0.41;;;
29/09/2021 10:00;0.46;;;
29/09/2021 11:00;0.47;;;
29/09/2021 12:00;0.48;;;
29/09/2021 13:00;0.49;;;
29/09/2021 14:00;0.46;;;
29/09/2021 15:00;0.43;;;
29/09/2021 16:00;0.39;;;
29/09/2021 17:00;0.36;;;
29/09/2021 18:00;0.32;;;
29/09/2021 19:00;0.28;;;
29/09/2021 20:00;0.24;;;
29/09/2021 21:00;0.19;;;
29/09/2021 22:00;0.14;;;
29/09/2021 23:00;0.09;;;
30/09/2021 00:00;0.04;;;
30/09/2021 01:00;0.02;;;
30/09/2021 02:00;0.05;;;
30/09/2021 03:00;0.13;;;
30/09/2021 04:00;0.22;;;
30/09/2021 05:00;0.32;;;
30/09/2021 06:00;0.4;;;
30/09/2021 07:00;0.47;;;
30/09/2021 08:00;0.53;;;
30/09/2021 09:00;0.54;;;
30/09/2021 10:00;0.51;;;
30/09/2021 11:00;0.46;;;
30/09/2021 12:00;0.41;;;
30/09/2021 13:00;0.38;;;
30/09/2021 14:00;0.36;;;
30/09/2021 15:00;0.35;;;
30/09/2021 16:00;0.35;;;
30/09/2021 17:00;0.34;;;
30/09/2021 18:00;0.34;;;
30/09/2021 19:00;0.35;;;
30/09/2021 20:00;0.34;;;
30/09/2021 21:00;0.28;;;
30/09/2021 22:00;0.19;;;
30/09/2021 23:00;0.1;;;
01/10/2021 00:00;-0.01;;;
01/10/2021 01:00;-0.08;;;
01/10/2021 02:00;-0.08;;;
01/10/2021 03:00;0;;;
01/10/2021 04:00;0.13;;;
01/10/2021 05:00;0.26;;;
01/10/2021 06:00;0.38;;;
01/10/2021 07:00;0.46;;;
01/10/2021 08:00;0.52;;;
01/10/2021 09:00;0.54;;;
01/10/2021 10:00;0.51;;;
01/10/2021 11:00;0.43;;;
01/10/2021 12:00;0.34;;;
01/10/2021 13:00;0.26;;;
01/10/2021 14:00;0.22;;;
01/10/2021 15:00;0.21;;;
01/10/2021 16:00;0.25;;;
01/10/2021 17:00;0.31;;;
01/10/2021 18:00;0.39;;;
01/10/2021 19:00;0.45;;;
01/10/2021 20:00;0.45;;;
01/10/2021 21:00;0.39;;;
01/10/2021 22:00;0.28;;;
01/10/2021 23:00;0.15;;;
02/10/2021 00:00;0.02;;;
02/10/2021 01:00;-0.09;;;
02/10/2021 02:00;-0.12;;;
02/10/2021 03:00;-0.09;;;
02/10/2021 04:00;0.03;;;
02/10/2021 05:00;0.19;;;
02/10/2021 06:00;0.35;;;
02/10/2021 07:00;0.48;;;
02/10/2021 08:00;0.57;;;
02/10/2021 09:00;0.62;;;
02/10/2021 10:00;0.57;;;
02/10/2021 11:00;0.46;;;
02/10/2021 12:00;0.33;;;
02/10/2021 13:00;0.22;;;
02/10/2021 14:00;0.13;;;
02/10/2021 15:00;0.12;;;
02/10/2021 16:00;0.17;;;
02/10/2021 17:00;0.28;;;
02/10/2021 18:00;0.39;;;
02/10/2021 19:00;0.48;;;
02/10/2021 20:00;0.53;;;
02/10/2021 21:00;0.51;;;
02/10/2021 22:00;0.42;;;
02/10/2021 23:00;0.29;;;
03/10/2021 00:00;0.14;;;
03/10/2021 01:00;0;;;
03/10/2021 02:00;-0.1;;;
03/10/2021 03:00;-0.13;;;
03/10/2021 04:00;-0.05;;;
03/10/2021 05:00;0.12;;;
03/10/2021 06:00;0.31;;;
03/10/2021 07:00;0.47;;;
03/10/2021 08:00;0.59;;;
03/10/2021 09:00;0.67;;;
03/10/2021 10:00;0.67;;;
03/10/2021 11:00;0.58;;;
03/10/2021 12:00;0.44;;;
03/10/2021 13:00;0.3;;;
03/10/2021 14:00;0.18;;;
03/10/2021 15:00;0.11;;;
03/10/2021 16:00;0.12;;;
03/10/2021 17:00;0.23;;;
03/10/2021 18:00;0.39;;;
03/10/2021 19:00;0.55;;;
03/10/2021 20:00;0.67;;;
03/10/2021 21:00;0.73;;;
03/10/2021 22:00;0.7;;;
03/10/2021 23:00;0.58;;;
04/10/2021 00:00;0.4;;;
04/10/2021 01:00;0.21;;;
04/10/2021 02:00;0.05;;;
04/10/2021 03:00;-0.08;;;
04/10/2021 04:00;-0.09;;;
04/10/2021 05:00;0.02;;;
04/10/2021 06:00;0.22;;;
04/10/2021 07:00;0.42;;;
04/10/2021 08:00;0.6;;;
04/10/2021 09:00;0.71;;;
04/10/2021 10:00;0.75;;;
04/10/2021 11:00;0.69;;;
04/10/2021 12:00;0.55;;;
04/10/2021 13:00;0.38;;;
04/10/2021 14:00;0.22;;;
04/10/2021 15:00;0.1;;;
04/10/2021 16:00;0.06;;;
04/10/2021 17:00;0.16;;;
04/10/2021 18:00;0.33;;;
04/10/2021 19:00;0.54;;;
04/10/2021 20:00;0.71;;;
04/10/2021 21:00;0.82;;;
04/10/2021 22:00;0.87;;;
04/10/2021 23:00;0.82;;;
05/10/2021 00:00;0.68;;;
05/10/2021 01:00;0.52;;;
05/10/2021 02:00;0.28;;;
05/10/2021 03:00;0.13;;;
05/10/2021 04:00;0.02;;;
05/10/2021 05:00;0.06;;;
05/10/2021 06:00;0.22;;;
05/10/2021 07:00;0.46;;;
05/10/2021 08:00;0.69;;;
05/10/2021 09:00;0.83;;;
05/10/2021 10:00;0.9;;;
05/10/2021 11:00;0.93;;;
05/10/2021 12:00;0.81;;;
05/10/2021 13:00;0.59;;;
05/10/2021 14:00;0.38;;;
05/10/2021 15:00;0.23;;;
05/10/2021 16:00;0.1;;;
05/10/2021 17:00;0.07;;;
05/10/2021 18:00;0.24;;;
05/10/2021 19:00;0.46;;;
05/10/2021 20:00;0.61;;;
05/10/2021 21:00;0.73;;;
05/10/2021 22:00;0.79;;;
05/10/2021 23:00;0.75;;;
06/10/2021 00:00;0.59;;;
06/10/2021 01:00;0.37;;;
06/10/2021 02:00;0.15;;;
06/10/2021 03:00;-0.04;;;
06/10/2021 04:00;-0.16;;;
06/10/2021 05:00;-0.12;;;
06/10/2021 06:00;0.04;;;
06/10/2021 07:00;0.28;;;
06/10/2021 08:00;0.51;;;
06/10/2021 09:00;0.7;;;
06/10/2021 10:00;0.84;;;
06/10/2021 11:00;0.88;;;
06/10/2021 12:00;0.82;;;
06/10/2021 13:00;0.65;;;
06/10/2021 14:00;0.45;;;
06/10/2021 15:00;0.24;;;
06/10/2021 16:00;0.11;;;
06/10/2021 17:00;0.05;;;
06/10/2021 18:00;0.1;;;
06/10/2021 19:00;0.25;;;
06/10/2021 20:00;0.45;;;
06/10/2021 21:00;0.58;;;
06/10/2021 22:00;0.67;;;
06/10/2021 23:00;0.67;;;
07/10/2021 00:00;0.59;;;
07/10/2021 01:00;0.41;;;
07/10/2021 02:00;0.23;;;
07/10/2021 03:00;0.06;;;
07/10/2021 04:00;-0.07;;;
07/10/2021 05:00;-0.11;;;
07/10/2021 06:00;-0.02;;;
07/10/2021 07:00;0.18;;;
07/10/2021 08:00;0.41;;;
07/10/2021 09:00;0.62;;;
07/10/2021 10:00;0.8;;;
07/10/2021 11:00;0.91;;;
07/10/2021 12:00;0.93;;;
07/10/2021 13:00;0.8;;;
07/10/2021 14:00;0.58;;;
07/10/2021 15:00;0.36;;;
07/10/2021 16:00;0.19;;;
07/10/2021 17:00;0.07;;;
07/10/2021 18:00;0.06;;;
07/10/2021 19:00;0.17;;;
07/10/2021 20:00;0.35;;;
07/10/2021 21:00;0.52;;;
07/10/2021 22:00;0.65;;;
07/10/2021 23:00;0.75;;;
08/10/2021 00:00;0.78;;;
08/10/2021 01:00;0.7;;;
08/10/2021 02:00;0.51;;;
08/10/2021 03:00;0.37;;;
08/10/2021 04:00;0.24;;;
08/10/2021 05:00;0.13;;;
08/10/2021 06:00;0.11;;;
08/10/2021 07:00;0.24;;;
08/10/2021 08:00;0.46;;;
08/10/2021 09:00;0.7;;;
08/10/2021 10:00;0.86;;;
08/10/2021 11:00;0.96;;;
08/10/2021 12:00;1;;;
08/10/2021 13:00;0.93;;;
08/10/2021 14:00;0.78;;;
08/10/2021 15:00;0.55;;;
08/10/2021 16:00;0.35;;;
08/10/2021 17:00;0.19;;;
08/10/2021 18:00;0.08;;;
08/10/2021 19:00;0.06;;;
08/10/2021 20:00;0.18;;;
08/10/2021 21:00;0.34;;;
08/10/2021 22:00;0.49;;;
08/10/2021 23:00;0.62;;;
09/10/2021 00:00;0.67;;;
09/10/2021 01:00;0.66;;;
09/10/2021 02:00;0.57;;;
09/10/2021 03:00;0.43;;;
09/10/2021 04:00;0.29;;;
09/10/2021 05:00;0.2;;;
09/10/2021 06:00;0.18;;;
09/10/2021 07:00;0.26;;;
09/10/2021 08:00;0.44;;;
09/10/2021 09:00;0.62;;;
09/10/2021 10:00;0.78;;;
09/10/2021 11:00;0.89;;;
09/10/2021 12:00;0.95;;;
09/10/2021 13:00;0.94;;;
09/10/2021 14:00;0.81;;;
09/10/2021 15:00;0.61;;;
09/10/2021 16:00;0.41;;;
09/10/2021 17:00;0.24;;;
09/10/2021 18:00;0.11;;;
09/10/2021 19:00;0.06;;;
09/10/2021 20:00;0.1;;;
09/10/2021 21:00;0.22;;;
09/10/2021 22:00;0.38;;;
09/10/2021 23:00;0.53;;;
10/10/2021 00:00;0.61;;;
10/10/2021 01:00;0.63;;;
10/10/2021 02:00;0.6;;;
10/10/2021 03:00;0.5;;;
10/10/2021 04:00;0.38;;;
10/10/2021 05:00;0.29;;;
10/10/2021 06:00;0.26;;;
10/10/2021 07:00;0.29;;;
10/10/2021 08:00;0.39;;;
10/10/2021 09:00;0.53;;;
10/10/2021 10:00;0.66;;;
10/10/2021 11:00;0.78;;;
10/10/2021 12:00;0.84;;;
10/10/2021 13:00;0.82;;;
10/10/2021 14:00;0.72;;;
10/10/2021 15:00;0.56;;;
10/10/2021 16:00;0.39;;;
10/10/2021 17:00;0.22;;;
10/10/2021 18:00;0.07;;;
10/10/2021 19:00;0.01;;;
10/10/2021 20:00;0.04;;;
10/10/2021 21:00;0.08;;;
10/10/2021 22:00;0.22;;;
10/10/2021 23:00;0.34;;;
11/10/2021 00:00;0.37;;;
11/10/2021 01:00;0.44;;;
11/10/2021 02:00;0.48;;;
11/10/2021 03:00;0.46;;;
11/10/2021 04:00;0.42;;;
11/10/2021 05:00;0.35;;;
11/10/2021 06:00;0.31;;;
11/10/2021 07:00;0.33;;;
11/10/2021 08:00;0.38;;;
11/10/2021 09:00;0.47;;;
11/10/2021 10:00;0.53;;;
11/10/2021 11:00;0.63;;;
11/10/2021 12:00;0.71;;;
11/10/2021 13:00;0.71;;;
11/10/2021 14:00;0.7;;;
11/10/2021 15:00;0.6;;;
11/10/2021 16:00;0.45;;;
11/10/2021 17:00;0.33;;;
11/10/2021 18:00;0.22;;;
11/10/2021 19:00;0.13;;;
11/10/2021 20:00;0.07;;;
11/10/2021 21:00;0.08;;;
11/10/2021 22:00;0.14;;;
11/10/2021 23:00;0.21;;;
12/10/2021 00:00;0.28;;;
12/10/2021 01:00;0.35;;;
12/10/2021 02:00;0.38;;;
12/10/2021 03:00;0.38;;;
12/10/2021 04:00;0.39;;;
12/10/2021 05:00;0.39;;;
12/10/2021 06:00;0.37;;;
12/10/2021 07:00;0.36;;;
12/10/2021 08:00;0.38;;;
12/10/2021 09:00;0.41;;;
12/10/2021 10:00;0.46;;;
12/10/2021 11:00;0.51;;;
12/10/2021 12:00;0.56;;;
12/10/2021 13:00;0.59;;;
12/10/2021 14:00;0.58;;;
12/10/2021 15:00;0.54;;;
12/10/2021 16:00;0.47;;;
12/10/2021 17:00;0.38;;;
12/10/2021 18:00;0.29;;;
12/10/2021 19:00;0.21;;;
12/10/2021 20:00;0.15;;;
12/10/2021 21:00;0.1;;;
12/10/2021 22:00;0.08;;;
12/10/2021 23:00;0.1;;;
13/10/2021 00:00;0.14;;;
13/10/2021 01:00;0.21;;;
13/10/2021 02:00;0.29;;;
13/10/2021 03:00;0.35;;;
13/10/2021 04:00;0.41;;;
13/10/2021 05:00;0.46;;;
13/10/2021 06:00;0.49;;;
13/10/2021 07:00;0.53;;;
13/10/2021 08:00;0.52;;;
13/10/2021 09:00;0.52;;;
13/10/2021 10:00;0.53;;;
13/10/2021 11:00;0.53;;;
13/10/2021 12:00;0.54;;;
13/10/2021 13:00;0.55;;;
13/10/2021 14:00;0.54;;;
13/10/2021 15:00;0.52;;;
13/10/2021 16:00;0.49;;;
13/10/2021 17:00;0.46;;;
13/10/2021 18:00;0.42;;;
13/10/2021 19:00;0.33;;;
13/10/2021 20:00;0.25;;;
13/10/2021 21:00;0.18;;;
13/10/2021 22:00;0.13;;;
13/10/2021 23:00;0.09;;;
14/10/2021 00:00;0.06;;;
14/10/2021 01:00;0.06;;;
14/10/2021 02:00;0.11;;;
14/10/2021 03:00;0.19;;;
14/10/2021 04:00;0.3;;;
14/10/2021 05:00;0.4;;;
14/10/2021 06:00;0.5;;;
14/10/2021 07:00;0.56;;;
14/10/2021 08:00;0.59;;;
14/10/2021 09:00;0.6;;;
14/10/2021 10:00;0.54;;;
14/10/2021 11:00;0.47;;;
14/10/2021 12:00;0.4;;;
14/10/2021 13:00;0.32;;;
14/10/2021 14:00;0.28;;;
14/10/2021 15:00;0.27;;;
14/10/2021 16:00;0.28;;;
14/10/2021 17:00;0.3;;;
14/10/2021 18:00;0.3;;;
14/10/2021 19:00;0.33;;;
14/10/2021 20:00;0.31;;;
14/10/2021 21:00;0.24;;;
14/10/2021 22:00;0.14;;;
14/10/2021 23:00;0.03;;;
15/10/2021 00:00;-0.05;;;
15/10/2021 01:00;-0.09;;;
15/10/2021 02:00;-0.06;;;
15/10/2021 03:00;0.03;;;
15/10/2021 04:00;0.14;;;
15/10/2021 05:00;0.27;;;
15/10/2021 06:00;0.42;;;
15/10/2021 07:00;0.52;;;
15/10/2021 08:00;0.58;;;
15/10/2021 09:00;0.59;;;
15/10/2021 10:00;0.54;;;
15/10/2021 11:00;0.42;;;
15/10/2021 12:00;0.28;;;
15/10/2021 13:00;0.18;;;
15/10/2021 14:00;0.11;;;
15/10/2021 15:00;0.1;;;
15/10/2021 16:00;0.19;;;
15/10/2021 17:00;0.32;;;
15/10/2021 18:00;0.45;;;
15/10/2021 19:00;0.52;;;
15/10/2021 20:00;0.54;;;
15/10/2021 21:00;0.47;;;
15/10/2021 22:00;0.34;;;
15/10/2021 23:00;0.2;;;
16/10/2021 00:00;0.07;;;
16/10/2021 01:00;-0.02;;;
16/10/2021 02:00;-0.06;;;
16/10/2021 03:00;-0.01;;;
16/10/2021 04:00;0.1;;;
16/10/2021 05:00;0.26;;;
16/10/2021 06:00;0.41;;;
16/10/2021 07:00;0.54;;;
16/10/2021 08:00;0.62;;;
16/10/2021 09:00;0.66;;;
16/10/2021 10:00;0.61;;;
16/10/2021 11:00;0.49;;;
16/10/2021 12:00;0.34;;;
16/10/2021 13:00;0.21;;;
16/10/2021 14:00;0.12;;;
16/10/2021 15:00;0.09;;;
16/10/2021 16:00;0.15;;;
16/10/2021 17:00;0.28;;;
16/10/2021 18:00;0.43;;;
16/10/2021 19:00;0.54;;;
16/10/2021 20:00;0.6;;;
16/10/2021 21:00;0.6;;;
16/10/2021 22:00;0.52;;;
16/10/2021 23:00;0.38;;;
17/10/2021 00:00;0.21;;;
17/10/2021 01:00;0.07;;;
17/10/2021 02:00;-0.02;;;
17/10/2021 03:00;-0.03;;;
17/10/2021 04:00;0.04;;;
17/10/2021 05:00;0.18;;;
17/10/2021 06:00;0.35;;;
17/10/2021 07:00;0.51;;;
17/10/2021 08:00;0.64;;;
17/10/2021 09:00;0.72;;;
17/10/2021 10:00;0.73;;;
17/10/2021 11:00;0.64;;;
17/10/2021 12:00;0.48;;;
17/10/2021 13:00;0.32;;;
17/10/2021 14:00;0.17;;;
17/10/2021 15:00;0.08;;;
17/10/2021 16:00;0.06;;;
17/10/2021 17:00;0.15;;;
17/10/2021 18:00;0.31;;;
17/10/2021 19:00;0.47;;;
17/10/2021 20:00;0.59;;;
17/10/2021 21:00;0.64;;;
17/10/2021 22:00;0.61;;;
17/10/2021 23:00;0.49;;;
18/10/2021 00:00;0.3;;;
18/10/2021 01:00;0.12;;;
18/10/2021 02:00;-0.03;;;
18/10/2021 03:00;-0.1;;;
18/10/2021 04:00;-0.08;;;
18/10/2021 05:00;0.06;;;
18/10/2021 06:00;0.26;;;
18/10/2021 07:00;0.45;;;
18/10/2021 08:00;0.61;;;
18/10/2021 09:00;0.71;;;
18/10/2021 10:00;0.75;;;
18/10/2021 11:00;0.67;;;
18/10/2021 12:00;0.5;;;
18/10/2021 13:00;0.32;;;
18/10/2021 14:00;0.14;;;
18/10/2021 15:00;0;;;
18/10/2021 16:00;-0.07;;;
18/10/2021 17:00;-0.01;;;
18/10/2021 18:00;0.15;;;
18/10/2021 19:00;0.34;;;
18/10/2021 20:00;0.47;;;
18/10/2021 21:00;0.56;;;
18/10/2021 22:00;0.56;;;
18/10/2021 23:00;0.46;;;
19/10/2021 00:00;0.3;;;
19/10/2021 01:00;0.11;;;
19/10/2021 02:00;-0.04;;;
19/10/2021 03:00;-0.14;;;
19/10/2021 04:00;-0.15;;;
19/10/2021 05:00;-0.03;;;
19/10/2021 06:00;0.17;;;
19/10/2021 07:00;0.38;;;
19/10/2021 08:00;0.54;;;
19/10/2021 09:00;0.68;;;
19/10/2021 10:00;0.73;;;
19/10/2021 11:00;0.7;;;
19/10/2021 12:00;0.55;;;
19/10/2021 13:00;0.35;;;
19/10/2021 14:00;0.15;;;
19/10/2021 15:00;-0.02;;;
19/10/2021 16:00;-0.12;;;
19/10/2021 17:00;-0.12;;;
19/10/2021 18:00;0;;;
19/10/2021 19:00;0.19;;;
19/10/2021 20:00;0.37;;;
19/10/2021 21:00;0.5;;;
19/10/2021 22:00;0.56;;;
19/10/2021 23:00;0.53;;;
20/10/2021 00:00;0.4;;;
20/10/2021 01:00;0.22;;;
20/10/2021 02:00;0.05;;;
20/10/2021 03:00;-0.07;;;
20/10/2021 04:00;-0.11;;;
20/10/2021 05:00;-0.04;;;
20/10/2021 06:00;0.13;;;
20/10/2021 07:00;0.33;;;
20/10/2021 08:00;0.51;;;
20/10/2021 09:00;0.66;;;
20/10/2021 10:00;0.73;;;
20/10/2021 11:00;0.71;;;
20/10/2021 12:00;0.6;;;
20/10/2021 13:00;0.41;;;
20/10/2021 14:00;0.21;;;
20/10/2021 15:00;0;;;
20/10/2021 16:00;-0.13;;;
20/10/2021 17:00;-0.17;;;
20/10/2021 18:00;-0.08;;;
20/10/2021 19:00;0.11;;;
20/10/2021 20:00;0.32;;;
20/10/2021 21:00;0.46;;;
20/10/2021 22:00;0.57;;;
20/10/2021 23:00;0.62;;;
21/10/2021 00:00;0.56;;;
21/10/2021 01:00;0.41;;;
21/10/2021 02:00;0.22;;;
21/10/2021 03:00;0.08;;;
21/10/2021 04:00;0;;;
21/10/2021 05:00;0.01;;;
21/10/2021 06:00;0.15;;;
21/10/2021 07:00;0.36;;;
21/10/2021 08:00;0.55;;;
21/10/2021 09:00;0.71;;;
21/10/2021 10:00;0.81;;;
21/10/2021 11:00;0.83;;;
21/10/2021 12:00;0.74;;;
21/10/2021 13:00;0.56;;;
21/10/2021 14:00;0.35;;;
21/10/2021 15:00;0.14;;;
21/10/2021 16:00;-0.02;;;
21/10/2021 17:00;-0.09;;;
21/10/2021 18:00;-0.04;;;
21/10/2021 19:00;0.13;;;
21/10/2021 20:00;0.33;;;
21/10/2021 21:00;0.51;;;
21/10/2021 22:00;0.64;;;
21/10/2021 23:00;0.7;;;
22/10/2021 00:00;0.67;;;
22/10/2021 01:00;0.55;;;
22/10/2021 02:00;0.38;;;
22/10/2021 03:00;0.21;;;
22/10/2021 04:00;0.1;;;
22/10/2021 05:00;0.07;;;
22/10/2021 06:00;0.14;;;
22/10/2021 07:00;0.28;;;
22/10/2021 08:00;0.46;;;
22/10/2021 09:00;0.62;;;
22/10/2021 10:00;0.73;;;
22/10/2021 11:00;0.78;;;
22/10/2021 12:00;0.73;;;
22/10/2021 13:00;0.57;;;
22/10/2021 14:00;0.38;;;
22/10/2021 15:00;0.19;;;
22/10/2021 16:00;0.02;;;
22/10/2021 17:00;-0.08;;;
22/10/2021 18:00;-0.09;;;
22/10/2021 19:00;0.03;;;
22/10/2021 20:00;0.22;;;
22/10/2021 21:00;0.39;;;
22/10/2021 22:00;0.53;;;
22/10/2021 23:00;0.62;;;
23/10/2021 00:00;0.61;;;
23/10/2021 01:00;0.52;;;
23/10/2021 02:00;0.38;;;
23/10/2021 03:00;0.22;;;
23/10/2021 04:00;0.1;;;
23/10/2021 05:00;0.04;;;
23/10/2021 06:00;0.07;;;
23/10/2021 07:00;0.19;;;
23/10/2021 08:00;0.35;;;
23/10/2021 09:00;0.51;;;
23/10/2021 10:00;0.62;;;
23/10/2021 11:00;0.67;;;
23/10/2021 12:00;0.64;;;
23/10/2021 13:00;0.52;;;
23/10/2021 14:00;0.37;;;
23/10/2021 15:00;0.2;;;
23/10/2021 16:00;0.05;;;
23/10/2021 17:00;-0.06;;;
23/10/2021 18:00;-0.11;;;
23/10/2021 19:00;-0.04;;;
23/10/2021 20:00;0.1;;;
23/10/2021 21:00;0.24;;;
23/10/2021 22:00;0.37;;;
23/10/2021 23:00;0.48;;;
24/10/2021 00:00;0.53;;;
24/10/2021 01:00;0.49;;;
24/10/2021 02:00;0.38;;;
24/10/2021 03:00;0.24;;;
24/10/2021 04:00;0.13;;;
24/10/2021 05:00;0.06;;;
24/10/2021 06:00;0.06;;;
24/10/2021 07:00;0.16;;;
24/10/2021 08:00;0.29;;;
24/10/2021 09:00;0.44;;;
24/10/2021 10:00;0.58;;;
24/10/2021 11:00;0.65;;;
24/10/2021 12:00;0.66;;;
24/10/2021 13:00;0.6;;;
24/10/2021 14:00;0.47;;;
24/10/2021 15:00;0.3;;;
24/10/2021 16:00;0.12;;;
24/10/2021 17:00;-0.01;;;
24/10/2021 18:00;-0.1;;;
24/10/2021 19:00;-0.12;;;
24/10/2021 20:00;-0.04;;;
24/10/2021 21:00;0.11;;;
24/10/2021 22:00;0.26;;;
24/10/2021 23:00;0.38;;;
25/10/2021 00:00;0.45;;;
25/10/2021 01:00;0.47;;;
25/10/2021 02:00;0.43;;;
25/10/2021 03:00;0.32;;;
25/10/2021 04:00;0.21;;;
25/10/2021 05:00;0.14;;;
25/10/2021 06:00;0.12;;;
25/10/2021 07:00;0.18;;;
25/10/2021 08:00;0.3;;;
25/10/2021 09:00;0.45;;;
25/10/2021 10:00;0.57;;;
25/10/2021 11:00;0.66;;;
25/10/2021 12:00;0.71;;;
25/10/2021 13:00;0.65;;;
25/10/2021 14:00;0.53;;;
25/10/2021 15:00;0.37;;;
25/10/2021 16:00;0.2;;;
25/10/2021 17:00;0.06;;;
25/10/2021 18:00;-0.05;;;
25/10/2021 19:00;-0.08;;;
25/10/2021 20:00;-0.06;;;
25/10/2021 21:00;0.04;;;
25/10/2021 22:00;0.17;;;
25/10/2021 23:00;0.27;;;
26/10/2021 00:00;0.35;;;
26/10/2021 01:00;0.4;;;
26/10/2021 02:00;0.39;;;
26/10/2021 03:00;0.36;;;
26/10/2021 04:00;0.3;;;
26/10/2021 05:00;0.24;;;
26/10/2021 06:00;0.22;;;
26/10/2021 07:00;0.27;;;
26/10/2021 08:00;0.36;;;
26/10/2021 09:00;0.47;;;
26/10/2021 10:00;0.56;;;
26/10/2021 11:00;0.57;;;
26/10/2021 12:00;0.6;;;
26/10/2021 13:00;0.57;;;
26/10/2021 14:00;0.48;;;
26/10/2021 15:00;0.35;;;
26/10/2021 16:00;0.22;;;
26/10/2021 17:00;0.1;;;
26/10/2021 18:00;0.01;;;
26/10/2021 19:00;-0.05;;;
26/10/2021 20:00;-0.07;;;
26/10/2021 21:00;-0.03;;;
26/10/2021 22:00;0.06;;;
26/10/2021 23:00;0.14;;;
27/10/2021 00:00;0.21;;;
27/10/2021 01:00;0.27;;;
27/10/2021 02:00;0.3;;;
27/10/2021 03:00;0.31;;;
27/10/2021 04:00;0.29;;;
27/10/2021 05:00;0.27;;;
27/10/2021 06:00;0.28;;;
27/10/2021 07:00;0.3;;;
27/10/2021 08:00;0.35;;;
27/10/2021 09:00;0.42;;;
27/10/2021 10:00;0.47;;;
27/10/2021 11:00;0.49;;;
27/10/2021 12:00;0.51;;;
27/10/2021 13:00;0.46;;;
27/10/2021 14:00;0.4;;;
27/10/2021 15:00;0.31;;;
27/10/2021 16:00;0.23;;;
27/10/2021 17:00;0.15;;;
27/10/2021 18:00;0.09;;;
27/10/2021 19:00;0.04;;;
27/10/2021 20:00;0.01;;;
27/10/2021 21:00;0;;;
27/10/2021 22:00;0.01;;;
27/10/2021 23:00;0.05;;;
28/10/2021 00:00;0.11;;;
28/10/2021 01:00;0.17;;;
28/10/2021 02:00;0.24;;;
28/10/2021 03:00;0.32;;;
28/10/2021 04:00;0.39;;;
28/10/2021 05:00;0.44;;;
28/10/2021 06:00;0.45;;;
28/10/2021 07:00;0.43;;;
28/10/2021 08:00;0.41;;;
28/10/2021 09:00;0.39;;;
28/10/2021 10:00;0.39;;;
28/10/2021 11:00;0.39;;;
28/10/2021 12:00;0.4;;;
28/10/2021 13:00;0.4;;;
28/10/2021 14:00;0.39;;;
28/10/2021 15:00;0.34;;;
28/10/2021 16:00;0.3;;;
28/10/2021 17:00;0.25;;;
28/10/2021 18:00;0.19;;;
28/10/2021 19:00;0.14;;;
28/10/2021 20:00;0.08;;;
28/10/2021 21:00;0.03;;;
28/10/2021 22:00;0.01;;;
28/10/2021 23:00;0.02;;;
29/10/2021 00:00;0.08;;;
29/10/2021 01:00;0.16;;;
29/10/2021 02:00;0.26;;;
29/10/2021 03:00;0.33;;;
29/10/2021 04:00;0.41;;;
29/10/2021 05:00;0.46;;;
29/10/2021 06:00;0.48;;;
29/10/2021 07:00;0.48;;;
29/10/2021 08:00;0.47;;;
29/10/2021 09:00;0.46;;;
29/10/2021 10:00;0.43;;;
29/10/2021 11:00;0.39;;;
29/10/2021 12:00;0.34;;;
29/10/2021 13:00;0.3;;;
29/10/2021 14:00;0.29;;;
29/10/2021 15:00;0.28;;;
29/10/2021 16:00;0.29;;;
29/10/2021 17:00;0.3;;;
29/10/2021 18:00;0.31;;;
29/10/2021 19:00;0.3;;;
29/10/2021 20:00;0.27;;;
29/10/2021 21:00;0.2;;;
29/10/2021 22:00;0.15;;;
29/10/2021 23:00;0.09;;;
30/10/2021 00:00;0.07;;;
30/10/2021 01:00;0.08;;;
30/10/2021 02:00;0.15;;;
30/10/2021 03:00;0.24;;;
30/10/2021 04:00;0.34;;;
30/10/2021 05:00;0.45;;;
30/10/2021 06:00;0.54;;;
30/10/2021 07:00;0.59;;;
30/10/2021 08:00;0.59;;;
30/10/2021 09:00;0.55;;;
30/10/2021 10:00;0.46;;;
30/10/2021 11:00;0.37;;;
30/10/2021 12:00;0.29;;;
30/10/2021 13:00;0.23;;;
30/10/2021 14:00;0.19;;;
30/10/2021 15:00;0.2;;;
30/10/2021 16:00;0.26;;;
30/10/2021 17:00;0.35;;;
30/10/2021 18:00;0.42;;;
30/10/2021 19:00;0.47;;;
30/10/2021 20:00;0.46;;;
30/10/2021 21:00;0.38;;;
30/10/2021 22:00;0.27;;;
30/10/2021 23:00;0.15;;;
31/10/2021 00:00;0.05;;;
31/10/2021 01:00;-0.02;;;
31/10/2021 02:00;-0.01;;;
31/10/2021 03:00;0.08;;;
31/10/2021 04:00;0.21;;;
31/10/2021 05:00;0.36;;;
31/10/2021 06:00;0.49;;;
31/10/2021 07:00;0.59;;;
31/10/2021 08:00;0.63;;;
31/10/2021 09:00;0.61;;;
31/10/2021 10:00;0.51;;;
31/10/2021 11:00;0.37;;;
31/10/2021 12:00;0.25;;;
31/10/2021 13:00;0.15;;;
31/10/2021 14:00;0.1;;;
31/10/2021 15:00;0.12;;;
31/10/2021 16:00;0.21;;;
31/10/2021 17:00;0.34;;;
31/10/2021 18:00;0.46;;;
31/10/2021 19:00;0.54;;;
31/10/2021 20:00;0.56;;;
31/10/2021 21:00;0.53;;;
31/10/2021 22:00;0.42;;;
31/10/2021 23:00;0.26;;;
01/11/2021 00:00;0.12;;;
01/11/2021 01:00;0.01;;;
01/11/2021 02:00;-0.03;;;
01/11/2021 03:00;0.02;;;
01/11/2021 04:00;0.16;;;
01/11/2021 05:00;0.33;;;
01/11/2021 06:00;0.49;;;
01/11/2021 07:00;0.63;;;
01/11/2021 08:00;0.72;;;
01/11/2021 09:00;0.74;;;
01/11/2021 10:00;0.69;;;
01/11/2021 11:00;0.56;;;
01/11/2021 12:00;0.42;;;
01/11/2021 13:00;0.3;;;
01/11/2021 14:00;0.24;;;
01/11/2021 15:00;0.24;;;
01/11/2021 16:00;0.33;;;
01/11/2021 17:00;0.51;;;
01/11/2021 18:00;0.76;;;
01/11/2021 19:00;0.81;;;
01/11/2021 20:00;0.79;;;
01/11/2021 21:00;0.82;;;
01/11/2021 22:00;0.79;;;
01/11/2021 23:00;0.81;;;
02/11/2021 00:00;0.76;;;
02/11/2021 01:00;0.64;;;
02/11/2021 02:00;0.48;;;
02/11/2021 03:00;0.31;;;
02/11/2021 04:00;0.28;;;
02/11/2021 05:00;0.44;;;
02/11/2021 06:00;0.66;;;
02/11/2021 07:00;0.8;;;
02/11/2021 08:00;0.9;;;
02/11/2021 09:00;0.96;;;
02/11/2021 10:00;0.9;;;
02/11/2021 11:00;0.72;;;
02/11/2021 12:00;0.51;;;
02/11/2021 13:00;0.26;;;
02/11/2021 14:00;0.05;;;
02/11/2021 15:00;-0.1;;;
02/11/2021 16:00;-0.12;;;
02/11/2021 17:00;0.05;;;
02/11/2021 18:00;0.34;;;
02/11/2021 19:00;0.38;;;
02/11/2021 20:00;0.54;;;
02/11/2021 21:00;0.64;;;
02/11/2021 22:00;0.59;;;
02/11/2021 23:00;0.63;;;
03/11/2021 00:00;0.63;;;
03/11/2021 01:00;0.49;;;
03/11/2021 02:00;0.3;;;
03/11/2021 03:00;0.17;;;
03/11/2021 04:00;0.14;;;
03/11/2021 05:00;0.26;;;
03/11/2021 06:00;0.48;;;
03/11/2021 07:00;0.66;;;
03/11/2021 08:00;0.81;;;
03/11/2021 09:00;0.89;;;
03/11/2021 10:00;0.86;;;
03/11/2021 11:00;0.71;;;
03/11/2021 12:00;0.51;;;
03/11/2021 13:00;0.32;;;
03/11/2021 14:00;0.16;;;
03/11/2021 15:00;0.1;;;
03/11/2021 16:00;0.21;;;
03/11/2021 17:00;0.47;;;
03/11/2021 18:00;0.5;;;
03/11/2021 19:00;0.47;;;
03/11/2021 20:00;0.53;;;
03/11/2021 21:00;0.55;;;
03/11/2021 22:00;0.55;;;
03/11/2021 23:00;0.55;;;
04/11/2021 00:00;0.55;;;
04/11/2021 01:00;0.58;;;
04/11/2021 02:00;0.59;;;
04/11/2021 03:00;0.54;;;
04/11/2021 04:00;0.5;;;
04/11/2021 05:00;0.49;;;
04/11/2021 06:00;0.51;;;
04/11/2021 07:00;0.63;;;
04/11/2021 08:00;0.7;;;
04/11/2021 09:00;0.67;;;
04/11/2021 10:00;0.69;;;
04/11/2021 11:00;0.7;;;
04/11/2021 12:00;0.67;;;
04/11/2021 13:00;0.56;;;
04/11/2021 14:00;0.44;;;
04/11/2021 15:00;0.31;;;
04/11/2021 16:00;0.24;;;
04/11/2021 17:00;0.27;;;
04/11/2021 18:00;0.39;;;
04/11/2021 19:00;0.49;;;
04/11/2021 20:00;0.63;;;
04/11/2021 21:00;0.74;;;
04/11/2021 22:00;0.78;;;
04/11/2021 23:00;0.74;;;
05/11/2021 00:00;0.66;;;
05/11/2021 01:00;0.54;;;
05/11/2021 02:00;0.37;;;
05/11/2021 03:00;0.26;;;
05/11/2021 04:00;0.17;;;
05/11/2021 05:00;0.16;;;
05/11/2021 06:00;0.26;;;
05/11/2021 07:00;0.47;;;
05/11/2021 08:00;0.65;;;
05/11/2021 09:00;0.82;;;
05/11/2021 10:00;0.93;;;
05/11/2021 11:00;1;;;
05/11/2021 12:00;0.95;;;
05/11/2021 13:00;0.79;;;
05/11/2021 14:00;0.57;;;
05/11/2021 15:00;0.35;;;
05/11/2021 16:00;0.14;;;
05/11/2021 17:00;0.01;;;
05/11/2021 18:00;-0.03;;;
05/11/2021 19:00;0.05;;;
05/11/2021 20:00;0.26;;;
05/11/2021 21:00;0.46;;;
05/11/2021 22:00;0.6;;;
05/11/2021 23:00;0.7;;;
06/11/2021 00:00;0.71;;;
06/11/2021 01:00;0.62;;;
06/11/2021 02:00;0.45;;;
06/11/2021 03:00;0.31;;;
06/11/2021 04:00;0.19;;;
06/11/2021 05:00;0.16;;;
06/11/2021 06:00;0.28;;;
06/11/2021 07:00;0.36;;;
06/11/2021 08:00;0.46;;;
06/11/2021 09:00;0.56;;;
06/11/2021 10:00;0.68;;;
06/11/2021 11:00;0.67;;;
06/11/2021 12:00;0.68;;;
06/11/2021 13:00;0.69;;;
06/11/2021 14:00;0.55;;;
06/11/2021 15:00;0.32;;;
06/11/2021 16:00;0.11;;;
06/11/2021 17:00;-0.05;;;
06/11/2021 18:00;-0.12;;;
06/11/2021 19:00;-0.07;;;
06/11/2021 20:00;0.09;;;
06/11/2021 21:00;0.26;;;
06/11/2021 22:00;0.43;;;
06/11/2021 23:00;0.55;;;
07/11/2021 00:00;0.6;;;
07/11/2021 01:00;0.58;;;
07/11/2021 02:00;0.52;;;
07/11/2021 03:00;0.36;;;
07/11/2021 04:00;0.29;;;
07/11/2021 05:00;0.3;;;
07/11/2021 06:00;0.34;;;
07/11/2021 07:00;0.46;;;
07/11/2021 08:00;0.64;;;
07/11/2021 09:00;0.75;;;
07/11/2021 10:00;0.86;;;
07/11/2021 11:00;0.91;;;
07/11/2021 12:00;0.91;;;
07/11/2021 13:00;0.79;;;
07/11/2021 14:00;0.58;;;
07/11/2021 15:00;0.37;;;
07/11/2021 16:00;0.19;;;
07/11/2021 17:00;-0.02;;;
07/11/2021 18:00;-0.11;;;
07/11/2021 19:00;-0.13;;;
07/11/2021 20:00;-0.05;;;
07/11/2021 21:00;0.12;;;
07/11/2021 22:00;0.3;;;
07/11/2021 23:00;0.45;;;
08/11/2021 00:00;0.54;;;
08/11/2021 01:00;0.62;;;
08/11/2021 02:00;0.62;;;
08/11/2021 03:00;0.57;;;
08/11/2021 04:00;0.49;;;
08/11/2021 05:00;0.45;;;
08/11/2021 06:00;0.44;;;
08/11/2021 07:00;0.45;;;
08/11/2021 08:00;0.54;;;
08/11/2021 09:00;0.67;;;
08/11/2021 10:00;0.76;;;
08/11/2021 11:00;0.8;;;
08/11/2021 12:00;0.8;;;
08/11/2021 13:00;0.75;;;
08/11/2021 14:00;0.62;;;
08/11/2021 15:00;0.45;;;
08/11/2021 16:00;0.27;;;
08/11/2021 17:00;0.11;;;
08/11/2021 18:00;0.04;;;
08/11/2021 19:00;0.02;;;
08/11/2021 20:00;0.04;;;
08/11/2021 21:00;0.09;;;
08/11/2021 22:00;0.21;;;
08/11/2021 23:00;0.35;;;
09/11/2021 00:00;0.47;;;
09/11/2021 01:00;0.56;;;
09/11/2021 02:00;0.63;;;
09/11/2021 03:00;0.68;;;
09/11/2021 04:00;0.64;;;
09/11/2021 05:00;0.56;;;
09/11/2021 06:00;0.51;;;
09/11/2021 07:00;0.47;;;
09/11/2021 08:00;0.44;;;
09/11/2021 09:00;0.49;;;
09/11/2021 10:00;0.58;;;
09/11/2021 11:00;0.63;;;
09/11/2021 12:00;0.65;;;
09/11/2021 13:00;0.64;;;
09/11/2021 14:00;0.57;;;
09/11/2021 15:00;0.45;;;
09/11/2021 16:00;0.31;;;
09/11/2021 17:00;0.2;;;
09/11/2021 18:00;0.08;;;
09/11/2021 19:00;-0.01;;;
09/11/2021 20:00;-0.04;;;
09/11/2021 21:00;0;;;
09/11/2021 22:00;0.1;;;
09/11/2021 23:00;0.23;;;
10/11/2021 00:00;0.33;;;
10/11/2021 01:00;0.43;;;
10/11/2021 02:00;0.49;;;
10/11/2021 03:00;0.51;;;
10/11/2021 04:00;0.51;;;
10/11/2021 05:00;0.5;;;
10/11/2021 06:00;0.44;;;
10/11/2021 07:00;0.41;;;
10/11/2021 08:00;0.41;;;
10/11/2021 09:00;0.43;;;
10/11/2021 10:00;0.48;;;
10/11/2021 11:00;0.52;;;
10/11/2021 12:00;0.55;;;
10/11/2021 13:00;0.56;;;
10/11/2021 14:00;0.53;;;
10/11/2021 15:00;0.48;;;
10/11/2021 16:00;0.38;;;
10/11/2021 17:00;0.29;;;
10/11/2021 18:00;0.2;;;
10/11/2021 19:00;0.11;;;
10/11/2021 20:00;0.07;;;
10/11/2021 21:00;0.06;;;
10/11/2021 22:00;0.07;;;
10/11/2021 23:00;0.15;;;
11/11/2021 00:00;0.23;;;
11/11/2021 01:00;0.32;;;
11/11/2021 02:00;0.37;;;
11/11/2021 03:00;0.41;;;
11/11/2021 04:00;0.46;;;
11/11/2021 05:00;0.48;;;
11/11/2021 06:00;0.49;;;
11/11/2021 07:00;0.5;;;
11/11/2021 08:00;0.47;;;
11/11/2021 09:00;0.42;;;
11/11/2021 10:00;0.4;;;
11/11/2021 11:00;0.4;;;
11/11/2021 12:00;0.41;;;
11/11/2021 13:00;0.42;;;
11/11/2021 14:00;0.41;;;
11/11/2021 15:00;0.41;;;
11/11/2021 16:00;0.4;;;
11/11/2021 17:00;0.36;;;
11/11/2021 18:00;0.31;;;
11/11/2021 19:00;0.26;;;
11/11/2021 20:00;0.18;;;
11/11/2021 21:00;0.13;;;
11/11/2021 22:00;0.09;;;
11/11/2021 23:00;0.08;;;
12/11/2021 00:00;0.1;;;
12/11/2021 01:00;0.13;;;
12/11/2021 02:00;0.22;;;
12/11/2021 03:00;0.32;;;
12/11/2021 04:00;0.42;;;
12/11/2021 05:00;0.53;;;
12/11/2021 06:00;0.63;;;
12/11/2021 07:00;0.67;;;
12/11/2021 08:00;0.65;;;
12/11/2021 09:00;0.6;;;
12/11/2021 10:00;0.5;;;
12/11/2021 11:00;0.39;;;
12/11/2021 12:00;0.32;;;
12/11/2021 13:00;0.29;;;
12/11/2021 14:00;0.28;;;
12/11/2021 15:00;0.31;;;
12/11/2021 16:00;0.36;;;
12/11/2021 17:00;0.39;;;
12/11/2021 18:00;0.41;;;
12/11/2021 19:00;0.35;;;
12/11/2021 20:00;0.28;;;
12/11/2021 21:00;0.19;;;
12/11/2021 22:00;0.11;;;
12/11/2021 23:00;0.05;;;
13/11/2021 00:00;0.03;;;
13/11/2021 01:00;0.04;;;
13/11/2021 02:00;0.13;;;
13/11/2021 03:00;0.27;;;
13/11/2021 04:00;0.43;;;
13/11/2021 05:00;0.56;;;
13/11/2021 06:00;0.67;;;
13/11/2021 07:00;0.72;;;
13/11/2021 08:00;0.73;;;
13/11/2021 09:00;0.67;;;
13/11/2021 10:00;0.57;;;
13/11/2021 11:00;0.45;;;
13/11/2021 12:00;0.33;;;
13/11/2021 13:00;0.24;;;
13/11/2021 14:00;0.21;;;
13/11/2021 15:00;0.21;;;
13/11/2021 16:00;0.28;;;
13/11/2021 17:00;0.37;;;
13/11/2021 18:00;0.43;;;
13/11/2021 19:00;0.46;;;
13/11/2021 20:00;0.44;;;
13/11/2021 21:00;0.37;;;
13/11/2021 22:00;0.27;;;
13/11/2021 23:00;0.18;;;
14/11/2021 00:00;0.12;;;
14/11/2021 01:00;0.14;;;
14/11/2021 02:00;0.2;;;
14/11/2021 03:00;0.32;;;
14/11/2021 04:00;0.47;;;
14/11/2021 05:00;0.61;;;
14/11/2021 06:00;0.74;;;
14/11/2021 07:00;0.83;;;
14/11/2021 08:00;0.87;;;
14/11/2021 09:00;0.84;;;
14/11/2021 10:00;0.73;;;
14/11/2021 11:00;0.57;;;
14/11/2021 12:00;0.41;;;
14/11/2021 13:00;0.27;;;
14/11/2021 14:00;0.16;;;
14/11/2021 15:00;0.12;;;
14/11/2021 16:00;0.18;;;
14/11/2021 17:00;0.3;;;
14/11/2021 18:00;0.43;;;
14/11/2021 19:00;0.53;;;
14/11/2021 20:00;0.56;;;
14/11/2021 21:00;0.54;;;
14/11/2021 22:00;0.47;;;
14/11/2021 23:00;0.37;;;
15/11/2021 00:00;0.26;;;
15/11/2021 01:00;0.19;;;
15/11/2021 02:00;0.19;;;
15/11/2021 03:00;0.24;;;
15/11/2021 04:00;0.38;;;
15/11/2021 05:00;0.52;;;
15/11/2021 06:00;0.65;;;
15/11/2021 07:00;0.76;;;
15/11/2021 08:00;0.83;;;
15/11/2021 09:00;0.83;;;
15/11/2021 10:00;0.75;;;
15/11/2021 11:00;0.58;;;
15/11/2021 12:00;0.41;;;
15/11/2021 13:00;0.24;;;
15/11/2021 14:00;0.12;;;
15/11/2021 15:00;0.04;;;
15/11/2021 16:00;0.04;;;
15/11/2021 17:00;0.13;;;
15/11/2021 18:00;0.29;;;
15/11/2021 19:00;0.44;;;
15/11/2021 20:00;0.54;;;
15/11/2021 21:00;0.6;;;
15/11/2021 22:00;0.57;;;
15/11/2021 23:00;0.45;;;
16/11/2021 00:00;0.31;;;
16/11/2021 01:00;0.18;;;
16/11/2021 02:00;0.11;;;
16/11/2021 03:00;0.12;;;
16/11/2021 04:00;0.24;;;
16/11/2021 05:00;0.4;;;
16/11/2021 06:00;0.57;;;
16/11/2021 07:00;0.71;;;
16/11/2021 08:00;0.82;;;
16/11/2021 09:00;0.84;;;
16/11/2021 10:00;0.8;;;
16/11/2021 11:00;0.68;;;
16/11/2021 12:00;0.5;;;
16/11/2021 13:00;0.32;;;
16/11/2021 14:00;0.16;;;
16/11/2021 15:00;0.02;;;
16/11/2021 16:00;-0.01;;;
16/11/2021 17:00;0.07;;;
16/11/2021 18:00;0.26;;;
16/11/2021 19:00;0.45;;;
16/11/2021 20:00;0.58;;;
16/11/2021 21:00;0.68;;;
16/11/2021 22:00;0.69;;;
16/11/2021 23:00;0.59;;;
17/11/2021 00:00;0.46;;;
17/11/2021 01:00;0.32;;;
17/11/2021 02:00;0.2;;;
17/11/2021 03:00;0.15;;;
17/11/2021 04:00;0.2;;;
17/11/2021 05:00;0.35;;;
17/11/2021 06:00;0.51;;;
17/11/2021 07:00;0.67;;;
17/11/2021 08:00;0.79;;;
17/11/2021 09:00;0.84;;;
17/11/2021 10:00;0.83;;;
17/11/2021 11:00;0.72;;;
17/11/2021 12:00;0.52;;;
17/11/2021 13:00;0.32;;;
17/11/2021 14:00;0.14;;;
17/11/2021 15:00;-0.02;;;
17/11/2021 16:00;-0.07;;;
17/11/2021 17:00;-0.01;;;
17/11/2021 18:00;0.17;;;
17/11/2021 19:00;0.37;;;
17/11/2021 20:00;0.51;;;
17/11/2021 21:00;0.62;;;
17/11/2021 22:00;0.66;;;
17/11/2021 23:00;0.62;;;
18/11/2021 00:00;0.49;;;
18/11/2021 01:00;0.35;;;
18/11/2021 02:00;0.23;;;
18/11/2021 03:00;0.15;;;
18/11/2021 04:00;0.16;;;
18/11/2021 05:00;0.26;;;
18/11/2021 06:00;0.41;;;
18/11/2021 07:00;0.56;;;
18/11/2021 08:00;0.7;;;
18/11/2021 09:00;0.78;;;
18/11/2021 10:00;0.8;;;
18/11/2021 11:00;0.72;;;
18/11/2021 12:00;0.56;;;
18/11/2021 13:00;0.37;;;
18/11/2021 14:00;0.18;;;
18/11/2021 15:00;0.02;;;
18/11/2021 16:00;-0.09;;;
18/11/2021 17:00;-0.09;;;
18/11/2021 18:00;0.02;;;
18/11/2021 19:00;0.2;;;
18/11/2021 20:00;0.37;;;
18/11/2021 21:00;0.5;;;
18/11/2021 22:00;0.57;;;
18/11/2021 23:00;0.56;;;
19/11/2021 00:00;0.48;;;
19/11/2021 01:00;0.34;;;
19/11/2021 02:00;0.2;;;
19/11/2021 03:00;0.1;;;
19/11/2021 04:00;0.06;;;
19/11/2021 05:00;0.1;;;
19/11/2021 06:00;0.24;;;
19/11/2021 07:00;0.39;;;
19/11/2021 08:00;0.54;;;
19/11/2021 09:00;0.66;;;
19/11/2021 10:00;0.71;;;
19/11/2021 11:00;0.67;;;
19/11/2021 12:00;0.52;;;
19/11/2021 13:00;0.33;;;
19/11/2021 14:00;0.12;;;
19/11/2021 15:00;-0.08;;;
19/11/2021 16:00;-0.25;;;
19/11/2021 17:00;-0.31;;;
19/11/2021 18:00;-0.26;;;
19/11/2021 19:00;-0.09;;;
19/11/2021 20:00;0.12;;;
19/11/2021 21:00;0.27;;;
19/11/2021 22:00;0.39;;;
19/11/2021 23:00;0.45;;;
20/11/2021 00:00;0.41;;;
20/11/2021 01:00;0.3;;;
20/11/2021 02:00;0.17;;;
20/11/2021 03:00;0.06;;;
20/11/2021 04:00;0;;;
20/11/2021 05:00;0.02;;;
20/11/2021 06:00;0.14;;;
20/11/2021 07:00;0.31;;;
20/11/2021 08:00;0.47;;;
20/11/2021 09:00;0.59;;;
20/11/2021 10:00;0.66;;;
20/11/2021 11:00;0.65;;;
20/11/2021 12:00;0.53;;;
20/11/2021 13:00;0.34;;;
20/11/2021 14:00;0.13;;;
20/11/2021 15:00;-0.08;;;
20/11/2021 16:00;-0.25;;;
20/11/2021 17:00;-0.35;;;
20/11/2021 18:00;-0.32;;;
20/11/2021 19:00;-0.17;;;
20/11/2021 20:00;0.03;;;
20/11/2021 21:00;0.22;;;
20/11/2021 22:00;0.35;;;
20/11/2021 23:00;0.45;;;
21/11/2021 00:00;0.46;;;
21/11/2021 01:00;0.41;;;
21/11/2021 02:00;0.31;;;
21/11/2021 03:00;0.2;;;
21/11/2021 04:00;0.14;;;
21/11/2021 05:00;0.16;;;
21/11/2021 06:00;0.25;;;
21/11/2021 07:00;0.39;;;
21/11/2021 08:00;0.54;;;
21/11/2021 09:00;0.66;;;
21/11/2021 10:00;0.73;;;
21/11/2021 11:00;0.74;;;
21/11/2021 12:00;0.65;;;
21/11/2021 13:00;0.48;;;
21/11/2021 14:00;0.28;;;
21/11/2021 15:00;0.08;;;
21/11/2021 16:00;-0.09;;;
21/11/2021 17:00;-0.21;;;
21/11/2021 18:00;-0.24;;;
21/11/2021 19:00;-0.15;;;
21/11/2021 20:00;0.03;;;
21/11/2021 21:00;0.21;;;
21/11/2021 22:00;0.37;;;
21/11/2021 23:00;0.49;;;
22/11/2021 00:00;0.55;;;
22/11/2021 01:00;0.54;;;
22/11/2021 02:00;0.47;;;
22/11/2021 03:00;0.38;;;
22/11/2021 04:00;0.29;;;
22/11/2021 05:00;0.27;;;
22/11/2021 06:00;0.33;;;
22/11/2021 07:00;0.43;;;
22/11/2021 08:00;0.54;;;
22/11/2021 09:00;0.66;;;
22/11/2021 10:00;0.73;;;
22/11/2021 11:00;0.75;;;
22/11/2021 12:00;0.68;;;
22/11/2021 13:00;0.55;;;
22/11/2021 14:00;0.38;;;
22/11/2021 15:00;0.19;;;
22/11/2021 16:00;0.03;;;
22/11/2021 17:00;-0.1;;;
22/11/2021 18:00;-0.16;;;
22/11/2021 19:00;-0.1;;;
22/11/2021 20:00;0.03;;;
22/11/2021 21:00;0.21;;;
22/11/2021 22:00;0.37;;;
22/11/2021 23:00;0.51;;;
23/11/2021 00:00;0.61;;;
23/11/2021 01:00;0.65;;;
23/11/2021 02:00;0.63;;;
23/11/2021 03:00;0.55;;;
23/11/2021 04:00;0.47;;;
23/11/2021 05:00;0.44;;;
23/11/2021 06:00;0.41;;;
23/11/2021 07:00;0.43;;;
23/11/2021 08:00;0.49;;;
23/11/2021 09:00;0.57;;;
23/11/2021 10:00;0.67;;;
23/11/2021 11:00;0.73;;;
23/11/2021 12:00;0.73;;;
23/11/2021 13:00;0.65;;;
23/11/2021 14:00;0.5;;;
23/11/2021 15:00;0.35;;;
23/11/2021 16:00;0.18;;;
23/11/2021 17:00;0.05;;;
23/11/2021 18:00;-0.04;;;
23/11/2021 19:00;-0.07;;;
23/11/2021 20:00;-0.01;;;
23/11/2021 21:00;0.12;;;
23/11/2021 22:00;0.27;;;
23/11/2021 23:00;0.4;;;
24/11/2021 00:00;0.49;;;
24/11/2021 01:00;0.55;;;
24/11/2021 02:00;0.56;;;
24/11/2021 03:00;0.5;;;
24/11/2021 04:00;0.42;;;
24/11/2021 05:00;0.34;;;
24/11/2021 06:00;0.3;;;
24/11/2021 07:00;0.31;;;
24/11/2021 08:00;0.37;;;
24/11/2021 09:00;0.46;;;
24/11/2021 10:00;0.55;;;
24/11/2021 11:00;0.61;;;
24/11/2021 12:00;0.62;;;
24/11/2021 13:00;0.57;;;
24/11/2021 14:00;0.48;;;
24/11/2021 15:00;0.36;;;
24/11/2021 16:00;0.23;;;
24/11/2021 17:00;0.11;;;
24/11/2021 18:00;0.02;;;
24/11/2021 19:00;-0.03;;;
24/11/2021 20:00;-0.02;;;
24/11/2021 21:00;0.07;;;
24/11/2021 22:00;0.21;;;
24/11/2021 23:00;0.33;;;
25/11/2021 00:00;0.43;;;
25/11/2021 01:00;0.5;;;
25/11/2021 02:00;0.55;;;
25/11/2021 03:00;0.55;;;
25/11/2021 04:00;0.51;;;
25/11/2021 05:00;0.46;;;
25/11/2021 06:00;0.42;;;
25/11/2021 07:00;0.4;;;
25/11/2021 08:00;0.42;;;
25/11/2021 09:00;0.48;;;
25/11/2021 10:00;0.55;;;
25/11/2021 11:00;0.61;;;
25/11/2021 12:00;0.65;;;
25/11/2021 13:00;0.65;;;
25/11/2021 14:00;0.62;;;
25/11/2021 15:00;0.53;;;
25/11/2021 16:00;0.43;;;
25/11/2021 17:00;0.34;;;
25/11/2021 18:00;0.25;;;
25/11/2021 19:00;0.19;;;
25/11/2021 20:00;0.2;;;
25/11/2021 21:00;0.22;;;
25/11/2021 22:00;0.3;;;
25/11/2021 23:00;0.4;;;
26/11/2021 00:00;0.5;;;
26/11/2021 01:00;0.59;;;
26/11/2021 02:00;0.65;;;
26/11/2021 03:00;0.69;;;
26/11/2021 04:00;0.69;;;
26/11/2021 05:00;0.66;;;
26/11/2021 06:00;0.6;;;
26/11/2021 07:00;0.58;;;
26/11/2021 08:00;0.58;;;
26/11/2021 09:00;0.64;;;
26/11/2021 10:00;0.71;;;
26/11/2021 11:00;0.77;;;
26/11/2021 12:00;0.79;;;
26/11/2021 13:00;0.76;;;
26/11/2021 14:00;0.7;;;
26/11/2021 15:00;0.62;;;
26/11/2021 16:00;0.54;;;
26/11/2021 17:00;0.45;;;
26/11/2021 18:00;0.4;;;
26/11/2021 19:00;0.37;;;
26/11/2021 20:00;0.32;;;
26/11/2021 21:00;0.31;;;
26/11/2021 22:00;0.34;;;
26/11/2021 23:00;0.39;;;
27/11/2021 00:00;0.48;;;
27/11/2021 01:00;0.57;;;
27/11/2021 02:00;0.69;;;
27/11/2021 03:00;0.8;;;
27/11/2021 04:00;0.88;;;
27/11/2021 05:00;0.95;;;
27/11/2021 06:00;0.99;;;
27/11/2021 07:00;0.93;;;
27/11/2021 08:00;0.85;;;
27/11/2021 09:00;0.78;;;
27/11/2021 10:00;0.72;;;
27/11/2021 11:00;0.61;;;
27/11/2021 12:00;0.54;;;
27/11/2021 13:00;0.51;;;
27/11/2021 14:00;0.52;;;
27/11/2021 15:00;0.53;;;
27/11/2021 16:00;0.59;;;
27/11/2021 17:00;0.63;;;
27/11/2021 18:00;0.62;;;
27/11/2021 19:00;0.58;;;
27/11/2021 20:00;0.51;;;
27/11/2021 21:00;0.43;;;
27/11/2021 22:00;0.38;;;
27/11/2021 23:00;0.39;;;
28/11/2021 00:00;0.45;;;
28/11/2021 01:00;0.56;;;
28/11/2021 02:00;0.69;;;
28/11/2021 03:00;0.8;;;
28/11/2021 04:00;0.8;;;
28/11/2021 05:00;0.77;;;
28/11/2021 06:00;0.79;;;
28/11/2021 07:00;0.8;;;
28/11/2021 08:00;0.8;;;
28/11/2021 09:00;0.76;;;
28/11/2021 10:00;0.68;;;
28/11/2021 11:00;0.62;;;
28/11/2021 12:00;0.6;;;
28/11/2021 13:00;0.62;;;
28/11/2021 14:00;0.65;;;
28/11/2021 15:00;0.7;;;
28/11/2021 16:00;0.78;;;
28/11/2021 17:00;0.82;;;
28/11/2021 18:00;0.8;;;
28/11/2021 19:00;0.75;;;
28/11/2021 20:00;0.66;;;
28/11/2021 21:00;0.55;;;
28/11/2021 22:00;0.41;;;
28/11/2021 23:00;0.31;;;
29/11/2021 00:00;0.29;;;
29/11/2021 01:00;0.31;;;
29/11/2021 02:00;0.36;;;
29/11/2021 03:00;0.53;;;
29/11/2021 04:00;0.69;;;
29/11/2021 05:00;0.78;;;
29/11/2021 06:00;0.86;;;
29/11/2021 07:00;0.92;;;
29/11/2021 08:00;0.89;;;
29/11/2021 09:00;0.83;;;
29/11/2021 10:00;0.78;;;
29/11/2021 11:00;0.72;;;
29/11/2021 12:00;0.63;;;
29/11/2021 13:00;0.58;;;
29/11/2021 14:00;0.6;;;
29/11/2021 15:00;0.64;;;
29/11/2021 16:00;0.67;;;
29/11/2021 17:00;0.74;;;
29/11/2021 18:00;0.8;;;
29/11/2021 19:00;0.79;;;
29/11/2021 20:00;0.74;;;
29/11/2021 21:00;0.65;;;
29/11/2021 22:00;0.52;;;
29/11/2021 23:00;0.38;;;
30/11/2021 00:00;0.3;;;
30/11/2021 01:00;0.27;;;
30/11/2021 02:00;0.3;;;
30/11/2021 03:00;0.41;;;
30/11/2021 04:00;0.57;;;
30/11/2021 05:00;0.71;;;
30/11/2021 06:00;0.82;;;
30/11/2021 07:00;0.91;;;
30/11/2021 08:00;0.95;;;
30/11/2021 09:00;0.91;;;
30/11/2021 10:00;0.8;;;
30/11/2021 11:00;0.66;;;
30/11/2021 12:00;0.52;;;
30/11/2021 13:00;0.39;;;
30/11/2021 14:00;0.29;;;
30/11/2021 15:00;0.22;;;
30/11/2021 16:00;0.21;;;
30/11/2021 17:00;0.3;;;
30/11/2021 18:00;0.48;;;
30/11/2021 19:00;0.61;;;
30/11/2021 20:00;0.71;;;
30/11/2021 21:00;0.73;;;
30/11/2021 22:00;0.66;;;
30/11/2021 23:00;0.52;;;
01/12/2021 00:00;0.38;;;
01/12/2021 01:00;0.27;;;
01/12/2021 02:00;0.21;;;
01/12/2021 03:00;0.28;;;
01/12/2021 04:00;0.47;;;
01/12/2021 05:00;0.67;;;
01/12/2021 06:00;0.73;;;
01/12/2021 07:00;0.67;;;
01/12/2021 08:00;0.7;;;
01/12/2021 09:00;0.7;;;
01/12/2021 10:00;0.7;;;
01/12/2021 11:00;0.69;;;
01/12/2021 12:00;0.53;;;
01/12/2021 13:00;0.34;;;
01/12/2021 14:00;0.21;;;
01/12/2021 15:00;0.15;;;
01/12/2021 16:00;0.18;;;
01/12/2021 17:00;0.32;;;
01/12/2021 18:00;0.5;;;
01/12/2021 19:00;0.66;;;
01/12/2021 20:00;0.78;;;
01/12/2021 21:00;0.82;;;
01/12/2021 22:00;0.82;;;
01/12/2021 23:00;0.73;;;
02/12/2021 00:00;0.59;;;
02/12/2021 01:00;0.47;;;
02/12/2021 02:00;0.4;;;
02/12/2021 03:00;0.42;;;
02/12/2021 04:00;0.56;;;
02/12/2021 05:00;0.61;;;
02/12/2021 06:00;0.65;;;
02/12/2021 07:00;0.62;;;
02/12/2021 08:00;0.64;;;
02/12/2021 09:00;0.65;;;
02/12/2021 10:00;0.66;;;
02/12/2021 11:00;0.66;;;
02/12/2021 12:00;0.59;;;
02/12/2021 13:00;0.39;;;
02/12/2021 14:00;0.22;;;
02/12/2021 15:00;0.12;;;
02/12/2021 16:00;0.09;;;
02/12/2021 17:00;0.19;;;
02/12/2021 18:00;0.38;;;
02/12/2021 19:00;0.55;;;
02/12/2021 20:00;0.7;;;
02/12/2021 21:00;0.82;;;
02/12/2021 22:00;0.85;;;
02/12/2021 23:00;0.81;;;
03/12/2021 00:00;0.72;;;
03/12/2021 01:00;0.6;;;
03/12/2021 02:00;0.52;;;
03/12/2021 03:00;0.48;;;
03/12/2021 04:00;0.49;;;
03/12/2021 05:00;0.6;;;
03/12/2021 06:00;0.61;;;
03/12/2021 07:00;0.59;;;
03/12/2021 08:00;0.62;;;
03/12/2021 09:00;0.63;;;
03/12/2021 10:00;0.65;;;
03/12/2021 11:00;0.65;;;
03/12/2021 12:00;0.58;;;
03/12/2021 13:00;0.4;;;
03/12/2021 14:00;0.21;;;
03/12/2021 15:00;0.06;;;
03/12/2021 16:00;-0.04;;;
03/12/2021 17:00;-0.02;;;
03/12/2021 18:00;0.12;;;
03/12/2021 19:00;0.32;;;
03/12/2021 20:00;0.53;;;
03/12/2021 21:00;0.68;;;
03/12/2021 22:00;0.78;;;
03/12/2021 23:00;0.83;;;
04/12/2021 00:00;0.81;;;
04/12/2021 01:00;0.69;;;
04/12/2021 02:00;0.54;;;
04/12/2021 03:00;0.44;;;
04/12/2021 04:00;0.38;;;
04/12/2021 05:00;0.37;;;
04/12/2021 06:00;0.47;;;
04/12/2021 07:00;0.63;;;
04/12/2021 08:00;0.79;;;
04/12/2021 09:00;0.9;;;
04/12/2021 10:00;0.99;;;
04/12/2021 11:00;0.97;;;
04/12/2021 12:00;0.83;;;
04/12/2021 13:00;0.64;;;
04/12/2021 14:00;0.43;;;
04/12/2021 15:00;0.23;;;
04/12/2021 16:00;0.08;;;
04/12/2021 17:00;0.03;;;
04/12/2021 18:00;0.11;;;
04/12/2021 19:00;0.29;;;
04/12/2021 20:00;0.51;;;
04/12/2021 21:00;0.67;;;
04/12/2021 22:00;0.81;;;
04/12/2021 23:00;0.9;;;
05/12/2021 00:00;0.91;;;
05/12/2021 01:00;0.85;;;
05/12/2021 02:00;0.73;;;
05/12/2021 03:00;0.6;;;
05/12/2021 04:00;0.53;;;
05/12/2021 05:00;0.49;;;
05/12/2021 06:00;0.57;;;
05/12/2021 07:00;0.72;;;
05/12/2021 08:00;0.71;;;
05/12/2021 09:00;0.68;;;
05/12/2021 10:00;0.7;;;
05/12/2021 11:00;0.71;;;
05/12/2021 12:00;0.72;;;
05/12/2021 13:00;0.7;;;
05/12/2021 14:00;0.57;;;
05/12/2021 15:00;0.37;;;
05/12/2021 16:00;0.2;;;
05/12/2021 17:00;0.06;;;
05/12/2021 18:00;0;;;
05/12/2021 19:00;0.08;;;
05/12/2021 20:00;0.26;;;
05/12/2021 21:00;0.45;;;
05/12/2021 22:00;0.64;;;
05/12/2021 23:00;0.77;;;
06/12/2021 00:00;0.81;;;
06/12/2021 01:00;0.81;;;
06/12/2021 02:00;0.71;;;
06/12/2021 03:00;0.6;;;
06/12/2021 04:00;0.49;;;
06/12/2021 05:00;0.45;;;
06/12/2021 06:00;0.5;;;
06/12/2021 07:00;0.61;;;
06/12/2021 08:00;0.76;;;
06/12/2021 09:00;0.89;;;
06/12/2021 10:00;1;;;
06/12/2021 11:00;1.06;;;
06/12/2021 12:00;1;;;
06/12/2021 13:00;0.86;;;
06/12/2021 14:00;0.69;;;
06/12/2021 15:00;0.49;;;
06/12/2021 16:00;0.29;;;
06/12/2021 17:00;0.12;;;
06/12/2021 18:00;0.02;;;
06/12/2021 19:00;0;;;
06/12/2021 20:00;0.1;;;
06/12/2021 21:00;0.26;;;
06/12/2021 22:00;0.42;;;
06/12/2021 23:00;0.55;;;
07/12/2021 00:00;0.67;;;
07/12/2021 01:00;0.74;;;
07/12/2021 02:00;0.74;;;
07/12/2021 03:00;0.7;;;
07/12/2021 04:00;0.62;;;
07/12/2021 05:00;0.53;;;
07/12/2021 06:00;0.48;;;
07/12/2021 07:00;0.47;;;
07/12/2021 08:00;0.57;;;
07/12/2021 09:00;0.69;;;
07/12/2021 10:00;0.8;;;
07/12/2021 11:00;0.87;;;
07/12/2021 12:00;0.9;;;
07/12/2021 13:00;0.83;;;
07/12/2021 14:00;0.67;;;
07/12/2021 15:00;0.48;;;
07/12/2021 16:00;0.28;;;
07/12/2021 17:00;0.09;;;
07/12/2021 18:00;-0.07;;;
07/12/2021 19:00;-0.17;;;
07/12/2021 20:00;-0.14;;;
07/12/2021 21:00;-0.01;;;
07/12/2021 22:00;0.18;;;
07/12/2021 23:00;0.36;;;
08/12/2021 00:00;0.52;;;
08/12/2021 01:00;0.64;;;
08/12/2021 02:00;0.71;;;
08/12/2021 03:00;0.73;;;
08/12/2021 04:00;0.68;;;
08/12/2021 05:00;0.61;;;
08/12/2021 06:00;0.55;;;
08/12/2021 07:00;0.55;;;
08/12/2021 08:00;0.63;;;
08/12/2021 09:00;0.72;;;
08/12/2021 10:00;0.7;;;
08/12/2021 11:00;0.7;;;
08/12/2021 12:00;0.72;;;
08/12/2021 13:00;0.73;;;
08/12/2021 14:00;0.74;;;
08/12/2021 15:00;0.71;;;
08/12/2021 16:00;0.57;;;
08/12/2021 17:00;0.44;;;
08/12/2021 18:00;0.4;;;
08/12/2021 19:00;0.43;;;
08/12/2021 20:00;0.55;;;
08/12/2021 21:00;0.68;;;
08/12/2021 22:00;0.73;;;
08/12/2021 23:00;0.69;;;
09/12/2021 00:00;0.72;;;
09/12/2021 01:00;0.75;;;
09/12/2021 02:00;0.76;;;
09/12/2021 03:00;0.77;;;
09/12/2021 04:00;0.78;;;
09/12/2021 05:00;0.78;;;
09/12/2021 06:00;0.78;;;
09/12/2021 07:00;0.79;;;
09/12/2021 08:00;0.79;;;
09/12/2021 09:00;0.75;;;
09/12/2021 10:00;0.67;;;
09/12/2021 11:00;0.57;;;
09/12/2021 12:00;0.49;;;
09/12/2021 13:00;0.45;;;
09/12/2021 14:00;0.4;;;
09/12/2021 15:00;0.38;;;
09/12/2021 16:00;0.37;;;
09/12/2021 17:00;0.34;;;
09/12/2021 18:00;0.32;;;
09/12/2021 19:00;0.34;;;
09/12/2021 20:00;0.43;;;
09/12/2021 21:00;0.52;;;
09/12/2021 22:00;0.59;;;
09/12/2021 23:00;0.67;;;
10/12/2021 00:00;0.74;;;
10/12/2021 01:00;0.81;;;
10/12/2021 02:00;0.85;;;
10/12/2021 03:00;0.93;;;
10/12/2021 04:00;0.97;;;
10/12/2021 05:00;0.91;;;
10/12/2021 06:00;0.83;;;
10/12/2021 07:00;0.72;;;
10/12/2021 08:00;0.6;;;
10/12/2021 09:00;0.5;;;
10/12/2021 10:00;0.41;;;
10/12/2021 11:00;0.36;;;
10/12/2021 12:00;0.38;;;
10/12/2021 13:00;0.46;;;
10/12/2021 14:00;0.55;;;
10/12/2021 15:00;0.61;;;
10/12/2021 16:00;0.67;;;
10/12/2021 17:00;0.69;;;
10/12/2021 18:00;0.69;;;
10/12/2021 19:00;0.67;;;
10/12/2021 20:00;0.63;;;
10/12/2021 21:00;0.56;;;
10/12/2021 22:00;0.5;;;
10/12/2021 23:00;0.49;;;
11/12/2021 00:00;0.54;;;
11/12/2021 01:00;0.66;;;
11/12/2021 02:00;0.62;;;
11/12/2021 03:00;0.65;;;
11/12/2021 04:00;0.71;;;
11/12/2021 05:00;0.75;;;
11/12/2021 06:00;0.78;;;
11/12/2021 07:00;0.8;;;
11/12/2021 08:00;0.76;;;
11/12/2021 09:00;0.68;;;
11/12/2021 10:00;0.65;;;
11/12/2021 11:00;0.59;;;
11/12/2021 12:00;0.51;;;
11/12/2021 13:00;0.43;;;
11/12/2021 14:00;0.4;;;
11/12/2021 15:00;0.44;;;
11/12/2021 16:00;0.47;;;
11/12/2021 17:00;0.54;;;
11/12/2021 18:00;0.57;;;
11/12/2021 19:00;0.49;;;
11/12/2021 20:00;0.39;;;
11/12/2021 21:00;0.29;;;
11/12/2021 22:00;0.26;;;
11/12/2021 23:00;0.29;;;
12/12/2021 00:00;0.4;;;
12/12/2021 01:00;0.5;;;
12/12/2021 02:00;0.59;;;
12/12/2021 03:00;0.66;;;
12/12/2021 04:00;0.7;;;
12/12/2021 05:00;0.74;;;
12/12/2021 06:00;0.75;;;
12/12/2021 07:00;0.73;;;
12/12/2021 08:00;0.64;;;
12/12/2021 09:00;0.52;;;
12/12/2021 10:00;0.42;;;
12/12/2021 11:00;0.3;;;
12/12/2021 12:00;0.22;;;
12/12/2021 13:00;0.2;;;
12/12/2021 14:00;0.22;;;
12/12/2021 15:00;0.28;;;
12/12/2021 16:00;0.35;;;
12/12/2021 17:00;0.41;;;
12/12/2021 18:00;0.4;;;
12/12/2021 19:00;0.35;;;
12/12/2021 20:00;0.28;;;
12/12/2021 21:00;0.22;;;
12/12/2021 22:00;0.17;;;
12/12/2021 23:00;0.17;;;
13/12/2021 00:00;0.19;;;
13/12/2021 01:00;0.24;;;
13/12/2021 02:00;0.33;;;
13/12/2021 03:00;0.43;;;
13/12/2021 04:00;0.53;;;
13/12/2021 05:00;0.62;;;
13/12/2021 06:00;0.67;;;
13/12/2021 07:00;0.69;;;
13/12/2021 08:00;0.64;;;
13/12/2021 09:00;0.57;;;
13/12/2021 10:00;0.45;;;
13/12/2021 11:00;0.35;;;
13/12/2021 12:00;0.25;;;
13/12/2021 13:00;0.18;;;
13/12/2021 14:00;0.14;;;
13/12/2021 15:00;0.15;;;
13/12/2021 16:00;0.19;;;
13/12/2021 17:00;0.26;;;
13/12/2021 18:00;0.34;;;
13/12/2021 19:00;0.38;;;
13/12/2021 20:00;0.4;;;
13/12/2021 21:00;0.38;;;
13/12/2021 22:00;0.31;;;
13/12/2021 23:00;0.23;;;
14/12/2021 00:00;0.18;;;
14/12/2021 01:00;0.15;;;
14/12/2021 02:00;0.19;;;
14/12/2021 03:00;0.28;;;
14/12/2021 04:00;0.4;;;
14/12/2021 05:00;0.52;;;
14/12/2021 06:00;0.62;;;
14/12/2021 07:00;0.68;;;
14/12/2021 08:00;0.72;;;
14/12/2021 09:00;0.68;;;
14/12/2021 10:00;0.58;;;
14/12/2021 11:00;0.43;;;
14/12/2021 12:00;0.27;;;
14/12/2021 13:00;0.11;;;
14/12/2021 14:00;-0.02;;;
14/12/2021 15:00;-0.09;;;
14/12/2021 16:00;-0.07;;;
14/12/2021 17:00;0.04;;;
14/12/2021 18:00;0.19;;;
14/12/2021 19:00;0.31;;;
14/12/2021 20:00;0.39;;;
14/12/2021 21:00;0.41;;;
14/12/2021 22:00;0.38;;;
14/12/2021 23:00;0.31;;;
15/12/2021 00:00;0.2;;;
15/12/2021 01:00;0.14;;;
15/12/2021 02:00;0.14;;;
15/12/2021 03:00;0.21;;;
15/12/2021 04:00;0.34;;;
15/12/2021 05:00;0.49;;;
15/12/2021 06:00;0.62;;;
15/12/2021 07:00;0.73;;;
15/12/2021 08:00;0.77;;;
15/12/2021 09:00;0.75;;;
15/12/2021 10:00;0.63;;;
15/12/2021 11:00;0.44;;;
15/12/2021 12:00;0.26;;;
15/12/2021 13:00;0.07;;;
15/12/2021 14:00;-0.09;;;
15/12/2021 15:00;-0.18;;;
15/12/2021 16:00;-0.18;;;
15/12/2021 17:00;-0.07;;;
15/12/2021 18:00;0.1;;;
15/12/2021 19:00;0.25;;;
15/12/2021 20:00;0.36;;;
15/12/2021 21:00;0.41;;;
15/12/2021 22:00;0.4;;;
15/12/2021 23:00;0.34;;;
16/12/2021 00:00;0.23;;;
16/12/2021 01:00;0.15;;;
16/12/2021 02:00;0.13;;;
16/12/2021 03:00;0.19;;;
16/12/2021 04:00;0.32;;;
16/12/2021 05:00;0.45;;;
16/12/2021 06:00;0.58;;;
16/12/2021 07:00;0.7;;;
16/12/2021 08:00;0.75;;;
16/12/2021 09:00;0.73;;;
16/12/2021 10:00;0.63;;;
16/12/2021 11:00;0.47;;;
16/12/2021 12:00;0.28;;;
16/12/2021 13:00;0.1;;;
16/12/2021 14:00;-0.07;;;
16/12/2021 15:00;-0.19;;;
16/12/2021 16:00;-0.23;;;
16/12/2021 17:00;-0.15;;;
16/12/2021 18:00;0;;;
16/12/2021 19:00;0.15;;;
16/12/2021 20:00;0.29;;;
16/12/2021 21:00;0.37;;;
16/12/2021 22:00;0.42;;;
16/12/2021 23:00;0.41;;;
17/12/2021 00:00;0.34;;;
17/12/2021 01:00;0.24;;;
17/12/2021 02:00;0.17;;;
17/12/2021 03:00;0.16;;;
17/12/2021 04:00;0.22;;;
17/12/2021 05:00;0.33;;;
17/12/2021 06:00;0.45;;;
17/12/2021 07:00;0.55;;;
17/12/2021 08:00;0.62;;;
17/12/2021 09:00;0.63;;;
17/12/2021 10:00;0.57;;;
17/12/2021 11:00;0.42;;;
17/12/2021 12:00;0.24;;;
17/12/2021 13:00;0.05;;;
17/12/2021 14:00;-0.15;;;
17/12/2021 15:00;-0.31;;;
17/12/2021 16:00;-0.4;;;
17/12/2021 17:00;-0.39;;;
17/12/2021 18:00;-0.25;;;
17/12/2021 19:00;-0.06;;;
17/12/2021 20:00;0.13;;;
17/12/2021 21:00;0.28;;;
17/12/2021 22:00;0.37;;;
17/12/2021 23:00;0.41;;;
18/12/2021 00:00;0.39;;;
18/12/2021 01:00;0.31;;;
18/12/2021 02:00;0.22;;;
18/12/2021 03:00;0.17;;;
18/12/2021 04:00;0.16;;;
18/12/2021 05:00;0.22;;;
18/12/2021 06:00;0.34;;;
18/12/2021 07:00;0.46;;;
18/12/2021 08:00;0.56;;;
18/12/2021 09:00;0.61;;;
18/12/2021 10:00;0.59;;;
18/12/2021 11:00;0.48;;;
18/12/2021 12:00;0.28;;;
18/12/2021 13:00;0.08;;;
18/12/2021 14:00;-0.13;;;
18/12/2021 15:00;-0.32;;;
18/12/2021 16:00;-0.46;;;
18/12/2021 17:00;-0.48;;;
18/12/2021 18:00;-0.38;;;
18/12/2021 19:00;-0.18;;;
18/12/2021 20:00;0.03;;;
18/12/2021 21:00;0.18;;;
18/12/2021 22:00;0.29;;;
18/12/2021 23:00;0.36;;;
19/12/2021 00:00;0.37;;;
19/12/2021 01:00;0.31;;;
19/12/2021 02:00;0.21;;;
19/12/2021 03:00;0.11;;;
19/12/2021 04:00;0.07;;;
19/12/2021 05:00;0.12;;;
19/12/2021 06:00;0.22;;;
19/12/2021 07:00;0.34;;;
19/12/2021 08:00;0.46;;;
19/12/2021 09:00;0.53;;;
19/12/2021 10:00;0.56;;;
19/12/2021 11:00;0.49;;;
19/12/2021 12:00;0.34;;;
19/12/2021 13:00;0.15;;;
19/12/2021 14:00;-0.05;;;
19/12/2021 15:00;-0.24;;;
19/12/2021 16:00;-0.39;;;
19/12/2021 17:00;-0.48;;;
19/12/2021 18:00;-0.42;;;
19/12/2021 19:00;-0.24;;;
19/12/2021 20:00;-0.03;;;
19/12/2021 21:00;0.16;;;
19/12/2021 22:00;0.33;;;
19/12/2021 23:00;0.44;;;
20/12/2021 00:00;0.49;;;
20/12/2021 01:00;0.46;;;
20/12/2021 02:00;0.37;;;
20/12/2021 03:00;0.24;;;
20/12/2021 04:00;0.15;;;
20/12/2021 05:00;0.12;;;
20/12/2021 06:00;0.18;;;
20/12/2021 07:00;0.3;;;
20/12/2021 08:00;0.43;;;
20/12/2021 09:00;0.54;;;
20/12/2021 10:00;0.6;;;
20/12/2021 11:00;0.59;;;
20/12/2021 12:00;0.5;;;
20/12/2021 13:00;0.35;;;
20/12/2021 14:00;0.17;;;
20/12/2021 15:00;-0.02;;;
20/12/2021 16:00;-0.17;;;
20/12/2021 17:00;-0.27;;;
20/12/2021 18:00;-0.27;;;
20/12/2021 19:00;-0.16;;;
20/12/2021 20:00;0.04;;;
20/12/2021 21:00;0.22;;;
20/12/2021 22:00;0.38;;;
20/12/2021 23:00;0.5;;;
21/12/2021 00:00;0.57;;;
21/12/2021 01:00;0.54;;;
21/12/2021 02:00;0.46;;;
21/12/2021 03:00;0.33;;;
21/12/2021 04:00;0.22;;;
21/12/2021 05:00;0.15;;;
21/12/2021 06:00;0.16;;;
21/12/2021 07:00;0.22;;;
21/12/2021 08:00;0.35;;;
21/12/2021 09:00;0.48;;;
21/12/2021 10:00;0.6;;;
21/12/2021 11:00;0.64;;;
21/12/2021 12:00;0.59;;;
21/12/2021 13:00;0.47;;;
21/12/2021 14:00;0.3;;;
21/12/2021 15:00;0.1;;;
21/12/2021 16:00;-0.07;;;
21/12/2021 17:00;-0.2;;;
21/12/2021 18:00;-0.25;;;
21/12/2021 19:00;-0.2;;;
21/12/2021 20:00;-0.06;;;
21/12/2021 21:00;0.12;;;
21/12/2021 22:00;0.28;;;
21/12/2021 23:00;0.42;;;
22/12/2021 00:00;0.49;;;
22/12/2021 01:00;0.51;;;
22/12/2021 02:00;0.48;;;
22/12/2021 03:00;0.36;;;
22/12/2021 04:00;0.24;;;
22/12/2021 05:00;0.16;;;
22/12/2021 06:00;0.14;;;
22/12/2021 07:00;0.2;;;
22/12/2021 08:00;0.3;;;
22/12/2021 09:00;0.43;;;
22/12/2021 10:00;0.54;;;
22/12/2021 11:00;0.6;;;
22/12/2021 12:00;0.59;;;
22/12/2021 13:00;0.52;;;
22/12/2021 14:00;0.36;;;
22/12/2021 15:00;0.2;;;
22/12/2021 16:00;0.02;;;
22/12/2021 17:00;-0.13;;;
22/12/2021 18:00;-0.24;;;
22/12/2021 19:00;-0.29;;;
22/12/2021 20:00;-0.22;;;
22/12/2021 21:00;-0.06;;;
22/12/2021 22:00;0.1;;;
22/12/2021 23:00;0.25;;;
23/12/2021 00:00;0.36;;;
23/12/2021 01:00;0.44;;;
23/12/2021 02:00;0.46;;;
23/12/2021 03:00;0.39;;;
23/12/2021 04:00;0.28;;;
23/12/2021 05:00;0.19;;;
23/12/2021 06:00;0.14;;;
23/12/2021 07:00;0.15;;;
23/12/2021 08:00;0.25;;;
23/12/2021 09:00;0.38;;;
23/12/2021 10:00;0.49;;;
23/12/2021 11:00;0.57;;;
23/12/2021 12:00;0.6;;;
23/12/2021 13:00;0.54;;;
23/12/2021 14:00;0.41;;;
23/12/2021 15:00;0.24;;;
23/12/2021 16:00;0.07;;;
23/12/2021 17:00;-0.09;;;
23/12/2021 18:00;-0.2;;;
23/12/2021 19:00;-0.25;;;
23/12/2021 20:00;-0.24;;;
23/12/2021 21:00;-0.13;;;
23/12/2021 22:00;0.04;;;
23/12/2021 23:00;0.19;;;
24/12/2021 00:00;0.32;;;
24/12/2021 01:00;0.42;;;
24/12/2021 02:00;0.47;;;
24/12/2021 03:00;0.47;;;
24/12/2021 04:00;0.43;;;
24/12/2021 05:00;0.36;;;
24/12/2021 06:00;0.3;;;
24/12/2021 07:00;0.26;;;
24/12/2021 08:00;0.28;;;
24/12/2021 09:00;0.33;;;
24/12/2021 10:00;0.41;;;
24/12/2021 11:00;0.49;;;
24/12/2021 12:00;0.52;;;
24/12/2021 13:00;0.51;;;
24/12/2021 14:00;0.44;;;
24/12/2021 15:00;0.31;;;
24/12/2021 16:00;0.17;;;
24/12/2021 17:00;0.04;;;
24/12/2021 18:00;-0.07;;;
24/12/2021 19:00;-0.15;;;
24/12/2021 20:00;-0.15;;;
24/12/2021 21:00;-0.07;;;
24/12/2021 22:00;0.07;;;
24/12/2021 23:00;0.21;;;
25/12/2021 00:00;0.35;;;
25/12/2021 01:00;0.46;;;
25/12/2021 02:00;0.52;;;
25/12/2021 03:00;0.57;;;
25/12/2021 04:00;0.56;;;
25/12/2021 05:00;0.49;;;
25/12/2021 06:00;0.4;;;
25/12/2021 07:00;0.33;;;
25/12/2021 08:00;0.3;;;
25/12/2021 09:00;0.3;;;
25/12/2021 10:00;0.35;;;
25/12/2021 11:00;0.42;;;
25/12/2021 12:00;0.48;;;
25/12/2021 13:00;0.51;;;
25/12/2021 14:00;0.48;;;
25/12/2021 15:00;0.42;;;
25/12/2021 16:00;0.32;;;
25/12/2021 17:00;0.21;;;
25/12/2021 18:00;0.13;;;
25/12/2021 19:00;0.07;;;
25/12/2021 20:00;0.05;;;
25/12/2021 21:00;0.06;;;
25/12/2021 22:00;0.13;;;
25/12/2021 23:00;0.26;;;
26/12/2021 00:00;0.38;;;
26/12/2021 01:00;0.48;;;
26/12/2021 02:00;0.57;;;
26/12/2021 03:00;0.63;;;
26/12/2021 04:00;0.63;;;
26/12/2021 05:00;0.59;;;
26/12/2021 06:00;0.53;;;
26/12/2021 07:00;0.44;;;
26/12/2021 08:00;0.36;;;
26/12/2021 09:00;0.28;;;
26/12/2021 10:00;0.27;;;
26/12/2021 11:00;0.29;;;
26/12/2021 12:00;0.32;;;
26/12/2021 13:00;0.39;;;
26/12/2021 14:00;0.4;;;
26/12/2021 15:00;0.38;;;
26/12/2021 16:00;0.34;;;
26/12/2021 17:00;0.29;;;
26/12/2021 18:00;0.25;;;
26/12/2021 19:00;0.2;;;
26/12/2021 20:00;0.16;;;
26/12/2021 21:00;0.14;;;
26/12/2021 22:00;0.14;;;
26/12/2021 23:00;0.17;;;
27/12/2021 00:00;0.26;;;
27/12/2021 01:00;0.37;;;
27/12/2021 02:00;0.48;;;
27/12/2021 03:00;0.57;;;
27/12/2021 04:00;0.64;;;
27/12/2021 05:00;0.65;;;
27/12/2021 06:00;0.6;;;
27/12/2021 07:00;0.53;;;
27/12/2021 08:00;0.42;;;
27/12/2021 09:00;0.32;;;
27/12/2021 10:00;0.26;;;
27/12/2021 11:00;0.22;;;
27/12/2021 12:00;0.22;;;
27/12/2021 13:00;0.26;;;
27/12/2021 14:00;0.31;;;
27/12/2021 15:00;0.36;;;
27/12/2021 16:00;0.39;;;
27/12/2021 17:00;0.4;;;
27/12/2021 18:00;0.4;;;
27/12/2021 19:00;0.37;;;
27/12/2021 20:00;0.31;;;
27/12/2021 21:00;0.26;;;
27/12/2021 22:00;0.2;;;
27/12/2021 23:00;0.19;;;
28/12/2021 00:00;0.24;;;
28/12/2021 01:00;0.35;;;
28/12/2021 02:00;0.46;;;
28/12/2021 03:00;0.58;;;
28/12/2021 04:00;0.67;;;
28/12/2021 05:00;0.73;;;
28/12/2021 06:00;0.75;;;
28/12/2021 07:00;0.69;;;
28/12/2021 08:00;0.6;;;
28/12/2021 09:00;0.48;;;
28/12/2021 10:00;0.35;;;
28/12/2021 11:00;0.26;;;
28/12/2021 12:00;0.19;;;
28/12/2021 13:00;0.13;;;
28/12/2021 14:00;0.14;;;
28/12/2021 15:00;0.2;;;
28/12/2021 16:00;0.28;;;
28/12/2021 17:00;0.38;;;
28/12/2021 18:00;0.45;;;
28/12/2021 19:00;0.47;;;
28/12/2021 20:00;0.45;;;
28/12/2021 21:00;0.37;;;
28/12/2021 22:00;0.29;;;
28/12/2021 23:00;0.23;;;
29/12/2021 00:00;0.21;;;
29/12/2021 01:00;0.29;;;
29/12/2021 02:00;0.41;;;
29/12/2021 03:00;0.54;;;
29/12/2021 04:00;0.67;;;
29/12/2021 05:00;0.77;;;
29/12/2021 06:00;0.82;;;
29/12/2021 07:00;0.82;;;
29/12/2021 08:00;0.73;;;
29/12/2021 09:00;0.59;;;
29/12/2021 10:00;0.44;;;
29/12/2021 11:00;0.28;;;
29/12/2021 12:00;0.16;;;
29/12/2021 13:00;0.05;;;
29/12/2021 14:00;-0.01;;;
29/12/2021 15:00;0.01;;;
29/12/2021 16:00;0.09;;;
29/12/2021 17:00;0.19;;;
29/12/2021 18:00;0.3;;;
29/12/2021 19:00;0.39;;;
29/12/2021 20:00;0.44;;;
29/12/2021 21:00;0.44;;;
29/12/2021 22:00;0.4;;;
29/12/2021 23:00;0.33;;;
30/12/2021 00:00;0.28;;;
30/12/2021 01:00;0.25;;;
30/12/2021 02:00;0.28;;;
30/12/2021 03:00;0.42;;;
30/12/2021 04:00;0.56;;;
30/12/2021 05:00;0.67;;;
30/12/2021 06:00;0.77;;;
30/12/2021 07:00;0.8;;;
30/12/2021 08:00;0.76;;;
30/12/2021 09:00;0.66;;;
30/12/2021 10:00;0.49;;;
30/12/2021 11:00;0.29;;;
30/12/2021 12:00;0.1;;;
30/12/2021 13:00;-0.07;;;
30/12/2021 14:00;-0.2;;;
30/12/2021 15:00;-0.25;;;
30/12/2021 16:00;-0.2;;;
30/12/2021 17:00;-0.09;;;
30/12/2021 18:00;0.07;;;
30/12/2021 19:00;0.22;;;
30/12/2021 20:00;0.33;;;
30/12/2021 21:00;0.41;;;
30/12/2021 22:00;0.43;;;
30/12/2021 23:00;0.39;;;
31/12/2021 00:00;0.33;;;
31/12/2021 01:00;0.26;;;
31/12/2021 02:00;0.24;;;
31/12/2021 03:00;0.31;;;
31/12/2021 04:00;0.42;;;
31/12/2021 05:00;0.56;;;
31/12/2021 06:00;0.69;;;
31/12/2021 07:00;0.79;;;
31/12/2021 08:00;0.83;;;
31/12/2021 09:00;0.77;;;
31/12/2021 10:00;0.64;;;
31/12/2021 11:00;0.46;;;
31/12/2021 12:00;0.24;;;
31/12/2021 13:00;0.03;;;
31/12/2021 14:00;-0.16;;;
31/12/2021 15:00;-0.28;;;
31/12/2021 16:00;-0.33;;;
31/12/2021 17:00;-0.23;;;
31/12/2021 18:00;-0.02;;;
31/12/2021 19:00;0.18;;;
31/12/2021 20:00;0.36;;;
31/12/2021 21:00;0.5;;;
31/12/2021 22:00;0.57;;;
31/12/2021 23:00;0.59;;;
01/01/2022 00:00;0.52;;;
;;;;
;;;;
;;;;
;;;;
;;;;
;;;;
;;;;
;;;;
;;;;
;;;;
;;;;
;;;;
;;;;
;;;;
;;;;
;;;;
;;;;
;;;;
;;;;
;;;;
;;;;
;;;;
;;;;
;;;;
