GIORNO;ORA;P_ Salute L_ Idrometrico (GRE) m;P_ Salute Batteria (GRE) V;P_ Salute Temp H2O (GRE) °C;P_ Salute Liv_ idrom_ medio 1m (GRE) m;P_ Salute Onda: Liv_ (n_ dati) (GRE) n;P_ Salute Onda: Liv_ (media) (GRE) m;P_ Salute Onda: Liv_ (min) (GRE) m;P_ Salute Onda: Liv_ (max) (GRE) m;P_ Salute Onda: Liv_ (dev_ st_) (GRE) m;P_ Salute Onda: Alt_ (n_ dati) (GRE) m;P_ Salute Onda: Alt_ (media) (GRE) m;P_ Salute Onda: Alt_ (min) (GRE) m;P_ Salute Onda: Alt_ (max) (GRE) m;P_ Salute Onda: Alt_ (sign_) (GRE) m;P_ Salute Onda: Alt_ (dev_ st_) (GRE) m;P_ Salute Onda: Per_ (media) (GRE) m;P_ Salute Onda: Per_ (min) (GRE) m;P_ Salute Onda: Per_ (max ) (GRE) m;P_ Salute Onda: Per_ (z_u_c_) (GRE) m;P_ Salute Onda: Per_ (dev_ st_) (GRE) s
01/01/24   ;01:00;0.83;13.4;10.7;0.83;1200;0;-0.13;0.15;0.04;201;0.1;0.01;0.28;0.15;0.05;1.48;0.31;3.16;1.75;0.57
01/01/24   ;02:00;0.88;13.4;11;0.89;1200;0;-0.16;0.15;0.05;186;0.1;0.01;0.28;0.16;0.05;1.6;0.34;3.02;1.92;0.57
01/01/24   ;03:00;0.85;13.4;11;0.85;1206;0;-0.08;0.1;0.03;163;0.07;0.01;0.15;0.1;0.03;1.83;0.34;3.53;2.33;0.69
01/01/24   ;04:00;0.75;13.3;10.8;0.75;1196;0;-0.07;0.06;0.02;170;0.05;0.01;0.11;0.07;0.02;1.75;0.34;3.35;2.12;0.6
01/01/24   ;05:00;0.62;13.4;10.6;0.62;1200;0;-0.1;0.1;0.03;159;0.06;0.01;0.2;0.1;0.03;1.88;0.33;3.74;2.02;0.71
01/01/24   ;06:00;0.52;13.4;10.6;0.52;1197;0;-0.05;0.07;0.02;170;0.04;0.01;0.11;0.06;0.02;1.75;0.28;4.03;2.19;0.69
01/01/24   ;07:00;0.44;13.4;10.5;0.44;1197;0;-0.09;0.09;0.02;161;0.06;0;0.18;0.09;0.03;1.85;0.43;3.51;2.31;0.72
01/01/24   ;08:00;0.38;13.3;10.4;0.38;1195;0;-0.11;0.13;0.03;159;0.08;0.01;0.23;0.13;0.04;1.87;0.53;3.84;2.16;0.73
01/01/24   ;09:00;0.39;13.4;10.4;0.39;1200;0;-0.13;0.12;0.04;175;0.09;0.01;0.24;0.14;0.04;1.7;0.3;3.63;1.94;0.61
01/01/24   ;10:00;0.46;13.3;10.7;0.46;1196;0;-0.15;0.16;0.05;179;0.11;0;0.26;0.17;0.05;1.66;0.27;3.95;2.03;0.64
01/01/24   ;11:00;0.53;13.4;10.6;0.53;1194;0;-0.11;0.12;0.03;188;0.07;0.01;0.24;0.11;0.03;1.58;0.37;3.84;2.05;0.62
01/01/24   ;12:00;0.56;13.4;10.6;0.56;1198;0;-0.15;0.16;0.04;179;0.1;0.01;0.28;0.15;0.05;1.66;0.44;3.4;2.12;0.61
01/01/24   ;13:00;0.52;13.3;10.6;0.52;1195;0;-0.1;0.15;0.03;182;0.08;0.01;0.23;0.13;0.04;1.64;0.39;4.09;1.96;0.63
01/01/24   ;14:00;0.43;13.4;10.7;0.43;1199;0;-0.09;0.1;0.03;184;0.08;0.01;0.17;0.12;0.04;1.62;0.44;3.65;1.99;0.6
01/01/24   ;15:00;0.3;13.4;10.6;0.3;1187;0;-0.11;0.11;0.04;181;0.08;0;0.19;0.13;0.04;1.63;0.29;3.68;2;0.64
01/01/24   ;16:00;0.18;13.4;10.4;0.18;1201;0;-0.11;0.13;0.04;163;0.09;0.02;0.23;0.14;0.04;1.82;0.42;3.47;2.13;0.65
01/01/24   ;17:00;0.07;13.4;10.3;0.07;1197;0;-0.12;0.14;0.04;166;0.1;0.02;0.22;0.14;0.04;1.79;0.46;3.58;1.95;0.58
01/01/24   ;18:00;-0.01;13.4;10.3;-0.02;1197;0;-0.1;0.1;0.03;178;0.08;0.01;0.19;0.12;0.04;1.67;0.46;4.15;1.89;0.53
01/01/24   ;19:00;-0.06;13.4;10.2;-0.06;1197;0;-0.12;0.12;0.04;165;0.09;0.02;0.21;0.13;0.04;1.8;0.29;3.29;2.09;0.62
01/01/24   ;20:00;-0.05;13.4;10.2;-0.05;1202;0;-0.12;0.12;0.03;147;0.08;0.01;0.22;0.13;0.04;2.03;0.45;4.38;2.51;0.77
01/01/24   ;21:00;0.05;13.4;10.3;0.05;1197;0;-0.11;0.12;0.03;163;0.08;0.01;0.19;0.13;0.04;1.83;0.35;3.97;2.18;0.67
01/01/24   ;22:00;0.19;13.4;10.3;0.19;1197;0;-0.12;0.11;0.03;174;0.07;0.01;0.21;0.12;0.04;1.72;0.3;3.61;2.14;0.62
01/01/24   ;23:00;0.36;13.4;10.4;0.36;1198;0;-0.12;0.13;0.03;174;0.07;0.01;0.23;0.12;0.04;1.71;0.4;3.45;2.02;0.69
02/01/24   ;00:00;0.5;13.4;10.2;0.5;1200;0;-0.08;0.1;0.02;169;0.05;0.01;0.16;0.08;0.03;1.77;0.36;4.19;2.29;0.74
02/01/24   ;01:00;0.63;13.4;10.2;0.63;1197;0;-0.09;0.1;0.02;183;0.05;0.01;0.17;0.08;0.03;1.63;0.37;3.76;2.17;0.77
02/01/24   ;02:00;0.72;13.4;10.4;0.72;1198;0;-0.05;0.06;0.02;168;0.05;0.01;0.1;0.07;0.02;1.76;0.32;3.2;2.12;0.63
02/01/24   ;03:00;0.73;13.4;10.6;0.73;1185;0;-0.03;0.03;0.01;198;0.02;0;0.05;0.03;0.01;1.49;0.33;3.35;1.93;0.64
02/01/24   ;04:00;0.68;13.4;10.5;0.68;1202;0;-0.08;0.05;0.02;178;0.04;0.01;0.13;0.06;0.02;1.67;0.33;3.38;2.14;0.67
02/01/24   ;05:00;0.58;13.3;10.2;0.58;1199;0;-0.1;0.09;0.03;139;0.07;0.01;0.19;0.1;0.03;2.14;0.47;4;2.61;0.86
02/01/24   ;06:00;0.46;13.3;10.1;0.46;1197;0;-0.1;0.1;0.03;146;0.07;0.01;0.2;0.11;0.04;2.04;0.35;4.13;2.59;0.88
02/01/24   ;07:00;0.36;13.4;10.1;0.36;1200;0;-0.17;0.15;0.04;141;0.1;0.03;0.32;0.16;0.05;2.11;0.62;4.06;2.73;0.8
02/01/24   ;08:00;0.29;13.4;10;0.29;1199;0;-0.17;0.16;0.05;154;0.1;0.01;0.33;0.17;0.06;1.93;0.53;3.95;2.44;0.77
02/01/24   ;09:00;0.28;13.4;10;0.28;1199;0;-0.15;0.19;0.04;163;0.11;0.02;0.34;0.17;0.05;1.82;0.4;3.45;2.08;0.65
02/01/24   ;10:00;0.29;13.4;10.2;0.3;1196;0;-0.13;0.17;0.05;177;0.12;0.01;0.28;0.18;0.05;1.67;0.35;3.25;1.86;0.54
02/01/24   ;11:00;0.35;13.3;10.3;0.35;1200;0;-0.14;0.16;0.04;180;0.1;0;0.25;0.16;0.05;1.65;0.34;3.77;2.09;0.75
02/01/24   ;12:00;0.4;13.4;10.2;0.4;1200;0;-0.14;0.15;0.04;176;0.1;0.01;0.29;0.16;0.05;1.69;0.31;3.65;2.14;0.67
02/01/24   ;13:00;0.42;13.4;10.2;0.41;1200;0;-0.13;0.19;0.04;161;0.1;0.01;0.25;0.15;0.05;1.85;0.42;4.17;2.17;0.75
02/01/24   ;14:00;0.37;13.4;10.2;0.37;1200;0;-0.15;0.14;0.04;171;0.11;0.01;0.25;0.16;0.05;1.73;0.34;4.04;2.01;0.69
02/01/24   ;15:00;0.32;13.3;10.2;0.32;1200;0;-0.1;0.13;0.03;174;0.08;0.01;0.21;0.12;0.04;1.71;0.38;3.79;1.92;0.65
02/01/24   ;16:00;0.24;13.3;10.2;0.24;1200;0;-0.1;0.12;0.04;182;0.09;0.01;0.22;0.13;0.04;1.64;0.33;3.71;1.84;0.65
02/01/24   ;17:00;0.16;13.4;10;0.16;1190;0;-0.11;0.15;0.04;161;0.1;0.01;0.23;0.15;0.04;1.84;0.29;3.96;2.24;0.71
02/01/24   ;18:00;0.12;13.4;9.9;0.12;1200;0;-0.11;0.17;0.04;171;0.09;0.01;0.25;0.15;0.05;1.74;0.36;3.97;2.19;0.72
02/01/24   ;19:00;0.11;13.4;9.9;0.11;1190;0;-0.14;0.15;0.05;146;0.11;0.02;0.28;0.17;0.05;2.02;0.39;4.52;2.68;0.92
02/01/24   ;20:00;0.13;13.4;9.9;0.14;1200;0;-0.14;0.13;0.04;160;0.09;0.01;0.26;0.15;0.05;1.86;0.35;3.83;2.15;0.7
02/01/24   ;21:00;0.21;13.4;10;0.21;1200;0;-0.09;0.09;0.03;179;0.07;0;0.16;0.1;0.03;1.67;0.33;2.92;1.95;0.59
02/01/24   ;22:00;0.32;13.4;10;0.33;1206;0;-0.1;0.09;0.03;170;0.06;0.01;0.19;0.1;0.03;1.76;0.32;3.76;2.24;0.73
02/01/24   ;23:00;0.45;13.4;10.1;0.45;1198;0;-0.07;0.09;0.02;170;0.06;0.01;0.13;0.08;0.02;1.75;0.3;4.07;2.12;0.65
03/01/24   ;00:00;0.56;13.4;10;0.56;1200;0;-0.12;0.11;0.03;155;0.06;0.01;0.2;0.11;0.04;1.93;0.29;3.82;2.62;0.87
03/01/24   ;01:00;0.68;13.4;10.2;0.68;1197;0;-0.09;0.1;0.02;197;0.05;0;0.17;0.08;0.03;1.51;0.35;3.47;2.04;0.7
03/01/24   ;02:00;0.77;13.4;10.2;0.77;1198;0;-0.06;0.07;0.02;175;0.04;0.01;0.11;0.07;0.02;1.7;0.42;3.39;2.19;0.69
03/01/24   ;03:00;0.8;13.4;10.5;0.8;1195;0;-0.05;0.05;0.01;175;0.03;0.01;0.09;0.05;0.02;1.69;0.3;3.99;2.54;0.85
03/01/24   ;04:00;0.77;13.4;10.5;0.77;1198;0;-0.04;0.05;0.02;158;0.04;0;0.09;0.06;0.02;1.87;0.29;4.23;2.34;0.72
03/01/24   ;05:00;0.71;13.4;10.2;0.71;1198;0;-0.09;0.09;0.02;166;0.05;0.01;0.17;0.08;0.03;1.79;0.45;4.03;2.21;0.71
03/01/24   ;06:00;0.6;13.4;10.1;0.6;1200;0;-0.11;0.09;0.03;149;0.06;0;0.19;0.11;0.04;2;0.32;3.73;2.62;0.83
03/01/24   ;07:00;0.49;13.4;10.1;0.49;1200;0;-0.11;0.12;0.03;143;0.08;0.01;0.19;0.13;0.04;2.08;0.41;4.16;2.59;0.76
03/01/24   ;08:00;0.4;13.4;9.9;0.4;1197;0;-0.13;0.18;0.04;155;0.09;0.01;0.27;0.14;0.05;1.91;0.36;4.42;2.5;0.81
03/01/24   ;09:00;0.34;13.4;9.9;0.33;1197;0;-0.14;0.16;0.05;149;0.12;0.02;0.27;0.18;0.05;2;0.65;4.71;2.37;0.77
03/01/24   ;10:00;0.29;13.4;9.9;0.29;1200;0;-0.14;0.19;0.05;174;0.11;0.01;0.29;0.17;0.05;1.72;0.35;4.1;1.94;0.65
03/01/24   ;11:00;0.27;13.3;9.9;0.27;1200;0;-0.12;0.17;0.04;169;0.09;0.01;0.27;0.14;0.04;1.76;0.44;3.42;2.06;0.56
03/01/24   ;12:00;0.3;13.3;10.1;0.3;1197;0;-0.13;0.16;0.04;188;0.1;0.01;0.28;0.16;0.05;1.58;0.3;3.86;1.91;0.64
03/01/24   ;13:00;0.35;13.4;10.4;0.34;1200;0;-0.12;0.15;0.04;162;0.1;0.01;0.24;0.16;0.05;1.83;0.35;3.96;2.32;0.72
03/01/24   ;14:00;0.37;13.4;10.4;0.37;1196;0;-0.11;0.13;0.04;180;0.09;0.01;0.21;0.13;0.04;1.65;0.31;3.47;1.93;0.6
03/01/24   ;15:00;0.37;13.3;10.3;0.37;1197;0;-0.13;0.16;0.04;176;0.09;0.01;0.29;0.14;0.04;1.68;0.36;3.43;2.09;0.61
03/01/24   ;16:00;0.37;13.3;10.3;0.37;1200;0;-0.14;0.13;0.04;180;0.09;0.01;0.2;0.13;0.04;1.65;0.44;3.95;2.09;0.67
03/01/24   ;17:00;0.34;13.3;10.2;0.34;1199;0;-0.14;0.13;0.04;158;0.1;0.01;0.24;0.15;0.05;1.88;0.62;4.11;2.36;0.71
03/01/24   ;18:00;0.29;13.4;10.3;0.29;1214;0;-0.12;0.14;0.04;174;0.09;0.02;0.23;0.14;0.04;1.73;0.49;3.81;1.97;0.56
03/01/24   ;19:00;0.25;13.4;10.1;0.25;1197;0;-0.13;0.14;0.04;158;0.09;0.01;0.25;0.14;0.04;1.88;0.32;3.91;2.35;0.74
03/01/24   ;20:00;0.25;13.4;10.1;0.25;1200;0;-0.13;0.15;0.04;153;0.09;0.01;0.22;0.14;0.04;1.94;0.5;3.94;2.28;0.84
03/01/24   ;21:00;0.27;13.3;10.1;0.27;1191;0;-0.15;0.14;0.04;165;0.09;0.01;0.26;0.14;0.05;1.79;0.3;3.75;2.17;0.67
03/01/24   ;22:00;0.32;13.3;10.2;0.32;1200;0;-0.06;0.07;0.02;174;0.05;0.02;0.12;0.08;0.02;1.71;0.63;3.31;2.16;0.61
03/01/24   ;23:00;0.43;13.4;10.3;0.43;1199;0;-0.08;0.08;0.03;163;0.06;0;0.15;0.09;0.03;1.83;0.39;4.21;2.4;0.85
04/01/24   ;00:00;0.53;13.4;10.3;0.53;1200;0;-0.11;0.11;0.03;173;0.06;0.01;0.22;0.1;0.04;1.71;0.41;3.45;2.15;0.71
04/01/24   ;01:00;0.62;13.4;10.1;0.63;1196;0;-0.1;0.1;0.03;161;0.06;0.01;0.21;0.09;0.03;1.85;0.35;3.72;2.49;0.83
04/01/24   ;02:00;0.73;13.4;10.2;0.73;1198;0;-0.08;0.06;0.02;157;0.05;0.01;0.14;0.08;0.02;1.89;0.42;3.35;2.32;0.63
04/01/24   ;03:00;0.8;13.4;11.1;0.8;1200;0;-0.03;0.03;0.01;179;0.02;0;0.06;0.04;0.01;1.66;0.33;3.78;2.17;0.74
04/01/24   ;04:00;0.79;13.4;11.2;0.79;1200;0;-0.04;0.04;0.01;164;0.03;0.01;0.07;0.04;0.01;1.81;0.26;3.63;2.35;0.69
04/01/24   ;05:00;0.77;13.4;11.1;0.77;1197;0;-0.07;0.08;0.02;148;0.06;0.01;0.13;0.09;0.03;1.99;0.36;3.81;2.6;0.84
04/01/24   ;06:00;0.68;13.4;10.6;0.68;1197;0;-0.09;0.13;0.03;158;0.07;0.01;0.21;0.1;0.03;1.89;0.39;3.7;2.13;0.72
04/01/24   ;07:00;0.56;13.4;10.3;0.56;1192;0;-0.11;0.13;0.04;148;0.08;0.01;0.23;0.14;0.05;2.01;0.39;4.21;2.51;0.82
04/01/24   ;08:00;0.48;13.4;10.1;0.48;1200;0;-0.14;0.15;0.04;158;0.1;0.01;0.22;0.16;0.05;1.89;0.53;3.41;2.31;0.65
04/01/24   ;09:00;0.37;13.4;10.1;0.37;1200;0;-0.13;0.12;0.04;161;0.09;0.01;0.24;0.14;0.04;1.85;0.43;3.92;2.15;0.69
04/01/24   ;10:00;0.3;13.4;10;0.31;1200;0;-0.11;0.13;0.04;169;0.09;0.02;0.21;0.13;0.04;1.75;0.27;3.76;2.05;0.7
04/01/24   ;11:00;0.24;13.4;10;0.24;1200;0;-0.15;0.15;0.04;150;0.11;0.01;0.27;0.16;0.05;1.98;0.38;4.43;2.39;0.82
04/01/24   ;12:00;0.2;13.4;10;0.2;1200;0;-0.11;0.16;0.04;171;0.1;0.02;0.23;0.15;0.04;1.74;0.27;3.69;2.04;0.6
04/01/24   ;13:00;0.23;13.4;10.3;0.23;1199;0;-0.12;0.15;0.04;184;0.09;0.01;0.26;0.14;0.04;1.62;0.25;3.81;2.11;0.72
04/01/24   ;14:00;0.27;13.3;10.6;0.27;1195;0;-0.11;0.13;0.04;162;0.09;0.02;0.22;0.14;0.04;1.83;0.39;4.07;2.3;0.73
04/01/24   ;15:00;0.3;13.4;10.6;0.29;1196;0;-0.11;0.15;0.04;176;0.1;0.01;0.22;0.15;0.05;1.69;0.36;4.18;2.06;0.71
04/01/24   ;16:00;0.33;13.4;10.6;0.33;1200;0;-0.13;0.18;0.04;186;0.1;0;0.31;0.15;0.05;1.59;0.33;4.12;2;0.69
04/01/24   ;17:00;0.33;13.3;10.5;0.33;1197;0;-0.08;0.13;0.04;174;0.09;0.02;0.18;0.13;0.04;1.71;0.62;4.03;2.01;0.63
04/01/24   ;18:00;0.32;13.3;10.4;0.33;1193;0;-0.12;0.15;0.04;167;0.1;0.01;0.26;0.16;0.05;1.78;0.35;3.54;2.15;0.67
04/01/24   ;19:00;0.32;13.4;10.5;0.32;1200;0;-0.1;0.11;0.04;154;0.09;0;0.2;0.14;0.04;1.94;0.48;3.76;2.38;0.75
04/01/24   ;20:00;0.31;13.4;10.3;0.31;1199;0;-0.15;0.16;0.04;153;0.09;0.01;0.31;0.14;0.05;1.95;0.49;4.35;2.41;0.77
04/01/24   ;21:00;0.3;13.4;10.4;0.3;1200;0;-0.08;0.09;0.03;153;0.07;0.01;0.17;0.1;0.03;1.95;0.49;4.3;2.34;0.7
04/01/24   ;22:00;0.32;13.3;10.4;0.32;1200;0;-0.06;0.07;0.02;184;0.05;0.01;0.12;0.08;0.02;1.61;0.37;3.72;1.89;0.62
04/01/24   ;23:00;0.35;13.4;10.4;0.35;1200;0;-0.05;0.07;0.02;170;0.04;0.01;0.11;0.07;0.02;1.75;0.41;3.72;2.25;0.66
05/01/24   ;00:00;0.44;13.3;10.3;0.44;1200;0;-0.08;0.09;0.02;170;0.06;0.01;0.15;0.09;0.03;1.75;0.4;3.64;2.19;0.74
05/01/24   ;01:00;0.53;13.4;10.4;0.53;1200;0;-0.05;0.05;0.02;163;0.05;0;0.1;0.07;0.02;1.83;0.37;3.82;2.43;0.79
05/01/24   ;02:00;0.63;13.4;10.4;0.63;1182;0;-0.05;0.04;0.01;214;0.03;0;0.07;0.05;0.01;1.37;0.28;3.95;1.95;0.69
05/01/24   ;03:00;0.73;13.4;10.7;0.73;1200;0;-0.05;0.06;0.01;226;0.03;0;0.09;0.05;0.02;1.32;0.28;3.02;1.73;0.57
05/01/24   ;04:00;0.77;13.4;11.5;0.77;1200;0;-0.14;0.11;0.02;200;0.05;0;0.24;0.08;0.04;1.49;0.33;3.48;2.02;0.72
05/01/24   ;05:00;0.77;13.4;11.5;0.77;1200;0;-0.06;0.06;0.02;163;0.05;0;0.12;0.07;0.02;1.83;0.29;3.88;2.51;0.8
05/01/24   ;06:00;0.74;13.4;11.1;0.74;1200;0;-0.08;0.07;0.02;184;0.05;0.01;0.12;0.08;0.02;1.62;0.36;3.6;2.05;0.72
05/01/24   ;07:00;0.66;13.4;10.8;0.66;1194;0;-0.15;0.17;0.04;141;0.09;0.01;0.33;0.15;0.05;2.1;0.31;4.22;2.58;0.84
05/01/24   ;08:00;0.56;13.4;10.5;0.56;1195;0;-0.11;0.14;0.04;161;0.09;0.02;0.22;0.14;0.04;1.85;0.3;3.92;2.42;0.77
05/01/24   ;09:00;0.47;13.4;10.4;0.47;1195;0;-0.15;0.15;0.04;167;0.1;0.02;0.24;0.15;0.05;1.78;0.52;3.87;2.23;0.69
05/01/24   ;10:00;0.37;13.4;10;0.37;1199;0;-0.14;0.19;0.05;176;0.11;0;0.29;0.18;0.05;1.7;0.36;4.11;2.1;0.65
05/01/24   ;11:00;0.3;13.4;10.1;0.3;1200;0;-0.16;0.2;0.05;164;0.13;0.02;0.36;0.2;0.06;1.82;0.47;3.77;2.24;0.7
05/01/24   ;12:00;0.27;13.4;10.1;0.27;1200;0;-0.12;0.12;0.04;166;0.09;0;0.23;0.13;0.04;1.79;0.43;3.94;2.25;0.72
05/01/24   ;13:00;0.28;13.4;10.3;0.28;1195;0;-0.11;0.12;0.04;168;0.1;0.02;0.21;0.16;0.05;1.77;0.33;3.59;2.19;0.72
05/01/24   ;14:00;0.31;13.4;10.6;0.31;1200;0;-0.14;0.18;0.05;177;0.11;0.01;0.28;0.17;0.05;1.68;0.52;3.43;1.88;0.6
05/01/24   ;15:00;0.36;13.4;11.1;0.36;1200;0;-0.18;0.14;0.05;176;0.11;0.01;0.3;0.17;0.06;1.7;0.45;3.67;2.08;0.62
05/01/24   ;16:00;0.43;13.4;10.8;0.43;1194;0;-0.11;0.12;0.04;169;0.09;0.01;0.18;0.13;0.04;1.75;0.27;4.04;2.21;0.77
05/01/24   ;17:00;0.51;13.3;11.5;0.5;1195;0;-0.13;0.15;0.04;184;0.09;0.01;0.22;0.14;0.04;1.62;0.44;3.71;1.95;0.62
05/01/24   ;18:00;0.56;13.3;11.3;0.56;1198;0;-0.11;0.19;0.04;158;0.11;0.01;0.29;0.16;0.05;1.88;0.27;4.24;2.27;0.73
05/01/24   ;19:00;0.6;13.4;11.4;0.61;1200;0;-0.11;0.13;0.04;173;0.09;0.01;0.23;0.14;0.04;1.72;0.29;3.68;2.18;0.72
05/01/24   ;20:00;0.63;13.4;11.4;0.63;1198;0;-0.13;0.15;0.04;178;0.09;0.01;0.25;0.15;0.05;1.67;0.36;3.74;2.22;0.69
05/01/24   ;21:00;0.61;13.4;11.3;0.61;1200;0;-0.09;0.09;0.03;162;0.07;0.01;0.17;0.11;0.04;1.82;0.36;3.71;2.31;0.76
05/01/24   ;22:00;0.6;13.3;11.3;0.6;1200;0;-0.11;0.1;0.03;174;0.06;0;0.21;0.1;0.03;1.71;0.4;4.35;2.19;0.79
05/01/24   ;23:00;0.63;13.3;11.3;0.63;1196;0;-0.1;0.12;0.03;191;0.07;0.01;0.22;0.1;0.04;1.54;0.28;3.9;2.12;0.73
06/01/24   ;00:00;0.68;13.4;11.3;0.68;1200;0;-0.11;0.14;0.03;198;0.06;0;0.21;0.11;0.04;1.5;0.28;3.69;2.06;0.73
06/01/24   ;01:00;0.74;13.4;11.4;0.74;1200;0;-0.07;0.08;0.02;220;0.05;0.01;0.14;0.08;0.03;1.36;0.33;3.44;1.83;0.65
06/01/24   ;02:00;0.82;13.4;11.4;0.82;1197;0;-0.06;0.07;0.02;192;0.04;0.01;0.11;0.07;0.02;1.54;0.31;3.24;1.93;0.62
06/01/24   ;03:00;0.86;13.3;11.6;0.86;1200;0;-0.06;0.05;0.01;198;0.03;0.01;0.09;0.05;0.02;1.5;0.3;3.57;1.88;0.64
06/01/24   ;04:00;0.91;13.3;11.5;0.91;1197;0;-0.06;0.07;0.02;208;0.04;0;0.13;0.06;0.02;1.43;0.28;2.93;1.89;0.6
06/01/24   ;05:00;0.95;13.4;11.6;0.95;1200;0;-0.17;0.17;0.03;155;0.08;0.01;0.3;0.13;0.05;1.92;0.34;4.35;2.48;0.84
06/01/24   ;06:00;0.97;13.4;11.6;0.97;1200;0;-0.1;0.11;0.03;193;0.07;0;0.2;0.11;0.04;1.54;0.37;3.67;1.87;0.62
06/01/24   ;07:00;0.93;13.4;11.6;0.93;1200;0;-0.12;0.1;0.03;192;0.07;0.01;0.22;0.1;0.04;1.55;0.37;3.23;1.85;0.57
06/01/24   ;08:00;0.83;13.4;11.6;0.83;1199;0;-0.11;0.12;0.04;161;0.09;0;0.22;0.14;0.04;1.85;0.29;3.73;2.02;0.66
06/01/24   ;09:00;0.73;13.4;11.4;0.73;1200;0;-0.1;0.13;0.04;162;0.09;0.01;0.22;0.14;0.04;1.85;0.34;3.84;2.28;0.74
06/01/24   ;10:00;0.62;13.4;11.1;0.62;1200;0;-0.13;0.12;0.04;169;0.09;0.01;0.21;0.14;0.04;1.76;0.33;3.72;2.19;0.68
06/01/24   ;11:00;0.53;13.4;11;0.53;1198;0;-0.12;0.16;0.03;181;0.08;0.01;0.23;0.13;0.04;1.63;0.28;3.24;1.92;0.6
06/01/24   ;12:00;0.45;13.4;10.9;0.45;1199;0;-0.14;0.14;0.03;183;0.08;0;0.26;0.13;0.04;1.62;0.34;3.51;1.98;0.64
06/01/24   ;13:00;0.39;13.4;10.8;0.39;1200;0;-0.12;0.13;0.04;176;0.09;0.01;0.22;0.14;0.04;1.69;0.4;3.16;1.9;0.57
06/01/24   ;14:00;0.37;13.4;10.8;0.37;1194;0;-0.11;0.12;0.04;163;0.09;0.01;0.22;0.14;0.04;1.81;0.27;3.62;2.09;0.65
06/01/24   ;15:00;0.4;13.4;10.9;0.4;1192;0;-0.12;0.13;0.04;182;0.09;0.01;0.24;0.15;0.05;1.63;0.48;3.46;2.05;0.65
06/01/24   ;16:00;0.45;13.4;11.1;0.45;1197;0;-0.12;0.11;0.03;186;0.08;0.01;0.22;0.13;0.04;1.6;0.32;3.85;1.98;0.63
06/01/24   ;17:00;0.5;13.4;11.1;0.5;1200;0;-0.12;0.16;0.04;173;0.09;0.01;0.28;0.14;0.05;1.71;0.31;3.85;2.11;0.72
06/01/24   ;18:00;0.57;13.4;11.2;0.57;1196;0;-0.11;0.14;0.04;194;0.09;0.01;0.22;0.15;0.05;1.53;0.35;3.4;1.91;0.6
06/01/24   ;19:00;0.62;13.4;11.2;0.62;1200;0;-0.12;0.12;0.03;204;0.08;0.01;0.23;0.12;0.04;1.46;0.33;3.79;1.88;0.66
06/01/24   ;20:00;0.67;13.4;11.2;0.66;1199;0;-0.12;0.17;0.04;217;0.09;0.01;0.26;0.14;0.05;1.37;0.31;2.98;1.8;0.59
06/01/24   ;21:00;0.7;13.3;11.1;0.7;1199;0;-0.09;0.13;0.03;220;0.08;0.01;0.17;0.11;0.03;1.35;0.36;4.66;1.66;0.64
06/01/24   ;22:00;0.72;13.4;11.1;0.72;1196;0;-0.09;0.1;0.03;222;0.07;0.01;0.17;0.1;0.03;1.34;0.31;3.53;1.73;0.67
06/01/24   ;23:00;0.72;13.4;10.9;0.72;1198;0;-0.08;0.12;0.03;240;0.06;0.01;0.17;0.09;0.03;1.24;0.35;2.91;1.49;0.51
07/01/24   ;00:00;0.72;13.3;10.9;0.72;1196;0;-0.09;0.1;0.03;201;0.06;0;0.18;0.1;0.03;1.48;0.32;3.52;2.06;0.66
07/01/24   ;01:00;0.72;13.3;10.8;0.72;1198;0;-0.08;0.07;0.02;175;0.06;0.01;0.13;0.09;0.03;1.69;0.26;3.7;2.29;0.8
07/01/24   ;02:00;0.73;13.3;10.9;0.73;1200;0;-0.06;0.05;0.02;182;0.04;0;0.09;0.06;0.02;1.63;0.35;3.52;1.92;0.65
07/01/24   ;03:00;0.8;13.4;11;0.8;1200;0;-0.07;0.06;0.02;136;0.05;0.01;0.12;0.08;0.02;2.19;0.45;4.1;2.75;0.81
07/01/24   ;04:00;0.89;13.4;11.1;0.89;1200;0;-0.05;0.06;0.02;198;0.04;0.01;0.08;0.06;0.02;1.51;0.31;3.71;1.93;0.63
07/01/24   ;05:00;0.95;13.4;11.3;0.95;1200;0;-0.13;0.14;0.04;155;0.09;0.01;0.26;0.15;0.05;1.92;0.29;3.99;2.74;0.91
07/01/24   ;06:00;0.98;13.3;11.4;0.98;1200;0;-0.11;0.11;0.03;200;0.06;0.01;0.18;0.1;0.03;1.49;0.44;3.38;1.76;0.62
07/01/24   ;07:00;0.98;13.3;11.2;0.98;1200;0;-0.07;0.1;0.03;186;0.06;0.01;0.18;0.09;0.03;1.61;0.34;3.38;2.19;0.74
07/01/24   ;08:00;0.97;13.3;11.2;0.97;1196;0;-0.13;0.13;0.04;176;0.09;0.01;0.21;0.14;0.04;1.68;0.51;3.55;2.27;0.74
07/01/24   ;09:00;0.92;13.4;11.2;0.91;1196;0;-0.1;0.08;0.03;182;0.07;0.01;0.17;0.11;0.04;1.63;0.35;3.56;1.97;0.69
07/01/24   ;10:00;0.84;13.4;11.1;0.84;1196;0;-0.1;0.1;0.03;173;0.07;0.01;0.18;0.11;0.03;1.7;0.42;3.6;2.07;0.7
07/01/24   ;11:00;0.76;13.3;10.9;0.76;1200;0;-0.14;0.15;0.04;163;0.1;0.02;0.27;0.16;0.05;1.83;0.57;3.74;2.14;0.7
07/01/24   ;12:00;0.66;13.4;10.7;0.66;1200;0;-0.11;0.11;0.03;188;0.07;0.01;0.21;0.11;0.04;1.58;0.4;3.48;1.94;0.67
07/01/24   ;13:00;0.55;13.4;10.6;0.55;1199;0;-0.12;0.15;0.04;162;0.11;0.01;0.23;0.16;0.05;1.84;0.34;4.18;2.15;0.71
07/01/24   ;14:00;0.47;13.4;10.5;0.47;1197;0;-0.09;0.09;0.03;161;0.07;0.01;0.17;0.11;0.03;1.83;0.51;3.68;2.23;0.68
07/01/24   ;15:00;0.41;13.4;10.4;0.42;1199;0;-0.1;0.14;0.03;180;0.08;0.01;0.21;0.12;0.04;1.65;0.34;3.94;2;0.66
07/01/24   ;16:00;0.42;13.4;10.5;0.42;1200;0;-0.11;0.11;0.04;176;0.09;0.01;0.18;0.13;0.04;1.69;0.4;3.75;1.98;0.62
07/01/24   ;17:00;0.5;13.4;10.8;0.5;1200;0;-0.12;0.13;0.03;177;0.08;0.01;0.23;0.12;0.04;1.69;0.43;4.13;1.95;0.64
07/01/24   ;18:00;0.63;13.4;11;0.63;1200;0;-0.11;0.18;0.04;180;0.09;0.01;0.29;0.14;0.04;1.66;0.37;3.92;1.96;0.58
07/01/24   ;19:00;0.74;13.4;11;0.74;1200;0;-0.13;0.12;0.04;180;0.09;0.01;0.23;0.14;0.04;1.66;0.4;3.46;2.03;0.66
07/01/24   ;20:00;0.81;13.4;11;0.81;1200;0;-0.09;0.11;0.03;179;0.07;0.01;0.17;0.11;0.03;1.67;0.38;3.85;2;0.66
07/01/24   ;21:00;0.84;13.4;11;0.84;1200;0;-0.1;0.09;0.02;182;0.06;0.01;0.16;0.09;0.03;1.64;0.31;3.89;2.32;0.76
07/01/24   ;22:00;0.81;13.4;11;0.81;1190;0;-0.06;0.06;0.02;174;0.05;0.01;0.11;0.08;0.02;1.7;0.42;3.46;2.09;0.64
07/01/24   ;23:00;0.73;13.4;11;0.73;1200;0;-0.07;0.06;0.02;170;0.05;0.01;0.13;0.08;0.02;1.75;0.36;3.61;2.27;0.75
08/01/24   ;00:00;0.65;13.4;10.8;0.65;1200;0;-0.08;0.07;0.02;173;0.05;0.01;0.15;0.08;0.03;1.72;0.29;4.48;2.24;0.74
08/01/24   ;01:00;0.59;13.3;10.8;0.59;1199;0;-0.1;0.09;0.03;142;0.07;0.01;0.15;0.11;0.03;2.08;0.31;3.76;2.26;0.7
08/01/24   ;02:00;0.57;13.3;10.8;0.57;1200;0;-0.05;0.05;0.02;175;0.04;0;0.09;0.06;0.02;1.7;0.34;3.13;2.02;0.59
08/01/24   ;03:00;0.61;13.3;10.9;0.61;1200;0;-0.06;0.05;0.02;157;0.04;0.01;0.11;0.06;0.02;1.89;0.42;3.97;2.17;0.69
08/01/24   ;04:00;0.69;13.4;10.9;0.69;1198;0;-0.05;0.06;0.01;197;0.04;0;0.09;0.05;0.02;1.51;0.32;2.96;1.88;0.54
08/01/24   ;05:00;0.79;13.4;10.9;0.79;1198;0;-0.08;0.08;0.03;169;0.06;0.01;0.16;0.09;0.03;1.74;0.32;3.73;2.09;0.7
08/01/24   ;06:00;0.86;13.3;11;0.85;1197;0;-0.12;0.15;0.03;164;0.07;0.01;0.26;0.12;0.04;1.8;0.41;3.45;2.21;0.65
08/01/24   ;07:00;0.84;13.3;11;0.84;1200;0;-0.11;0.14;0.03;171;0.07;0.01;0.23;0.12;0.04;1.75;0.36;3.61;2.14;0.73
08/01/24   ;08:00;0.84;13.4;11;0.84;1217;0;-0.22;0.23;0.05;165;0.13;0.01;0.46;0.2;0.07;1.84;0.36;4.29;2.23;0.75
08/01/24   ;09:00;0.84;13.3;10.9;0.84;1198;0;-0.13;0.22;0.05;185;0.11;0.02;0.34;0.17;0.06;1.6;0.29;3.36;1.93;0.59
08/01/24   ;10:00;0.84;13.4;10.9;0.84;1194;0;-0.11;0.14;0.04;193;0.09;0.01;0.22;0.13;0.04;1.54;0.31;3.35;1.88;0.63
08/01/24   ;11:00;0.82;13.4;10.9;0.82;1200;0;-0.15;0.14;0.04;201;0.11;0.02;0.29;0.16;0.05;1.48;0.42;2.98;1.77;0.57
08/01/24   ;12:00;0.69;13.3;10.7;0.69;1195;0;-0.12;0.13;0.04;168;0.1;0.01;0.23;0.15;0.05;1.76;0.36;3.76;2.32;0.73
08/01/24   ;13:00;0.54;13.4;10.6;0.54;1200;0;-0.11;0.11;0.04;166;0.09;0.01;0.2;0.14;0.04;1.8;0.36;4.03;2.44;0.78
08/01/24   ;14:00;0.4;13.4;10.5;0.4;1194;0;-0.11;0.13;0.04;155;0.1;0.01;0.21;0.15;0.05;1.92;0.31;3.88;2.47;0.79
08/01/24   ;15:00;0.29;13.4;10.3;0.29;1199;0;-0.14;0.19;0.04;180;0.09;0.01;0.29;0.14;0.05;1.65;0.43;4.28;2.07;0.71
08/01/24   ;16:00;0.24;13.4;10.2;0.24;1200;0;-0.14;0.13;0.04;182;0.09;0.01;0.21;0.14;0.04;1.64;0.35;3.66;1.84;0.62
08/01/24   ;17:00;0.27;13.4;10.1;0.27;1200;0;-0.12;0.15;0.04;174;0.11;0.01;0.24;0.16;0.05;1.72;0.32;3.67;2.07;0.65
08/01/24   ;18:00;0.39;13.4;10.2;0.39;1200;0;-0.11;0.13;0.04;191;0.09;0.01;0.21;0.14;0.04;1.56;0.31;3.42;1.92;0.61
08/01/24   ;19:00;0.54;13.4;10.3;0.54;1196;0;-0.17;0.17;0.04;181;0.11;0.02;0.25;0.16;0.05;1.63;0.42;3.62;2.2;0.7
08/01/24   ;20:00;0.67;13.4;10.1;0.67;1200;0;-0.14;0.16;0.04;199;0.09;0.01;0.27;0.15;0.05;1.49;0.39;3.69;1.93;0.7
08/01/24   ;21:00;0.77;13.4;10.6;0.77;1200;0;-0.12;0.16;0.04;219;0.08;0.01;0.25;0.13;0.04;1.36;0.42;3.3;1.87;0.64
08/01/24   ;22:00;0.8;13.4;10.2;0.8;1199;0;-0.16;0.15;0.04;220;0.1;0.02;0.27;0.16;0.05;1.35;0.36;3.14;1.73;0.58
08/01/24   ;23:00;0.76;13.4;10;0.76;1200;0;-0.1;0.11;0.03;234;0.07;0.01;0.19;0.1;0.03;1.28;0.3;3.35;1.56;0.61
09/01/24   ;00:00;0.67;13.4;10.1;0.67;1200;0;-0.06;0.07;0.02;224;0.04;0.01;0.11;0.07;0.02;1.33;0.3;3.3;1.82;0.61
09/01/24   ;01:00;0.56;13.4;10.1;0.56;1207;0;-0.09;0.12;0.03;174;0.07;0.01;0.18;0.1;0.03;1.72;0.35;3.97;2.59;0.85
09/01/24   ;02:00;0.46;13.3;10;0.46;1196;0;-0.05;0.07;0.01;199;0.03;0;0.12;0.05;0.02;1.5;0.31;3.52;2.12;0.72
09/01/24   ;03:00;0.44;13.3;10.2;0.44;1199;0;-0.08;0.08;0.02;247;0.06;0.01;0.14;0.08;0.02;1.2;0.45;2.81;1.39;0.41
09/01/24   ;04:00;0.53;13.4;9.7;0.53;1200;0;-0.06;0.05;0.02;258;0.04;0.01;0.1;0.06;0.02;1.16;0.3;2.62;1.43;0.52
09/01/24   ;05:00;0.69;13.3;10;0.69;1200;0;-0.14;0.14;0.03;190;0.08;0.01;0.28;0.12;0.04;1.56;0.31;3.35;2.03;0.68
09/01/24   ;06:00;0.84;13.4;10.1;0.84;1192;0;-0.1;0.11;0.03;205;0.07;0.01;0.18;0.1;0.03;1.45;0.35;3.21;1.82;0.58
09/01/24   ;07:00;0.85;13.4;10;0.85;1206;0;-0.15;0.15;0.04;155;0.1;0.02;0.29;0.15;0.05;1.93;0.27;3.98;2.35;0.82
09/01/24   ;08:00;0.82;13.4;10.2;0.82;1206;0;-0.14;0.22;0.05;187;0.11;0.01;0.33;0.17;0.05;1.6;0.33;3.34;1.86;0.63
09/01/24   ;09:00;0.87;13.3;9.7;0.87;1198;0;-0.16;0.18;0.05;173;0.12;0.01;0.32;0.18;0.06;1.72;0.47;3.28;2.04;0.64
09/01/24   ;10:00;0.86;13.3;10;0.86;1200;0;-0.16;0.15;0.04;172;0.1;0.02;0.32;0.15;0.05;1.73;0.49;3.54;2.02;0.67
09/01/24   ;11:00;0.83;13.4;10;0.83;1200;0;-0.11;0.13;0.04;188;0.09;0.01;0.21;0.13;0.04;1.59;0.31;3.6;1.9;0.64
09/01/24   ;12:00;0.69;13.3;10.2;0.69;1200;0;-0.13;0.13;0.04;167;0.1;0.02;0.24;0.15;0.05;1.79;0.47;3.71;2.13;0.7
09/01/24   ;13:00;0.5;13.3;10;0.5;1200;0;-0.13;0.16;0.04;160;0.09;0.01;0.24;0.15;0.05;1.87;0.4;4.28;2.35;0.82
09/01/24   ;14:00;0.3;13.3;10;0.3;1195;0;-0.16;0.17;0.05;179;0.11;0.01;0.28;0.16;0.05;1.65;0.33;3.68;2.09;0.64
09/01/24   ;15:00;0.15;13.4;9.3;0.15;1200;0;-0.13;0.14;0.04;186;0.1;0.02;0.27;0.15;0.04;1.61;0.3;3.61;1.89;0.59
09/01/24   ;16:00;0.07;13.4;9.2;0.07;1200;0;-0.16;0.15;0.04;191;0.1;0.01;0.28;0.16;0.05;1.56;0.33;3.83;1.9;0.64
09/01/24   ;17:00;0.06;13.4;9.7;0.06;1206;0;-0.11;0.16;0.04;167;0.1;0.01;0.23;0.14;0.04;1.79;0.32;3.96;2.23;0.75
09/01/24   ;18:00;0.15;13.4;9.6;0.15;1195;0;-0.16;0.18;0.05;168;0.11;0.02;0.3;0.18;0.06;1.77;0.38;3.6;2.27;0.79
09/01/24   ;19:00;0.3;13.4;8.9;0.3;1199;0;-0.1;0.13;0.03;158;0.08;0.01;0.2;0.13;0.04;1.88;0.35;3.82;2.38;0.78
09/01/24   ;20:00;0.44;13.4;9.5;0.45;1199;0;-0.09;0.11;0.03;190;0.07;0.01;0.21;0.1;0.03;1.57;0.34;3.42;2;0.63
09/01/24   ;21:00;0.58;13.4;9.5;0.58;1196;0;-0.12;0.12;0.03;194;0.06;0.02;0.22;0.1;0.03;1.53;0.28;3.34;1.86;0.64
09/01/24   ;22:00;0.66;13.4;8.7;0.66;1200;0;-0.07;0.1;0.02;201;0.06;0.01;0.16;0.09;0.03;1.49;0.3;3.86;2.05;0.69
09/01/24   ;23:00;0.68;13.4;9.4;0.68;1198;0;-0.08;0.08;0.02;199;0.05;0.01;0.13;0.08;0.03;1.5;0.34;3.93;2.01;0.68
10/01/24   ;00:00;0.65;13.4;9.4;0.65;1200;0;-0.09;0.09;0.03;197;0.06;0.01;0.16;0.09;0.03;1.52;0.31;3.62;2.21;0.76
10/01/24   ;01:00;0.58;13.4;9.5;0.58;1200;0;-0.07;0.09;0.03;181;0.06;0.01;0.14;0.09;0.03;1.65;0.41;3.75;2.35;0.83
10/01/24   ;02:00;0.51;13.4;9.4;0.51;1200;0;-0.05;0.07;0.02;208;0.04;0;0.11;0.06;0.02;1.43;0.3;3.55;1.88;0.67
10/01/24   ;03:00;0.48;13.4;8.4;0.48;1195;0;-0.12;0.1;0.02;151;0.05;0;0.22;0.09;0.04;1.97;0.37;4.43;2.47;0.86
10/01/24   ;04:00;0.51;13.4;9;0.51;1197;0;-0.03;0.03;0.01;217;0.02;0;0.05;0.03;0.01;1.37;0.27;3.74;1.94;0.63
10/01/24   ;05:00;0.6;13.4;9;0.6;1196;0;-0.11;0.11;0.03;148;0.07;0.01;0.2;0.12;0.04;2.01;0.38;4.11;2.75;0.9
10/01/24   ;06:00;0.73;13.4;9.6;0.73;1200;0;-0.1;0.09;0.02;200;0.05;0.01;0.17;0.08;0.03;1.49;0.28;3.87;1.88;0.59
10/01/24   ;07:00;0.78;13.4;10.4;0.77;1200;0;-0.13;0.17;0.04;174;0.09;0.01;0.28;0.14;0.05;1.7;0.27;3.63;2.13;0.72
10/01/24   ;08:00;0.82;13.3;10.3;0.82;1197;0;-0.19;0.22;0.05;168;0.13;0.01;0.34;0.2;0.06;1.77;0.56;3.48;2.17;0.63
10/01/24   ;09:00;0.87;13.3;9.8;0.87;1200;0;-0.16;0.17;0.05;182;0.12;0.01;0.29;0.19;0.06;1.64;0.34;3.33;2.04;0.61
10/01/24   ;10:00;0.9;13.4;9.4;0.9;1216;0;-0.22;0.19;0.06;169;0.13;0.01;0.39;0.21;0.07;1.79;0.33;3.79;2.44;0.81
10/01/24   ;11:00;0.88;13.4;9.8;0.88;1199;0;-0.14;0.14;0.04;191;0.1;0.01;0.26;0.15;0.05;1.56;0.44;3.27;1.91;0.62
10/01/24   ;12:00;0.74;13.4;9.3;0.74;1194;0;-0.11;0.15;0.04;169;0.09;0.01;0.21;0.14;0.04;1.75;0.29;3.68;2.22;0.7
10/01/24   ;13:00;0.53;13.3;9.6;0.53;1198;0;-0.13;0.15;0.04;167;0.09;0.01;0.28;0.14;0.04;1.78;0.28;3.96;2.3;0.75
10/01/24   ;14:00;0.31;13.3;8.7;0.31;1200;0;-0.14;0.12;0.04;167;0.1;0.02;0.25;0.16;0.04;1.79;0.71;3.66;2.11;0.62
10/01/24   ;15:00;0.11;13.4;8.7;0.11;1199;0;-0.13;0.13;0.04;177;0.08;0.01;0.21;0.13;0.04;1.68;0.36;3.59;2.08;0.65
10/01/24   ;16:00;-0.06;13.4;8.2;-0.06;1200;0;-0.11;0.12;0.04;165;0.09;0.02;0.22;0.14;0.04;1.8;0.59;4.12;2.19;0.74
10/01/24   ;17:00;-0.15;13.4;8.9;-0.15;1200;0;-0.09;0.11;0.03;173;0.08;0.01;0.21;0.12;0.04;1.72;0.53;3.68;1.94;0.66
10/01/24   ;18:00;-0.12;13.3;8.5;-0.12;1197;0;-0.1;0.13;0.03;160;0.08;0;0.22;0.12;0.04;1.87;0.29;4.28;2.33;0.73
10/01/24   ;19:00;0.03;13.4;7.6;0.03;1200;0;-0.12;0.13;0.03;156;0.08;0.01;0.24;0.12;0.04;1.91;0.27;3.94;2.36;0.79
10/01/24   ;20:00;0.23;13.4;8.1;0.23;1200;0;-0.12;0.16;0.03;168;0.08;0;0.25;0.12;0.04;1.77;0.29;3.62;2.07;0.72
10/01/24   ;21:00;0.41;13.4;7.7;0.41;1200;0;-0.08;0.08;0.03;164;0.06;0.01;0.15;0.09;0.03;1.82;0.29;4.05;2.25;0.77
10/01/24   ;22:00;0.55;13.4;7.7;0.55;1200;0;-0.08;0.1;0.02;188;0.05;0.01;0.15;0.08;0.03;1.57;0.29;3.1;1.91;0.57
10/01/24   ;23:00;0.65;13.4;8.4;0.65;1200;0;-0.06;0.07;0.02;165;0.05;0.01;0.13;0.08;0.03;1.8;0.3;3.99;2.5;0.85
11/01/24   ;00:00;0.69;13.4;8.8;0.69;1196;0;-0.15;0.15;0.03;165;0.07;0.01;0.26;0.12;0.05;1.8;0.34;4.49;2.51;0.9
11/01/24   ;01:00;0.65;13.4;8.6;0.65;1200;0;-0.07;0.08;0.03;163;0.06;0.01;0.13;0.1;0.03;1.83;0.45;4.15;2.34;0.74
11/01/24   ;02:00;0.57;13.4;8;0.57;1200;0;-0.05;0.06;0.02;148;0.04;0;0.1;0.06;0.02;2.01;0.43;4.22;2.41;0.76
11/01/24   ;03:00;0.47;13.4;7.7;0.47;1196;0;-0.06;0.05;0.01;182;0.03;0;0.11;0.05;0.02;1.63;0.31;4.04;1.94;0.64
11/01/24   ;04:00;0.42;13.4;7.6;0.42;1198;0;-0.05;0.03;0.01;162;0.02;0;0.06;0.04;0.01;1.84;0.44;3.9;2.37;0.79
11/01/24   ;05:00;0.44;13.4;7.8;0.44;1200;0;-0.1;0.09;0.02;166;0.04;0.01;0.18;0.08;0.03;1.79;0.37;3.54;2.29;0.79
11/01/24   ;06:00;0.54;13.4;7.9;0.54;1200;0;-0.12;0.09;0.02;178;0.05;0.01;0.2;0.08;0.03;1.68;0.3;4.04;2.28;0.77
11/01/24   ;07:00;0.69;13.4;9;0.69;1197;0;-0.17;0.17;0.05;151;0.12;0.02;0.31;0.19;0.06;1.96;0.34;3.87;2.6;0.82
11/01/24   ;08:00;0.82;13.4;8.4;0.82;1188;0;-0.16;0.19;0.05;172;0.11;0.01;0.29;0.17;0.06;1.71;0.39;3.59;1.98;0.67
11/01/24   ;09:00;0.91;13.3;9.2;0.91;1192;0;-0.13;0.17;0.04;193;0.1;0.01;0.26;0.15;0.05;1.54;0.27;3.19;1.82;0.58
11/01/24   ;10:00;0.97;13.3;9.4;0.97;1199;0;-0.16;0.17;0.04;195;0.09;0.01;0.3;0.15;0.05;1.53;0.33;3.48;1.94;0.64
11/01/24   ;11:00;0.94;13.4;9.3;0.94;1200;0;-0.12;0.13;0.04;173;0.1;0;0.23;0.16;0.05;1.72;0.28;4.04;2.17;0.72
11/01/24   ;12:00;0.78;13.4;9.2;0.78;1197;0;-0.12;0.13;0.03;178;0.08;0;0.22;0.13;0.04;1.66;0.36;3.72;2.01;0.65
11/01/24   ;13:00;0.58;13.3;8.6;0.58;1196;0;-0.14;0.16;0.04;162;0.1;0.02;0.3;0.16;0.05;1.83;0.54;3.6;2.17;0.68
11/01/24   ;14:00;0.36;13.3;8.4;0.35;1195;0;-0.14;0.15;0.04;153;0.1;0.01;0.28;0.15;0.04;1.93;0.33;4.25;2.23;0.72
11/01/24   ;15:00;0.12;13.4;8;0.12;1200;0;-0.09;0.12;0.03;168;0.07;0.01;0.17;0.1;0.03;1.76;0.34;3.94;2.19;0.68
11/01/24   ;16:00;-0.08;13.4;7.7;-0.08;1198;0;-0.11;0.1;0.03;156;0.08;0.02;0.18;0.12;0.03;1.91;0.38;3.95;2.36;0.81
11/01/24   ;17:00;-0.21;13.4;7.7;-0.21;1200;0;-0.14;0.14;0.04;157;0.09;0.02;0.25;0.14;0.04;1.9;0.31;4.21;2.42;0.86
11/01/24   ;18:00;-0.23;13.3;7.7;-0.23;1200;0;-0.13;0.15;0.04;157;0.08;0.01;0.23;0.13;0.04;1.89;0.28;4.1;2.43;0.86
11/01/24   ;19:00;-0.09;13.4;8.1;-0.09;1197;0;-0.11;0.13;0.04;167;0.08;0.01;0.23;0.14;0.05;1.78;0.35;3.5;2.26;0.69
11/01/24   ;20:00;0.12;13.4;8.1;0.12;1196;0;-0.14;0.18;0.04;163;0.09;0.02;0.31;0.15;0.05;1.82;0.68;3.69;2.26;0.7
11/01/24   ;21:00;0.34;13.4;7.6;0.34;1200;0;-0.1;0.09;0.03;165;0.07;0.01;0.19;0.11;0.03;1.8;0.35;4.02;2.08;0.65
11/01/24   ;22:00;0.52;13.4;7.9;0.52;1200;0;-0.12;0.11;0.03;207;0.06;0;0.23;0.1;0.03;1.44;0.3;3.22;1.75;0.57
11/01/24   ;23:00;0.66;13.4;8.1;0.66;1196;0;-0.07;0.08;0.02;172;0.05;0.01;0.13;0.08;0.02;1.73;0.43;3.79;2.36;0.75
12/01/24   ;00:00;0.73;13.4;9.5;0.73;1196;0;-0.14;0.14;0.03;159;0.07;0.01;0.28;0.11;0.04;1.87;0.37;3.77;2.17;0.63
12/01/24   ;01:00;0.73;13.4;9.4;0.73;1193;0;-0.07;0.09;0.02;161;0.05;0;0.16;0.08;0.03;1.84;0.34;4.09;2.36;0.79
12/01/24   ;02:00;0.62;13.4;8.6;0.62;1200;0;-0.05;0.05;0.01;151;0.04;0.01;0.09;0.06;0.02;1.97;0.31;3.98;2.43;0.77
12/01/24   ;03:00;0.48;13.4;8;0.48;1200;0;-0.04;0.03;0.01;154;0.03;0;0.07;0.04;0.01;1.93;0.57;3.59;2.34;0.7
12/01/24   ;04:00;0.37;13.4;7.8;0.37;1200;0;-0.04;0.05;0.01;138;0.03;0;0.08;0.05;0.02;2.15;0.32;3.92;2.77;0.83
12/01/24   ;05:00;0.3;13.4;7.7;0.3;1200;0;-0.07;0.06;0.02;148;0.04;0;0.12;0.06;0.02;2.01;0.45;3.97;2.6;0.84
12/01/24   ;06:00;0.33;13.4;7.8;0.33;1199;0;-0.09;0.09;0.02;174;0.05;0;0.13;0.08;0.03;1.7;0.32;3.41;2.08;0.63
12/01/24   ;07:00;0.46;13.4;8.1;0.46;1195;0;-0.15;0.21;0.04;152;0.11;0.01;0.34;0.17;0.06;1.95;0.35;3.89;2.54;0.8
12/01/24   ;08:00;0.64;13.3;8.4;0.64;1210;0;-0.13;0.15;0.04;176;0.1;0.01;0.25;0.16;0.05;1.7;0.41;3.23;2.16;0.67
12/01/24   ;09:00;0.77;13.4;8.7;0.77;1201;0;-0.21;0.18;0.05;181;0.12;0.02;0.33;0.18;0.05;1.65;0.44;3.58;1.97;0.59
12/01/24   ;10:00;0.85;13.4;9.2;0.85;1202;0;-0.11;0.16;0.04;187;0.1;0.01;0.26;0.15;0.04;1.6;0.31;3.59;1.91;0.65
12/01/24   ;11:00;0.87;13.4;9.4;0.87;1199;0;-0.12;0.18;0.04;180;0.1;0.01;0.26;0.16;0.05;1.65;0.34;3.61;2.06;0.69
12/01/24   ;12:00;0.79;13.4;9.3;0.79;1197;0;-0.12;0.11;0.04;178;0.09;0.01;0.23;0.13;0.04;1.68;0.35;3.44;2.04;0.62
12/01/24   ;13:00;0.6;13.4;8.8;0.59;1200;0;-0.11;0.12;0.04;174;0.09;0.01;0.22;0.13;0.04;1.71;0.31;3.42;2.03;0.64
12/01/24   ;14:00;0.38;13.4;8.4;0.38;1199;0;-0.11;0.12;0.03;174;0.08;0.01;0.2;0.13;0.04;1.72;0.56;4.14;2.11;0.68
12/01/24   ;15:00;0.17;13.4;8.2;0.16;1207;0;-0.15;0.18;0.04;161;0.1;0.01;0.3;0.16;0.05;1.86;0.49;4.55;2.28;0.78
12/01/24   ;16:00;-0.02;13.4;7.9;-0.02;1188;0;-0.09;0.09;0.03;177;0.07;0.01;0.15;0.11;0.03;1.66;0.4;4.02;2.03;0.67
12/01/24   ;17:00;-0.17;13.4;7.8;-0.17;1202;0;-0.11;0.13;0.04;165;0.09;0.01;0.23;0.13;0.04;1.81;0.57;4.1;2.09;0.7
12/01/24   ;18:00;-0.23;13.4;7.8;-0.23;1200;0;-0.1;0.11;0.03;173;0.08;0.01;0.2;0.12;0.04;1.72;0.33;3.53;2.01;0.61
12/01/24   ;19:00;-0.15;13.3;8.1;-0.15;1205;0;-0.13;0.09;0.03;190;0.07;0;0.21;0.11;0.04;1.57;0.29;3.48;1.92;0.66
12/01/24   ;20:00;0.04;13.4;8.3;0.05;1200;0;-0.09;0.08;0.03;177;0.07;0.01;0.15;0.1;0.03;1.68;0.34;3.51;1.89;0.64
12/01/24   ;21:00;0.25;13.4;8;0.25;1195;0;-0.1;0.12;0.03;166;0.08;0;0.22;0.12;0.04;1.77;0.34;4.24;2.13;0.67
12/01/24   ;22:00;0.42;13.4;8.2;0.42;1196;0;-0.09;0.12;0.03;157;0.07;0.01;0.2;0.11;0.04;1.88;0.48;3.66;2.47;0.78
12/01/24   ;23:00;0.58;13.4;8.1;0.58;1200;0;-0.1;0.09;0.02;181;0.06;0.01;0.13;0.09;0.03;1.65;0.33;3.69;2.17;0.73
13/01/24   ;00:00;0.68;13.4;8.9;0.68;1196;0;-0.09;0.13;0.03;167;0.07;0;0.16;0.11;0.03;1.77;0.3;3.64;2.21;0.69
13/01/24   ;01:00;0.69;13.4;9.1;0.69;1202;0;-0.1;0.08;0.02;152;0.06;0.01;0.14;0.09;0.03;1.95;0.27;3.88;2.49;0.79
13/01/24   ;02:00;0.65;13.4;8.9;0.65;1198;0;-0.05;0.05;0.02;166;0.04;0.01;0.09;0.06;0.02;1.79;0.31;4.02;2.45;0.8
13/01/24   ;03:00;0.55;13.4;8.2;0.54;1210;0;-0.03;0.05;0.01;165;0.03;0;0.08;0.04;0.01;1.82;0.28;3.31;2.35;0.7
13/01/24   ;04:00;0.41;13.4;8.1;0.41;1201;0;-0.04;0.04;0.01;153;0.03;0;0.07;0.05;0.01;1.95;0.49;4.18;2.31;0.6
13/01/24   ;05:00;0.32;13.4;8;0.32;1194;0;-0.09;0.1;0.03;114;0.07;0.01;0.19;0.12;0.04;2.57;0.3;4.48;3.54;1.07
13/01/24   ;06:00;0.28;13.4;7.9;0.28;1200;0;-0.1;0.09;0.03;148;0.06;0.01;0.17;0.09;0.03;2;0.37;7.35;2.46;0.95
13/01/24   ;07:00;0.29;13.4;8;0.29;1195;0;-0.14;0.13;0.04;139;0.09;0.01;0.24;0.15;0.05;2.12;0.38;3.87;2.74;0.89
13/01/24   ;08:00;0.4;13.4;8.2;0.4;1195;0;-0.13;0.13;0.04;171;0.09;0.01;0.25;0.14;0.05;1.74;0.27;3.23;2.1;0.62
13/01/24   ;09:00;0.54;13.4;9;0.54;1197;0;-0.11;0.14;0.04;178;0.09;0.02;0.24;0.13;0.04;1.67;0.39;3.43;1.99;0.58
13/01/24   ;10:00;0.67;13.4;8.5;0.67;1200;0;-0.11;0.14;0.04;192;0.09;0.01;0.21;0.14;0.04;1.54;0.39;3.24;1.83;0.57
13/01/24   ;11:00;0.77;13.4;8.9;0.77;1200;0;-0.12;0.15;0.04;189;0.09;0.01;0.22;0.13;0.04;1.58;0.36;3.41;1.88;0.6
13/01/24   ;12:00;0.77;13.4;8.9;0.77;1200;0;-0.12;0.15;0.04;184;0.09;0.01;0.25;0.14;0.04;1.61;0.32;3.8;2.04;0.69
13/01/24   ;13:00;0.66;13.4;8.8;0.66;1200;0;-0.13;0.11;0.04;176;0.08;0;0.21;0.13;0.04;1.69;0.35;3.36;2.15;0.68
13/01/24   ;14:00;0.49;13.4;8.6;0.49;1200;0;-0.13;0.12;0.04;155;0.1;0.01;0.2;0.15;0.04;1.92;0.28;3.56;2.33;0.73
13/01/24   ;15:00;0.29;13.4;8.4;0.29;1200;0;-0.12;0.1;0.04;167;0.08;0.01;0.2;0.12;0.04;1.79;0.38;4.4;2.19;0.74
13/01/24   ;16:00;0.07;13.4;8.1;0.07;1199;0;-0.11;0.12;0.03;172;0.08;0.01;0.18;0.12;0.04;1.72;0.45;4.03;2.15;0.71
13/01/24   ;17:00;-0.09;13.4;7.9;-0.09;1207;0;-0.13;0.13;0.04;174;0.09;0.02;0.23;0.13;0.04;1.73;0.5;4.1;2.1;0.63
13/01/24   ;18:00;-0.21;13.3;7.7;-0.21;1200;0;-0.12;0.11;0.04;160;0.08;0.01;0.2;0.13;0.04;1.86;0.35;4;2.45;0.8
13/01/24   ;19:00;-0.21;13.3;7.7;-0.21;1200;0;-0.09;0.11;0.03;167;0.07;0.01;0.17;0.11;0.03;1.79;0.38;4.07;2.22;0.78
13/01/24   ;20:00;-0.07;13.4;8.1;-0.07;1196;0;-0.08;0.07;0.02;189;0.05;0;0.13;0.08;0.02;1.57;0.34;3.15;1.89;0.61
13/01/24   ;21:00;0.14;13.4;8.3;0.14;1200;0;-0.07;0.08;0.02;170;0.06;0.01;0.13;0.09;0.03;1.75;0.41;3.66;2.18;0.7
13/01/24   ;22:00;0.35;13.4;7.9;0.35;1193;0;-0.06;0.06;0.02;165;0.05;0;0.11;0.08;0.02;1.78;0.36;3.76;2.4;0.84
13/01/24   ;23:00;0.53;13.3;8.1;0.53;1196;0;-0.06;0.08;0.02;176;0.05;0;0.13;0.09;0.03;1.68;0.35;3.98;2.17;0.75
14/01/24   ;00:00;0.67;13.3;8.1;0.67;1194;0;-0.11;0.1;0.03;176;0.06;0.01;0.19;0.1;0.03;1.69;0.34;3.79;2.06;0.71
14/01/24   ;01:00;0.77;13.4;8.8;0.77;1200;0;-0.09;0.1;0.02;179;0.06;0;0.16;0.09;0.03;1.67;0.26;3.92;2.09;0.71
14/01/24   ;02:00;0.79;13.4;9;0.79;1200;0;-0.08;0.07;0.02;150;0.05;0;0.13;0.08;0.03;1.98;0.31;3.81;2.61;0.87
14/01/24   ;03:00;0.71;13.4;8.8;0.71;1197;0;-0.03;0.03;0.01;154;0.02;0;0.06;0.04;0.01;1.93;0.37;4.04;2.53;0.75
14/01/24   ;04:00;0.57;13.4;8.2;0.57;1199;0;-0.03;0.03;0.01;154;0.03;0;0.06;0.04;0.01;1.92;0.32;3.52;2.4;0.72
14/01/24   ;05:00;0.43;13.4;8;0.43;1205;0;-0.1;0.1;0.02;114;0.05;0;0.19;0.09;0.03;2.61;0.88;4.35;3.5;0.95
14/01/24   ;06:00;0.32;13.4;7.9;0.32;1197;0;-0.1;0.1;0.02;147;0.04;0;0.18;0.08;0.04;2.03;0.42;4.4;2.99;1.01
14/01/24   ;07:00;0.28;13.4;7.8;0.28;1200;0;-0.08;0.1;0.03;164;0.06;0.01;0.17;0.09;0.03;1.81;0.31;3.68;2.3;0.69
14/01/24   ;08:00;0.34;13.4;8.1;0.34;1200;0;-0.09;0.11;0.03;174;0.07;0.01;0.2;0.11;0.03;1.71;0.31;3.72;1.96;0.64
14/01/24   ;09:00;0.47;13.4;8.2;0.47;1198;0;-0.13;0.12;0.04;167;0.09;0;0.21;0.13;0.04;1.77;0.33;3.8;2.23;0.69
14/01/24   ;10:00;0.63;13.4;8.3;0.62;1196;0;-0.1;0.12;0.03;206;0.07;0.01;0.22;0.12;0.04;1.43;0.27;3.11;1.77;0.54
14/01/24   ;11:00;0.75;13.4;8.3;0.75;1200;0;-0.11;0.16;0.04;184;0.09;0.01;0.22;0.14;0.04;1.63;0.29;3.82;1.99;0.64
14/01/24   ;12:00;0.8;13.4;8.6;0.8;1200;0;-0.13;0.15;0.04;176;0.09;0.02;0.26;0.15;0.05;1.69;0.45;3.63;2.2;0.72
14/01/24   ;13:00;0.76;13.4;8.6;0.76;1200;0;-0.12;0.13;0.04;163;0.09;0.01;0.22;0.14;0.04;1.83;0.58;3.65;2.24;0.72
14/01/24   ;14:00;0.62;13.4;8.5;0.62;1200;0;-0.09;0.1;0.03;165;0.08;0.02;0.17;0.12;0.03;1.81;0.45;3.71;2.14;0.73
14/01/24   ;15:00;0.44;13.4;8.3;0.44;1198;0;-0.09;0.09;0.03;170;0.07;0.01;0.16;0.1;0.03;1.76;0.29;3.79;2.09;0.66
14/01/24   ;16:00;0.24;13.4;8.1;0.24;1200;0;-0.12;0.11;0.04;151;0.09;0.01;0.22;0.14;0.04;1.97;0.4;4.46;2.42;0.77
14/01/24   ;17:00;0.06;13.4;7.9;0.06;1192;0;-0.07;0.1;0.03;154;0.06;0.01;0.14;0.09;0.03;1.93;0.38;5.05;2.51;0.83
14/01/24   ;18:00;-0.07;13.4;7.8;-0.07;1195;0;-0.11;0.13;0.04;159;0.09;0.01;0.23;0.14;0.04;1.87;0.59;4.14;2.21;0.67
14/01/24   ;19:00;-0.12;13.3;7.7;-0.12;1192;0;-0.11;0.12;0.04;155;0.09;0.01;0.22;0.14;0.04;1.91;0.38;3.64;2.27;0.68
14/01/24   ;20:00;-0.06;13.3;7.9;-0.06;1195;0;-0.14;0.14;0.04;164;0.09;0.01;0.28;0.15;0.05;1.8;0.66;3.71;2.12;0.61
14/01/24   ;21:00;0.12;13.4;8;0.12;1200;0;-0.09;0.11;0.03;188;0.07;0.01;0.19;0.11;0.03;1.59;0.42;3.67;2.01;0.65
14/01/24   ;22:00;0.32;13.4;8;0.32;1200;0;-0.13;0.11;0.03;173;0.07;0.01;0.21;0.1;0.04;1.72;0.4;3.79;2.2;0.71
14/01/24   ;23:00;0.5;13.3;7.8;0.5;1200;0;-0.07;0.07;0.02;172;0.05;0;0.13;0.07;0.02;1.73;0.39;3.73;2.35;0.79
15/01/24   ;00:00;0.66;13.3;7.8;0.66;1200;0;-0.13;0.1;0.03;156;0.07;0.01;0.18;0.11;0.04;1.89;0.32;3.89;2.55;0.88
15/01/24   ;01:00;0.78;13.4;8.5;0.78;1199;0;-0.07;0.07;0.02;177;0.05;0;0.15;0.08;0.03;1.68;0.29;3.58;2.35;0.79
15/01/24   ;02:00;0.85;13.4;9.1;0.85;1207;0;-0.05;0.07;0.02;200;0.04;0;0.1;0.05;0.02;1.5;0.35;3.3;1.95;0.64
15/01/24   ;03:00;0.83;13.4;9;0.83;1187;0;-0.03;0.03;0.01;182;0.02;0;0.05;0.03;0.01;1.6;0.33;3.09;2.06;0.66
15/01/24   ;04:00;0.73;13.3;8.6;0.73;1199;0;-0.03;0.03;0.01;161;0.02;0;0.05;0.04;0.01;1.85;0.4;3.79;2.24;0.66
15/01/24   ;05:00;0.6;13.3;8.1;0.6;1196;0;-0.05;0.06;0.02;165;0.05;0;0.1;0.07;0.02;1.79;0.32;4.04;2.29;0.71
15/01/24   ;06:00;0.48;13.4;7.9;0.48;1208;0;-0.07;0.06;0.02;175;0.04;0.01;0.11;0.07;0.02;1.72;0.39;3.41;2.26;0.71
15/01/24   ;07:00;0.41;13.4;7.8;0.41;1196;0;-0.09;0.1;0.03;163;0.06;0.01;0.15;0.1;0.03;1.81;0.35;3.81;2.18;0.72
15/01/24   ;08:00;0.4;13.4;7.8;0.4;1191;0;-0.14;0.18;0.05;159;0.11;0.01;0.29;0.17;0.06;1.86;0.35;4.16;2.28;0.75
15/01/24   ;09:00;0.48;13.4;8.1;0.47;1199;0;-0.12;0.13;0.04;172;0.1;0.02;0.23;0.15;0.05;1.72;0.48;3.36;1.93;0.63
15/01/24   ;10:00;0.61;13.4;8.3;0.61;1200;0;-0.13;0.17;0.04;181;0.1;0.01;0.26;0.16;0.05;1.64;0.35;3.33;1.94;0.58
15/01/24   ;11:00;0.72;13.4;8.4;0.72;1208;0;-0.12;0.17;0.04;196;0.09;0.01;0.26;0.15;0.04;1.53;0.31;3.28;1.76;0.54
15/01/24   ;12:00;0.81;13.4;8.4;0.81;1208;0;-0.12;0.15;0.04;185;0.09;0.01;0.26;0.14;0.04;1.62;0.33;3.28;1.89;0.58
15/01/24   ;13:00;0.84;13.4;8.7;0.84;1196;0;-0.1;0.14;0.04;178;0.09;0.01;0.21;0.13;0.04;1.67;0.31;3.92;2;0.64
15/01/24   ;14:00;0.75;13.4;8.6;0.75;1200;0;-0.1;0.12;0.03;172;0.08;0.01;0.18;0.12;0.04;1.72;0.37;4.32;2.2;0.7
15/01/24   ;15:00;0.6;13.4;8.4;0.6;1197;0;-0.12;0.13;0.04;153;0.1;0.01;0.21;0.15;0.04;1.94;0.54;3.81;2.32;0.69
15/01/24   ;16:00;0.41;13.4;8.2;0.41;1200;0;-0.09;0.11;0.03;176;0.07;0.01;0.17;0.11;0.03;1.69;0.36;4.07;1.99;0.64
15/01/24   ;17:00;0.23;13.4;8.1;0.22;1198;0;-0.09;0.1;0.03;164;0.07;0.01;0.17;0.11;0.03;1.82;0.38;3.6;2.19;0.69
15/01/24   ;18:00;0.07;13.4;7.9;0.07;1200;0;-0.11;0.11;0.03;164;0.07;0;0.18;0.12;0.04;1.82;0.29;4.3;2.31;0.79
15/01/24   ;19:00;-0.02;13.4;7.8;-0.02;1200;0;-0.12;0.13;0.04;146;0.09;0.01;0.22;0.15;0.05;2.04;0.3;4.37;2.76;0.86
15/01/24   ;20:00;-0.01;13.4;7.8;-0.01;1197;0;-0.14;0.12;0.03;167;0.07;0.01;0.24;0.11;0.04;1.78;0.48;3.44;2.13;0.67
15/01/24   ;21:00;0.11;13.4;8.1;0.11;1200;0;-0.07;0.07;0.02;160;0.06;0.01;0.11;0.08;0.02;1.86;0.47;3.19;2.31;0.68
15/01/24   ;22:00;0.27;13.4;8.1;0.27;1198;0;-0.1;0.12;0.03;151;0.07;0.01;0.21;0.12;0.04;1.97;0.29;3.69;2.88;0.9
15/01/24   ;23:00;0.43;13.4;8;0.43;1190;0;-0.09;0.12;0.03;171;0.06;0;0.2;0.1;0.03;1.72;0.35;3.84;2.18;0.74
16/01/24   ;00:00;0.59;13.4;8;0.59;1200;0;-0.07;0.07;0.02;164;0.05;0;0.14;0.07;0.02;1.82;0.35;3.5;2.33;0.73
16/01/24   ;01:00;0.73;13.3;8.1;0.73;1200;0;-0.14;0.14;0.03;184;0.07;0.01;0.28;0.11;0.04;1.62;0.32;3.52;1.99;0.68
16/01/24   ;02:00;0.81;13.4;8.5;0.81;1193;0;-0.05;0.05;0.02;163;0.04;0;0.09;0.06;0.02;1.82;0.4;3.9;2.27;0.73
16/01/24   ;03:00;0.84;13.4;9;0.84;1197;0;-0.03;0.03;0.01;171;0.02;0;0.05;0.04;0.01;1.74;0.38;3.2;2.16;0.68
16/01/24   ;04:00;0.8;13.4;9;0.8;1196;0;-0.04;0.03;0.01;192;0.03;0;0.06;0.04;0.01;1.56;0.31;3.66;2.01;0.68
16/01/24   ;05:00;0.68;13.4;8.2;0.68;1195;0;-0.07;0.09;0.02;134;0.05;0;0.17;0.08;0.03;2.21;0.37;3.96;2.75;0.91
16/01/24   ;06:00;0.55;13.4;8;0.55;1200;0;-0.09;0.1;0.02;164;0.06;0;0.14;0.09;0.03;1.82;0.32;3.82;2.31;0.73
16/01/24   ;07:00;0.44;13.4;7.8;0.44;1200;0;-0.15;0.13;0.04;149;0.1;0.01;0.27;0.15;0.05;2;0.29;4.25;2.29;0.71
16/01/24   ;08:00;0.34;13.4;7.8;0.34;1182;0;-0.17;0.16;0.05;171;0.1;0.01;0.29;0.17;0.06;1.71;0.32;4.08;2;0.67
16/01/24   ;09:00;0.32;13.4;7.7;0.32;1200;0;-0.15;0.13;0.04;166;0.11;0.01;0.23;0.16;0.05;1.8;0.39;3.86;2.25;0.69
16/01/24   ;10:00;0.36;13.3;7.9;0.36;1194;0;-0.11;0.13;0.04;177;0.1;0.01;0.21;0.15;0.04;1.67;0.37;3.48;1.92;0.57
16/01/24   ;11:00;0.45;13.4;8.1;0.45;1199;0;-0.11;0.18;0.04;180;0.11;0.01;0.3;0.16;0.05;1.66;0.41;3.36;1.86;0.56
16/01/24   ;12:00;0.53;13.4;8.5;0.53;1197;0;-0.11;0.15;0.04;184;0.09;0.02;0.26;0.14;0.04;1.61;0.31;3.43;1.91;0.58
16/01/24   ;13:00;0.59;13.4;8.4;0.6;1196;0;-0.11;0.15;0.04;190;0.09;0.01;0.26;0.14;0.04;1.56;0.41;3.22;1.97;0.64
16/01/24   ;14:00;0.59;13.4;8.5;0.58;1197;0;-0.13;0.14;0.04;178;0.1;0.01;0.26;0.15;0.05;1.67;0.44;3.47;2.02;0.63
16/01/24   ;15:00;0.5;13.4;8.5;0.5;1200;0;-0.11;0.13;0.03;180;0.08;0.01;0.23;0.12;0.04;1.65;0.31;3.86;2.15;0.7
16/01/24   ;16:00;0.37;13.4;8.2;0.37;1187;0;-0.11;0.11;0.04;165;0.09;0.01;0.19;0.13;0.04;1.79;0.38;3.72;2.08;0.67
16/01/24   ;17:00;0.23;13.4;7.9;0.23;1200;0;-0.12;0.11;0.03;165;0.08;0.01;0.23;0.12;0.04;1.81;0.45;4.02;2.27;0.74
16/01/24   ;18:00;0.1;13.4;7.7;0.09;1200;0;-0.11;0.1;0.03;158;0.07;0.01;0.16;0.11;0.03;1.89;0.32;3.86;2.51;0.8
16/01/24   ;19:00;0;13.4;7.6;0;1200;0;-0.1;0.12;0.03;143;0.08;0.01;0.19;0.12;0.04;2.07;0.35;4.71;2.63;0.87
16/01/24   ;20:00;0;13.4;7.6;0;1200;0;-0.12;0.12;0.03;153;0.08;0.02;0.2;0.12;0.04;1.94;0.71;4.02;2.26;0.64
16/01/24   ;21:00;0.11;13.4;8;0.11;1200;0;-0.08;0.09;0.02;179;0.05;0.01;0.17;0.08;0.03;1.66;0.4;3.47;1.93;0.61
16/01/24   ;22:00;0.27;13.4;8.2;0.27;1200;0;-0.07;0.09;0.03;174;0.06;0;0.15;0.09;0.03;1.71;0.35;3.83;2.17;0.73
16/01/24   ;23:00;0.45;13.4;8;0.45;1200;0;-0.07;0.1;0.02;170;0.06;0;0.17;0.09;0.03;1.75;0.33;3.66;2.38;0.78
17/01/24   ;00:00;0.62;13.3;8.2;0.62;1208;0;-0.07;0.08;0.02;176;0.04;0;0.15;0.06;0.02;1.69;0.31;4.07;2.26;0.79
17/01/24   ;01:00;0.76;13.3;8.1;0.76;1205;0;-0.07;0.07;0.02;172;0.05;0.01;0.12;0.08;0.02;1.74;0.28;3.64;2.28;0.74
17/01/24   ;02:00;0.86;13.4;8.7;0.86;1200;0;-0.04;0.04;0.01;196;0.03;0;0.06;0.04;0.01;1.52;0.31;3.1;2.06;0.7
17/01/24   ;03:00;0.91;13.4;8.8;0.91;1198;0;-0.09;0.08;0.02;182;0.04;0.01;0.15;0.06;0.02;1.62;0.29;3.95;2.13;0.77
17/01/24   ;04:00;0.9;13.3;8.9;0.9;1197;0;-0.04;0.04;0.01;184;0.03;0.01;0.07;0.05;0.01;1.61;0.43;3.07;2.03;0.6
17/01/24   ;05:00;0.83;13.3;8.7;0.83;1198;0;-0.09;0.1;0.03;157;0.07;0.01;0.18;0.11;0.04;1.89;0.36;3.96;2.18;0.81
17/01/24   ;06:00;0.7;13.4;8.5;0.7;1198;0;-0.07;0.08;0.03;154;0.06;0.01;0.14;0.09;0.03;1.94;0.31;3.76;2.61;0.85
17/01/24   ;07:00;0.58;13.4;8.2;0.58;1200;0;-0.1;0.12;0.03;150;0.07;0.01;0.19;0.11;0.04;1.97;0.34;3.93;2.64;0.84
17/01/24   ;08:00;0.47;13.4;8.1;0.46;1195;0;-0.13;0.16;0.04;149;0.11;0.02;0.25;0.16;0.05;1.99;0.43;3.66;2.35;0.72
17/01/24   ;09:00;0.36;13.3;8;0.36;1194;0;-0.14;0.14;0.04;167;0.09;0;0.25;0.15;0.05;1.78;0.35;3.49;2.16;0.66
17/01/24   ;10:00;0.32;13.3;7.9;0.32;1193;0;-0.12;0.15;0.04;180;0.09;0;0.23;0.15;0.05;1.64;0.31;3.07;1.92;0.58
17/01/24   ;11:00;0.32;13.4;7.9;0.32;1199;0;-0.15;0.18;0.04;171;0.09;0.01;0.33;0.13;0.04;1.73;0.31;3.56;2.05;0.67
17/01/24   ;12:00;0.39;13.4;8.2;0.39;1200;0;-0.13;0.11;0.04;169;0.09;0.01;0.23;0.14;0.04;1.76;0.34;4.22;2.29;0.72
17/01/24   ;13:00;0.46;13.4;8.3;0.46;1192;0;-0.11;0.13;0.04;168;0.09;0.01;0.23;0.14;0.05;1.77;0.36;3.27;2.12;0.67
17/01/24   ;14:00;0.5;13.4;8.3;0.5;1196;0;-0.11;0.11;0.04;158;0.09;0.01;0.21;0.14;0.04;1.87;0.26;3.9;2.55;0.84
17/01/24   ;15:00;0.5;13.4;8.3;0.5;1200;0;-0.09;0.1;0.03;173;0.07;0.01;0.17;0.11;0.03;1.73;0.35;3.66;2.29;0.78
17/01/24   ;16:00;0.46;13.4;8.3;0.46;1199;0;-0.09;0.09;0.03;185;0.07;0.01;0.17;0.1;0.03;1.61;0.38;3.53;2.06;0.64
17/01/24   ;17:00;0.39;13.4;8.2;0.39;1200;0;-0.12;0.12;0.03;168;0.09;0;0.23;0.13;0.04;1.77;0.3;3.91;2.09;0.73
17/01/24   ;18:00;0.31;13.4;8.1;0.31;1195;0;-0.12;0.13;0.04;153;0.09;0.01;0.23;0.14;0.04;1.92;0.27;4.06;2.34;0.71
17/01/24   ;19:00;0.29;13.4;7.9;0.29;1200;0;-0.12;0.13;0.03;141;0.08;0.01;0.23;0.13;0.04;2.12;0.63;4.22;2.71;0.86
17/01/24   ;20:00;0.33;13.4;8.1;0.33;1196;0;-0.11;0.11;0.03;169;0.07;0.01;0.19;0.12;0.04;1.76;0.28;3.58;2.22;0.71
17/01/24   ;21:00;0.41;13.4;8.2;0.41;1194;0;-0.09;0.07;0.02;180;0.05;0;0.13;0.08;0.02;1.65;0.34;3.71;2.03;0.66
17/01/24   ;22:00;0.5;13.4;8.2;0.5;1195;0;-0.1;0.09;0.02;177;0.06;0.01;0.16;0.09;0.03;1.67;0.53;3.51;2.01;0.62
17/01/24   ;23:00;0.61;13.4;8.3;0.61;1199;0;-0.09;0.08;0.02;171;0.06;0;0.16;0.1;0.03;1.74;0.42;3.6;2.19;0.68
18/01/24   ;00:00;0.73;13.4;8.1;0.73;1200;0;-0.08;0.1;0.02;187;0.06;0.01;0.15;0.08;0.02;1.59;0.3;3.68;1.93;0.61
18/01/24   ;01:00;0.83;13.4;8.2;0.83;1200;0;-0.09;0.13;0.03;173;0.07;0.01;0.22;0.11;0.04;1.72;0.27;3.75;2.29;0.84
18/01/24   ;02:00;0.92;13.4;8.2;0.92;1199;0;-0.05;0.06;0.02;184;0.04;0.01;0.09;0.06;0.02;1.6;0.31;3.45;2.13;0.72
18/01/24   ;03:00;0.9;13.4;8.2;0.9;1200;0;-0.03;0.03;0.01;214;0.02;0;0.05;0.03;0.01;1.39;0.32;3.64;1.88;0.67
18/01/24   ;04:00;0.91;13.4;8.2;0.91;1200;0;-0.07;0.06;0.02;181;0.04;0;0.11;0.06;0.02;1.65;0.38;3.33;2.06;0.64
18/01/24   ;05:00;0.92;13.4;8.3;0.92;1197;0;-0.07;0.08;0.02;124;0.06;0.01;0.15;0.1;0.03;2.4;0.33;3.96;3.09;0.93
18/01/24   ;06:00;0.84;13.4;8.2;0.84;1198;0;-0.08;0.12;0.03;155;0.07;0.01;0.17;0.11;0.04;1.92;0.4;4.14;2.25;0.68
18/01/24   ;07:00;0.71;13.4;8.1;0.71;1200;0;-0.09;0.13;0.03;157;0.07;0.01;0.21;0.11;0.04;1.9;0.36;4.27;2.3;0.76
18/01/24   ;08:00;0.59;13.4;8.1;0.59;1194;0;-0.13;0.15;0.04;152;0.11;0.02;0.26;0.16;0.05;1.96;0.5;4.02;2.35;0.74
18/01/24   ;09:00;0.48;13.4;8.1;0.48;1200;0;-0.14;0.15;0.04;153;0.09;0.02;0.24;0.14;0.05;1.94;0.42;4.1;2.43;0.76
18/01/24   ;10:00;0.4;13.4;8;0.4;1199;0;-0.09;0.09;0.03;175;0.07;0.01;0.17;0.11;0.03;1.71;0.36;3.3;2.07;0.61
18/01/24   ;11:00;0.39;13.3;8;0.39;1198;0;-0.13;0.15;0.04;168;0.1;0.02;0.23;0.15;0.05;1.77;0.34;3.25;2.17;0.68
18/01/24   ;12:00;0.44;13.3;8.1;0.44;1197;0;-0.15;0.14;0.04;175;0.09;0.01;0.25;0.14;0.04;1.7;0.31;3.92;2.12;0.69
18/01/24   ;13:00;0.49;13.4;8.1;0.49;1196;0;-0.12;0.16;0.04;165;0.09;0.01;0.25;0.14;0.05;1.8;0.34;3.97;2.09;0.67
18/01/24   ;14:00;0.57;13.4;8;0.57;1199;0;-0.11;0.13;0.04;178;0.09;0.01;0.23;0.14;0.04;1.68;0.44;3.58;2.04;0.6
18/01/24   ;15:00;0.63;13.4;7.9;0.63;1197;0;-0.16;0.12;0.04;192;0.09;0.01;0.21;0.13;0.04;1.55;0.32;3.38;1.96;0.61
18/01/24   ;16:00;0.63;13.3;7.9;0.63;1198;0;-0.12;0.13;0.04;185;0.09;0.02;0.25;0.13;0.04;1.6;0.42;3.29;1.93;0.62
18/01/24   ;17:00;0.61;13.3;7.9;0.61;1200;0;-0.16;0.16;0.05;144;0.11;0.02;0.32;0.18;0.06;2.07;0.43;4.2;2.81;1
18/01/24   ;18:00;0.57;13.4;7.9;0.57;1200;0;-0.11;0.11;0.03;161;0.09;0;0.19;0.13;0.04;1.86;0.31;3.97;2.23;0.71
18/01/24   ;19:00;0.51;13.4;8;0.51;1200;0;-0.14;0.13;0.04;156;0.1;0.02;0.27;0.15;0.04;1.91;0.34;3.76;2.39;0.75
18/01/24   ;20:00;0.46;13.4;8;0.46;1200;0;-0.1;0.14;0.03;155;0.08;0.01;0.2;0.13;0.04;1.92;0.33;3.77;2.47;0.81
18/01/24   ;21:00;0.41;13.3;8.1;0.42;1200;0;-0.06;0.08;0.02;163;0.05;0.01;0.13;0.08;0.02;1.83;0.3;3.58;2.13;0.64
18/01/24   ;22:00;0.39;13.4;8.1;0.39;1198;0;-0.09;0.09;0.02;172;0.06;0.01;0.18;0.09;0.03;1.73;0.39;4.67;2.11;0.69
18/01/24   ;23:00;0.45;13.4;8;0.45;1200;0;-0.08;0.09;0.02;160;0.06;0.01;0.15;0.09;0.03;1.87;0.42;3.66;2.26;0.74
19/01/24   ;00:00;0.57;13.4;7.9;0.57;1197;0;-0.14;0.13;0.04;182;0.08;0.01;0.26;0.14;0.05;1.64;0.37;3.34;2.01;0.6
19/01/24   ;01:00;0.71;13.4;7.8;0.71;1199;0;-0.11;0.13;0.03;177;0.07;0.01;0.19;0.1;0.03;1.69;0.3;3.41;1.93;0.66
19/01/24   ;02:00;0.82;13.4;7.7;0.82;1200;0;-0.06;0.07;0.02;161;0.05;0.01;0.11;0.07;0.02;1.85;0.27;3.52;2.22;0.59
19/01/24   ;03:00;0.89;13.4;7.7;0.89;1200;0;-0.04;0.04;0.01;209;0.03;0;0.07;0.04;0.01;1.43;0.3;2.94;1.81;0.58
19/01/24   ;04:00;0.94;13.4;7.9;0.94;1198;0;-0.05;0.05;0.01;188;0.03;0;0.08;0.05;0.02;1.58;0.3;2.96;2;0.63
19/01/24   ;05:00;0.92;13.4;7.9;0.92;1195;0;-0.1;0.11;0.03;166;0.06;0.01;0.19;0.1;0.03;1.78;0.3;3.5;2.18;0.76
19/01/24   ;06:00;0.85;13.4;7.9;0.85;1195;0;-0.2;0.14;0.03;165;0.07;0;0.28;0.13;0.05;1.8;0.31;4.11;2.25;0.84
19/01/24   ;07:00;0.78;13.4;7.8;0.78;1195;0;-0.13;0.15;0.03;155;0.08;0;0.24;0.12;0.04;1.91;0.36;3.76;2.3;0.75
19/01/24   ;08:00;0.67;13.4;7.8;0.67;1195;0;-0.14;0.17;0.04;161;0.11;0.01;0.26;0.17;0.05;1.84;0.33;3.92;2.21;0.76
19/01/24   ;09:00;0.55;13.4;7.8;0.55;1197;0;-0.12;0.12;0.04;167;0.1;0.01;0.21;0.15;0.05;1.78;0.3;4.06;2.17;0.74
19/01/24   ;10:00;0.48;13.4;7.9;0.48;1200;0;-0.16;0.16;0.04;165;0.11;0.02;0.29;0.17;0.05;1.8;0.35;3.69;2.13;0.63
19/01/24   ;11:00;0.42;13.4;7.9;0.42;1199;0;-0.14;0.17;0.04;198;0.1;0.01;0.29;0.16;0.05;1.5;0.33;3.65;1.84;0.61
19/01/24   ;12:00;0.42;13.4;7.9;0.42;1200;0;-0.21;0.25;0.07;180;0.18;0.03;0.41;0.26;0.08;1.66;0.58;3.19;1.92;0.51
19/01/24   ;13:00;0.47;13.3;7.9;0.48;1197;0;-0.21;0.24;0.06;200;0.14;0.01;0.37;0.22;0.07;1.49;0.42;3.24;1.77;0.5
19/01/24   ;14:00;0.52;13.4;7.9;0.52;1200;0;-0.17;0.26;0.06;196;0.13;0.02;0.4;0.2;0.06;1.52;0.33;3.57;1.84;0.58
19/01/24   ;15:00;0.54;13.4;7.9;0.54;1198;0;-0.14;0.27;0.05;202;0.13;0.01;0.4;0.2;0.06;1.48;0.31;3.26;1.78;0.53
19/01/24   ;16:00;0.57;13.4;7.8;0.57;1180;0;-0.19;0.22;0.06;194;0.15;0.01;0.36;0.23;0.07;1.51;0.35;3.44;1.77;0.46
19/01/24   ;17:00;0.59;13.3;7.8;0.58;1195;0;-0.2;0.26;0.07;184;0.17;0.04;0.41;0.26;0.08;1.61;0.38;3.32;1.93;0.5
19/01/24   ;18:00;0.58;13.4;7.7;0.58;1200;0;-0.17;0.21;0.06;187;0.15;0.01;0.35;0.23;0.07;1.59;0.38;3.39;1.79;0.5
19/01/24   ;19:00;0.53;13.4;7.6;0.53;1199;0;-0.12;0.15;0.05;161;0.11;0.01;0.26;0.17;0.05;1.84;0.43;4.04;2.4;0.77
19/01/24   ;20:00;0.46;13.4;7.5;0.46;1200;0;-0.09;0.09;0.03;152;0.07;0.01;0.17;0.1;0.03;1.96;0.4;4.15;2.45;0.78
19/01/24   ;21:00;0.42;13.3;7.4;0.42;1193;0;-0.1;0.09;0.03;156;0.07;0.01;0.18;0.11;0.03;1.89;0.28;3.52;2.34;0.7
19/01/24   ;22:00;0.4;13.3;7.4;0.4;1199;0;-0.08;0.11;0.03;170;0.06;0.01;0.16;0.09;0.03;1.75;0.39;4.1;2.1;0.72
19/01/24   ;23:00;0.4;13.3;7.3;0.4;1200;0;-0.08;0.09;0.03;209;0.06;0.01;0.13;0.09;0.03;1.43;0.44;4.55;1.87;0.67
20/01/24   ;00:00;0.43;13.4;7.2;0.43;1200;0;-0.1;0.15;0.03;213;0.08;0.02;0.22;0.12;0.04;1.4;0.36;2.98;1.77;0.59
20/01/24   ;01:00;0.45;13.4;7.2;0.45;1200;0;-0.11;0.12;0.03;214;0.07;0.01;0.22;0.1;0.03;1.4;0.27;3.6;1.85;0.65
20/01/24   ;02:00;0.48;13.4;7.2;0.48;1200;0;-0.07;0.07;0.02;205;0.05;0;0.13;0.08;0.02;1.45;0.36;3.64;1.95;0.7
20/01/24   ;03:00;0.56;13.4;7;0.56;1196;0;-0.07;0.08;0.02;289;0.05;0.01;0.13;0.08;0.02;1.03;0.27;2.17;1.09;0.3
20/01/24   ;04:00;0.64;13.4;7.1;0.64;1196;0;-0.09;0.11;0.02;244;0.06;0.01;0.19;0.09;0.03;1.22;0.34;2.73;1.43;0.45
20/01/24   ;05:00;0.7;13.4;7.6;0.7;1199;0;-0.09;0.12;0.03;237;0.07;0.01;0.17;0.1;0.03;1.26;0.29;3.45;1.61;0.56
20/01/24   ;06:00;0.72;13.4;7.3;0.72;1200;0;-0.08;0.08;0.02;195;0.06;0.01;0.14;0.09;0.03;1.53;0.3;3.75;2.01;0.74
20/01/24   ;07:00;0.7;13.4;7.3;0.7;1195;0;-0.1;0.12;0.03;154;0.08;0.01;0.21;0.12;0.04;1.94;0.47;3.74;2.66;0.83
20/01/24   ;08:00;0.62;13.4;7.1;0.62;1200;0;-0.1;0.11;0.03;174;0.08;0.01;0.17;0.12;0.04;1.71;0.39;3.77;2.25;0.69
20/01/24   ;09:00;0.51;13.4;7;0.51;1200;0;-0.17;0.17;0.04;154;0.09;0.02;0.27;0.15;0.05;1.93;0.52;3.81;2.3;0.74
20/01/24   ;10:00;0.4;13.4;7;0.39;1200;0;-0.12;0.11;0.03;175;0.08;0.01;0.24;0.12;0.04;1.7;0.35;4.08;2.07;0.73
20/01/24   ;11:00;0.28;13.4;6.8;0.28;1200;0;-0.17;0.16;0.05;146;0.11;0.01;0.24;0.16;0.05;2.03;0.41;4.39;2.54;0.92
20/01/24   ;12:00;0.17;13.4;6.7;0.18;1194;0;-0.12;0.13;0.04;156;0.09;0.01;0.22;0.14;0.04;1.9;0.3;4.52;2.37;0.76
20/01/24   ;13:00;0.08;13.4;6.6;0.08;1200;0;-0.12;0.13;0.04;162;0.09;0.01;0.21;0.14;0.04;1.85;0.51;3.9;2.36;0.77
20/01/24   ;14:00;0.02;13.4;6.5;0.02;1195;0;-0.13;0.14;0.04;172;0.09;0.02;0.23;0.14;0.04;1.72;0.54;3.51;2.04;0.63
20/01/24   ;15:00;0.02;13.4;6.5;0.02;1197;0;-0.11;0.1;0.04;158;0.09;0.02;0.17;0.13;0.04;1.88;0.46;4.13;2.29;0.82
20/01/24   ;16:00;0.07;13.3;6.8;0.07;1200;0;-0.11;0.12;0.03;175;0.08;0.01;0.22;0.13;0.04;1.7;0.42;4.01;2.03;0.65
20/01/24   ;17:00;0.12;13.3;6.5;0.12;1200;0;-0.13;0.13;0.04;175;0.08;0.01;0.21;0.13;0.04;1.71;0.33;3.9;2.28;0.72
20/01/24   ;18:00;0.21;13.3;6.9;0.21;1185;0;-0.12;0.12;0.03;172;0.08;0.01;0.22;0.12;0.04;1.71;0.4;3.49;2.04;0.64
20/01/24   ;19:00;0.3;13.4;6.8;0.3;1196;0;-0.15;0.13;0.04;150;0.09;0.01;0.26;0.14;0.05;1.98;0.29;4.07;2.46;0.83
20/01/24   ;20:00;0.38;13.4;7.1;0.38;1195;0;-0.1;0.12;0.03;142;0.08;0.01;0.17;0.12;0.03;2.09;0.32;3.87;2.73;0.89
20/01/24   ;21:00;0.42;13.4;6.7;0.42;1200;0;-0.09;0.09;0.03;154;0.07;0.01;0.16;0.1;0.03;1.93;0.42;3.59;2.45;0.69
20/01/24   ;22:00;0.41;13.4;7.1;0.41;1200;0;-0.08;0.09;0.03;151;0.06;0.01;0.15;0.1;0.03;1.98;0.67;4.09;2.45;0.73
20/01/24   ;23:00;0.39;13.4;7.3;0.39;1200;0;-0.15;0.15;0.03;172;0.07;0.01;0.29;0.12;0.05;1.73;0.28;3.4;1.95;0.54
21/01/24   ;00:00;0.36;13.4;7.1;0.36;1198;0;-0.08;0.09;0.03;164;0.07;0;0.15;0.1;0.03;1.8;0.28;4.14;2.19;0.71
21/01/24   ;01:00;0.34;13.4;6.5;0.34;1195;0;-0.08;0.08;0.02;173;0.06;0.01;0.15;0.09;0.03;1.71;0.32;3.76;2.11;0.67
21/01/24   ;02:00;0.37;13.3;7.2;0.37;1199;0;-0.1;0.09;0.02;130;0.06;0.01;0.16;0.09;0.03;2.28;0.3;3.99;2.74;0.86
21/01/24   ;03:00;0.43;13.4;7;0.43;1195;0;-0.06;0.05;0.01;174;0.03;0;0.1;0.05;0.02;1.71;0.36;3.22;2;0.57
21/01/24   ;04:00;0.49;13.4;7.4;0.49;1196;0;-0.03;0.03;0.01;178;0.02;0;0.05;0.03;0.01;1.67;0.32;4.16;2.11;0.69
21/01/24   ;05:00;0.55;13.4;6.8;0.55;1200;0;-0.09;0.09;0.03;125;0.07;0;0.17;0.11;0.03;2.39;0.34;3.89;2.88;0.89
21/01/24   ;06:00;0.61;13.4;7.2;0.62;1200;0;-0.12;0.11;0.03;162;0.06;0.01;0.23;0.09;0.04;1.84;0.33;3.55;2.38;0.73
21/01/24   ;07:00;0.66;13.4;7.2;0.66;1207;0;-0.09;0.09;0.03;170;0.06;0;0.17;0.1;0.03;1.76;0.36;3.58;2.26;0.67
21/01/24   ;08:00;0.66;13.4;6.7;0.66;1200;0;-0.14;0.12;0.03;164;0.08;0.01;0.26;0.13;0.04;1.82;0.34;3.59;2.22;0.69
21/01/24   ;09:00;0.59;13.4;7.2;0.59;1200;0;-0.1;0.11;0.03;159;0.08;0.01;0.19;0.12;0.04;1.87;0.56;3.76;2.15;0.64
21/01/24   ;10:00;0.49;13.4;6.9;0.49;1200;0;-0.13;0.13;0.03;177;0.08;0.01;0.26;0.12;0.04;1.68;0.44;3.27;2.03;0.58
21/01/24   ;11:00;0.36;13.4;6.7;0.36;1200;0;-0.12;0.16;0.03;174;0.08;0.01;0.25;0.12;0.04;1.71;0.3;3.47;2.02;0.64
21/01/24   ;12:00;0.21;13.4;6.6;0.21;1194;0;-0.11;0.11;0.03;155;0.08;0.01;0.21;0.12;0.04;1.9;0.38;4.11;2.33;0.77
21/01/24   ;13:00;0.06;13.4;6.6;0.06;1200;0;-0.13;0.13;0.04;159;0.09;0.01;0.24;0.14;0.04;1.88;0.49;4.12;2.27;0.81
21/01/24   ;14:00;-0.06;13.4;6.4;-0.06;1200;0;-0.1;0.1;0.03;184;0.07;0.01;0.18;0.11;0.03;1.62;0.29;3.55;1.9;0.62
21/01/24   ;15:00;-0.13;13.4;6.4;-0.14;1192;0;-0.1;0.13;0.04;164;0.09;0.02;0.23;0.14;0.04;1.81;0.58;3.51;2.05;0.59
21/01/24   ;16:00;-0.13;13.4;6.4;-0.13;1200;0;-0.09;0.15;0.03;179;0.08;0.01;0.23;0.12;0.03;1.67;0.37;3.08;1.94;0.59
21/01/24   ;17:00;-0.02;13.4;7;-0.02;1195;0;-0.12;0.1;0.03;178;0.07;0.01;0.17;0.11;0.03;1.65;0.35;3.38;2;0.67
21/01/24   ;18:00;0.12;13.4;7.1;0.12;1200;0;-0.1;0.15;0.03;184;0.07;0.01;0.26;0.11;0.04;1.62;0.32;3.34;2.01;0.62
21/01/24   ;19:00;0.26;13.4;7;0.26;1196;0;-0.11;0.13;0.03;186;0.08;0.01;0.2;0.12;0.04;1.6;0.34;3.55;1.94;0.57
21/01/24   ;20:00;0.37;13.3;6.6;0.37;1200;0;-0.16;0.15;0.03;175;0.07;0.01;0.31;0.11;0.04;1.71;0.33;3.59;1.97;0.65
21/01/24   ;21:00;0.43;13.3;6.8;0.43;1184;0;-0.07;0.09;0.02;159;0.06;0;0.15;0.09;0.03;1.86;0.38;3.62;2.4;0.79
21/01/24   ;22:00;0.45;13.4;6.7;0.45;1200;0;-0.09;0.1;0.02;164;0.05;0.01;0.19;0.08;0.03;1.82;0.44;4.07;2.1;0.76
21/01/24   ;23:00;0.42;13.4;6.6;0.42;1200;0;-0.1;0.11;0.03;136;0.06;0.01;0.21;0.11;0.04;2.19;0.27;4.4;2.58;0.77
22/01/24   ;00:00;0.35;13.4;6.6;0.35;1200;0;-0.07;0.06;0.02;156;0.05;0.01;0.12;0.08;0.02;1.92;0.53;3.95;2.44;0.75
22/01/24   ;01:00;0.3;13.4;6.6;0.3;1196;0;-0.14;0.12;0.02;156;0.05;0.01;0.25;0.09;0.03;1.9;0.35;3.59;2.35;0.76
22/01/24   ;02:00;0.29;13.4;6.5;0.29;1195;0;-0.05;0.06;0.01;160;0.03;0;0.1;0.06;0.02;1.85;0.39;4.02;2.3;0.78
22/01/24   ;03:00;0.34;13.4;6.5;0.34;1200;0;-0.03;0.03;0.01;165;0.02;0;0.06;0.04;0.01;1.8;0.55;3.57;2.16;0.61
22/01/24   ;04:00;0.42;13.4;6.6;0.42;1200;0;-0.08;0.07;0.02;161;0.05;0;0.15;0.09;0.03;1.86;0.27;3.47;2.27;0.65
22/01/24   ;05:00;0.5;13.4;6.9;0.5;1199;0;-0.09;0.08;0.02;155;0.05;0.01;0.15;0.08;0.03;1.91;0.39;3.83;2.46;0.79
22/01/24   ;06:00;0.57;13.4;6.7;0.57;1200;0;-0.06;0.08;0.02;169;0.06;0;0.14;0.09;0.03;1.77;0.45;3.62;2.16;0.68
22/01/24   ;07:00;0.63;13.4;6.7;0.63;1200;0;-0.15;0.16;0.04;152;0.08;0.01;0.3;0.13;0.05;1.94;0.35;3.92;2.4;0.84
22/01/24   ;08:00;0.67;13.4;7;0.67;1199;0;-0.12;0.15;0.04;178;0.11;0.01;0.22;0.15;0.04;1.67;0.37;3.98;2;0.59
22/01/24   ;09:00;0.65;13.4;6.7;0.65;1200;0;-0.12;0.14;0.04;174;0.09;0.01;0.23;0.13;0.04;1.72;0.41;3.63;2.11;0.63
22/01/24   ;10:00;0.55;13.4;6.8;0.55;1200;0;-0.14;0.18;0.04;171;0.1;0.02;0.27;0.15;0.05;1.74;0.32;3.86;2.05;0.69
22/01/24   ;11:00;0.41;13.4;6.7;0.41;1197;0;-0.09;0.09;0.03;180;0.07;0.01;0.16;0.11;0.03;1.65;0.27;3.84;2.11;0.67
22/01/24   ;12:00;0.23;13.4;6.7;0.23;1206;0;-0.11;0.15;0.04;155;0.09;0.01;0.21;0.14;0.04;1.93;0.33;4.36;2.42;0.77
22/01/24   ;13:00;0.06;13.4;6.5;0.06;1191;0;-0.13;0.14;0.03;168;0.08;0.02;0.24;0.13;0.04;1.76;0.6;3.77;2.09;0.69
22/01/24   ;14:00;-0.09;13.4;6.6;-0.1;1200;0;-0.12;0.11;0.03;165;0.08;0.01;0.2;0.12;0.04;1.81;0.3;3.84;2.28;0.75
22/01/24   ;15:00;-0.21;13.4;6.4;-0.21;1200;0;-0.13;0.15;0.04;169;0.1;0.02;0.28;0.15;0.04;1.77;0.57;4.07;1.94;0.62
22/01/24   ;16:00;-0.24;13.4;6.6;-0.24;1200;0;-0.11;0.11;0.03;162;0.08;0.01;0.2;0.12;0.04;1.83;0.43;4.03;2.17;0.73
22/01/24   ;17:00;-0.15;13.4;6.5;-0.15;1198;0;-0.09;0.16;0.03;184;0.08;0.01;0.22;0.12;0.04;1.61;0.29;3.91;1.94;0.66
22/01/24   ;18:00;0.02;13.4;6.8;0.02;1193;0;-0.13;0.15;0.04;171;0.09;0.01;0.25;0.15;0.05;1.73;0.43;3.78;2.17;0.78
22/01/24   ;19:00;0.22;13.4;7;0.22;1200;0;-0.17;0.22;0.04;176;0.1;0.02;0.38;0.16;0.06;1.69;0.47;3.73;2.04;0.63
22/01/24   ;20:00;0.36;13.4;6.3;0.36;1198;0;-0.16;0.13;0.04;160;0.09;0.02;0.24;0.14;0.04;1.86;0.31;4.04;2.43;0.79
22/01/24   ;21:00;0.48;13.4;6.2;0.48;1200;0;-0.07;0.07;0.02;165;0.06;0.01;0.14;0.09;0.03;1.8;0.32;3.91;2.46;0.82
22/01/24   ;22:00;0.54;13.4;6.8;0.55;1200;0;-0.11;0.11;0.03;145;0.07;0.01;0.18;0.12;0.04;2.05;0.36;4.21;2.43;0.86
22/01/24   ;23:00;0.56;13.4;6.7;0.56;1200;0;-0.08;0.08;0.02;159;0.05;0;0.13;0.08;0.03;1.87;0.28;3.7;2.26;0.7
23/01/24   ;00:00;0.53;13.4;6.4;0.53;1200;0;-0.1;0.1;0.02;163;0.05;0;0.2;0.08;0.03;1.83;0.29;3.79;2.3;0.77
23/01/24   ;01:00;0.46;13.4;6.3;0.46;1184;0;-0.08;0.09;0.03;156;0.06;0.01;0.15;0.1;0.03;1.89;0.33;3.65;2.44;0.75
23/01/24   ;02:00;0.4;13.3;6.3;0.4;1199;0;-0.06;0.07;0.02;151;0.04;0.01;0.11;0.07;0.02;1.98;0.31;3.9;2.15;0.62
23/01/24   ;03:00;0.41;13.3;6.5;0.41;1199;0;-0.04;0.04;0.01;169;0.03;0;0.07;0.05;0.01;1.76;0.28;3.54;2.12;0.63
23/01/24   ;04:00;0.47;13.4;6.5;0.47;1195;0;-0.06;0.07;0.01;189;0.03;0;0.13;0.05;0.02;1.57;0.33;3.1;1.88;0.59
23/01/24   ;05:00;0.56;13.4;6.8;0.56;1186;0;-0.06;0.07;0.02;154;0.05;0;0.11;0.08;0.02;1.91;0.36;3.7;2.49;0.75
23/01/24   ;06:00;0.64;13.4;7.2;0.64;1205;0;-0.08;0.09;0.03;178;0.06;0;0.17;0.09;0.03;1.68;0.45;3.75;2.2;0.71
23/01/24   ;07:00;0.7;13.3;7.7;0.7;1202;0;-0.11;0.13;0.04;176;0.09;0.01;0.23;0.13;0.04;1.7;0.33;3.43;2.11;0.68
23/01/24   ;08:00;0.74;13.4;7.5;0.74;1197;0;-0.15;0.22;0.05;171;0.1;0.02;0.36;0.17;0.06;1.74;0.4;3.76;2.09;0.7
23/01/24   ;09:00;0.72;13.4;7.6;0.72;1198;0;-0.13;0.15;0.04;175;0.1;0.01;0.23;0.15;0.04;1.7;0.43;3.82;2.15;0.69
23/01/24   ;10:00;0.62;13.4;7.4;0.62;1196;0;-0.1;0.13;0.04;158;0.09;0.01;0.23;0.13;0.04;1.88;0.32;3.73;2.37;0.72
23/01/24   ;11:00;0.46;13.4;7;0.46;1201;0;-0.1;0.11;0.03;179;0.08;0.01;0.19;0.13;0.04;1.66;0.28;3.21;1.98;0.65
23/01/24   ;12:00;0.27;13.3;7;0.27;1195;0;-0.16;0.17;0.04;150;0.1;0.01;0.27;0.16;0.05;1.97;0.39;4.47;2.54;0.88
23/01/24   ;13:00;0.09;13.4;6.4;0.09;1195;0;-0.1;0.1;0.03;158;0.08;0.01;0.18;0.12;0.03;1.88;0.27;4.54;2.26;0.79
23/01/24   ;14:00;-0.11;13.4;6.7;-0.11;1200;0;-0.16;0.13;0.04;157;0.1;0;0.27;0.15;0.05;1.89;0.3;4.38;2.29;0.68
23/01/24   ;15:00;-0.27;13.4;6.9;-0.27;1202;0;-0.11;0.09;0.03;168;0.08;0.01;0.17;0.12;0.04;1.77;0.41;3.84;2.08;0.7
23/01/24   ;16:00;-0.33;13.4;6.4;-0.34;1195;0;-0.12;0.11;0.04;162;0.09;0.01;0.21;0.13;0.04;1.83;0.3;4.16;2.29;0.75
23/01/24   ;17:00;-0.31;13.4;6.6;-0.31;1195;0;-0.1;0.14;0.04;179;0.09;0.01;0.22;0.13;0.04;1.66;0.33;4.21;2.01;0.63
23/01/24   ;18:00;-0.15;13.4;7.1;-0.15;1201;0;-0.18;0.2;0.04;150;0.1;0.01;0.34;0.16;0.06;1.98;0.56;4.68;2.49;0.85
23/01/24   ;19:00;0.05;13.4;7.1;0.05;1197;0;-0.11;0.12;0.04;171;0.09;0.02;0.23;0.13;0.04;1.73;0.54;4.21;2.06;0.74
23/01/24   ;20:00;0.24;13.4;6.7;0.24;1200;0;-0.13;0.15;0.04;165;0.09;0.01;0.24;0.14;0.04;1.8;0.34;3.77;2.15;0.82
23/01/24   ;21:00;0.4;13.4;6.8;0.4;1199;0;-0.15;0.14;0.04;168;0.09;0.01;0.23;0.14;0.04;1.78;0.41;4.28;2.27;0.8
23/01/24   ;22:00;0.5;13.4;6.7;0.5;1193;0;-0.07;0.07;0.02;176;0.06;0;0.13;0.09;0.03;1.68;0.33;3.56;2.04;0.69
23/01/24   ;23:00;0.56;13.4;7.7;0.56;1202;0;-0.07;0.07;0.02;168;0.05;0.01;0.14;0.08;0.03;1.77;0.4;3.4;2.25;0.72
24/01/24   ;00:00;0.55;13.4;7.4;0.55;1178;0;-0.09;0.09;0.03;137;0.06;0.01;0.17;0.1;0.03;2.12;0.33;3.86;2.86;0.9
24/01/24   ;01:00;0.44;13.4;7;0.44;1200;0;-0.09;0.09;0.03;143;0.07;0;0.16;0.1;0.03;2.08;0.36;4.63;2.54;0.81
24/01/24   ;02:00;0.33;13.4;6.6;0.33;1191;0;-0.07;0.07;0.02;116;0.06;0.01;0.13;0.09;0.03;2.56;0.42;4.44;3.22;0.94
24/01/24   ;03:00;0.26;13.4;6.7;0.25;1200;0;-0.07;0.07;0.02;128;0.03;0;0.14;0.05;0.02;2.31;0.47;4.76;2.87;0.84
24/01/24   ;04:00;0.23;13.4;6.7;0.23;1200;0;-0.05;0.05;0.02;158;0.04;0;0.09;0.06;0.02;1.88;0.43;3.64;2.51;0.74
24/01/24   ;05:00;0.25;13.4;6.8;0.25;1194;0;-0.08;0.09;0.03;160;0.06;0.01;0.16;0.1;0.03;1.85;0.32;3.27;2.13;0.62
24/01/24   ;06:00;0.35;13.3;6.9;0.35;1199;0;-0.07;0.07;0.02;188;0.04;0;0.14;0.06;0.02;1.59;0.33;3.37;1.84;0.62
24/01/24   ;07:00;0.47;13.3;7.2;0.47;1186;0;-0.1;0.08;0.03;180;0.07;0.01;0.15;0.1;0.03;1.64;0.4;3.57;1.93;0.64
24/01/24   ;08:00;0.57;13.3;7.1;0.57;1197;0;-0.11;0.12;0.04;185;0.09;0.01;0.23;0.14;0.05;1.6;0.31;3.86;1.95;0.65
24/01/24   ;09:00;0.64;13.4;7.1;0.64;1194;0;-0.18;0.19;0.04;192;0.1;0.01;0.26;0.16;0.05;1.54;0.32;3.69;1.89;0.61
24/01/24   ;10:00;0.62;13.4;7.2;0.63;1196;0;-0.12;0.16;0.04;192;0.09;0.01;0.26;0.14;0.05;1.55;0.31;2.99;1.79;0.53
24/01/24   ;11:00;0.52;13.4;7;0.52;1200;0;-0.1;0.14;0.03;187;0.08;0.01;0.22;0.12;0.03;1.58;0.35;3.07;1.81;0.52
24/01/24   ;12:00;0.34;13.3;7.2;0.34;1196;0;-0.11;0.12;0.03;190;0.08;0.01;0.19;0.13;0.04;1.56;0.44;3.32;1.86;0.54
24/01/24   ;13:00;0.16;13.4;6.9;0.16;1200;0;-0.16;0.16;0.04;167;0.09;0.02;0.31;0.15;0.05;1.78;0.32;3.99;1.95;0.59
24/01/24   ;14:00;-0.03;13.4;6.7;-0.03;1199;0;-0.09;0.09;0.03;172;0.08;0.01;0.18;0.12;0.04;1.73;0.36;3.21;2.06;0.65
24/01/24   ;15:00;-0.2;13.4;7;-0.2;1199;0;-0.1;0.12;0.03;177;0.08;0.01;0.18;0.12;0.04;1.68;0.41;3.1;1.92;0.56
24/01/24   ;16:00;-0.3;13.4;7;-0.3;1200;0;-0.1;0.12;0.03;164;0.08;0.02;0.2;0.12;0.04;1.81;0.39;3.41;2.24;0.63
24/01/24   ;17:00;-0.32;13.4;6.9;-0.32;1199;0;-0.12;0.17;0.04;179;0.09;0.01;0.27;0.14;0.04;1.65;0.38;3.55;1.94;0.56
24/01/24   ;18:00;-0.19;13.4;7.2;-0.18;1189;0;-0.12;0.11;0.03;165;0.08;0.02;0.22;0.12;0.04;1.8;0.5;3.53;2.07;0.63
24/01/24   ;19:00;0.01;13.4;7.2;0.01;1200;0;-0.09;0.12;0.03;189;0.08;0.01;0.2;0.12;0.04;1.57;0.38;3.36;1.84;0.59
24/01/24   ;20:00;0.22;13.4;7.1;0.23;1200;0;-0.14;0.14;0.03;189;0.07;0;0.26;0.12;0.04;1.58;0.28;3.54;1.92;0.58
24/01/24   ;21:00;0.4;13.4;7.1;0.4;1199;0;-0.13;0.14;0.03;178;0.07;0.01;0.25;0.12;0.04;1.68;0.28;3.67;2.12;0.69
24/01/24   ;22:00;0.54;13.4;7.1;0.54;1199;0;-0.07;0.08;0.02;196;0.05;0.01;0.13;0.08;0.03;1.52;0.42;3.91;1.9;0.6
24/01/24   ;23:00;0.62;13.4;7.6;0.62;1185;0;-0.11;0.09;0.03;169;0.07;0.01;0.2;0.1;0.03;1.74;0.32;3.9;1.99;0.76
25/01/24   ;00:00;0.64;13.4;7.7;0.64;1200;0;-0.08;0.06;0.02;157;0.05;0.01;0.11;0.07;0.02;1.89;0.38;3.36;2.21;0.69
25/01/24   ;01:00;0.57;13.4;7.3;0.57;1200;0;-0.08;0.08;0.03;173;0.06;0.01;0.17;0.1;0.03;1.73;0.3;3.36;2.05;0.63
25/01/24   ;02:00;0.41;13.4;7.2;0.41;1193;0;-0.05;0.05;0.01;142;0.03;0;0.08;0.05;0.02;2.08;0.4;4.12;2.58;0.79
25/01/24   ;03:00;0.29;13.4;6.9;0.29;1200;0;-0.02;0.03;0.01;154;0.02;0;0.05;0.03;0.01;1.94;0.46;3.66;2.36;0.73
25/01/24   ;04:00;0.2;13.4;6.9;0.2;1197;0;-0.04;0.03;0.01;169;0.02;0;0.06;0.04;0.01;1.76;0.35;3.44;2.19;0.63
25/01/24   ;05:00;0.17;13.4;6.9;0.17;1200;0;-0.07;0.07;0.02;157;0.04;0.01;0.14;0.07;0.02;1.9;0.34;4.08;2.55;0.83
25/01/24   ;06:00;0.23;13.4;7.1;0.24;1190;0;-0.1;0.11;0.03;179;0.07;0.01;0.21;0.11;0.04;1.65;0.48;4.12;1.93;0.6
25/01/24   ;07:00;0.38;13.4;7.3;0.38;1199;0;-0.11;0.12;0.04;159;0.1;0.01;0.23;0.15;0.05;1.87;0.34;3.79;2.19;0.72
25/01/24   ;08:00;0.51;13.3;7.3;0.51;1197;0;-0.17;0.21;0.05;179;0.11;0;0.33;0.18;0.06;1.66;0.4;3.72;2.14;0.66
25/01/24   ;09:00;0.62;13.4;7.4;0.62;1200;0;-0.21;0.24;0.05;169;0.13;0.02;0.37;0.2;0.06;1.76;0.38;3.72;1.97;0.59
25/01/24   ;10:00;0.66;13.4;7.6;0.66;1200;0;-0.14;0.17;0.04;186;0.1;0.01;0.26;0.16;0.05;1.6;0.41;3.42;1.99;0.62
25/01/24   ;11:00;0.6;13.4;7.5;0.6;1191;0;-0.15;0.13;0.04;176;0.09;0.02;0.24;0.13;0.04;1.68;0.37;3.48;2.16;0.7
25/01/24   ;12:00;0.44;13.3;7.6;0.44;1196;0;-0.11;0.11;0.03;162;0.08;0;0.18;0.13;0.04;1.82;0.33;4.45;2.28;0.71
25/01/24   ;13:00;0.26;13.4;7.2;0.26;1207;0;-0.1;0.12;0.03;166;0.07;0.01;0.18;0.11;0.03;1.81;0.44;3.87;2.41;0.82
25/01/24   ;14:00;0.06;13.4;7.1;0.06;1200;0;-0.1;0.12;0.03;156;0.08;0.01;0.18;0.11;0.03;1.91;0.43;4.17;2.21;0.73
25/01/24   ;15:00;-0.13;13.4;7;-0.13;1198;0;-0.11;0.17;0.04;170;0.09;0.02;0.24;0.14;0.04;1.75;0.28;4.39;2.02;0.74
25/01/24   ;16:00;-0.29;13.3;7.1;-0.29;1196;0;-0.12;0.16;0.04;166;0.09;0.01;0.25;0.13;0.04;1.79;0.3;4.44;2.33;0.78
25/01/24   ;17:00;-0.35;13.4;6.8;-0.35;1208;0;-0.11;0.12;0.03;161;0.08;0.01;0.21;0.13;0.04;1.86;0.37;4.13;2.41;0.8
25/01/24   ;18:00;-0.31;13.4;6.9;-0.31;1200;0;-0.16;0.16;0.04;161;0.1;0.01;0.25;0.15;0.05;1.86;0.36;3.78;2.19;0.8
25/01/24   ;19:00;-0.15;13.4;7.2;-0.15;1199;0;-0.11;0.15;0.03;164;0.08;0.01;0.23;0.12;0.04;1.82;0.36;4;2.26;0.77
25/01/24   ;20:00;0.06;13.4;7.3;0.07;1200;0;-0.12;0.15;0.04;173;0.09;0.01;0.23;0.14;0.04;1.73;0.39;3.71;1.98;0.72
25/01/24   ;21:00;0.26;13.4;7.2;0.26;1200;0;-0.18;0.17;0.04;170;0.09;0.01;0.35;0.14;0.05;1.74;0.34;3.61;2.08;0.63
25/01/24   ;22:00;0.42;13.4;7.3;0.42;1200;0;-0.1;0.1;0.03;191;0.06;0.01;0.17;0.09;0.03;1.57;0.33;3.66;2;0.62
25/01/24   ;23:00;0.51;13.4;7.3;0.51;1177;0;-0.05;0.07;0.02;178;0.04;0;0.11;0.07;0.02;1.64;0.34;3.56;2.18;0.7
26/01/24   ;00:00;0.53;13.4;7.5;0.53;1195;0;-0.09;0.12;0.02;153;0.05;0.01;0.2;0.08;0.03;1.92;0.3;5.02;2.6;0.91
26/01/24   ;01:00;0.46;13.4;7.4;0.46;1195;0;-0.09;0.09;0.03;154;0.06;0.01;0.15;0.1;0.03;1.93;0.29;3.78;2.41;0.76
26/01/24   ;02:00;0.33;13.4;7.2;0.33;1200;0;-0.07;0.05;0.02;123;0.05;0;0.11;0.07;0.02;2.43;0.52;4.49;3.03;0.88
26/01/24   ;03:00;0.19;13.4;7.2;0.19;1198;0;-0.03;0.03;0.01;142;0.02;0;0.06;0.03;0.01;2.09;0.4;3.64;2.63;0.85
26/01/24   ;04:00;0.09;13.4;7.1;0.09;1200;0;-0.08;0.07;0.02;162;0.05;0.01;0.15;0.08;0.02;1.84;0.66;4.38;2.09;0.68
26/01/24   ;05:00;0.06;13.4;7;0.06;1195;0;-0.08;0.08;0.02;144;0.05;0.01;0.14;0.09;0.03;2.04;0.29;3.87;2.75;0.86
26/01/24   ;06:00;0.1;13.4;7.2;0.1;1200;0;-0.11;0.12;0.03;166;0.07;0;0.24;0.11;0.04;1.79;0.28;3.95;2.34;0.75
26/01/24   ;07:00;0.24;13.4;7.3;0.24;1200;0;-0.12;0.15;0.04;147;0.09;0.02;0.21;0.14;0.04;2.02;0.45;4.32;2.42;0.79
26/01/24   ;08:00;0.4;13.4;7.3;0.4;1194;0;-0.13;0.19;0.05;173;0.12;0.01;0.32;0.18;0.06;1.71;0.28;3.63;2.1;0.68
26/01/24   ;09:00;0.54;13.4;7.4;0.54;1200;0;-0.14;0.2;0.05;178;0.12;0.01;0.32;0.18;0.06;1.67;0.39;3.84;2.04;0.7
26/01/24   ;10:00;0.62;13.4;7.7;0.62;1198;0;-0.13;0.2;0.05;181;0.11;0.02;0.33;0.18;0.06;1.64;0.28;3.95;1.99;0.66
26/01/24   ;11:00;0.64;13.4;7.8;0.64;1197;0;-0.13;0.18;0.04;184;0.09;0.02;0.28;0.14;0.04;1.61;0.44;3.55;1.98;0.65
26/01/24   ;12:00;0.54;13.3;7.7;0.54;1200;0;-0.11;0.12;0.04;167;0.09;0.02;0.22;0.14;0.04;1.78;0.28;3.73;2.13;0.68
26/01/24   ;13:00;0.36;13.3;7.5;0.36;1195;0;-0.15;0.19;0.05;166;0.11;0.01;0.3;0.17;0.06;1.79;0.52;3.68;2.27;0.72
26/01/24   ;14:00;0.16;13.4;7.5;0.16;1199;0;-0.1;0.11;0.03;172;0.08;0.01;0.17;0.12;0.04;1.73;0.4;3.74;2.15;0.69
26/01/24   ;15:00;-0.06;13.4;7.5;-0.06;1194;0;-0.12;0.14;0.04;159;0.09;0.01;0.24;0.15;0.05;1.86;0.28;4.49;2.26;0.82
26/01/24   ;16:00;-0.24;13.4;7.3;-0.24;1216;0;-0.12;0.12;0.04;163;0.09;0.01;0.23;0.14;0.04;1.83;0.47;4.75;2.16;0.78
26/01/24   ;17:00;-0.36;13.3;7.3;-0.36;1200;0;-0.1;0.12;0.03;162;0.08;0.01;0.2;0.13;0.04;1.85;0.3;4.09;2.42;0.79
26/01/24   ;18:00;-0.37;13.4;7.2;-0.37;1197;0;-0.14;0.12;0.04;163;0.09;0.01;0.2;0.14;0.04;1.82;0.28;3.92;2.41;0.78
26/01/24   ;19:00;-0.25;13.4;7.4;-0.25;1200;0;-0.11;0.13;0.04;158;0.1;0.02;0.21;0.14;0.04;1.87;0.57;3.77;2.44;0.77
26/01/24   ;20:00;-0.05;13.4;7.5;-0.05;1200;0;-0.14;0.18;0.04;195;0.08;0.01;0.25;0.13;0.04;1.52;0.5;3.02;1.83;0.53
26/01/24   ;21:00;0.15;13.4;7.3;0.15;1200;0;-0.09;0.09;0.03;174;0.07;0.01;0.17;0.1;0.03;1.71;0.35;4.64;2.22;0.75
26/01/24   ;22:00;0.3;13.3;7.5;0.3;1200;0;-0.11;0.12;0.03;169;0.07;0.01;0.21;0.12;0.04;1.76;0.43;4.32;2.32;0.81
26/01/24   ;23:00;0.44;13.4;7.5;0.44;1197;0;-0.09;0.11;0.03;168;0.07;0.01;0.19;0.11;0.04;1.76;0.31;3.49;2.13;0.67
27/01/24   ;00:00;0.5;13.4;7.7;0.5;1200;0;-0.11;0.13;0.03;174;0.06;0;0.24;0.1;0.04;1.71;0.34;3.46;2.05;0.66
27/01/24   ;01:00;0.49;13.4;7.6;0.49;1199;0;-0.1;0.08;0.03;140;0.06;0.01;0.18;0.1;0.03;2.13;0.66;3.88;2.68;0.82
27/01/24   ;02:00;0.39;13.4;7.5;0.39;1201;0;-0.04;0.04;0.01;157;0.03;0;0.08;0.05;0.01;1.89;0.34;4.1;2.36;0.72
27/01/24   ;03:00;0.26;13.4;7.4;0.26;1200;0;-0.04;0.04;0.01;176;0.03;0;0.06;0.04;0.01;1.69;0.28;3.49;2.21;0.7
27/01/24   ;04:00;0.14;13.4;7.3;0.14;1200;0;-0.05;0.06;0.01;161;0.03;0;0.1;0.05;0.02;1.86;0.39;3.56;2.25;0.75
27/01/24   ;05:00;0.07;13.4;7.3;0.07;1200;0;-0.13;0.14;0.03;159;0.05;0;0.27;0.11;0.05;1.88;0.3;5.1;2.53;0.88
27/01/24   ;06:00;0.1;13.4;7.4;0.1;1197;0;-0.07;0.09;0.02;163;0.06;0;0.16;0.09;0.03;1.81;0.3;3.5;2.29;0.71
27/01/24   ;07:00;0.21;13.4;7.5;0.21;1200;0;-0.1;0.09;0.03;159;0.07;0.01;0.18;0.11;0.03;1.88;0.29;4.39;2.47;0.79
27/01/24   ;08:00;0.36;13.4;7.5;0.36;1197;0;-0.1;0.12;0.03;197;0.07;0.01;0.22;0.11;0.04;1.51;0.49;3.8;1.8;0.54
27/01/24   ;09:00;0.48;13.4;7.6;0.48;1200;0;-0.12;0.13;0.04;181;0.11;0.02;0.24;0.16;0.04;1.65;0.56;3.27;1.78;0.55
27/01/24   ;10:00;0.58;13.4;7.7;0.59;1200;0;-0.12;1.3;0.06;189;0.07;0.01;0.22;0.11;0.04;1.57;0.26;3.91;1.82;0.63
27/01/24   ;11:00;0.61;13.4;7.8;0.61;1200;0;-0.11;0.16;0.04;206;0.09;0.01;0.22;0.14;0.04;1.45;0.37;3.12;1.74;0.51
27/01/24   ;12:00;0.52;13.4;7.8;0.52;1196;0;-0.1;0.11;0.03;189;0.08;0.02;0.19;0.12;0.03;1.57;0.45;3.36;1.84;0.58
27/01/24   ;13:00;0.36;13.4;7.6;0.36;1196;0;-0.18;0.17;0.04;171;0.11;0.02;0.3;0.16;0.05;1.74;0.63;3.1;1.95;0.52
27/01/24   ;14:00;0.15;13.3;7.6;0.15;1199;0;-0.11;0.11;0.03;176;0.08;0.01;0.2;0.12;0.04;1.68;0.3;3.28;1.94;0.65
27/01/24   ;15:00;-0.05;13.3;7.5;-0.05;1198;0;-0.12;0.15;0.04;171;0.09;0.01;0.23;0.14;0.05;1.74;0.31;3.63;2.14;0.67
27/01/24   ;16:00;-0.24;13.4;7.4;-0.25;1193;0;-0.11;0.14;0.03;178;0.08;0.01;0.19;0.12;0.04;1.66;0.37;3.74;1.92;0.6
27/01/24   ;17:00;-0.38;13.4;7.4;-0.39;1200;0;-0.17;0.15;0.04;180;0.09;0.01;0.32;0.15;0.05;1.66;0.34;3.79;1.97;0.64
27/01/24   ;18:00;-0.45;13.4;7.3;-0.45;1200;0;-0.1;0.12;0.03;181;0.07;0;0.19;0.11;0.04;1.65;0.36;3.78;2.05;0.68
27/01/24   ;19:00;-0.38;13.3;7.3;-0.38;1194;0;-0.11;0.16;0.03;163;0.08;0.01;0.28;0.13;0.04;1.81;0.47;4.02;2.26;0.68
27/01/24   ;20:00;-0.21;13.3;7.4;-0.21;1196;0;-0.12;0.13;0.03;171;0.08;0;0.2;0.12;0.04;1.74;0.48;3.75;1.84;0.71
27/01/24   ;21:00;0.01;13.4;7.3;0.01;1200;0;-0.07;0.07;0.02;197;0.05;0.01;0.12;0.08;0.02;1.51;0.26;3.74;1.83;0.61
27/01/24   ;22:00;0.2;13.4;7.3;0.2;1200;0;-0.06;0.05;0.02;200;0.04;0.01;0.09;0.06;0.02;1.49;0.33;3.28;1.92;0.63
27/01/24   ;23:00;0.36;13.4;7.3;0.36;1193;0;-0.09;0.09;0.02;203;0.05;0;0.16;0.07;0.02;1.46;0.36;3.4;1.73;0.51
28/01/24   ;00:00;0.46;13.4;7.5;0.46;1200;0;-0.18;0.17;0.04;173;0.08;0.01;0.35;0.14;0.05;1.72;0.34;3.3;1.93;0.57
28/01/24   ;01:00;0.49;13.4;7.8;0.49;1190;0;-0.12;0.13;0.03;157;0.07;0;0.23;0.11;0.04;1.88;0.34;3.21;2.16;0.67
28/01/24   ;02:00;0.44;13.4;7.6;0.44;1199;0;-0.07;0.07;0.02;152;0.05;0.01;0.12;0.08;0.02;1.97;0.56;3.66;2.25;0.62
28/01/24   ;03:00;0.32;13.4;7.3;0.32;1191;0;-0.03;0.03;0.01;154;0.02;0.01;0.05;0.03;0.01;1.9;0.59;3.68;2.22;0.68
28/01/24   ;04:00;0.17;13.4;7.2;0.17;1200;0;-0.05;0.04;0.01;166;0.03;0;0.08;0.05;0.02;1.79;0.34;3.61;2.2;0.64
28/01/24   ;05:00;0.05;13.4;7.1;0.05;1198;0;-0.15;0.12;0.02;132;0.04;0.01;0.24;0.08;0.03;2.24;0.62;4.11;3.16;0.98
28/01/24   ;06:00;0;13.4;7.1;0;1198;0;-0.1;0.1;0.03;165;0.06;0;0.16;0.1;0.04;1.81;0.29;4.99;2.38;0.84
28/01/24   ;07:00;0.01;13.4;7;0.01;1200;0;-0.09;0.11;0.03;148;0.08;0.01;0.19;0.12;0.04;2;0.42;4.2;2.36;0.79
28/01/24   ;08:00;0.1;13.4;7.3;0.1;1200;0;-0.14;0.13;0.03;169;0.08;0.01;0.2;0.12;0.04;1.77;0.37;3.76;2.08;0.7
28/01/24   ;09:00;0.25;13.4;7.4;0.25;1200;0;-0.08;0.09;0.03;160;0.07;0.01;0.14;0.1;0.03;1.85;0.39;3.62;2.29;0.74
28/01/24   ;10:00;0.35;13.4;7.4;0.35;1198;0;-0.1;0.11;0.03;174;0.08;0.01;0.18;0.12;0.04;1.71;0.45;3.72;2.12;0.69
28/01/24   ;11:00;0.4;13.4;7.5;0.4;1200;0;-0.1;0.11;0.03;164;0.07;0.01;0.17;0.11;0.03;1.82;0.32;3.96;2.36;0.77
28/01/24   ;12:00;0.37;13.4;7.4;0.37;1200;0;-0.14;0.13;0.04;170;0.09;0.02;0.2;0.14;0.04;1.76;0.38;3.91;2.11;0.67
28/01/24   ;13:00;0.26;13.4;7.5;0.26;1195;0;-0.14;0.12;0.03;167;0.08;0.01;0.25;0.13;0.04;1.77;0.38;4.33;2;0.71
28/01/24   ;14:00;0.09;13.4;7.4;0.09;1200;0;-0.1;0.11;0.03;178;0.07;0.01;0.2;0.11;0.04;1.67;0.3;3.98;2.03;0.73
28/01/24   ;15:00;-0.11;13.4;7.3;-0.11;1200;0;-0.11;0.13;0.04;170;0.09;0;0.22;0.14;0.04;1.74;0.33;4.69;2.01;0.63
28/01/24   ;16:00;-0.29;13.3;7.3;-0.29;1200;0;-0.13;0.17;0.04;152;0.1;0.01;0.25;0.16;0.05;1.96;0.32;4.29;2.6;0.87
28/01/24   ;17:00;-0.43;13.4;7.2;-0.43;1200;0;-0.1;0.11;0.03;184;0.08;0.02;0.19;0.12;0.04;1.61;0.4;4.27;1.85;0.61
28/01/24   ;18:00;-0.48;13.4;7.2;-0.48;1194;0;-0.1;0.14;0.03;175;0.08;0.02;0.22;0.12;0.04;1.7;0.37;4.68;1.99;0.64
28/01/24   ;19:00;-0.42;13.4;7.2;-0.42;1194;0;-0.11;0.12;0.03;173;0.07;0.01;0.18;0.11;0.03;1.72;0.6;4.23;1.94;0.59
28/01/24   ;20:00;-0.25;13.4;7.4;-0.25;1200;0;-0.1;0.11;0.02;188;0.06;0;0.22;0.09;0.03;1.58;0.36;3.53;1.81;0.63
28/01/24   ;21:00;-0.05;13.3;7.4;-0.05;1195;0;-0.09;0.09;0.02;176;0.04;0.01;0.15;0.07;0.03;1.69;0.32;3.69;2.43;0.84
28/01/24   ;22:00;0.14;13.3;7.3;0.14;1200;0;-0.09;0.08;0.02;187;0.05;0.01;0.15;0.09;0.03;1.6;0.35;3.79;1.85;0.64
28/01/24   ;23:00;0.3;13.3;7.4;0.3;1195;0;-0.1;0.11;0.03;166;0.07;0.01;0.2;0.11;0.03;1.79;0.38;3.59;2.18;0.68
29/01/24   ;00:00;0.4;13.4;7.7;0.4;1200;0;-0.09;0.11;0.03;166;0.06;0.01;0.18;0.09;0.03;1.79;0.45;3.9;2.29;0.78
29/01/24   ;01:00;0.45;13.4;8.2;0.45;1200;0;-0.07;0.08;0.02;156;0.05;0.01;0.14;0.08;0.03;1.91;0.49;3.54;2.42;0.82
29/01/24   ;02:00;0.41;13.4;7.9;0.41;1199;0;-0.05;0.05;0.02;167;0.04;0;0.08;0.06;0.02;1.78;0.37;3.92;2.14;0.72
29/01/24   ;03:00;0.29;13.4;7.5;0.29;1195;0;-0.03;0.04;0.01;154;0.02;0;0.06;0.04;0.01;1.93;0.31;3.73;2.32;0.63
29/01/24   ;04:00;0.15;13.3;7.3;0.15;1200;0;-0.05;0.04;0.01;150;0.03;0;0.08;0.05;0.02;2;0.42;3.49;2.31;0.62
29/01/24   ;05:00;0.04;13.4;7.2;0.04;1200;0;-0.05;0.05;0.02;151;0.04;0.01;0.1;0.06;0.02;1.98;0.33;3.76;2.53;0.84
29/01/24   ;06:00;-0.03;13.4;7.2;-0.03;1200;0;-0.07;0.08;0.02;171;0.05;0.01;0.12;0.08;0.02;1.75;0.31;3.27;2.11;0.61
29/01/24   ;07:00;-0.04;13.4;7.1;-0.04;1198;0;-0.1;0.11;0.03;153;0.07;0.01;0.18;0.12;0.04;1.93;0.33;4.26;2.53;0.84
29/01/24   ;08:00;0.02;13.4;7.4;0.02;1196;0;-0.13;0.13;0.04;171;0.09;0.02;0.21;0.14;0.04;1.73;0.49;3.07;2.02;0.53
29/01/24   ;09:00;0.13;13.4;7.4;0.13;1197;0;-0.12;0.14;0.04;177;0.09;0.02;0.21;0.13;0.04;1.68;0.5;3.9;1.87;0.67
29/01/24   ;10:00;0.25;13.4;7.5;0.25;1200;0;-0.18;0.18;0.05;183;0.11;0.01;0.36;0.17;0.06;1.63;0.44;3.1;1.87;0.57
29/01/24   ;11:00;0.32;13.4;7.6;0.32;1195;0;-0.12;0.17;0.04;182;0.09;0.01;0.23;0.14;0.04;1.63;0.39;3.37;2;0.65
29/01/24   ;12:00;0.35;13.4;7.6;0.34;1200;0;-0.16;0.15;0.04;174;0.1;0.01;0.31;0.15;0.05;1.71;0.31;3.4;1.8;0.6
29/01/24   ;13:00;0.29;13.4;7.6;0.29;1195;0;-0.11;0.12;0.04;157;0.09;0.01;0.21;0.13;0.04;1.87;0.31;4.17;2.31;0.8
29/01/24   ;14:00;0.16;13.4;7.6;0.16;1200;0;-0.12;0.16;0.04;170;0.09;0.01;0.27;0.14;0.04;1.76;0.3;4.18;2.19;0.75
29/01/24   ;15:00;0.01;13.4;7.4;0.01;1196;0;-0.12;0.11;0.03;155;0.08;0.01;0.19;0.12;0.04;1.92;0.48;4.49;2.58;0.87
29/01/24   ;16:00;-0.17;13.4;7.4;-0.17;1200;0;-0.09;0.11;0.03;174;0.08;0.01;0.18;0.12;0.04;1.71;0.38;3.73;1.96;0.62
29/01/24   ;17:00;-0.32;13.4;7.2;-0.32;1200;0;-0.1;0.13;0.04;139;0.09;0.01;0.23;0.13;0.04;2.13;0.3;4.56;2.63;0.97
29/01/24   ;18:00;-0.42;13.4;7.1;-0.42;1195;0;-0.12;0.11;0.03;156;0.08;0.01;0.21;0.12;0.04;1.9;0.47;4.49;2.52;0.78
29/01/24   ;19:00;-0.44;13.3;7.1;-0.44;1199;0;-0.13;0.12;0.04;164;0.09;0;0.22;0.15;0.05;1.82;0.31;3.53;2.11;0.65
29/01/24   ;20:00;-0.34;13.4;7.4;-0.34;1189;0;-0.13;0.18;0.03;158;0.08;0.01;0.23;0.13;0.04;1.87;0.27;3.38;2.27;0.68
29/01/24   ;21:00;-0.14;13.4;7.5;-0.14;1195;0;-0.07;0.14;0.03;176;0.06;0.01;0.2;0.1;0.03;1.69;0.3;3.66;2.1;0.73
29/01/24   ;22:00;0.05;13.4;7.5;0.05;1200;0;-0.11;0.11;0.03;168;0.07;0.01;0.2;0.1;0.03;1.78;0.41;3.76;2.05;0.78
29/01/24   ;23:00;0.2;13.3;7.6;0.2;1195;0;-0.06;0.06;0.02;179;0.05;0.01;0.11;0.07;0.02;1.66;0.31;3.53;2.04;0.68
30/01/24   ;00:00;0.32;13.3;7.6;0.32;1200;0;-0.1;0.11;0.02;167;0.05;0.01;0.22;0.09;0.03;1.79;0.31;3.87;2.32;0.77
30/01/24   ;01:00;0.39;13.3;7.9;0.39;1199;0;-0.08;0.06;0.02;182;0.04;0.01;0.11;0.06;0.02;1.64;0.29;3.79;2.18;0.74
30/01/24   ;02:00;0.4;13.4;7.9;0.4;1198;0;-0.04;0.05;0.01;157;0.04;0;0.09;0.05;0.02;1.88;0.32;3.29;2.26;0.69
30/01/24   ;03:00;0.32;13.4;7.7;0.32;1189;0;-0.03;0.04;0.01;143;0.03;0;0.07;0.04;0.01;2.06;0.31;4.16;2.64;0.9
30/01/24   ;04:00;0.19;13.4;7.4;0.19;1195;0;-0.04;0.05;0.01;158;0.03;0;0.09;0.05;0.02;1.88;0.4;3.65;2.3;0.76
30/01/24   ;05:00;0.05;13.3;7.3;0.05;1191;0;-0.05;0.05;0.01;142;0.03;0;0.08;0.05;0.02;2.09;0.3;4.34;2.91;1.02
30/01/24   ;06:00;-0.06;13.4;7.2;-0.06;1200;0;-0.08;0.08;0.03;161;0.06;0.01;0.14;0.09;0.03;1.83;0.31;4.56;2.39;0.77
30/01/24   ;07:00;-0.14;13.4;7.1;-0.14;1196;0;-0.1;0.13;0.03;154;0.08;0.01;0.21;0.12;0.04;1.91;0.32;6.97;2.35;0.83
30/01/24   ;08:00;-0.12;13.4;7.1;-0.11;1199;0;-0.15;0.18;0.04;172;0.09;0.01;0.31;0.14;0.05;1.74;0.36;3.63;2.1;0.68
30/01/24   ;09:00;-0.02;13.4;7.4;-0.02;1195;0;-0.12;0.14;0.04;163;0.1;0.01;0.22;0.15;0.04;1.82;0.41;4.62;2.11;0.73
30/01/24   ;10:00;0.11;13.4;7.6;0.11;1198;0;-0.14;0.17;0.04;179;0.11;0.01;0.27;0.16;0.05;1.66;0.32;3.42;1.98;0.6
30/01/24   ;11:00;0.22;13.4;7.6;0.21;1195;0;-0.14;0.15;0.04;182;0.1;0.01;0.28;0.16;0.05;1.63;0.33;3.98;2.06;0.69
30/01/24   ;12:00;0.29;13.4;7.7;0.29;1200;0;-0.13;0.14;0.04;165;0.09;0.01;0.26;0.14;0.04;1.81;0.45;4.08;2.26;0.68
30/01/24   ;13:00;0.28;13.4;7.7;0.28;1197;0;-0.13;0.16;0.04;173;0.09;0.01;0.26;0.15;0.05;1.72;0.34;3.98;2.07;0.73
30/01/24   ;14:00;0.19;13.4;7.8;0.19;1196;0;-0.13;0.16;0.04;171;0.1;0.01;0.27;0.15;0.05;1.74;0.32;4.01;2.09;0.69
30/01/24   ;15:00;0.05;13.4;7.7;0.05;1192;0;-0.12;0.16;0.04;162;0.1;0.02;0.29;0.15;0.05;1.82;0.48;3.95;2.14;0.75
30/01/24   ;16:00;-0.12;13.4;7.5;-0.12;1196;0;-0.12;0.14;0.04;171;0.09;0.02;0.23;0.14;0.04;1.73;0.32;3.69;1.99;0.54
30/01/24   ;17:00;-0.27;13.4;7.4;-0.27;1200;0;-0.1;0.08;0.03;176;0.06;0;0.16;0.1;0.03;1.7;0.31;3.35;2.08;0.67
30/01/24   ;18:00;-0.37;13.4;7.2;-0.37;1198;0;-0.09;0.1;0.03;159;0.08;0.01;0.15;0.11;0.03;1.87;0.28;3.99;2.34;0.74
30/01/24   ;19:00;-0.39;13.4;7.1;-0.39;1200;0;-0.11;0.12;0.03;163;0.08;0.01;0.21;0.12;0.04;1.82;0.37;4.09;2.28;0.77
30/01/24   ;20:00;-0.32;13.4;7.4;-0.32;1196;0;-0.1;0.09;0.03;159;0.06;0.01;0.16;0.1;0.03;1.87;0.39;3.8;2.4;0.75
30/01/24   ;21:00;-0.16;13.4;7.5;-0.16;1200;0;-0.09;0.1;0.03;157;0.07;0.01;0.17;0.1;0.03;1.89;0.47;4.05;2.54;0.88
30/01/24   ;22:00;0.03;13.4;7.5;0.03;1200;0;-0.09;0.12;0.03;158;0.06;0.01;0.21;0.1;0.03;1.88;0.35;4.14;2.35;0.85
30/01/24   ;23:00;0.19;13.3;7.5;0.19;1200;0;-0.08;0.09;0.02;190;0.05;0.01;0.16;0.07;0.02;1.57;0.38;3.6;1.91;0.54
31/01/24   ;00:00;0.32;13.4;7.6;0.32;1205;0;-0.16;0.13;0.03;158;0.06;0.01;0.29;0.1;0.04;1.87;0.47;4.28;2.47;0.82
31/01/24   ;01:00;0.41;13.3;7.7;0.41;1195;0;-0.08;0.08;0.03;132;0.07;0.01;0.16;0.11;0.03;2.24;0.51;4.29;3.08;0.96
31/01/24   ;02:00;0.43;13.4;8;0.43;1195;0;-0.1;0.13;0.03;114;0.08;0.01;0.21;0.13;0.04;2.58;0.75;4.5;3.02;0.83
31/01/24   ;03:00;0.36;13.4;7.8;0.36;1200;0;-0.03;0.03;0.01;155;0.02;0;0.05;0.03;0.01;1.91;0.42;3.66;2.46;0.7
31/01/24   ;04:00;0.23;13.4;7.5;0.23;1198;0;-0.07;0.08;0.02;182;0.04;0;0.14;0.06;0.02;1.63;0.26;3.32;1.97;0.6
31/01/24   ;05:00;0.09;13.3;7.4;0.09;1200;0;-0.05;0.06;0.02;159;0.04;0;0.09;0.05;0.02;1.86;0.31;3.75;2.24;0.74
31/01/24   ;06:00;-0.02;13.4;7.3;-0.02;1198;0;-0.07;0.07;0.02;181;0.05;0.01;0.14;0.08;0.02;1.64;0.27;3.22;1.97;0.6
31/01/24   ;07:00;-0.1;13.4;7.2;-0.1;1194;0;-0.13;0.12;0.03;160;0.07;0.01;0.21;0.11;0.04;1.86;0.32;3.82;2.35;0.74
31/01/24   ;08:00;-0.1;13.4;7.2;-0.1;1200;0;-0.16;0.14;0.04;174;0.1;0.02;0.24;0.15;0.05;1.71;0.5;3.45;1.99;0.57
31/01/24   ;09:00;-0.04;13.3;7.5;-0.04;1200;0;-0.13;0.19;0.04;178;0.1;0.01;0.3;0.15;0.05;1.67;0.29;3.54;2.08;0.65
31/01/24   ;10:00;0.06;13.4;7.5;0.06;1200;0;-0.12;0.19;0.04;179;0.1;0.02;0.28;0.15;0.05;1.66;0.28;3.69;2.01;0.63
31/01/24   ;11:00;0.16;13.4;7.6;0.16;1198;0;-0.11;0.15;0.04;186;0.1;0.02;0.24;0.15;0.04;1.6;0.38;3.42;1.88;0.57
31/01/24   ;12:00;0.22;13.4;7.7;0.22;1200;0;-0.13;0.15;0.04;171;0.1;0.01;0.22;0.15;0.05;1.75;0.29;3.78;2.19;0.76
31/01/24   ;13:00;0.22;13.4;7.7;0.22;1197;0;-0.12;0.12;0.04;170;0.09;0.01;0.21;0.14;0.04;1.75;0.44;3.77;2.15;0.7
31/01/24   ;14:00;0.15;13.4;7.8;0.15;1198;0;-0.12;0.11;0.04;164;0.09;0.01;0.21;0.14;0.04;1.82;0.31;3.61;2.33;0.72
31/01/24   ;15:00;0.04;13.4;7.7;0.04;1200;0;-0.12;0.12;0.03;164;0.08;0.01;0.19;0.12;0.04;1.81;0.38;4.6;2.2;0.74
31/01/24   ;16:00;-0.08;13.4;7.6;-0.08;1205;0;-0.1;0.11;0.03;158;0.08;0.01;0.19;0.12;0.04;1.9;0.28;4.28;2.37;0.8
31/01/24   ;17:00;-0.21;13.4;7.5;-0.21;1200;0;-0.1;0.14;0.04;172;0.09;0.01;0.24;0.14;0.04;1.74;0.44;3.82;1.9;0.58
31/01/24   ;18:00;-0.29;13.4;7.4;-0.29;1200;0;-0.1;0.14;0.03;171;0.08;0.01;0.21;0.13;0.04;1.74;0.37;4.72;2.03;0.61
31/01/24   ;19:00;-0.29;13.4;7.3;-0.29;1200;0;-0.11;0.12;0.03;145;0.08;0;0.22;0.13;0.04;2.05;0.28;3.96;2.42;0.79
31/01/24   ;20:00;-0.23;13.4;7.6;-0.23;1195;0;-0.11;0.16;0.04;166;0.08;0.01;0.23;0.13;0.04;1.8;0.42;3.96;2.2;0.7
31/01/24   ;21:00;-0.1;13.4;7.6;-0.1;1200;0;-0.07;0.08;0.02;172;0.05;0.01;0.12;0.08;0.02;1.74;0.32;3.71;2.28;0.76
31/01/24   ;22:00;0.04;13.4;7.6;0.04;1200;0;-0.09;0.08;0.03;159;0.06;0;0.15;0.09;0.03;1.86;0.26;3.64;2.59;0.83
31/01/24   ;23:00;0.19;13.4;7.7;0.19;1200;0;-0.1;0.13;0.03;145;0.07;0;0.23;0.11;0.04;2.04;0.33;4.95;2.59;0.88
01/02/24   ;00:00;0.31;13.4;7.8;0.31;1200;0;-0.12;0.13;0.03;154;0.08;0.01;0.25;0.13;0.05;1.95;0.3;4.23;2.62;0.89
01/02/24   ;01:00;0.39;13.4;7.8;0.39;1200;0;-0.09;0.11;0.03;135;0.07;0.01;0.21;0.11;0.04;2.21;0.27;4.39;2.77;0.84
01/02/24   ;02:00;0.42;13.4;7.9;0.43;1195;0;-0.06;0.05;0.02;142;0.04;0;0.1;0.06;0.02;2.08;0.36;4.24;2.83;0.93
01/02/24   ;03:00;0.39;13.4;7.9;0.39;1195;0;-0.04;0.05;0.01;138;0.03;0.01;0.09;0.05;0.02;2.14;0.59;4.03;2.68;0.87
01/02/24   ;04:00;0.3;13.4;7.8;0.3;1192;0;-0.04;0.05;0.01;170;0.02;0;0.08;0.04;0.01;1.74;0.36;3.45;2.11;0.63
01/02/24   ;05:00;0.17;13.3;7.6;0.17;1200;0;-0.07;0.07;0.02;129;0.05;0;0.13;0.08;0.03;2.3;0.28;4.38;2.97;0.94
01/02/24   ;06:00;0.06;13.3;7.5;0.06;1199;0;-0.1;0.09;0.03;153;0.06;0.01;0.16;0.09;0.03;1.94;0.34;4.06;2.53;0.89
01/02/24   ;07:00;-0.01;13.4;7.4;-0.01;1200;0;-0.11;0.16;0.04;138;0.09;0.02;0.26;0.14;0.04;2.16;0.42;4.24;2.78;0.83
01/02/24   ;08:00;-0.05;13.4;7.3;-0.05;1200;0;-0.14;0.17;0.05;156;0.11;0.01;0.29;0.17;0.06;1.91;0.33;4.23;2.44;0.78
01/02/24   ;09:00;-0.05;13.3;7.3;-0.04;1196;0;-0.11;0.16;0.04;173;0.09;0.01;0.26;0.14;0.04;1.72;0.35;3.55;2.1;0.66
01/02/24   ;10:00;0.01;13.3;7.6;0.01;1196;0;-0.12;0.13;0.04;158;0.1;0.01;0.21;0.15;0.04;1.88;0.42;3.77;2.34;0.67
01/02/24   ;11:00;0.1;13.4;7.6;0.1;1200;0;-0.14;0.15;0.04;169;0.11;0.01;0.21;0.16;0.05;1.76;0.41;4.29;2.16;0.73
01/02/24   ;12:00;0.16;13.4;7.8;0.16;1200;0;-0.13;0.14;0.04;167;0.1;0.01;0.23;0.16;0.04;1.78;0.35;3.69;2.12;0.69
01/02/24   ;13:00;0.18;13.4;7.8;0.18;1200;0;-0.16;0.17;0.05;182;0.11;0.01;0.29;0.17;0.05;1.64;0.28;3.44;1.97;0.59
01/02/24   ;14:00;0.16;13.3;7.8;0.16;1200;0;-0.09;0.11;0.03;180;0.08;0.01;0.16;0.11;0.03;1.65;0.32;3.81;2.02;0.69
01/02/24   ;15:00;0.1;13.3;7.8;0.1;1200;0;-0.14;0.19;0.04;160;0.09;0;0.32;0.15;0.05;1.86;0.35;3.62;2.14;0.69
01/02/24   ;16:00;0.02;13.4;7.7;0.02;1199;0;-0.12;0.12;0.03;164;0.08;0.01;0.21;0.13;0.04;1.82;0.37;3.83;2.17;0.65
01/02/24   ;17:00;-0.06;13.4;7.5;-0.06;1200;0;-0.14;0.1;0.03;164;0.08;0.01;0.23;0.12;0.04;1.82;0.4;3.89;2.1;0.66
01/02/24   ;18:00;-0.12;13.4;7.5;-0.12;1192;0;-0.15;0.17;0.04;168;0.09;0;0.25;0.14;0.05;1.77;0.34;3.56;2.19;0.71
01/02/24   ;19:00;-0.13;13.4;7.4;-0.13;1197;0;-0.11;0.12;0.04;164;0.09;0.01;0.22;0.14;0.04;1.81;0.36;4.07;2.33;0.76
01/02/24   ;20:00;-0.1;13.4;7.4;-0.1;1196;0;-0.15;0.14;0.04;170;0.08;0.01;0.21;0.13;0.04;1.75;0.35;3.09;2.08;0.57
01/02/24   ;21:00;0;13.4;7.6;0;1192;0;-0.1;0.09;0.03;169;0.07;0.01;0.17;0.1;0.03;1.75;0.37;4.14;2.14;0.73
01/02/24   ;22:00;0.11;13.4;7.6;0.11;1198;0;-0.11;0.1;0.03;177;0.06;0.01;0.17;0.1;0.03;1.67;0.32;3.56;2.18;0.7
01/02/24   ;23:00;0.21;13.4;7.7;0.21;1194;0;-0.09;0.09;0.03;176;0.07;0.01;0.18;0.1;0.03;1.68;0.31;4.13;2.01;0.69
02/02/24   ;00:00;0.3;13.4;7.7;0.3;1199;0;-0.09;0.1;0.03;149;0.06;0.01;0.19;0.1;0.04;1.99;0.33;4.89;2.68;0.86
02/02/24   ;01:00;0.36;13.4;7.9;0.36;1199;0;-0.07;0.07;0.02;158;0.06;0.01;0.13;0.09;0.03;1.89;0.32;3.73;2.4;0.78
02/02/24   ;02:00;0.41;13.4;7.9;0.41;1199;0;-0.06;0.06;0.02;151;0.05;0.01;0.11;0.07;0.02;1.97;0.35;3.64;2.18;0.64
02/02/24   ;03:00;0.4;13.4;7.8;0.4;1200;0;-0.12;0.08;0.02;144;0.04;0;0.2;0.08;0.03;2.06;0.32;3.84;2.5;0.84
02/02/24   ;04:00;0.32;13.4;7.7;0.32;1208;0;-0.05;0.04;0.01;142;0.03;0;0.08;0.05;0.02;2.1;0.56;4.28;2.77;0.87
02/02/24   ;05:00;0.21;13.3;7.6;0.21;1199;0;-0.06;0.07;0.02;164;0.04;0.01;0.12;0.06;0.02;1.81;0.46;3.34;2.19;0.68
02/02/24   ;06:00;0.11;13.3;7.4;0.11;1197;0;-0.1;0.11;0.03;153;0.06;0.01;0.21;0.1;0.04;1.93;0.31;4.25;2.79;0.96
02/02/24   ;07:00;0.01;13.4;7.5;0.01;1200;0;-0.1;0.09;0.03;152;0.07;0.02;0.17;0.11;0.03;1.95;0.36;5.08;2.29;0.76
02/02/24   ;08:00;-0.06;13.4;7.3;-0.06;1199;0;-0.11;0.16;0.04;166;0.09;0.01;0.26;0.14;0.05;1.79;0.56;3.83;2.22;0.71
02/02/24   ;09:00;-0.09;13.4;7.3;-0.09;1196;0;-0.14;0.18;0.04;169;0.1;0.02;0.27;0.15;0.05;1.75;0.48;3.41;2.03;0.58
02/02/24   ;10:00;-0.08;13.3;7.3;-0.08;1194;0;-0.12;0.17;0.04;179;0.1;0.01;0.25;0.15;0.05;1.65;0.37;3.78;2.03;0.66
02/02/24   ;11:00;-0.06;13.4;7.4;-0.06;1200;0;-0.09;0.11;0.03;179;0.08;0.01;0.17;0.12;0.03;1.66;0.34;3.52;1.99;0.6
02/02/24   ;12:00;-0.02;13.4;7.6;-0.02;1200;0;-0.11;0.14;0.04;181;0.08;0.01;0.25;0.13;0.04;1.65;0.34;3.45;2.07;0.6
02/02/24   ;13:00;0.03;13.4;7.6;0.03;1200;0;-0.19;0.18;0.04;175;0.1;0.01;0.31;0.16;0.06;1.7;0.31;3.7;1.98;0.68
02/02/24   ;14:00;0.05;13.4;7.6;0.05;1208;0;-0.12;0.15;0.04;179;0.1;0.02;0.27;0.16;0.05;1.67;0.32;3.45;1.98;0.63
02/02/24   ;15:00;0.06;13.4;7.7;0.06;1209;0;-0.13;0.16;0.04;184;0.09;0.01;0.28;0.14;0.04;1.63;0.37;3.5;1.99;0.66
02/02/24   ;16:00;0.05;13.4;7.7;0.05;1200;0;-0.1;0.12;0.03;181;0.08;0.01;0.22;0.13;0.04;1.65;0.41;3.4;2.05;0.6
02/02/24   ;17:00;0.02;13.4;7.8;0.02;1207;0;-0.12;0.11;0.04;170;0.09;0.02;0.22;0.14;0.04;1.76;0.52;3.26;1.99;0.62
02/02/24   ;18:00;-0.01;13.4;7.8;-0.01;1200;0;-0.12;0.15;0.04;168;0.09;0.01;0.25;0.13;0.04;1.76;0.37;3.72;2.15;0.7
02/02/24   ;19:00;-0.03;13.4;7.7;-0.03;1200;0;-0.18;0.22;0.04;180;0.08;0;0.39;0.13;0.05;1.66;0.33;4.29;2.08;0.66
02/02/24   ;20:00;-0.01;13.4;7.7;-0.01;1200;0;-0.13;0.12;0.03;169;0.08;0.01;0.24;0.13;0.04;1.76;0.34;3.82;2.25;0.72
02/02/24   ;21:00;0.04;13.4;7.7;0.04;1197;0;-0.09;0.09;0.03;183;0.07;0.01;0.18;0.11;0.03;1.62;0.36;4.17;1.91;0.6
02/02/24   ;22:00;0.1;13.4;7.7;0.1;1183;0;-0.09;0.08;0.03;175;0.06;0.01;0.15;0.09;0.03;1.68;0.37;3.44;2.02;0.67
02/02/24   ;23:00;0.19;13.4;7.7;0.19;1196;0;-0.17;0.15;0.05;122;0.12;0.01;0.3;0.18;0.06;2.43;0.3;3.94;2.94;0.89
03/02/24   ;00:00;0.25;13.4;7.6;0.25;1199;0;-0.11;0.12;0.03;169;0.06;0;0.24;0.1;0.04;1.76;0.34;6.65;2.29;0.84
03/02/24   ;01:00;0.31;13.4;7.7;0.31;1200;0;-0.09;0.11;0.03;151;0.07;0.01;0.18;0.1;0.03;1.97;0.29;3.7;2.36;0.72
03/02/24   ;02:00;0.35;13.4;7.7;0.35;1196;0;-0.1;0.07;0.02;168;0.03;0.01;0.17;0.06;0.03;1.77;0.3;3.85;2.2;0.71
03/02/24   ;03:00;0.35;13.4;7.6;0.35;1193;0;-0.04;0.04;0.01;171;0.03;0;0.07;0.05;0.01;1.73;0.33;3;2.01;0.57
03/02/24   ;04:00;0.33;13.4;7.7;0.33;1199;0;-0.08;0.09;0.02;147;0.04;0.01;0.16;0.07;0.02;2.02;0.42;4.24;2.45;0.74
03/02/24   ;05:00;0.28;13.4;7.6;0.28;1203;0;-0.12;0.09;0.03;148;0.08;0.01;0.18;0.12;0.04;2.01;0.32;3.68;2.31;0.73
03/02/24   ;06:00;0.22;13.4;7.5;0.22;1199;0;-0.15;0.18;0.04;138;0.08;0.01;0.31;0.14;0.05;2.14;0.45;3.87;2.72;0.85
03/02/24   ;07:00;0.14;13.4;7.5;0.14;1197;0;-0.14;0.17;0.03;149;0.08;0.01;0.25;0.12;0.04;2;0.4;4.28;2.49;0.78
03/02/24   ;08:00;0.08;13.4;7.5;0.09;1197;0;-0.1;0.12;0.04;159;0.09;0.01;0.19;0.13;0.04;1.88;0.35;3.98;2.22;0.74
03/02/24   ;09:00;0.02;13.4;7.4;0.02;1195;0;-0.15;0.14;0.04;156;0.11;0.01;0.25;0.16;0.05;1.9;0.55;3.95;2.26;0.65
03/02/24   ;10:00;-0.02;13.4;7.4;-0.03;1199;0;-0.14;0.15;0.05;155;0.11;0.01;0.24;0.17;0.06;1.92;0.65;3.94;2.58;0.78
03/02/24   ;11:00;-0.02;13.3;7.4;-0.02;1194;0;-0.14;0.13;0.04;172;0.1;0.01;0.24;0.15;0.05;1.72;0.29;4.81;2.23;0.78
03/02/24   ;12:00;-0.03;13.4;7.4;-0.03;1195;0;-0.13;0.21;0.05;153;0.12;0.02;0.32;0.18;0.05;1.94;0.72;3.78;2.31;0.77
03/02/24   ;13:00;0;13.4;7.7;0;1196;0;-0.16;0.18;0.05;176;0.12;0.01;0.31;0.19;0.06;1.68;0.45;3.94;1.98;0.59
03/02/24   ;14:00;0.04;13.4;7.7;0.04;1192;0;-0.13;0.13;0.04;169;0.1;0.02;0.23;0.14;0.04;1.75;0.41;3.63;1.98;0.64
03/02/24   ;15:00;0.05;13.3;7.8;0.05;1196;0;-0.13;0.16;0.04;173;0.11;0.01;0.23;0.16;0.05;1.72;0.29;3.77;2.12;0.66
03/02/24   ;16:00;0.07;13.4;7.8;0.07;1197;0;-0.13;0.1;0.03;179;0.08;0;0.19;0.12;0.04;1.67;0.32;3.25;2.01;0.62
03/02/24   ;17:00;0.07;13.4;7.8;0.07;1197;0;-0.15;0.15;0.04;159;0.11;0.02;0.24;0.17;0.05;1.86;0.64;4.03;2.16;0.68
03/02/24   ;18:00;0.09;13.4;7.9;0.09;1198;0;-0.15;0.2;0.05;160;0.12;0.03;0.35;0.18;0.05;1.86;0.64;4.13;2.25;0.77
03/02/24   ;19:00;0.11;13.3;7.9;0.11;1195;0;-0.13;0.15;0.04;158;0.1;0.01;0.23;0.15;0.05;1.87;0.32;4.19;2.45;0.84
03/02/24   ;20:00;0.14;13.4;7.8;0.14;1200;0;-0.12;0.13;0.04;167;0.09;0.01;0.23;0.14;0.04;1.78;0.4;4.1;2.22;0.68
03/02/24   ;21:00;0.15;13.4;7.8;0.15;1200;0;-0.15;0.12;0.04;159;0.08;0;0.27;0.13;0.04;1.86;0.34;4.42;2.38;0.81
03/02/24   ;22:00;0.18;13.4;7.8;0.18;1200;0;-0.11;0.1;0.03;173;0.07;0.01;0.16;0.1;0.03;1.72;0.43;3.87;2.13;0.69
03/02/24   ;23:00;0.21;13.4;7.8;0.21;1194;0;-0.1;0.13;0.03;176;0.08;0;0.19;0.12;0.04;1.68;0.27;3.83;2.02;0.66
04/02/24   ;00:00;0.25;13.3;7.8;0.25;1196;0;-0.11;0.14;0.03;172;0.07;0;0.25;0.12;0.04;1.72;0.29;3.54;2.2;0.66
04/02/24   ;01:00;0.3;13.4;7.8;0.3;1198;0;-0.09;0.11;0.03;154;0.08;0.01;0.2;0.12;0.04;1.93;0.67;4.14;2.48;0.74
04/02/24   ;02:00;0.37;13.4;7.8;0.37;1200;0;-0.13;0.12;0.03;156;0.07;0.01;0.19;0.12;0.04;1.91;0.3;3.37;2.13;0.67
04/02/24   ;03:00;0.41;13.4;7.7;0.41;1199;0;-0.04;0.04;0.01;171;0.03;0;0.07;0.04;0.01;1.74;0.32;4.47;2.21;0.76
04/02/24   ;04:00;0.43;13.4;7.8;0.43;1200;0;-0.06;0.08;0.02;181;0.04;0.01;0.13;0.07;0.02;1.64;0.29;3.27;2.01;0.61
04/02/24   ;05:00;0.42;13.4;7.7;0.42;1200;0;-0.06;0.05;0.02;151;0.04;0;0.1;0.07;0.02;1.98;0.43;3.96;2.47;0.75
04/02/24   ;06:00;0.39;13.4;7.7;0.39;1200;0;-0.06;0.08;0.02;166;0.04;0;0.14;0.07;0.02;1.79;0.28;4.2;2.07;0.72
04/02/24   ;07:00;0.32;13.4;7.7;0.32;1199;0;-0.08;0.09;0.03;151;0.07;0.01;0.14;0.1;0.03;1.96;0.43;3.98;2.35;0.75
04/02/24   ;08:00;0.25;13.4;7.6;0.24;1200;0;-0.09;0.09;0.03;153;0.07;0.01;0.17;0.11;0.03;1.94;0.49;3.58;2.38;0.71
04/02/24   ;09:00;0.17;13.4;7.6;0.17;1200;0;-0.13;0.17;0.04;150;0.1;0.02;0.29;0.15;0.05;1.99;0.61;4.03;2.27;0.65
04/02/24   ;10:00;0.09;13.4;7.6;0.09;1200;0;-0.17;0.15;0.04;167;0.1;0.01;0.27;0.15;0.05;1.77;0.38;3.97;2.21;0.73
04/02/24   ;11:00;0.01;13.4;7.6;0.01;1197;0;-0.12;0.12;0.04;183;0.08;0.02;0.2;0.13;0.04;1.63;0.47;3.7;1.98;0.63
04/02/24   ;12:00;-0.05;13.4;7.6;-0.05;1200;0;-0.08;0.11;0.03;181;0.08;0;0.17;0.12;0.03;1.64;0.44;4.3;1.79;0.6
04/02/24   ;13:00;-0.09;13.4;7.7;-0.09;1199;0;-0.1;0.13;0.03;185;0.07;0.01;0.23;0.11;0.03;1.61;0.38;3.73;1.82;0.61
04/02/24   ;14:00;-0.11;13.3;7.7;-0.11;1200;0;-0.09;0.1;0.03;182;0.08;0.02;0.15;0.11;0.03;1.64;0.33;3.77;2.06;0.67
04/02/24   ;15:00;-0.09;13.3;7.7;-0.1;1200;0;-0.11;0.12;0.04;173;0.09;0.01;0.23;0.13;0.04;1.72;0.4;4.19;2.2;0.73
04/02/24   ;16:00;-0.03;13.3;7.9;-0.03;1197;0;-0.11;0.12;0.04;184;0.09;0.02;0.2;0.14;0.04;1.61;0.35;3.54;1.99;0.59
04/02/24   ;17:00;0.03;13.4;7.8;0.03;1200;0;-0.11;0.1;0.03;193;0.08;0.02;0.16;0.11;0.03;1.55;0.45;3.37;1.88;0.59
04/02/24   ;18:00;0.11;13.4;7.9;0.11;1199;0;-0.11;0.13;0.04;200;0.09;0.01;0.21;0.14;0.04;1.49;0.33;3.24;1.72;0.56
04/02/24   ;19:00;0.19;13.3;7.9;0.19;1208;0;-0.12;0.16;0.04;155;0.1;0.01;0.26;0.16;0.05;1.92;0.39;4.03;2.36;0.78
04/02/24   ;20:00;0.22;13.3;7.7;0.22;1195;0;-0.11;0.12;0.04;150;0.09;0.01;0.22;0.14;0.04;1.98;0.29;3.96;2.5;0.8
04/02/24   ;21:00;0.24;13.4;7.7;0.24;1197;0;-0.1;0.09;0.03;168;0.06;0.01;0.16;0.1;0.03;1.77;0.45;4.02;2.31;0.79
04/02/24   ;22:00;0.26;13.4;7.7;0.26;1199;0;-0.08;0.08;0.03;155;0.06;0.01;0.16;0.1;0.03;1.92;0.31;3.96;2.63;0.8
04/02/24   ;23:00;0.25;13.4;7.7;0.25;1200;0;-0.08;0.08;0.02;163;0.05;0.01;0.12;0.08;0.02;1.83;0.41;3.78;2.37;0.77
05/02/24   ;00:00;0.24;13.3;7.7;0.24;1194;0;-0.1;0.12;0.03;165;0.07;0.01;0.2;0.11;0.04;1.79;0.25;3.67;2.33;0.73
05/02/24   ;01:00;0.28;13.4;7.7;0.28;1195;0;-0.12;0.16;0.04;149;0.09;0.01;0.27;0.14;0.04;2;0.37;3.91;2.46;0.8
05/02/24   ;02:00;0.33;13.4;7.7;0.33;1199;0;-0.11;0.1;0.02;191;0.04;0;0.2;0.08;0.04;1.55;0.36;2.92;2.02;0.6
05/02/24   ;03:00;0.4;13.4;7.7;0.4;1200;0;-0.05;0.05;0.01;167;0.03;0.01;0.09;0.05;0.02;1.77;0.43;3.21;1.97;0.5
05/02/24   ;04:00;0.45;13.4;7.7;0.45;1200;0;-0.12;0.07;0.02;154;0.05;0.01;0.18;0.08;0.03;1.94;0.52;3.65;2.17;0.71
05/02/24   ;05:00;0.47;13.4;7.9;0.47;1195;0;-0.13;0.14;0.03;165;0.07;0.01;0.22;0.11;0.04;1.8;0.3;3.66;2.32;0.77
05/02/24   ;06:00;0.49;13.4;7.7;0.49;1197;0;-0.08;0.09;0.03;162;0.06;0.01;0.16;0.1;0.03;1.82;0.38;3.94;2.2;0.74
05/02/24   ;07:00;0.48;13.4;7.8;0.48;1198;0;-0.15;0.13;0.04;146;0.09;0.01;0.24;0.15;0.05;2.04;0.42;4.16;2.57;0.84
05/02/24   ;08:00;0.41;13.4;7.7;0.41;1200;0;-0.16;0.21;0.04;161;0.1;0.02;0.32;0.16;0.05;1.86;0.4;3.62;2.2;0.74
05/02/24   ;09:00;0.31;13.4;7.7;0.31;1200;0;-0.1;0.12;0.03;174;0.08;0.01;0.19;0.13;0.04;1.71;0.27;3.81;2.09;0.66
05/02/24   ;10:00;0.19;13.4;7.6;0.19;1200;0;-0.14;0.14;0.05;169;0.11;0.02;0.26;0.17;0.05;1.76;0.52;3.87;2.12;0.63
05/02/24   ;11:00;0.07;13.4;7.6;0.07;1200;0;-0.15;0.16;0.04;159;0.09;0.01;0.24;0.15;0.05;1.87;0.33;3.82;2.22;0.73
05/02/24   ;12:00;-0.05;13.4;7.7;-0.05;1197;0;-0.1;0.12;0.04;176;0.09;0.01;0.2;0.13;0.04;1.69;0.49;3.31;2.16;0.61
05/02/24   ;13:00;-0.14;13.4;7.7;-0.14;1200;0;-0.13;0.15;0.04;176;0.09;0.01;0.26;0.14;0.04;1.7;0.27;3.97;2.05;0.67
05/02/24   ;14:00;-0.21;13.3;7.7;-0.21;1200;0;-0.1;0.14;0.04;173;0.09;0.01;0.22;0.13;0.04;1.72;0.53;3.5;2.09;0.68
05/02/24   ;15:00;-0.21;13.4;7.7;-0.21;1196;0;-0.11;0.1;0.03;185;0.08;0;0.21;0.12;0.04;1.6;0.3;3.68;1.99;0.68
05/02/24   ;16:00;-0.14;13.4;7.8;-0.14;1200;0;-0.12;0.11;0.04;179;0.09;0;0.21;0.14;0.04;1.67;0.32;3.46;1.9;0.62
05/02/24   ;17:00;-0.02;13.4;8;-0.02;1195;0;-0.12;0.14;0.04;172;0.09;0.02;0.22;0.13;0.04;1.72;0.37;4.13;2.2;0.72
05/02/24   ;18:00;0.1;13.4;8;0.1;1199;0;-0.14;0.14;0.04;160;0.1;0.01;0.24;0.15;0.05;1.85;0.3;3.8;2.23;0.78
05/02/24   ;19:00;0.21;13.3;7.9;0.21;1200;0;-0.17;0.21;0.06;148;0.14;0.01;0.35;0.21;0.06;2.01;0.54;3.91;2.4;0.76
05/02/24   ;20:00;0.29;13.3;7.8;0.29;1200;0;-0.15;0.13;0.04;163;0.09;0.01;0.24;0.14;0.05;1.82;0.32;3.92;2.6;0.86
05/02/24   ;21:00;0.35;13.3;7.8;0.35;1200;0;-0.11;0.12;0.03;156;0.07;0.01;0.23;0.11;0.04;1.89;0.29;4.37;2.6;0.87
05/02/24   ;22:00;0.37;13.4;7.8;0.37;1195;0;-0.12;0.11;0.03;163;0.05;0.01;0.19;0.09;0.03;1.81;0.38;4;2.43;0.85
05/02/24   ;23:00;0.36;13.4;7.7;0.36;1200;0;-0.07;0.08;0.02;175;0.05;0.01;0.16;0.08;0.03;1.69;0.36;3.76;2.08;0.65
06/02/24   ;00:00;0.34;13.4;7.8;0.34;1200;0;-0.1;0.1;0.03;153;0.07;0.01;0.18;0.11;0.04;1.95;0.27;3.84;2.39;0.68
06/02/24   ;01:00;0.3;13.4;7.8;0.3;1212;0;-0.11;0.12;0.03;160;0.06;0;0.19;0.1;0.03;1.88;0.28;3.61;2.31;0.72
06/02/24   ;02:00;0.29;13.4;7.8;0.29;1208;0;-0.05;0.05;0.02;170;0.04;0.01;0.1;0.06;0.02;1.76;0.34;5.22;2.21;0.67
06/02/24   ;03:00;0.32;13.4;7.7;0.32;1200;0;-0.06;0.04;0.01;198;0.02;0;0.1;0.04;0.01;1.51;0.27;2.93;1.84;0.58
06/02/24   ;04:00;0.37;13.4;7.8;0.37;1200;0;-0.07;0.08;0.02;206;0.04;0;0.15;0.07;0.02;1.45;0.32;3.13;1.64;0.47
06/02/24   ;05:00;0.45;13.4;7.8;0.45;1200;0;-0.1;0.08;0.02;178;0.05;0;0.18;0.08;0.03;1.68;0.32;3.73;2.04;0.67
06/02/24   ;06:00;0.49;13.3;7.8;0.49;1195;0;-0.07;0.09;0.02;163;0.05;0.01;0.16;0.08;0.03;1.82;0.36;5.78;2.14;0.77
06/02/24   ;07:00;0.52;13.4;7.8;0.52;1199;0;-0.13;0.13;0.03;156;0.06;0.01;0.22;0.1;0.04;1.91;0.39;3.96;2.57;0.81
06/02/24   ;08:00;0.5;13.4;7.8;0.5;1200;0;-0.12;0.15;0.04;184;0.08;0.01;0.21;0.13;0.04;1.62;0.32;3.96;1.96;0.65
06/02/24   ;09:00;0.42;13.4;7.8;0.42;1200;0;-0.12;0.15;0.04;179;0.1;0.01;0.26;0.15;0.05;1.66;0.4;3.32;2.02;0.61
06/02/24   ;10:00;0.3;13.4;7.8;0.3;1195;0;-0.11;0.11;0.03;196;0.07;0.01;0.19;0.11;0.04;1.52;0.31;2.96;1.75;0.52
06/02/24   ;11:00;0.14;13.4;7.7;0.14;1199;0;-0.11;0.14;0.04;171;0.09;0;0.23;0.13;0.04;1.75;0.51;4.14;2.15;0.69
06/02/24   ;12:00;-0.01;13.4;7.7;-0.01;1200;0;-0.1;0.11;0.04;174;0.09;0.01;0.2;0.13;0.04;1.72;0.31;3.69;2.06;0.6
06/02/24   ;13:00;-0.14;13.4;7.9;-0.14;1196;0;-0.16;0.14;0.04;173;0.1;0.01;0.26;0.14;0.04;1.72;0.37;3.83;2.03;0.66
06/02/24   ;14:00;-0.24;13.4;8;-0.24;1200;0;-0.1;0.13;0.03;168;0.08;0.01;0.22;0.12;0.04;1.77;0.44;4.44;2.26;0.82
06/02/24   ;15:00;-0.29;13.4;7.8;-0.29;1198;0;-0.13;0.13;0.03;178;0.08;0.01;0.27;0.12;0.04;1.65;0.53;3.95;1.82;0.6
06/02/24   ;16:00;-0.26;13.4;7.8;-0.26;1199;0;-0.14;0.16;0.04;159;0.11;0.01;0.28;0.17;0.05;1.86;0.28;4.79;2.37;0.73
06/02/24   ;17:00;-0.14;13.4;7.9;-0.14;1195;0;-0.1;0.1;0.03;176;0.08;0.01;0.19;0.12;0.03;1.68;0.34;3.67;2.03;0.67
06/02/24   ;18:00;0.02;13.4;8;0.03;1199;0;-0.16;0.15;0.05;195;0.1;0;0.28;0.17;0.05;1.53;0.38;3.66;1.94;0.63
06/02/24   ;19:00;0.19;13.4;7.9;0.19;1200;0;-0.18;0.21;0.05;154;0.11;0.01;0.33;0.17;0.06;1.93;0.31;3.98;2.31;0.81
06/02/24   ;20:00;0.34;13.3;7.7;0.34;1193;0;-0.15;0.22;0.05;146;0.12;0.03;0.3;0.17;0.05;2.04;0.6;3.65;2.61;0.85
06/02/24   ;21:00;0.45;13.3;7.7;0.45;1198;0;-0.13;0.14;0.03;153;0.07;0.01;0.24;0.12;0.04;1.95;0.32;4.33;2.47;0.82
06/02/24   ;22:00;0.51;13.4;7.7;0.51;1213;0;-0.06;0.07;0.02;173;0.05;0.01;0.12;0.07;0.02;1.75;0.35;3.83;2.21;0.75
06/02/24   ;23:00;0.51;13.4;7.8;0.51;1200;0;-0.06;0.06;0.02;178;0.05;0.01;0.11;0.07;0.02;1.67;0.29;3.38;2.09;0.64
07/02/24   ;00:00;0.44;13.4;7.9;0.44;1200;0;-0.08;0.1;0.02;168;0.05;0;0.16;0.08;0.03;1.78;0.28;3.64;2.15;0.7
07/02/24   ;01:00;0.34;13.4;7.7;0.34;1200;0;-0.08;0.07;0.03;140;0.06;0.01;0.16;0.09;0.03;2.12;0.36;3.78;2.69;0.81
07/02/24   ;02:00;0.26;13.3;7.7;0.26;1200;0;-0.06;0.06;0.02;152;0.04;0;0.1;0.06;0.02;1.96;0.43;3.87;2.49;0.81
07/02/24   ;03:00;0.23;13.3;7.9;0.23;1200;0;-0.05;0.05;0.01;153;0.03;0;0.09;0.04;0.01;1.96;0.32;3.73;2.3;0.62
07/02/24   ;04:00;0.27;13.3;7.9;0.27;1200;0;-0.03;0.03;0.01;182;0.02;0;0.05;0.03;0.01;1.64;0.31;3.95;2.07;0.7
07/02/24   ;05:00;0.37;13.4;7.8;0.37;1198;0;-0.12;0.11;0.03;151;0.07;0.01;0.2;0.11;0.04;1.97;0.27;3.96;2.27;0.83
07/02/24   ;06:00;0.49;13.4;8.1;0.49;1194;0;-0.09;0.07;0.02;182;0.06;0.01;0.16;0.09;0.03;1.63;0.35;3.22;1.92;0.56
07/02/24   ;07:00;0.59;13.4;8;0.59;1200;0;-0.15;0.21;0.05;171;0.12;0.01;0.29;0.18;0.06;1.74;0.33;3.73;2.1;0.66
07/02/24   ;08:00;0.63;13.4;8.2;0.63;1195;0;-0.14;0.12;0.04;182;0.09;0.01;0.25;0.14;0.04;1.63;0.29;3.62;1.98;0.64
07/02/24   ;09:00;0.61;13.4;8.1;0.61;1200;0;-0.14;0.14;0.04;166;0.1;0.01;0.26;0.15;0.05;1.79;0.29;3.74;2.19;0.68
07/02/24   ;10:00;0.51;13.4;8.2;0.51;1200;0;-0.12;0.13;0.04;167;0.1;0.01;0.21;0.15;0.05;1.79;0.41;4.17;2.02;0.61
07/02/24   ;11:00;0.35;13.4;8.1;0.35;1199;0;-0.15;0.15;0.04;170;0.09;0.01;0.27;0.13;0.04;1.74;0.53;3.91;2.17;0.67
07/02/24   ;12:00;0.19;13.4;8;0.19;1199;0;-0.13;0.15;0.04;172;0.1;0;0.26;0.15;0.05;1.73;0.43;3.47;2.14;0.67
07/02/24   ;13:00;0.01;13.4;8;0.01;1195;0;-0.13;0.13;0.04;166;0.1;0.01;0.23;0.16;0.05;1.79;0.52;3.6;2.13;0.65
07/02/24   ;14:00;-0.14;13.4;8.1;-0.14;1200;0;-0.1;0.11;0.03;179;0.08;0.01;0.19;0.12;0.04;1.67;0.27;4.01;1.99;0.65
07/02/24   ;15:00;-0.26;13.4;8.1;-0.25;1200;0;-0.11;0.15;0.04;153;0.1;0.02;0.26;0.16;0.05;1.94;0.6;4.01;2.5;0.83
07/02/24   ;16:00;-0.29;13.4;8.2;-0.29;1200;0;-0.16;0.18;0.04;169;0.1;0.01;0.32;0.16;0.05;1.75;0.44;3.78;2.13;0.67
07/02/24   ;17:00;-0.21;13.4;8.2;-0.21;1200;0;-0.1;0.12;0.03;173;0.08;0.01;0.17;0.12;0.04;1.72;0.46;4.05;2.09;0.72
07/02/24   ;18:00;-0.03;13.4;8.1;-0.03;1196;0;-0.11;0.14;0.03;187;0.08;0.01;0.18;0.12;0.04;1.59;0.3;3.57;1.94;0.63
07/02/24   ;19:00;0.16;13.4;8.1;0.16;1193;0;-0.13;0.17;0.04;162;0.09;0.02;0.3;0.14;0.05;1.83;0.3;4.18;2.36;0.81
07/02/24   ;20:00;0.34;13.4;8.1;0.34;1194;0;-0.14;0.14;0.04;175;0.1;0.02;0.22;0.16;0.05;1.7;0.43;3.64;2.24;0.72
07/02/24   ;21:00;0.49;13.4;8.1;0.49;1191;0;-0.14;0.12;0.04;172;0.09;0.01;0.23;0.14;0.05;1.72;0.32;3.94;2.13;0.72
07/02/24   ;22:00;0.6;13.4;8.1;0.6;1193;0;-0.1;0.11;0.03;182;0.06;0;0.2;0.11;0.04;1.63;0.33;3.52;2.12;0.7
07/02/24   ;23:00;0.65;13.3;8.3;0.65;1200;0;-0.1;0.1;0.03;186;0.06;0.01;0.17;0.1;0.03;1.6;0.3;3.47;1.94;0.65
08/02/24   ;00:00;0.6;13.3;8.3;0.6;1195;0;-0.12;0.14;0.04;162;0.09;0.02;0.25;0.15;0.05;1.84;0.4;3.42;2.1;0.67
08/02/24   ;01:00;0.49;13.4;8.1;0.49;1192;0;-0.07;0.08;0.02;168;0.05;0;0.14;0.08;0.03;1.75;0.39;3.76;2.1;0.6
08/02/24   ;02:00;0.36;13.4;8.2;0.36;1196;0;-0.07;0.07;0.02;166;0.05;0;0.13;0.08;0.03;1.78;0.28;3.2;1.95;0.64
08/02/24   ;03:00;0.27;13.3;8;0.27;1196;0;-0.03;0.03;0.01;154;0.02;0;0.05;0.04;0.01;1.93;0.33;4.36;2.62;0.83
08/02/24   ;04:00;0.26;13.3;8.2;0.26;1200;0;-0.04;0.04;0.01;181;0.03;0;0.06;0.04;0.01;1.65;0.31;3.76;1.99;0.6
08/02/24   ;05:00;0.31;13.4;8.2;0.31;1198;0;-0.13;0.14;0.03;135;0.08;0.01;0.24;0.12;0.04;2.21;0.63;3.65;2.83;0.82
08/02/24   ;06:00;0.44;13.4;8.3;0.44;1200;0;-0.09;0.09;0.03;167;0.07;0;0.16;0.1;0.03;1.78;0.33;3.24;2.28;0.71
08/02/24   ;07:00;0.57;13.4;8.3;0.57;1195;0;-0.14;0.17;0.04;157;0.09;0.01;0.27;0.15;0.05;1.9;0.28;3.43;2.38;0.73
08/02/24   ;08:00;0.68;13.3;8.2;0.68;1197;0;-0.15;0.22;0.05;177;0.11;0;0.34;0.18;0.06;1.68;0.38;3.31;2.04;0.65
08/02/24   ;09:00;0.74;13.4;8.4;0.74;1196;0;-0.15;0.14;0.04;186;0.11;0.02;0.27;0.16;0.05;1.6;0.55;3.01;1.8;0.52
08/02/24   ;10:00;0.7;13.4;8.5;0.7;1200;0;-0.13;0.18;0.05;182;0.11;0.01;0.3;0.18;0.06;1.64;0.33;3.53;2.02;0.57
08/02/24   ;11:00;0.57;13.4;8.4;0.57;1192;0;-0.14;0.17;0.04;178;0.1;0.01;0.3;0.16;0.05;1.66;0.46;4.7;2.02;0.66
08/02/24   ;12:00;0.4;13.4;8.3;0.4;1188;0;-0.13;0.13;0.04;166;0.11;0.01;0.26;0.16;0.05;1.77;0.44;4.42;2.04;0.62
08/02/24   ;13:00;0.2;13.4;8.4;0.2;1193;0;-0.2;0.15;0.04;170;0.09;0.01;0.24;0.14;0.04;1.75;0.43;4;2.01;0.69
08/02/24   ;14:00;0;13.4;8.3;0;1200;0;-0.14;0.16;0.04;149;0.11;0.01;0.26;0.17;0.05;2;0.46;4.32;2.75;0.89
08/02/24   ;15:00;-0.17;13.4;8.5;-0.17;1198;0;-0.12;0.15;0.04;165;0.09;0.01;0.24;0.14;0.04;1.8;0.31;4.26;2.14;0.7
08/02/24   ;16:00;-0.28;13.4;8.5;-0.28;1199;0;-0.13;0.13;0.04;172;0.09;0.01;0.21;0.13;0.04;1.73;0.35;3.97;2.14;0.71
08/02/24   ;17:00;-0.3;13.4;8.6;-0.3;1198;0;-0.12;0.13;0.04;169;0.08;0;0.24;0.13;0.04;1.76;0.35;3.99;2.23;0.75
08/02/24   ;18:00;-0.18;13.4;8.5;-0.18;1197;0;-0.12;0.17;0.04;176;0.1;0.01;0.28;0.16;0.05;1.7;0.45;4.06;2.06;0.67
08/02/24   ;19:00;0.04;13.4;8.5;0.04;1200;0;-0.14;0.18;0.05;171;0.13;0.02;0.32;0.19;0.06;1.74;0.33;3.97;2.01;0.73
08/02/24   ;20:00;0.26;13.4;8.6;0.27;1194;0;-0.13;0.21;0.05;184;0.12;0.01;0.32;0.18;0.05;1.61;0.34;3.58;1.79;0.57
08/02/24   ;21:00;0.45;13.4;8.4;0.45;1196;0;-0.11;0.15;0.03;193;0.07;0.01;0.23;0.12;0.04;1.54;0.42;3.36;1.87;0.6
08/02/24   ;22:00;0.59;13.4;8.5;0.59;1200;0;-0.1;0.09;0.03;170;0.06;0.01;0.18;0.1;0.03;1.75;0.34;3.71;2.12;0.7
08/02/24   ;23:00;0.69;13.3;8.8;0.69;1200;0;-0.14;0.15;0.04;174;0.09;0.01;0.27;0.13;0.04;1.71;0.38;3.38;1.96;0.64
09/02/24   ;00:00;0.7;13.3;8.7;0.7;1195;0;-0.1;0.12;0.03;170;0.07;0.01;0.17;0.1;0.03;1.74;0.31;3.33;2.03;0.59
09/02/24   ;01:00;0.61;13.3;8.8;0.61;1200;0;-0.09;0.07;0.03;149;0.07;0;0.15;0.1;0.03;2.01;0.27;4.63;2.7;0.89
09/02/24   ;02:00;0.46;13.3;8.5;0.46;1196;0;-0.1;0.09;0.02;141;0.05;0;0.17;0.09;0.03;2.08;0.37;3.8;2.82;0.85
09/02/24   ;03:00;0.33;13.4;8.5;0.33;1175;0;-0.08;0.06;0.02;163;0.04;0;0.14;0.06;0.02;1.79;0.36;3.79;2.18;0.68
09/02/24   ;04:00;0.24;13.3;8.6;0.24;1200;0;-0.05;0.06;0.02;173;0.04;0;0.1;0.06;0.02;1.73;0.37;3.6;2.21;0.72
09/02/24   ;05:00;0.24;13.4;8.5;0.24;1194;0;-0.09;0.11;0.03;159;0.07;0;0.18;0.11;0.03;1.85;0.36;3.57;2.22;0.7
09/02/24   ;06:00;0.35;13.3;8.5;0.35;1200;0;-0.12;0.12;0.03;180;0.08;0;0.24;0.12;0.04;1.66;0.35;3.37;2.02;0.58
09/02/24   ;07:00;0.51;13.3;8.7;0.51;1196;0;-0.16;0.13;0.04;150;0.09;0.01;0.29;0.14;0.05;1.98;0.36;3.94;2.65;0.88
09/02/24   ;08:00;0.66;13.4;8.7;0.66;1200;0;-0.14;0.18;0.05;176;0.11;0.01;0.28;0.18;0.05;1.68;0.42;3.33;2.01;0.66
09/02/24   ;09:00;0.8;13.3;8.8;0.8;1183;0;-0.15;0.2;0.05;166;0.12;0.01;0.32;0.19;0.06;1.77;0.31;3.85;2.46;0.84
09/02/24   ;10:00;0.85;13.4;8.8;0.85;1200;0;-0.11;0.16;0.04;192;0.1;0.01;0.27;0.15;0.05;1.55;0.4;3.59;1.69;0.62
09/02/24   ;11:00;0.81;13.3;8.8;0.81;1195;0;-0.15;0.18;0.05;167;0.11;0.01;0.29;0.17;0.05;1.77;0.29;4.08;2.34;0.81
09/02/24   ;12:00;0.69;13.4;8.9;0.69;1200;0;-0.15;0.17;0.04;185;0.1;0.01;0.31;0.16;0.05;1.61;0.29;3.62;1.94;0.66
09/02/24   ;13:00;0.48;13.4;8.8;0.48;1192;0;-0.14;0.12;0.04;169;0.09;0.01;0.25;0.14;0.04;1.75;0.3;3.44;2.15;0.65
09/02/24   ;14:00;0.27;13.3;8.8;0.27;1200;0;-0.16;0.14;0.04;154;0.09;0.02;0.24;0.14;0.04;1.94;0.65;4.34;2.57;0.85
09/02/24   ;15:00;0.06;13.4;8.8;0.06;1217;0;-0.12;0.16;0.04;166;0.1;0.02;0.23;0.16;0.05;1.8;0.27;4.86;2.3;0.89
09/02/24   ;16:00;-0.09;13.4;8.8;-0.1;1200;0;-0.13;0.13;0.04;156;0.09;0.01;0.23;0.14;0.04;1.91;0.5;4.73;2.44;0.84
09/02/24   ;17:00;-0.15;13.4;8.8;-0.15;1200;0;-0.13;0.14;0.04;173;0.09;0.01;0.24;0.13;0.04;1.72;0.29;3.34;2.03;0.66
09/02/24   ;18:00;-0.07;13.4;8.8;-0.06;1199;0;-0.12;0.22;0.04;176;0.11;0.02;0.33;0.16;0.05;1.69;0.32;3.97;2;0.66
09/02/24   ;19:00;0.14;13.4;8.8;0.14;1200;0;-0.13;0.2;0.05;166;0.11;0.01;0.31;0.18;0.06;1.8;0.32;4.23;2.29;0.78
09/02/24   ;20:00;0.36;13.3;8.8;0.36;1200;0;-0.17;0.21;0.05;177;0.13;0;0.31;0.2;0.06;1.68;0.3;3.35;1.98;0.59
09/02/24   ;21:00;0.57;13.4;8.8;0.57;1200;0;-0.11;0.14;0.04;176;0.1;0.01;0.23;0.15;0.05;1.7;0.3;3.65;2.12;0.68
09/02/24   ;22:00;0.75;13.4;8.9;0.75;1200;0;-0.12;0.13;0.03;181;0.08;0.01;0.23;0.13;0.04;1.64;0.34;3.59;1.92;0.64
09/02/24   ;23:00;0.87;13.4;8.9;0.87;1200;0;-0.15;0.17;0.04;171;0.09;0.02;0.3;0.14;0.05;1.74;0.4;3.97;2.24;0.76
10/02/24   ;00:00;0.91;13.4;9;0.91;1197;0;-0.11;0.14;0.03;196;0.07;0.01;0.24;0.12;0.04;1.51;0.31;3.1;1.87;0.62
10/02/24   ;01:00;0.84;13.4;9;0.84;1195;0;-0.09;0.12;0.03;154;0.08;0.01;0.18;0.12;0.03;1.92;0.34;3.85;2.35;0.71
10/02/24   ;02:00;0.71;13.4;8.9;0.71;1197;0;-0.16;0.13;0.03;155;0.08;0.01;0.29;0.12;0.04;1.92;0.35;3.54;2.31;0.64
10/02/24   ;03:00;0.53;13.4;8.9;0.53;1200;0;-0.07;0.06;0.02;161;0.05;0;0.11;0.08;0.02;1.85;0.29;3.71;2.3;0.73
10/02/24   ;04:00;0.39;13.4;8.9;0.39;1200;0;-0.1;0.12;0.03;154;0.06;0.01;0.2;0.11;0.04;1.93;0.33;4.47;2.49;0.79
10/02/24   ;05:00;0.32;13.4;8.9;0.32;1200;0;-0.1;0.13;0.03;148;0.07;0;0.23;0.11;0.04;2.01;0.3;3.82;2.76;0.87
10/02/24   ;06:00;0.34;13.3;8.9;0.34;1197;0;-0.07;0.07;0.02;159;0.06;0;0.13;0.09;0.03;1.87;0.26;3.74;2.37;0.75
10/02/24   ;07:00;0.48;13.3;8.9;0.48;1192;0;-0.12;0.15;0.04;156;0.1;0.02;0.27;0.16;0.05;1.9;0.33;4.18;2.36;0.76
10/02/24   ;08:00;0.68;13.3;8.9;0.68;1191;0;-0.16;0.2;0.05;190;0.12;0.01;0.31;0.19;0.06;1.55;0.35;3.25;2.02;0.66
10/02/24   ;09:00;0.83;13.4;8.9;0.83;1198;0;-0.14;0.18;0.05;197;0.11;0.01;0.28;0.17;0.05;1.51;0.28;3.53;1.82;0.6
10/02/24   ;10:00;0.75;13.4;9;0.76;1197;0;-0.15;0.17;0.05;177;0.11;0.02;0.27;0.16;0.05;1.68;0.34;3.76;1.99;0.64
10/02/24   ;11:00;0.79;13.3;9;0.79;1199;0;-0.16;0.19;0.05;183;0.12;0.02;0.29;0.18;0.05;1.64;0.31;3.22;1.94;0.59
10/02/24   ;12:00;0.78;13.4;9;0.78;1200;0;-0.14;0.15;0.05;177;0.12;0.03;0.25;0.17;0.05;1.69;0.33;3;1.93;0.58
10/02/24   ;13:00;0.76;13.3;9;0.76;1200;0;-0.16;0.21;0.05;181;0.12;0.02;0.33;0.18;0.05;1.64;0.37;3.7;2;0.63
10/02/24   ;14:00;0.59;13.4;9;0.59;1196;0;-0.14;0.18;0.04;180;0.1;0.01;0.27;0.15;0.05;1.64;0.32;3.31;1.94;0.59
10/02/24   ;15:00;0.39;13.4;9;0.39;1222;0;-0.12;0.12;0.04;163;0.1;0.01;0.21;0.15;0.04;1.86;0.39;4.33;2.47;0.82
10/02/24   ;16:00;0.23;13.3;9.1;0.23;1198;0;-0.11;0.15;0.04;180;0.1;0.01;0.25;0.15;0.04;1.65;0.35;3.72;2.05;0.6
10/02/24   ;17:00;0.12;13.3;9.1;0.12;1200;0;-0.15;0.12;0.04;168;0.09;0.01;0.23;0.14;0.04;1.77;0.47;4.6;2.34;0.75
10/02/24   ;18:00;0.11;13.4;9.2;0.11;1199;0;-0.14;0.16;0.04;181;0.1;0.01;0.23;0.16;0.05;1.64;0.36;3.76;2.11;0.7
10/02/24   ;19:00;0.21;13.4;9;0.21;1200;0;-0.16;0.2;0.05;185;0.13;0.01;0.3;0.19;0.06;1.62;0.33;3.41;2;0.63
10/02/24   ;20:00;0.4;13.4;9.1;0.4;1192;0;-0.19;0.25;0.06;172;0.15;0.02;0.42;0.22;0.07;1.72;0.31;4.19;2.12;0.66
10/02/24   ;21:00;0.64;13.4;9;0.64;1200;0;-0.16;0.19;0.05;202;0.11;0.01;0.31;0.17;0.06;1.48;0.44;3.07;1.79;0.55
10/02/24   ;22:00;0.81;13.4;9.1;0.81;1200;0;-0.16;0.17;0.05;180;0.12;0.01;0.32;0.18;0.06;1.66;0.3;3.23;1.9;0.61
10/02/24   ;23:00;0.73;13.4;9.1;0.73;1193;0;-0.11;0.14;0.03;182;0.08;0.01;0.21;0.12;0.04;1.63;0.34;4.55;2.07;0.7
11/02/24   ;00:00;0.73;13.4;9.1;0.73;1200;0;-0.12;0.11;0.04;177;0.09;0;0.18;0.13;0.04;1.69;0.35;3.48;2.04;0.66
11/02/24   ;01:00;0.74;13.4;9.1;0.74;1200;0;-0.13;0.18;0.04;168;0.1;0.01;0.3;0.15;0.05;1.77;0.29;4.06;2.18;0.75
11/02/24   ;02:00;0.74;13.4;9.1;0.75;1199;0;-0.16;0.17;0.04;165;0.1;0.01;0.29;0.16;0.05;1.79;0.39;4;2.14;0.66
11/02/24   ;03:00;0.72;13.3;9.1;0.72;1198;0;-0.13;0.14;0.04;164;0.09;0.02;0.25;0.14;0.05;1.81;0.55;3.56;2.06;0.63
11/02/24   ;04:00;0.67;13.4;9.1;0.67;1200;0;-0.1;0.07;0.02;166;0.06;0.01;0.16;0.09;0.03;1.79;0.37;3.79;2.2;0.69
11/02/24   ;05:00;0.63;13.4;9.1;0.63;1200;0;-0.07;0.06;0.02;179;0.05;0;0.12;0.08;0.02;1.67;0.35;3.7;2.18;0.7
11/02/24   ;06:00;0.58;13.4;9.1;0.58;1200;0;-0.13;0.13;0.03;164;0.08;0.01;0.25;0.12;0.04;1.81;0.56;3.36;2.21;0.64
11/02/24   ;07:00;0.66;13.4;9.2;0.66;1197;0;-0.12;0.15;0.03;177;0.08;0.01;0.25;0.12;0.04;1.67;0.29;3.95;2.12;0.69
11/02/24   ;08:00;0.79;13.3;9.1;0.79;1199;0;-0.15;0.17;0.04;185;0.11;0.02;0.26;0.16;0.05;1.6;0.32;3.46;1.93;0.61
11/02/24   ;09:00;0.86;13.3;9.1;0.85;1195;0;-0.12;0.16;0.04;185;0.08;0.01;0.26;0.13;0.04;1.6;0.36;3.31;2.01;0.63
11/02/24   ;10:00;0.82;13.3;9.2;0.82;1200;0;-0.11;0.13;0.04;198;0.09;0.01;0.24;0.14;0.04;1.51;0.28;3.12;1.83;0.57
11/02/24   ;11:00;0.84;13.4;9.2;0.84;1196;0;-0.13;0.19;0.04;186;0.1;0.01;0.29;0.16;0.05;1.6;0.3;2.97;1.9;0.58
11/02/24   ;12:00;0.84;13.4;9.2;0.84;1200;0;-0.11;0.15;0.04;209;0.09;0.02;0.24;0.13;0.04;1.43;0.38;2.7;1.79;0.49
11/02/24   ;13:00;0.85;13.3;9.3;0.85;1197;0;-0.12;0.15;0.04;196;0.09;0.02;0.23;0.14;0.04;1.51;0.42;3.23;1.9;0.59
11/02/24   ;14:00;0.77;13.4;9.3;0.77;1208;0;-0.11;0.13;0.03;192;0.08;0.01;0.21;0.13;0.04;1.57;0.32;3.41;1.88;0.63
11/02/24   ;15:00;0.54;13.4;9.4;0.53;1200;0;-0.11;0.11;0.04;151;0.1;0.02;0.19;0.15;0.04;1.96;0.49;4.31;2.51;0.82
11/02/24   ;16:00;0.31;13.3;9.5;0.31;1199;0;-0.13;0.16;0.04;187;0.09;0.01;0.29;0.14;0.04;1.6;0.32;3.45;1.84;0.57
11/02/24   ;17:00;0.14;13.4;9.6;0.13;1200;0;-0.16;0.17;0.04;172;0.11;0.01;0.33;0.17;0.05;1.74;0.48;4.67;1.95;0.6
11/02/24   ;18:00;0.04;13.4;9.6;0.05;1224;0;-0.13;0.11;0.04;183;0.09;0.02;0.24;0.13;0.04;1.65;0.49;3.44;1.91;0.57
11/02/24   ;19:00;0.04;13.3;9.6;0.04;1196;0;-0.12;0.14;0.04;168;0.1;0.01;0.21;0.15;0.05;1.78;0.38;3.56;2.2;0.64
11/02/24   ;20:00;0.18;13.4;9.5;0.18;1200;0;-0.16;0.17;0.04;180;0.1;0.02;0.33;0.16;0.05;1.66;0.36;2.91;1.91;0.57
11/02/24   ;21:00;0.41;13.4;9.6;0.41;1200;0;-0.13;0.15;0.04;173;0.1;0.01;0.23;0.16;0.05;1.72;0.34;4.39;1.92;0.66
11/02/24   ;22:00;0.64;13.4;9.7;0.64;1206;0;-0.11;0.14;0.04;199;0.08;0.02;0.25;0.14;0.05;1.51;0.32;3.78;1.61;0.54
11/02/24   ;23:00;0.73;13.4;9.7;0.73;1200;0;-0.1;0.11;0.03;165;0.07;0.01;0.19;0.12;0.04;1.81;0.29;3.67;2.39;0.83
12/02/24   ;00:00;0.67;13.3;9.8;0.67;1200;0;-0.1;0.11;0.03;170;0.07;0.01;0.19;0.11;0.04;1.75;0.34;4.54;2.21;0.72
12/02/24   ;01:00;0.69;13.4;9.7;0.69;1196;0;-0.13;0.13;0.03;170;0.06;0;0.2;0.1;0.03;1.74;0.33;3.57;2.14;0.71
12/02/24   ;02:00;0.68;13.4;9.7;0.68;1200;0;-0.08;0.08;0.02;163;0.06;0.01;0.14;0.09;0.03;1.83;0.35;3.52;2.17;0.65
12/02/24   ;03:00;0.68;13.4;9.7;0.68;1200;0;-0.1;0.1;0.03;193;0.06;0.01;0.18;0.09;0.03;1.55;0.34;3.64;2.23;0.79
12/02/24   ;04:00;0.64;13.4;9.7;0.64;1200;0;-0.09;0.09;0.02;165;0.06;0.01;0.18;0.09;0.03;1.8;0.33;3.44;2.18;0.64
12/02/24   ;05:00;0.49;13.4;9.7;0.49;1199;0;-0.14;0.15;0.04;124;0.08;0;0.28;0.15;0.06;2.38;0.32;4.7;3.28;1.09
12/02/24   ;06:00;0.35;13.4;9.6;0.35;1198;0;-0.15;0.15;0.04;136;0.09;0.01;0.28;0.16;0.06;2.18;0.46;4.33;2.57;0.89
12/02/24   ;07:00;0.3;13.4;9.6;0.3;1200;0;-0.12;0.14;0.04;146;0.09;0.01;0.24;0.14;0.04;2.05;0.33;4.19;2.47;0.76
12/02/24   ;08:00;0.4;13.4;9.7;0.4;1200;0;-0.14;0.14;0.05;181;0.11;0.02;0.26;0.17;0.05;1.63;0.55;3.6;1.99;0.63
12/02/24   ;09:00;0.58;13.4;9.7;0.58;1199;0;-0.18;0.2;0.05;186;0.11;0.02;0.34;0.17;0.05;1.6;0.41;3.85;1.88;0.55
12/02/24   ;10:00;0.77;13.4;9.6;0.77;1199;0;-0.14;0.15;0.05;186;0.11;0.02;0.27;0.17;0.05;1.59;0.29;3.67;1.9;0.6
12/02/24   ;11:00;0.86;13.3;9.6;0.87;1200;0;-0.16;0.14;0.04;202;0.1;0.01;0.29;0.15;0.05;1.48;0.32;3.45;1.68;0.53
12/02/24   ;12:00;0.91;13.3;9.7;0.91;1200;0;-0.18;0.26;0.05;194;0.12;0.02;0.39;0.19;0.06;1.53;0.4;3.28;1.81;0.61
12/02/24   ;13:00;0.85;13.4;9.6;0.85;1198;0;-0.16;0.18;0.05;169;0.11;0;0.31;0.17;0.05;1.77;0.41;3.93;2.19;0.85
12/02/24   ;14:00;0.69;13.4;9.6;0.68;1200;0;-0.12;0.14;0.04;179;0.09;0.01;0.23;0.14;0.05;1.67;0.29;3.57;2.04;0.66
12/02/24   ;15:00;0.48;13.4;9.7;0.48;1181;0;-0.13;0.19;0.04;175;0.1;0.02;0.28;0.16;0.05;1.68;0.33;3.42;2.06;0.62
12/02/24   ;16:00;0.27;13.3;9.7;0.27;1184;0;-0.11;0.14;0.04;158;0.09;0.01;0.25;0.14;0.04;1.86;0.37;4.05;2.32;0.78
12/02/24   ;17:00;0.08;13.4;9.8;0.08;1190;0;-0.12;0.14;0.04;161;0.1;0.02;0.24;0.15;0.05;1.82;0.33;4;2.12;0.64
12/02/24   ;18:00;-0.04;13.4;9.8;-0.04;1200;0;-0.15;0.15;0.04;151;0.11;0.02;0.24;0.16;0.05;1.98;0.44;4.17;2.44;0.86
12/02/24   ;19:00;-0.05;13.3;9.9;-0.05;1195;0;-0.14;0.13;0.04;148;0.11;0.01;0.23;0.16;0.05;2.01;0.34;3.85;2.41;0.72
12/02/24   ;20:00;0.09;13.4;9.7;0.09;1196;0;-0.12;0.15;0.04;171;0.1;0.02;0.24;0.16;0.05;1.73;0.32;3.56;1.94;0.64
12/02/24   ;21:00;0.33;13.3;9.7;0.33;1195;0;-0.11;0.15;0.04;173;0.09;0.02;0.24;0.14;0.04;1.72;0.48;4.29;1.98;0.66
12/02/24   ;22:00;0.53;13.3;9.7;0.53;1200;0;-0.1;0.09;0.03;179;0.07;0.01;0.17;0.11;0.03;1.67;0.51;3.28;2.1;0.64
12/02/24   ;23:00;0.71;13.4;9.7;0.71;1196;0;-0.08;0.12;0.03;188;0.07;0.01;0.18;0.1;0.03;1.59;0.26;3.5;1.96;0.69
13/02/24   ;00:00;0.79;13.4;9.8;0.79;1198;0;-0.07;0.12;0.02;183;0.06;0.01;0.18;0.09;0.03;1.62;0.33;3.91;2.11;0.72
13/02/24   ;01:00;0.76;13.4;9.7;0.76;1195;0;-0.11;0.11;0.03;165;0.07;0.01;0.22;0.11;0.04;1.79;0.34;4.08;2.16;0.73
13/02/24   ;02:00;0.77;13.4;9.7;0.76;1200;0;-0.07;0.08;0.02;165;0.05;0.01;0.14;0.08;0.03;1.8;0.32;3.6;2.24;0.73
13/02/24   ;03:00;0.73;13.4;9.7;0.73;1195;0;-0.07;0.07;0.02;169;0.05;0;0.11;0.08;0.02;1.76;0.34;3.49;2.11;0.62
13/02/24   ;04:00;0.58;13.4;9.6;0.58;1200;0;-0.08;0.09;0.02;154;0.05;0.01;0.17;0.09;0.03;1.93;0.34;3.97;2.45;0.76
13/02/24   ;05:00;0.4;13.4;9.6;0.4;1200;0;-0.16;0.17;0.04;135;0.08;0.01;0.32;0.13;0.05;2.18;0.32;3.75;2.7;0.78
13/02/24   ;06:00;0.25;13.4;9.6;0.25;1200;0;-0.16;0.15;0.04;143;0.08;0.01;0.29;0.14;0.05;2.07;0.39;4.19;2.91;0.95
13/02/24   ;07:00;0.15;13.4;9.6;0.15;1195;0;-0.1;0.12;0.04;164;0.08;0.01;0.21;0.13;0.04;1.81;0.4;3.76;2.35;0.75
13/02/24   ;08:00;0.14;13.4;9.6;0.14;1198;0;-0.14;0.14;0.04;165;0.11;0.02;0.25;0.16;0.05;1.81;0.28;3.34;2.1;0.66
13/02/24   ;09:00;0.24;13.4;9.5;0.24;1196;0;-0.13;0.15;0.04;166;0.1;0.01;0.29;0.15;0.05;1.79;0.32;3.61;2.12;0.69
13/02/24   ;10:00;0.4;13.4;9.5;0.4;1200;0;-0.12;0.14;0.04;190;0.1;0.01;0.24;0.15;0.05;1.56;0.32;3.46;1.92;0.62
13/02/24   ;11:00;0.54;13.4;9.6;0.54;1200;0;-0.17;0.18;0.05;186;0.12;0.01;0.31;0.19;0.06;1.6;0.31;3.84;1.96;0.68
13/02/24   ;12:00;0.63;13.4;9.7;0.63;1195;0;-0.14;0.21;0.05;187;0.11;0.02;0.32;0.17;0.05;1.58;0.31;3.36;2.05;0.68
13/02/24   ;13:00;0.65;13.4;9.7;0.65;1198;0;-0.14;0.15;0.04;177;0.1;0.01;0.25;0.16;0.05;1.68;0.37;3.78;2.12;0.66
13/02/24   ;14:00;0.55;13.3;9.8;0.55;1199;0;-0.14;0.17;0.04;175;0.1;0.02;0.28;0.15;0.05;1.71;0.32;3.91;2.22;0.74
13/02/24   ;15:00;0.39;13.4;9.8;0.39;1200;0;-0.13;0.13;0.04;161;0.1;0.01;0.22;0.16;0.05;1.86;0.57;4.17;2.54;0.8
13/02/24   ;16:00;0.2;13.4;9.8;0.2;1205;0;-0.1;0.13;0.04;168;0.08;0.01;0.22;0.13;0.04;1.78;0.31;4.28;2.17;0.73
13/02/24   ;17:00;0.05;13.3;9.9;0.05;1206;0;-0.14;0.17;0.05;159;0.13;0.02;0.3;0.18;0.05;1.88;0.61;3.87;2.18;0.68
13/02/24   ;18:00;-0.04;13.4;9.9;-0.04;1201;0;-0.11;0.12;0.04;183;0.09;0.01;0.21;0.13;0.04;1.64;0.32;3.69;2.04;0.62
13/02/24   ;19:00;-0.05;13.4;9.9;-0.05;1189;0;-0.11;0.13;0.04;168;0.09;0.01;0.23;0.14;0.04;1.75;0.28;3.79;2.07;0.66
13/02/24   ;20:00;0.05;13.4;9.8;0.05;1192;0;-0.11;0.1;0.03;177;0.08;0.02;0.19;0.12;0.04;1.67;0.38;3.7;2.27;0.78
13/02/24   ;21:00;0.25;13.3;9.9;0.25;1193;0;-0.08;0.11;0.03;183;0.07;0.01;0.19;0.11;0.04;1.61;0.45;5.36;1.93;0.72
13/02/24   ;22:00;0.46;13.4;9.9;0.46;1195;0;-0.11;0.12;0.03;188;0.07;0.01;0.23;0.11;0.04;1.58;0.26;4.06;1.86;0.65
13/02/24   ;23:00;0.64;13.4;10;0.64;1202;0;-0.09;0.09;0.03;193;0.07;0.01;0.16;0.11;0.03;1.55;0.3;3.92;1.98;0.6
14/02/24   ;00:00;0.78;13.4;10;0.78;1199;0;-0.11;0.11;0.03;177;0.07;0.01;0.21;0.11;0.04;1.68;0.36;3.92;2.17;0.77
14/02/24   ;01:00;0.85;13.4;10.2;0.85;1189;0;-0.09;0.1;0.03;169;0.06;0.01;0.19;0.1;0.03;1.74;0.3;3.94;2.28;0.82
14/02/24   ;02:00;0.86;13.4;10.1;0.86;1199;0;-0.14;0.14;0.04;157;0.08;0.01;0.27;0.13;0.05;1.88;0.31;5.45;2.23;0.75
14/02/24   ;03:00;0.79;13.4;10.1;0.79;1197;0;-0.06;0.05;0.02;174;0.04;0;0.11;0.06;0.02;1.71;0.3;3.45;2.21;0.72
14/02/24   ;04:00;0.62;13.4;9.9;0.62;1199;0;-0.1;0.1;0.03;160;0.07;0.01;0.19;0.11;0.04;1.85;0.34;3.71;2.2;0.69
14/02/24   ;05:00;0.44;13.4;9.8;0.44;1199;0;-0.08;0.1;0.03;154;0.06;0;0.15;0.1;0.03;1.93;0.47;4.21;2.41;0.76
14/02/24   ;06:00;0.28;13.4;9.8;0.28;1198;0;-0.12;0.12;0.03;152;0.07;0.01;0.21;0.11;0.04;1.96;0.28;4.42;2.72;0.9
14/02/24   ;07:00;0.13;13.4;9.7;0.13;1195;0;-0.12;0.13;0.04;135;0.09;0.02;0.24;0.15;0.05;2.19;0.41;4.69;2.87;0.97
14/02/24   ;08:00;0.07;13.4;9.7;0.06;1200;0;-0.11;0.15;0.04;171;0.09;0.02;0.24;0.13;0.04;1.74;0.39;3.41;2.15;0.6
14/02/24   ;09:00;0.1;13.4;9.7;0.1;1200;0;-0.12;0.12;0.04;177;0.09;0.01;0.22;0.14;0.04;1.68;0.28;3.71;2.11;0.69
14/02/24   ;10:00;0.22;13.4;9.8;0.22;1201;0;-0.13;0.16;0.04;187;0.1;0.02;0.29;0.15;0.04;1.59;0.31;3.5;1.86;0.61
14/02/24   ;11:00;0.37;13.4;9.8;0.37;1197;0;-0.11;0.14;0.04;201;0.09;0.01;0.22;0.14;0.04;1.48;0.27;3.31;1.83;0.55
14/02/24   ;12:00;0.48;13.4;9.9;0.48;1191;0;-0.16;0.18;0.05;168;0.12;0.01;0.32;0.19;0.06;1.76;0.37;4.02;2.16;0.79
14/02/24   ;13:00;0.53;13.4;10;0.53;1200;0;-0.13;0.14;0.04;171;0.09;0.01;0.24;0.15;0.05;1.74;0.29;4.19;2.3;0.83
14/02/24   ;14:00;0.49;13.3;10;0.49;1200;0;-0.17;0.16;0.04;176;0.11;0.02;0.32;0.16;0.05;1.69;0.34;3.51;1.98;0.61
14/02/24   ;15:00;0.38;13.3;10.1;0.38;1197;0;-0.11;0.11;0.04;166;0.09;0.01;0.21;0.14;0.04;1.8;0.39;3.73;2.29;0.75
14/02/24   ;16:00;0.24;13.4;10.1;0.24;1200;0;-0.15;0.2;0.05;163;0.11;0.02;0.27;0.18;0.05;1.83;0.39;3.83;2.09;0.67
14/02/24   ;17:00;0.11;13.3;10;0.11;1196;0;-0.15;0.15;0.04;184;0.09;0;0.26;0.15;0.05;1.62;0.26;3.21;1.93;0.57
14/02/24   ;18:00;0.02;13.3;10.1;0.03;1200;0;-0.1;0.11;0.03;175;0.09;0.01;0.21;0.13;0.04;1.71;0.27;3.25;1.98;0.56
14/02/24   ;19:00;0.02;13.3;10;0.02;1200;0;-0.11;0.1;0.03;176;0.07;0.01;0.18;0.11;0.03;1.7;0.47;3.58;1.97;0.62
14/02/24   ;20:00;0.11;13.4;10.1;0.11;1213;0;-0.09;0.09;0.03;198;0.07;0.01;0.17;0.11;0.03;1.52;0.29;3.46;1.73;0.54
14/02/24   ;21:00;0.25;13.4;10.1;0.25;1208;0;-0.08;0.1;0.02;188;0.06;0.01;0.16;0.09;0.03;1.59;0.46;4.23;2.03;0.71
14/02/24   ;22:00;0.4;13.4;10;0.4;1200;0;-0.08;0.07;0.02;200;0.05;0.01;0.15;0.08;0.02;1.49;0.35;3.18;1.76;0.55
14/02/24   ;23:00;0.54;13.3;10.1;0.55;1200;0;-0.11;0.11;0.02;186;0.06;0;0.19;0.09;0.03;1.6;0.28;3.19;1.95;0.6
15/02/24   ;00:00;0.65;13.4;10.1;0.65;1196;0;-0.13;0.12;0.03;184;0.07;0.01;0.22;0.12;0.04;1.62;0.27;3.48;1.97;0.67
15/02/24   ;01:00;0.7;13.4;10.1;0.7;1200;0;-0.07;0.08;0.03;172;0.06;0.01;0.14;0.09;0.03;1.73;0.31;4.13;2.3;0.74
15/02/24   ;02:00;0.72;13.4;10.1;0.72;1193;0;-0.08;0.07;0.02;140;0.05;0.01;0.11;0.08;0.02;2.11;0.36;3.7;2.6;0.74
15/02/24   ;03:00;0.66;13.4;10.1;0.66;1198;0;-0.07;0.07;0.02;183;0.05;0.01;0.13;0.08;0.03;1.62;0.33;3.03;2.04;0.64
15/02/24   ;04:00;0.55;13.4;10;0.55;1198;0;-0.07;0.07;0.02;139;0.05;0.01;0.13;0.08;0.03;2.15;0.47;4.1;2.65;0.84
15/02/24   ;05:00;0.41;13.4;10;0.41;1200;0;-0.14;0.14;0.04;115;0.08;0.01;0.26;0.14;0.06;2.6;0.46;4.36;3.44;1.02
15/02/24   ;06:00;0.3;13.4;10;0.3;1193;0;-0.12;0.11;0.03;138;0.07;0.01;0.19;0.12;0.04;2.15;0.3;4.09;2.73;0.9
15/02/24   ;07:00;0.21;13.4;9.9;0.21;1199;0;-0.11;0.13;0.03;155;0.08;0;0.22;0.13;0.04;1.91;0.38;4.24;2.36;0.82
15/02/24   ;08:00;0.13;13.4;9.9;0.13;1199;0;-0.17;0.19;0.05;160;0.11;0.01;0.36;0.17;0.06;1.86;0.34;3.88;2.27;0.74
15/02/24   ;09:00;0.12;13.4;9.9;0.12;1200;0;-0.15;0.17;0.04;178;0.1;0.01;0.28;0.16;0.05;1.67;0.44;3.65;2.06;0.6
15/02/24   ;10:00;0.17;13.4;9.9;0.17;1200;0;-0.15;0.19;0.04;183;0.1;0.01;0.3;0.15;0.05;1.63;0.28;3.47;1.75;0.54
15/02/24   ;11:00;0.26;13.4;10;0.26;1200;0;-0.17;0.17;0.05;181;0.12;0;0.32;0.19;0.06;1.65;0.27;4.07;1.89;0.59
15/02/24   ;12:00;0.33;13.4;10.1;0.33;1200;0;-0.12;0.15;0.04;182;0.11;0.02;0.26;0.16;0.05;1.63;0.28;3.64;1.96;0.67
15/02/24   ;13:00;0.39;13.4;10.1;0.39;1199;0;-0.12;0.17;0.04;188;0.09;0.01;0.29;0.15;0.05;1.58;0.32;3.17;1.86;0.58
15/02/24   ;14:00;0.41;13.4;10.1;0.41;1196;0;-0.11;0.14;0.04;174;0.1;0.02;0.21;0.14;0.04;1.71;0.46;3.64;2.01;0.57
15/02/24   ;15:00;0.36;13.4;10.1;0.36;1197;0;-0.14;0.18;0.05;175;0.11;0;0.28;0.18;0.06;1.7;0.29;3.37;2.09;0.66
15/02/24   ;16:00;0.28;13.4;10.2;0.28;1198;0;-0.13;0.14;0.04;182;0.1;0.01;0.22;0.16;0.05;1.64;0.41;3.53;2.05;0.62
15/02/24   ;17:00;0.2;13.4;10.3;0.2;1200;0;-0.15;0.15;0.04;188;0.09;0.01;0.3;0.13;0.04;1.59;0.38;3.53;1.95;0.59
15/02/24   ;18:00;0.16;13.4;10.1;0.16;1199;0;-0.1;0.14;0.04;171;0.09;0.01;0.24;0.14;0.05;1.74;0.34;4.06;2.13;0.69
15/02/24   ;19:00;0.14;13.4;10.2;0.14;1200;0;-0.15;0.15;0.04;158;0.09;0.01;0.25;0.15;0.05;1.89;0.38;3.38;2.23;0.68
15/02/24   ;20:00;0.18;13.3;10;0.18;1200;0;-0.09;0.11;0.03;175;0.07;0.01;0.19;0.12;0.04;1.7;0.26;3.98;2.02;0.65
15/02/24   ;21:00;0.26;13.3;10.2;0.26;1200;0;-0.1;0.11;0.02;200;0.05;0.01;0.19;0.08;0.03;1.49;0.37;2.93;1.74;0.51
15/02/24   ;22:00;0.36;13.4;10.1;0.36;1195;0;-0.07;0.07;0.02;183;0.04;0.01;0.12;0.07;0.02;1.62;0.28;3.09;1.95;0.61
15/02/24   ;23:00;0.47;13.4;10.1;0.47;1200;0;-0.08;0.08;0.02;184;0.05;0.01;0.16;0.08;0.03;1.62;0.31;3.34;1.94;0.65
16/02/24   ;00:00;0.56;13.4;10.1;0.56;1200;0;-0.13;0.11;0.02;191;0.05;0.01;0.23;0.08;0.03;1.56;0.29;3.29;1.86;0.59
16/02/24   ;01:00;0.64;13.3;10;0.64;1199;0;-0.06;0.05;0.02;189;0.03;0.01;0.09;0.05;0.02;1.58;0.35;4.15;2.11;0.72
16/02/24   ;02:00;0.69;13.3;10.1;0.69;1196;0;-0.06;0.07;0.02;170;0.04;0;0.12;0.07;0.02;1.75;0.31;3.58;2.31;0.78
16/02/24   ;03:00;0.69;13.3;10.1;0.69;1200;0;-0.03;0.04;0.01;185;0.02;0;0.06;0.04;0.01;1.6;0.32;3.66;2.06;0.65
16/02/24   ;04:00;0.64;13.4;10.1;0.64;1197;0;-0.1;0.13;0.03;162;0.06;0.01;0.23;0.1;0.04;1.83;0.42;3.4;2.23;0.73
16/02/24   ;05:00;0.56;13.4;10;0.56;1200;0;-0.09;0.13;0.03;139;0.07;0.01;0.22;0.11;0.04;2.13;0.39;6.86;2.74;1
16/02/24   ;06:00;0.45;13.4;10;0.45;1200;0;-0.16;0.16;0.03;142;0.07;0;0.32;0.11;0.04;2.1;0.4;3.93;2.91;0.9
16/02/24   ;07:00;0.34;13.4;9.9;0.34;1198;0;-0.1;0.11;0.02;168;0.06;0.01;0.21;0.09;0.03;1.76;0.32;3.9;2.09;0.75
16/02/24   ;08:00;0.25;13.4;9.9;0.24;1200;0;-0.12;0.14;0.04;181;0.1;0.01;0.21;0.15;0.04;1.64;0.31;3.18;1.85;0.5
16/02/24   ;09:00;0.18;13.4;10;0.18;1199;0;-0.19;0.2;0.05;157;0.13;0.01;0.32;0.2;0.06;1.9;0.62;3.75;2.23;0.66
16/02/24   ;10:00;0.15;13.4;9.9;0.15;1199;0;-0.13;0.22;0.05;171;0.12;0.02;0.34;0.18;0.05;1.75;0.57;3.1;1.94;0.52
16/02/24   ;11:00;0.15;13.4;10.1;0.15;1196;0;-0.11;0.13;0.04;174;0.1;0.01;0.23;0.15;0.05;1.71;0.37;3.08;2.04;0.59
16/02/24   ;12:00;0.2;13.4;9.9;0.2;1200;0;-0.12;0.11;0.04;192;0.08;0.01;0.21;0.13;0.04;1.54;0.36;3.35;1.88;0.6
16/02/24   ;13:00;0.26;13.4;9.9;0.26;1200;0;-0.1;0.13;0.04;176;0.1;0.01;0.23;0.15;0.04;1.68;0.41;3.21;1.9;0.56
16/02/24   ;14:00;0.3;13.4;10.3;0.31;1200;0;-0.14;0.17;0.04;176;0.1;0.01;0.27;0.16;0.05;1.7;0.36;3.83;2.06;0.62
16/02/24   ;15:00;0.33;13.4;10.1;0.32;1200;0;-0.15;0.15;0.04;182;0.09;0.02;0.27;0.14;0.04;1.64;0.33;3.51;2.05;0.58
16/02/24   ;16:00;0.33;13.4;10;0.33;1195;0;-0.14;0.18;0.04;186;0.09;0.01;0.32;0.15;0.05;1.59;0.49;3.39;1.95;0.55
16/02/24   ;17:00;0.31;13.4;10;0.31;1198;0;-0.11;0.14;0.04;180;0.1;0.01;0.23;0.15;0.04;1.65;0.33;3.34;1.96;0.62
16/02/24   ;18:00;0.27;13.4;9.9;0.27;1197;0;-0.11;0.11;0.03;200;0.08;0.01;0.19;0.12;0.04;1.49;0.27;3.32;1.75;0.54
16/02/24   ;19:00;0.25;13.4;10.3;0.25;1200;0;-0.08;0.08;0.03;170;0.06;0.01;0.14;0.09;0.03;1.76;0.33;3.63;2.06;0.65
16/02/24   ;20:00;0.26;13.4;10.1;0.26;1200;0;-0.09;0.09;0.02;180;0.06;0;0.14;0.08;0.02;1.66;0.33;3.72;2.03;0.61
16/02/24   ;21:00;0.31;13.4;10.1;0.31;1200;0;-0.06;0.07;0.02;182;0.04;0.01;0.13;0.07;0.02;1.63;0.4;3.64;2.15;0.65
16/02/24   ;22:00;0.38;13.4;10;0.38;1200;0;-0.06;0.07;0.02;191;0.04;0;0.11;0.06;0.02;1.55;0.31;4.06;1.89;0.66
16/02/24   ;23:00;0.47;13.3;10.1;0.47;1200;0;-0.08;0.07;0.02;200;0.05;0.01;0.12;0.07;0.02;1.49;0.41;3.08;1.79;0.5
17/02/24   ;00:00;0.56;13.3;10.2;0.56;1198;0;-0.19;0.13;0.03;174;0.06;0;0.3;0.1;0.04;1.71;0.33;3.42;2.24;0.71
17/02/24   ;01:00;0.64;13.4;10.1;0.63;1196;0;-0.13;0.14;0.03;181;0.06;0.01;0.23;0.11;0.04;1.64;0.37;3.49;2.15;0.72
17/02/24   ;02:00;0.67;13.4;10.1;0.67;1199;0;-0.05;0.06;0.02;159;0.04;0.01;0.11;0.07;0.02;1.87;0.37;3.96;2.27;0.74
17/02/24   ;03:00;0.68;13.4;10.1;0.68;1200;0;-0.07;0.06;0.01;174;0.03;0;0.13;0.05;0.02;1.71;0.28;3.16;1.97;0.63
17/02/24   ;04:00;0.64;13.3;10;0.64;1200;0;-0.03;0.03;0.01;171;0.03;0;0.06;0.04;0.01;1.75;0.28;3.62;2.21;0.68
17/02/24   ;05:00;0.58;13.3;9.9;0.58;1200;0;-0.05;0.05;0.02;158;0.04;0.01;0.09;0.06;0.02;1.89;0.38;3.39;2.43;0.78
17/02/24   ;06:00;0.49;13.4;10;0.49;1197;0;-0.09;0.13;0.03;154;0.07;0;0.21;0.11;0.04;1.93;0.31;3.89;2.38;0.72
17/02/24   ;07:00;0.4;13.4;10;0.4;1200;0;-0.09;0.11;0.03;178;0.06;0.01;0.19;0.1;0.04;1.67;0.27;3.11;2;0.6
17/02/24   ;08:00;0.32;13.4;10;0.32;1200;0;-0.12;0.14;0.04;169;0.09;0.01;0.25;0.14;0.05;1.76;0.41;3.93;2.11;0.65
17/02/24   ;09:00;0.24;13.4;10;0.24;1200;0;-0.1;0.09;0.03;163;0.08;0.02;0.19;0.12;0.04;1.83;0.45;3.82;2.16;0.63
17/02/24   ;10:00;0.17;13.4;10;0.17;1191;0;-0.11;0.11;0.03;180;0.08;0.01;0.21;0.12;0.04;1.64;0.42;3.48;1.9;0.62
17/02/24   ;11:00;0.13;13.4;10;0.13;1180;0;-0.13;0.17;0.04;166;0.1;0.01;0.3;0.14;0.04;1.77;0.37;3.83;2.03;0.65
17/02/24   ;12:00;0.11;13.4;10;0.11;1200;0;-0.11;0.11;0.03;181;0.08;0.01;0.19;0.12;0.04;1.65;0.4;4.31;1.94;0.63
17/02/24   ;13:00;0.13;13.4;10.1;0.13;1195;0;-0.12;0.14;0.04;186;0.09;0.02;0.22;0.13;0.04;1.6;0.45;3.43;1.83;0.55
17/02/24   ;14:00;0.15;13.4;10.2;0.15;1200;0;-0.11;0.13;0.04;176;0.1;0.02;0.23;0.14;0.04;1.69;0.33;4.22;1.96;0.66
17/02/24   ;15:00;0.18;13.4;10.1;0.19;1200;0;-0.11;0.13;0.04;163;0.1;0.02;0.22;0.15;0.04;1.83;0.29;3.61;2.29;0.71
17/02/24   ;16:00;0.23;13.4;10.2;0.23;1200;0;-0.1;0.1;0.03;177;0.07;0.01;0.17;0.1;0.03;1.69;0.3;3.66;2.03;0.65
17/02/24   ;17:00;0.26;13.4;10.2;0.26;1186;0;-0.1;0.13;0.03;182;0.08;0.01;0.2;0.12;0.04;1.62;0.37;3.79;1.89;0.61
17/02/24   ;18:00;0.29;13.4;10.2;0.29;1198;0;-0.1;0.11;0.03;176;0.08;0;0.19;0.11;0.03;1.69;0.28;4.08;2.04;0.63
17/02/24   ;19:00;0.31;13.4;10.2;0.31;1200;0;-0.1;0.12;0.03;163;0.07;0.01;0.18;0.11;0.03;1.83;0.53;4.28;2.23;0.78
17/02/24   ;20:00;0.35;13.4;10.2;0.35;1200;0;-0.13;0.12;0.04;161;0.09;0;0.25;0.14;0.04;1.85;0.3;3.26;2.18;0.61
17/02/24   ;21:00;0.39;13.4;10.2;0.39;1199;0;-0.08;0.1;0.03;179;0.06;0.01;0.18;0.1;0.03;1.67;0.4;3.7;1.87;0.6
17/02/24   ;22:00;0.42;13.4;10.1;0.42;1197;0;-0.08;0.06;0.02;168;0.04;0.01;0.13;0.07;0.02;1.77;0.5;3.5;2.24;0.71
17/02/24   ;23:00;0.47;13.4;10.1;0.47;1197;0;-0.06;0.08;0.02;187;0.04;0.01;0.13;0.07;0.02;1.58;0.58;3.41;1.87;0.56
18/02/24   ;00:00;0.49;13.4;10.1;0.49;1199;0;-0.09;0.11;0.02;167;0.06;0;0.19;0.09;0.03;1.79;0.35;3.42;2.22;0.67
18/02/24   ;01:00;0.5;13.4;10.1;0.5;1197;0;-0.13;0.1;0.03;157;0.07;0.02;0.22;0.12;0.04;1.88;0.32;4.12;2.41;0.84
18/02/24   ;02:00;0.52;13.4;10.1;0.52;1200;0;-0.06;0.08;0.02;162;0.05;0;0.12;0.07;0.02;1.84;0.34;4.31;2.27;0.71
18/02/24   ;03:00;0.52;13.4;10.1;0.52;1198;0;-0.06;0.06;0.02;163;0.03;0.01;0.11;0.06;0.02;1.82;0.52;3.46;2.1;0.56
18/02/24   ;04:00;0.51;13.4;10.1;0.51;1200;0;-0.07;0.06;0.01;173;0.03;0;0.12;0.05;0.02;1.73;0.48;3.52;2.12;0.65
18/02/24   ;05:00;0.47;13.4;10.1;0.47;1196;0;-0.06;0.05;0.02;141;0.04;0;0.1;0.07;0.02;2.1;0.29;4.12;2.81;0.92
18/02/24   ;06:00;0.43;13.4;10.1;0.43;1193;0;-0.06;0.06;0.02;157;0.04;0.01;0.11;0.07;0.02;1.88;0.52;4.02;2.43;0.76
18/02/24   ;07:00;0.39;13.3;10.1;0.39;1200;0;-0.1;0.09;0.03;156;0.07;0.01;0.17;0.11;0.03;1.91;0.45;3.64;2.32;0.72
18/02/24   ;08:00;0.35;13.4;10.1;0.34;1185;0;-0.14;0.15;0.04;165;0.1;0.01;0.25;0.16;0.05;1.78;0.28;4.04;2.17;0.7
18/02/24   ;09:00;0.28;13.3;10.1;0.28;1199;0;-0.11;0.12;0.03;170;0.08;0.01;0.22;0.13;0.04;1.76;0.29;3.85;2.09;0.69
18/02/24   ;10:00;0.22;13.3;10.1;0.22;1200;0;-0.12;0.14;0.03;173;0.08;0.01;0.23;0.12;0.04;1.73;0.29;3.89;2.04;0.68
18/02/24   ;11:00;0.15;13.3;10.2;0.15;1200;0;-0.08;0.09;0.03;186;0.07;0.01;0.16;0.1;0.03;1.6;0.29;3.65;1.91;0.62
18/02/24   ;12:00;0.07;13.3;10.3;0.07;1200;0;-0.15;0.14;0.04;166;0.09;0;0.22;0.14;0.04;1.79;0.54;4.22;2.25;0.73
18/02/24   ;13:00;0.02;13.4;10.3;0.02;1199;0;-0.11;0.14;0.03;187;0.08;0.01;0.21;0.13;0.04;1.6;0.36;3.52;1.83;0.58
18/02/24   ;14:00;0.01;13.4;10.3;0.01;1199;0;-0.16;0.14;0.04;198;0.08;0.01;0.28;0.13;0.04;1.5;0.31;3.48;1.89;0.58
18/02/24   ;15:00;0.02;13.4;10.5;0.02;1197;0;-0.15;0.13;0.04;175;0.09;0.01;0.22;0.14;0.04;1.69;0.44;3.64;1.94;0.63
18/02/24   ;16:00;0.08;13.4;10.6;0.08;1195;0;-0.16;0.18;0.05;179;0.11;0.01;0.32;0.18;0.06;1.65;0.4;3.02;1.86;0.54
18/02/24   ;17:00;0.17;13.4;10.6;0.17;1194;0;-0.11;0.15;0.04;173;0.1;0.01;0.26;0.15;0.04;1.71;0.32;3.76;1.96;0.7
18/02/24   ;18:00;0.27;13.4;10.8;0.28;1200;0;-0.16;0.17;0.05;176;0.12;0.01;0.3;0.18;0.06;1.7;0.45;3.39;1.95;0.58
18/02/24   ;19:00;0.38;13.4;10.7;0.38;1200;0;-0.18;0.18;0.05;149;0.13;0.01;0.33;0.2;0.06;1.99;0.39;3.9;2.39;0.76
18/02/24   ;20:00;0.45;13.4;10.5;0.45;1198;0;-0.13;0.12;0.04;170;0.09;0.02;0.24;0.13;0.04;1.75;0.45;3.65;2.15;0.66
18/02/24   ;21:00;0.52;13.4;10.5;0.52;1200;0;-0.08;0.11;0.02;177;0.06;0.01;0.18;0.09;0.03;1.68;0.27;3.6;2.24;0.74
18/02/24   ;22:00;0.54;13.4;10.4;0.54;1198;0;-0.08;0.06;0.02;174;0.05;0;0.13;0.08;0.02;1.71;0.41;3.95;2.14;0.72
18/02/24   ;23:00;0.51;13.4;10.5;0.51;1196;0;-0.09;0.08;0.02;166;0.06;0.01;0.16;0.09;0.03;1.77;0.3;3.75;2.12;0.68
19/02/24   ;00:00;0.46;13.4;10.4;0.46;1196;0;-0.05;0.05;0.02;171;0.04;0.01;0.1;0.05;0.02;1.74;0.58;3.73;2.22;0.67
19/02/24   ;01:00;0.41;13.4;10.4;0.42;1200;0;-0.08;0.06;0.02;167;0.05;0;0.13;0.08;0.03;1.78;0.25;3.26;2.12;0.66
19/02/24   ;02:00;0.39;13.4;10.5;0.39;1195;0;-0.05;0.05;0.01;150;0.03;0;0.08;0.05;0.02;1.96;0.65;4.01;2.42;0.71
19/02/24   ;03:00;0.39;13.4;10.5;0.39;1200;0;-0.03;0.03;0.01;148;0.02;0;0.05;0.03;0.01;2.01;0.67;3.86;2.21;0.6
19/02/24   ;04:00;0.42;13.3;10.5;0.42;1197;0;-0.04;0.05;0.01;154;0.03;0.01;0.07;0.05;0.02;1.92;0.26;4.59;2.12;0.63
19/02/24   ;05:00;0.46;13.4;10.5;0.46;1199;0;-0.07;0.08;0.02;145;0.06;0.01;0.14;0.09;0.03;2.06;0.26;3.77;2.56;0.81
19/02/24   ;06:00;0.51;13.4;10.5;0.51;1198;0;-0.11;0.09;0.03;161;0.06;0;0.19;0.11;0.04;1.85;0.34;3.36;2.18;0.66
19/02/24   ;07:00;0.54;13.4;10.5;0.54;1196;0;-0.16;0.2;0.05;137;0.11;0;0.31;0.18;0.06;2.17;0.35;4.2;2.76;0.93
19/02/24   ;08:00;0.54;13.4;10.5;0.54;1199;0;-0.15;0.17;0.05;155;0.11;0;0.32;0.17;0.05;1.91;0.3;4.09;2.38;0.84
19/02/24   ;09:00;0.47;13.4;10.5;0.47;1200;0;-0.11;0.14;0.04;175;0.09;0.01;0.22;0.15;0.05;1.7;0.33;3.49;1.96;0.6
19/02/24   ;10:00;0.36;13.4;10.5;0.36;1198;0;-0.13;0.19;0.04;166;0.1;0;0.28;0.16;0.05;1.8;0.32;3.85;2.15;0.7
19/02/24   ;11:00;0.25;13.4;10.6;0.25;1198;0;-0.18;0.17;0.04;167;0.1;0.02;0.28;0.16;0.05;1.78;0.4;3.95;2.19;0.71
19/02/24   ;12:00;0.13;13.3;10.6;0.13;1199;0;-0.14;0.13;0.04;177;0.08;0.01;0.24;0.13;0.04;1.68;0.3;3.78;2.13;0.68
19/02/24   ;13:00;0;13.3;10.7;0;1199;0;-0.12;0.14;0.04;165;0.09;0.01;0.22;0.14;0.04;1.8;0.45;4.11;2.11;0.75
19/02/24   ;14:00;-0.09;13.4;10.7;-0.09;1198;0;-0.13;0.13;0.04;154;0.09;0.01;0.22;0.14;0.04;1.92;0.54;4.06;2.3;0.77
19/02/24   ;15:00;-0.11;13.4;10.8;-0.11;1199;0;-0.11;0.12;0.04;174;0.09;0.01;0.21;0.14;0.04;1.7;0.43;3.15;1.88;0.58
19/02/24   ;16:00;-0.06;13.4;10.8;-0.06;1200;0;-0.1;0.11;0.03;181;0.08;0.01;0.18;0.13;0.04;1.64;0.37;3.74;2.03;0.69
19/02/24   ;17:00;0.06;13.3;10.9;0.06;1203;0;-0.12;0.15;0.03;183;0.08;0.01;0.25;0.12;0.04;1.64;0.59;3.41;2.03;0.65
19/02/24   ;18:00;0.2;13.4;11;0.2;1208;0;-0.12;0.13;0.04;185;0.09;0.01;0.21;0.14;0.04;1.63;0.4;3.58;1.85;0.58
19/02/24   ;19:00;0.34;13.4;11.1;0.34;1200;0;-0.17;0.18;0.06;150;0.13;0.01;0.29;0.21;0.06;1.99;0.45;4;2.66;0.84
19/02/24   ;20:00;0.46;13.4;11;0.46;1198;0;-0.13;0.16;0.03;164;0.07;0.01;0.28;0.12;0.04;1.82;0.3;3.88;2.46;0.8
19/02/24   ;21:00;0.52;13.4;10.9;0.52;1195;0;-0.09;0.09;0.03;173;0.06;0.01;0.16;0.1;0.03;1.7;0.34;5.36;2.12;0.78
19/02/24   ;22:00;0.54;13.4;10.9;0.54;1197;0;-0.08;0.1;0.03;156;0.07;0;0.16;0.11;0.04;1.9;0.29;4.08;2.67;0.95
19/02/24   ;23:00;0.49;13.4;10.9;0.49;1200;0;-0.1;0.08;0.02;169;0.05;0.01;0.18;0.08;0.03;1.75;0.41;3.3;2.14;0.7
20/02/24   ;00:00;0.4;13.4;10.9;0.39;1198;0;-0.11;0.12;0.03;153;0.06;0.01;0.22;0.1;0.04;1.94;0.29;4.02;2.51;0.84
20/02/24   ;01:00;0.3;13.4;10.9;0.3;1196;0;-0.07;0.09;0.02;147;0.05;0.01;0.12;0.08;0.02;2.02;0.33;3.67;2.72;0.85
20/02/24   ;02:00;0.24;13.4;10.9;0.24;1199;0;-0.07;0.07;0.01;162;0.03;0.01;0.13;0.05;0.02;1.83;0.29;4;2.24;0.81
20/02/24   ;03:00;0.24;13.4;10.9;0.24;1199;0;-0.03;0.02;0.01;171;0.02;0;0.05;0.03;0.01;1.74;0.53;4.12;2.05;0.64
20/02/24   ;04:00;0.29;13.3;10.9;0.29;1199;0;-0.04;0.05;0.01;174;0.03;0;0.09;0.04;0.01;1.71;0.33;3.02;1.93;0.47
20/02/24   ;05:00;0.38;13.4;10.8;0.39;1200;0;-0.1;0.1;0.03;130;0.07;0;0.21;0.11;0.04;2.29;0.5;3.94;2.99;0.87
20/02/24   ;06:00;0.48;13.4;10.7;0.49;1199;0;-0.12;0.13;0.03;138;0.07;0.01;0.22;0.12;0.04;2.15;0.36;4.09;2.79;0.95
20/02/24   ;07:00;0.55;13.4;10.7;0.55;1195;0;-0.16;0.12;0.05;132;0.11;0.02;0.27;0.17;0.05;2.25;0.52;4.25;2.97;0.89
20/02/24   ;08:00;0.56;13.4;10.8;0.56;1200;0;-0.18;0.19;0.04;183;0.1;0.01;0.37;0.16;0.05;1.62;0.31;4.21;1.83;0.53
20/02/24   ;09:00;0.52;13.4;10.8;0.52;1200;0;-0.14;0.17;0.05;165;0.11;0.03;0.3;0.16;0.05;1.8;0.32;4.28;2.31;0.73
20/02/24   ;10:00;0.4;13.4;10.7;0.4;1194;0;-0.12;0.14;0.04;168;0.1;0;0.23;0.15;0.05;1.77;0.3;3.87;2.12;0.7
20/02/24   ;11:00;0.27;13.3;10.8;0.27;1197;0;-0.13;0.14;0.04;171;0.09;0;0.24;0.14;0.04;1.73;0.33;4.24;2.31;0.8
20/02/24   ;12:00;0.12;13.4;10.9;0.12;1200;0;-0.15;0.19;0.05;159;0.11;0;0.3;0.18;0.06;1.87;0.41;4.23;2.19;0.79
20/02/24   ;13:00;-0.02;13.3;11;-0.02;1195;0;-0.1;0.17;0.04;168;0.1;0.02;0.27;0.15;0.05;1.76;0.52;3.88;2;0.6
20/02/24   ;14:00;-0.14;13.3;11;-0.14;1200;0;-0.12;0.15;0.03;153;0.08;0.01;0.28;0.13;0.04;1.94;0.27;6.14;2.41;0.9
20/02/24   ;15:00;-0.21;13.4;11.1;-0.21;1200;0;-0.12;0.14;0.04;175;0.09;0.01;0.24;0.15;0.05;1.7;0.3;3.67;2.06;0.65
20/02/24   ;16:00;-0.19;13.4;11.1;-0.19;1193;0;-0.11;0.13;0.04;180;0.09;0.01;0.23;0.13;0.04;1.65;0.29;3.68;2.05;0.7
20/02/24   ;17:00;-0.07;13.4;11.2;-0.07;1196;0;-0.14;0.16;0.04;165;0.1;0.01;0.27;0.15;0.04;1.81;0.37;3.67;2.13;0.69
20/02/24   ;18:00;0.1;13.4;11.3;0.1;1200;0;-0.15;0.14;0.04;167;0.11;0.01;0.28;0.16;0.05;1.79;0.44;3.57;2.06;0.68
20/02/24   ;19:00;0.25;13.4;11.3;0.26;1200;0;-0.13;0.15;0.04;158;0.1;0.01;0.23;0.15;0.05;1.88;0.25;4.54;2.67;0.88
20/02/24   ;20:00;0.38;13.4;11.3;0.39;1200;0;-0.1;0.09;0.03;158;0.08;0.01;0.16;0.12;0.04;1.89;0.29;3.83;2.68;0.87
20/02/24   ;21:00;0.47;13.4;11.1;0.47;1200;0;-0.11;0.14;0.03;178;0.07;0.01;0.25;0.11;0.04;1.67;0.47;3.74;2.07;0.66
20/02/24   ;22:00;0.51;13.4;11.1;0.51;1200;0;-0.09;0.09;0.03;170;0.07;0.01;0.16;0.11;0.03;1.75;0.45;3.76;2.24;0.69
20/02/24   ;23:00;0.49;13.4;11.1;0.49;1195;0;-0.05;0.06;0.02;188;0.05;0.01;0.11;0.07;0.02;1.59;0.32;3.62;1.92;0.6
21/02/24   ;00:00;0.4;13.4;11.1;0.4;1199;0;-0.09;0.1;0.03;150;0.06;0.01;0.19;0.09;0.03;1.98;0.33;3.87;2.45;0.75
21/02/24   ;01:00;0.3;13.4;11.1;0.3;1200;0;-0.07;0.07;0.02;153;0.05;0.01;0.12;0.07;0.02;1.96;0.33;4.05;2.65;0.85
21/02/24   ;02:00;0.21;13.4;11.1;0.21;1199;0;-0.07;0.09;0.02;133;0.05;0;0.15;0.08;0.03;2.22;0.31;4.11;2.78;0.81
21/02/24   ;03:00;0.18;13.4;11.1;0.18;1200;0;-0.07;0.06;0.01;153;0.03;0;0.13;0.05;0.02;1.94;0.63;3.85;2.33;0.71
21/02/24   ;04:00;0.21;13.4;11.1;0.21;1201;0;-0.05;0.06;0.01;181;0.03;0.01;0.09;0.05;0.02;1.65;0.34;4.1;2.05;0.63
21/02/24   ;05:00;0.29;13.4;11;0.29;1200;0;-0.07;0.08;0.02;187;0.04;0;0.14;0.07;0.02;1.6;0.28;3.37;1.85;0.64
21/02/24   ;06:00;0.39;13.4;10.8;0.39;1198;0;-0.09;0.09;0.03;168;0.06;0;0.19;0.1;0.03;1.77;0.29;3.67;2.4;0.79
21/02/24   ;07:00;0.49;13.4;10.9;0.49;1199;0;-0.13;0.13;0.05;132;0.11;0.01;0.24;0.17;0.06;2.25;0.35;4.3;3.11;1.02
21/02/24   ;08:00;0.54;13.4;11;0.54;1199;0;-0.15;0.18;0.05;154;0.12;0.02;0.31;0.18;0.05;1.94;0.36;4;2.26;0.69
21/02/24   ;09:00;0.56;13.4;10.9;0.56;1205;0;-0.13;0.18;0.04;176;0.1;0.01;0.31;0.16;0.05;1.69;0.33;3.94;2.15;0.71
21/02/24   ;10:00;0.51;13.3;10.9;0.51;1197;0;-0.11;0.13;0.04;164;0.09;0.02;0.22;0.14;0.04;1.81;0.41;3.71;2.31;0.75
21/02/24   ;11:00;0.39;13.4;10.9;0.39;1195;0;-0.15;0.14;0.04;180;0.09;0.01;0.29;0.14;0.05;1.66;0.34;4.07;1.95;0.68
21/02/24   ;12:00;0.22;13.4;11;0.22;1198;0;-0.19;0.16;0.04;159;0.1;0.01;0.29;0.16;0.05;1.86;0.31;4.19;2.36;0.79
21/02/24   ;13:00;0.06;13.4;11.1;0.06;1200;0;-0.1;0.16;0.04;158;0.09;0.02;0.24;0.13;0.04;1.88;0.57;4.08;2.51;0.91
21/02/24   ;14:00;-0.08;13.3;11.2;-0.08;1200;0;-0.12;0.12;0.03;164;0.07;0.01;0.19;0.12;0.04;1.82;0.3;4.12;2.36;0.8
21/02/24   ;15:00;-0.17;13.4;11.3;-0.17;1200;0;-0.11;0.13;0.04;173;0.08;0.01;0.22;0.13;0.04;1.71;0.27;3.96;2.19;0.68
21/02/24   ;16:00;-0.22;13.4;11.3;-0.22;1199;0;-0.14;0.12;0.04;174;0.1;0.01;0.22;0.15;0.05;1.71;0.53;4.09;2.04;0.64
21/02/24   ;17:00;-0.17;13.3;11.3;-0.17;1196;0;-0.12;0.14;0.04;165;0.09;0.01;0.24;0.14;0.04;1.8;0.33;3.96;2.29;0.76
21/02/24   ;18:00;-0.02;13.4;11.3;-0.02;1200;0;-0.11;0.13;0.04;184;0.09;0.01;0.21;0.13;0.04;1.61;0.3;3.59;2.02;0.65
21/02/24   ;19:00;0.16;13.3;11.4;0.16;1196;0;-0.17;0.19;0.04;158;0.1;0.01;0.29;0.16;0.05;1.87;0.37;4.38;2.44;0.85
21/02/24   ;20:00;0.34;13.4;11.5;0.34;1197;0;-0.11;0.12;0.04;168;0.08;0.01;0.21;0.13;0.04;1.78;0.38;3.62;2.37;0.75
21/02/24   ;21:00;0.47;13.4;11.4;0.47;1199;0;-0.12;0.12;0.03;179;0.07;0.01;0.21;0.11;0.04;1.65;0.43;3.8;2.03;0.72
21/02/24   ;22:00;0.56;13.4;11.3;0.56;1197;0;-0.08;0.08;0.02;187;0.06;0.01;0.14;0.08;0.03;1.59;0.3;3.77;1.91;0.66
21/02/24   ;23:00;0.59;13.4;11.2;0.58;1200;0;-0.08;0.09;0.03;197;0.06;0;0.15;0.09;0.03;1.51;0.34;3.47;1.8;0.65
22/02/24   ;00:00;0.54;13.4;11.2;0.54;1198;0;-0.06;0.07;0.02;179;0.04;0.01;0.11;0.07;0.02;1.67;0.28;3.84;1.9;0.6
22/02/24   ;01:00;0.44;13.4;11.3;0.44;1200;0;-0.09;0.08;0.02;157;0.05;0;0.16;0.09;0.03;1.89;0.33;3.95;2.31;0.8
22/02/24   ;02:00;0.32;13.4;11.3;0.32;1200;0;-0.09;0.08;0.02;157;0.05;0.01;0.16;0.07;0.03;1.9;0.39;3.53;2.47;0.75
22/02/24   ;03:00;0.22;13.4;11.3;0.22;1200;0;-0.04;0.04;0.01;189;0.03;0;0.09;0.05;0.02;1.57;0.35;3.55;2.12;0.67
22/02/24   ;04:00;0.2;13.4;11.1;0.2;1194;0;-0.04;0.05;0.01;228;0.03;0.01;0.08;0.05;0.02;1.3;0.32;3;1.73;0.58
22/02/24   ;05:00;0.26;13.4;11.1;0.27;1200;0;-0.06;0.07;0.02;171;0.05;0;0.12;0.08;0.03;1.74;0.31;3.71;2.3;0.79
22/02/24   ;06:00;0.38;13.4;11.1;0.38;1195;0;-0.08;0.12;0.03;168;0.07;0.01;0.21;0.1;0.03;1.76;0.31;3.24;2.22;0.7
22/02/24   ;07:00;0.52;13.4;11;0.52;1200;0;-0.13;0.15;0.04;165;0.1;0.01;0.28;0.16;0.05;1.8;0.42;3.76;1.92;0.68
22/02/24   ;08:00;0.62;13.4;11.1;0.62;1197;0;-0.12;0.18;0.04;189;0.09;0;0.29;0.14;0.05;1.56;0.3;3.99;2;0.68
22/02/24   ;09:00;0.68;13.4;11;0.68;1198;0;-0.15;0.19;0.05;180;0.11;0;0.3;0.17;0.05;1.66;0.3;3.72;2.08;0.71
22/02/24   ;10:00;0.68;13.4;11;0.68;1200;0;-0.16;0.16;0.04;191;0.09;0.01;0.26;0.14;0.04;1.56;0.36;3.13;1.83;0.61
22/02/24   ;11:00;0.61;13.4;11.1;0.61;1196;0;-0.13;0.14;0.04;181;0.09;0.02;0.23;0.15;0.05;1.64;0.41;3.63;2.04;0.66
22/02/24   ;12:00;0.47;13.4;11.1;0.47;1198;0;-0.12;0.13;0.03;171;0.08;0.02;0.2;0.13;0.04;1.75;0.28;3.72;2.03;0.69
22/02/24   ;13:00;0.28;13.3;11.1;0.28;1197;0;-0.1;0.16;0.03;174;0.08;0.01;0.24;0.13;0.04;1.7;0.37;3.84;2.1;0.65
22/02/24   ;14:00;0.09;13.4;11.2;0.09;1199;0;-0.12;0.13;0.04;167;0.1;0.01;0.23;0.16;0.05;1.79;0.61;4.37;2.04;0.73
22/02/24   ;15:00;-0.07;13.4;11.3;-0.07;1200;0;-0.1;0.14;0.04;163;0.1;0.01;0.21;0.14;0.04;1.82;0.44;4.38;2.31;0.76
22/02/24   ;16:00;-0.16;13.3;11.3;-0.16;1199;0;-0.11;0.12;0.03;174;0.08;0;0.17;0.13;0.04;1.71;0.29;3.59;2.11;0.72
22/02/24   ;17:00;-0.15;13.3;11.3;-0.15;1200;0;-0.1;0.11;0.03;187;0.08;0;0.19;0.12;0.03;1.6;0.31;3.61;1.97;0.67
22/02/24   ;18:00;-0.02;13.3;11.2;-0.01;1197;0;-0.12;0.17;0.04;182;0.09;0.01;0.29;0.13;0.04;1.63;0.3;3.73;2.06;0.68
22/02/24   ;19:00;0.2;13.4;11.3;0.2;1198;0;-0.13;0.16;0.05;176;0.1;0.02;0.27;0.16;0.05;1.7;0.35;3.86;2.3;0.79
22/02/24   ;20:00;0.41;13.4;11.2;0.41;1200;0;-0.12;0.16;0.04;179;0.09;0.02;0.26;0.14;0.04;1.67;0.37;3.83;2.02;0.7
22/02/24   ;21:00;0.6;13.3;11.1;0.6;1182;0;-0.13;0.12;0.04;162;0.09;0.01;0.21;0.13;0.04;1.81;0.3;3.71;2.27;0.76
22/02/24   ;22:00;0.73;13.3;11;0.73;1194;0;-0.08;0.09;0.03;193;0.07;0.01;0.17;0.1;0.03;1.54;0.29;3.8;1.88;0.67
22/02/24   ;23:00;0.8;13.3;11;0.8;1199;0;-0.09;0.09;0.03;170;0.06;0.01;0.15;0.1;0.03;1.75;0.29;3.95;2.35;0.78
23/02/24   ;00:00;0.8;13.4;11;0.8;1200;0;-0.1;0.1;0.02;183;0.05;0.01;0.19;0.08;0.03;1.63;0.29;3.81;2.2;0.78
23/02/24   ;01:00;0.72;13.4;11;0.72;1195;0;-0.07;0.07;0.02;177;0.05;0;0.14;0.08;0.03;1.67;0.36;3.74;2.13;0.69
23/02/24   ;02:00;0.57;13.4;11;0.57;1192;0;-0.07;0.07;0.02;144;0.05;0;0.11;0.07;0.02;2.05;0.43;3.45;2.59;0.68
23/02/24   ;03:00;0.43;13.4;11.1;0.43;1198;0;-0.05;0.05;0.01;194;0.03;0.01;0.1;0.06;0.02;1.53;0.41;3.11;1.66;0.52
23/02/24   ;04:00;0.38;13.4;11.1;0.38;1191;0;-0.1;0.12;0.03;171;0.08;0.02;0.22;0.13;0.04;1.73;0.29;3.06;1.95;0.54
23/02/24   ;05:00;0.4;13.4;11.1;0.4;1197;0;-0.14;0.16;0.04;165;0.11;0.01;0.25;0.16;0.05;1.8;0.43;3.37;2;0.54
23/02/24   ;06:00;0.52;13.4;11;0.52;1195;0;-0.14;0.2;0.06;170;0.14;0.03;0.31;0.21;0.06;1.74;0.45;3.34;1.95;0.54
23/02/24   ;07:00;0.71;13.4;11.1;0.71;1198;0;-0.2;0.24;0.06;172;0.15;0.02;0.43;0.23;0.07;1.72;0.34;3.03;2.1;0.59
23/02/24   ;08:00;0.85;13.4;11;0.85;1200;0;-0.19;0.28;0.07;180;0.17;0.03;0.41;0.27;0.08;1.66;0.42;3.07;1.98;0.59
23/02/24   ;09:00;0.83;13.4;10.9;0.83;1200;0;-0.25;0.28;0.07;165;0.16;0.01;0.52;0.24;0.08;1.8;0.31;3.36;2.11;0.68
23/02/24   ;10:00;0.83;13.4;11;0.82;1200;0;-0.21;0.27;0.07;151;0.18;0.01;0.45;0.27;0.08;1.96;0.34;3.96;2.38;0.75
23/02/24   ;11:00;0.83;13.4;11;0.83;1193;0;-0.19;0.25;0.06;168;0.15;0.02;0.44;0.23;0.07;1.75;0.35;4.26;2.11;0.65
23/02/24   ;12:00;0.83;13.4;11;0.83;1200;0;-0.2;0.28;0.06;170;0.15;0.01;0.42;0.24;0.08;1.76;0.45;3.66;2.17;0.66
23/02/24   ;13:00;0.73;13.3;11.1;0.73;1199;0;-0.14;0.17;0.05;155;0.13;0.01;0.29;0.19;0.06;1.92;0.37;3.93;2.43;0.76
23/02/24   ;14:00;0.55;13.4;11.1;0.55;1191;0;-0.12;0.18;0.04;153;0.09;0;0.27;0.15;0.05;1.91;0.4;4.52;2.28;0.76
23/02/24   ;15:00;0.37;13.3;11.1;0.37;1200;0;-0.13;0.15;0.04;173;0.1;0.02;0.25;0.15;0.05;1.72;0.51;3.51;2.06;0.63
23/02/24   ;16:00;0.24;13.4;11.2;0.24;1191;0;-0.1;0.1;0.03;162;0.08;0.01;0.19;0.12;0.04;1.82;0.4;3.67;2.4;0.76
23/02/24   ;17:00;0.23;13.3;11.2;0.23;1198;0;-0.13;0.12;0.04;166;0.09;0.01;0.22;0.14;0.05;1.8;0.49;3.76;2.42;0.75
23/02/24   ;18:00;0.36;13.3;11;0.36;1197;0;-0.17;0.16;0.05;165;0.11;0.01;0.33;0.18;0.06;1.8;0.39;3.77;2.28;0.75
23/02/24   ;19:00;0.56;13.4;10.9;0.56;1200;0;-0.15;0.17;0.04;180;0.09;0.01;0.32;0.15;0.05;1.66;0.3;3.41;2.11;0.68
23/02/24   ;20:00;0.79;13.4;10.9;0.79;1192;0;-0.12;0.18;0.05;190;0.11;0.01;0.28;0.17;0.06;1.55;0.25;3.73;1.94;0.63
23/02/24   ;21:00;0.85;13.4;10.9;0.85;1200;0;-0.1;0.16;0.03;185;0.08;0.01;0.24;0.12;0.04;1.6;0.34;4.12;1.9;0.68
23/02/24   ;22:00;0.83;13.4;10.9;0.83;1208;0;-0.1;0.12;0.03;190;0.07;0.01;0.19;0.11;0.03;1.58;0.48;3.74;1.85;0.63
23/02/24   ;23:00;0.86;13.3;10.9;0.86;1200;0;-0.11;0.1;0.03;185;0.07;0.01;0.2;0.12;0.04;1.6;0.3;3.75;2.04;0.63
24/02/24   ;00:00;0.85;13.4;10.9;0.85;1200;0;-0.1;0.11;0.03;172;0.08;0.02;0.19;0.12;0.04;1.74;0.32;3.62;2.05;0.63
24/02/24   ;01:00;0.84;13.4;10.8;0.84;1200;0;-0.13;0.12;0.03;158;0.07;0;0.22;0.12;0.04;1.89;0.29;3.89;2.49;0.78
24/02/24   ;02:00;0.7;13.4;10.8;0.7;1193;0;-0.06;0.06;0.02;161;0.05;0.01;0.12;0.07;0.02;1.83;0.37;3.52;2.17;0.72
24/02/24   ;03:00;0.54;13.4;10.8;0.54;1196;0;-0.1;0.09;0.02;173;0.03;0;0.19;0.06;0.03;1.73;0.61;3.6;2.05;0.59
24/02/24   ;04:00;0.38;13.4;10.8;0.38;1200;0;-0.07;0.07;0.02;145;0.05;0;0.14;0.08;0.02;2.06;0.52;4.59;2.32;0.81
24/02/24   ;05:00;0.28;13.4;10.8;0.28;1207;0;-0.13;0.13;0.03;165;0.06;0.01;0.24;0.1;0.04;1.81;0.32;3.65;2.09;0.7
24/02/24   ;06:00;0.26;13.4;10.8;0.26;1199;0;-0.14;0.11;0.03;159;0.06;0.01;0.25;0.11;0.04;1.87;0.47;3.74;2.38;0.71
24/02/24   ;07:00;0.34;13.4;10.8;0.34;1198;0;-0.14;0.13;0.03;181;0.08;0.01;0.26;0.13;0.04;1.64;0.31;3.41;2.02;0.6
24/02/24   ;08:00;0.48;13.4;10.6;0.48;1199;0;-0.13;0.17;0.04;172;0.1;0.02;0.27;0.16;0.05;1.73;0.59;3.73;2.02;0.66
24/02/24   ;09:00;0.58;13.4;10.7;0.58;1201;0;-0.12;0.17;0.04;193;0.1;0.01;0.29;0.16;0.05;1.55;0.39;3.28;1.92;0.59
24/02/24   ;10:00;0.61;13.4;10.7;0.6;1197;0;-0.16;0.15;0.04;193;0.1;0.02;0.3;0.16;0.05;1.54;0.3;3.41;1.83;0.64
24/02/24   ;11:00;0.56;13.4;10.7;0.56;1199;0;-0.1;0.11;0.03;183;0.08;0.01;0.19;0.13;0.04;1.63;0.36;3.3;2.06;0.63
24/02/24   ;12:00;0.48;13.4;10.8;0.48;1193;0;-0.12;0.12;0.04;177;0.09;0.02;0.22;0.13;0.04;1.67;0.34;3.97;1.99;0.66
24/02/24   ;13:00;0.36;13.4;10.8;0.36;1203;0;-0.14;0.14;0.04;158;0.09;0.02;0.21;0.13;0.04;1.9;0.36;3.85;2.48;0.77
24/02/24   ;14:00;0.24;13.4;10.9;0.24;1188;0;-0.18;0.14;0.04;154;0.11;0.01;0.25;0.16;0.05;1.91;0.45;4.37;2.32;0.82
24/02/24   ;15:00;0.15;13.3;11;0.15;1206;0;-0.11;0.12;0.04;177;0.1;0;0.22;0.15;0.04;1.69;0.34;3.77;1.98;0.59
24/02/24   ;16:00;0.09;13.3;11.1;0.09;1198;0;-0.16;0.14;0.04;175;0.1;0.01;0.25;0.15;0.05;1.7;0.28;5.11;2.15;0.78
24/02/24   ;17:00;0.07;13.4;11.1;0.07;1197;0;-0.16;0.21;0.05;161;0.11;0.01;0.33;0.17;0.06;1.84;0.39;4.33;2.06;0.77
24/02/24   ;18:00;0.14;13.4;11;0.14;1200;0;-0.13;0.17;0.04;176;0.1;0.01;0.26;0.16;0.05;1.69;0.27;3.69;2.06;0.62
24/02/24   ;19:00;0.31;13.3;10.8;0.31;1195;0;-0.13;0.15;0.04;175;0.1;0.02;0.28;0.16;0.05;1.69;0.45;3.63;2.06;0.62
24/02/24   ;20:00;0.5;13.3;10.8;0.5;1197;0;-0.12;0.13;0.04;199;0.09;0.02;0.25;0.13;0.04;1.5;0.29;2.89;1.74;0.52
24/02/24   ;21:00;0.67;13.4;10.9;0.67;1189;0;-0.1;0.15;0.03;194;0.08;0.01;0.21;0.12;0.04;1.52;0.34;3.53;1.77;0.6
24/02/24   ;22:00;0.8;13.4;10.9;0.81;1189;0;-0.11;0.13;0.03;179;0.07;0.01;0.21;0.11;0.04;1.66;0.36;3.74;2.01;0.71
24/02/24   ;23:00;0.88;13.3;11.3;0.88;1202;0;-0.1;0.13;0.03;192;0.07;0.01;0.21;0.1;0.03;1.55;0.31;3.68;1.9;0.61
25/02/24   ;00:00;0.89;13.4;11.3;0.89;1198;0;-0.09;0.12;0.03;181;0.07;0.01;0.19;0.11;0.04;1.64;0.32;3.25;1.99;0.62
25/02/24   ;01:00;0.76;13.3;11.2;0.76;1197;0;-0.09;0.08;0.03;154;0.07;0.01;0.17;0.11;0.03;1.93;0.36;4.06;2.27;0.76
25/02/24   ;02:00;0.58;13.4;11;0.58;1198;0;-0.08;0.09;0.02;143;0.06;0.01;0.13;0.09;0.03;2.07;0.36;3.47;2.66;0.75
25/02/24   ;03:00;0.4;13.4;10.8;0.39;1200;0;-0.05;0.05;0.01;160;0.03;0;0.08;0.05;0.02;1.86;0.44;4.08;2.31;0.7
25/02/24   ;04:00;0.22;13.4;10.8;0.22;1196;0;-0.05;0.05;0.01;150;0.03;0.01;0.08;0.05;0.02;1.97;0.38;3.92;2.43;0.69
25/02/24   ;05:00;0.1;13.4;10.8;0.1;1197;0;-0.05;0.06;0.02;154;0.04;0.01;0.09;0.06;0.02;1.93;0.32;4.15;2.33;0.79
25/02/24   ;06:00;0.05;13.4;10.8;0.05;1200;0;-0.07;0.07;0.02;157;0.05;0;0.14;0.08;0.03;1.88;0.51;4.19;2.13;0.72
25/02/24   ;07:00;0.1;13.4;10.8;0.1;1200;0;-0.11;0.11;0.03;170;0.07;0.01;0.21;0.11;0.04;1.75;0.29;3.59;1.96;0.63
25/02/24   ;08:00;0.25;13.4;10.8;0.25;1180;0;-0.09;0.1;0.03;186;0.07;0.01;0.16;0.11;0.03;1.57;0.33;3.16;2;0.61
25/02/24   ;09:00;0.42;13.4;10.9;0.42;1200;0;-0.12;0.17;0.04;179;0.09;0.02;0.25;0.14;0.04;1.66;0.52;4.09;2.13;0.69
25/02/24   ;10:00;0.58;13.4;10.9;0.58;1198;0;-0.11;0.13;0.04;197;0.1;0.01;0.23;0.15;0.04;1.51;0.3;3.16;1.75;0.59
25/02/24   ;11:00;0.7;13.4;11;0.7;1192;0;-0.14;0.17;0.04;191;0.09;0.01;0.2;0.13;0.04;1.53;0.37;3.28;1.79;0.59
25/02/24   ;12:00;0.74;13.4;11.1;0.74;1194;0;-0.11;0.12;0.04;200;0.09;0.01;0.22;0.13;0.04;1.48;0.33;3.12;1.72;0.49
25/02/24   ;13:00;0.68;13.4;11.1;0.68;1193;0;-0.11;0.15;0.04;180;0.09;0.01;0.22;0.13;0.04;1.65;0.39;3.9;2.01;0.65
25/02/24   ;14:00;0.53;13.4;11.2;0.53;1197;0;-0.1;0.11;0.04;164;0.09;0.01;0.19;0.13;0.04;1.82;0.38;4.51;2.13;0.68
25/02/24   ;15:00;0.34;13.4;11.2;0.34;1200;0;-0.13;0.14;0.04;178;0.09;0;0.24;0.14;0.05;1.68;0.32;3.73;2.16;0.68
25/02/24   ;16:00;0.17;13.4;11.2;0.17;1182;0;-0.1;0.15;0.04;168;0.09;0.01;0.23;0.14;0.04;1.75;0.53;4.22;2.16;0.73
25/02/24   ;17:00;0.07;13.4;11.2;0.07;1200;0;-0.13;0.15;0.03;181;0.08;0.01;0.24;0.12;0.04;1.65;0.36;3.79;2;0.59
25/02/24   ;18:00;0.04;13.4;11.1;0.04;1192;0;-0.14;0.15;0.03;170;0.08;0.01;0.26;0.13;0.04;1.74;0.4;4.37;2.11;0.74
25/02/24   ;19:00;0.16;13.4;11.2;0.16;1200;0;-0.21;0.2;0.04;175;0.11;0.01;0.34;0.16;0.05;1.7;0.41;3.84;1.85;0.69
25/02/24   ;20:00;0.36;13.4;11.3;0.36;1193;0;-0.13;0.15;0.04;187;0.1;0.01;0.27;0.15;0.05;1.58;0.41;3.5;1.79;0.58
25/02/24   ;21:00;0.54;13.3;11.3;0.54;1196;0;-0.16;0.17;0.04;163;0.09;0.01;0.32;0.14;0.04;1.83;0.43;3.99;2.28;0.79
25/02/24   ;22:00;0.69;13.3;11.5;0.69;1200;0;-0.08;0.11;0.03;172;0.06;0.01;0.16;0.1;0.03;1.74;0.28;3.58;2.18;0.67
25/02/24   ;23:00;0.78;13.4;11.6;0.78;1192;0;-0.08;0.09;0.03;161;0.06;0.01;0.15;0.1;0.03;1.84;0.42;3.88;2.47;0.84
26/02/24   ;00:00;0.77;13.4;11.7;0.77;1200;0;-0.11;0.16;0.04;168;0.08;0.01;0.26;0.14;0.05;1.75;0.32;3.92;2.02;0.65
26/02/24   ;01:00;0.67;13.4;11.5;0.67;1200;0;-0.05;0.07;0.02;173;0.05;0.01;0.11;0.07;0.02;1.72;0.46;3.66;2.21;0.69
26/02/24   ;02:00;0.49;13.3;11.3;0.49;1193;0;-0.06;0.06;0.02;148;0.05;0;0.11;0.07;0.02;2;0.3;3.9;2.53;0.79
26/02/24   ;03:00;0.3;13.3;11.2;0.3;1200;0;-0.05;0.05;0.01;179;0.03;0;0.09;0.05;0.02;1.67;0.32;3.41;2.35;0.79
26/02/24   ;04:00;0.12;13.4;11.1;0.12;1200;0;-0.04;0.04;0.01;172;0.03;0;0.08;0.05;0.01;1.73;0.31;3.68;2.3;0.73
26/02/24   ;05:00;0;13.4;11;0;1200;0;-0.06;0.07;0.02;160;0.05;0;0.12;0.08;0.03;1.86;0.35;4.21;2.32;0.8
26/02/24   ;06:00;-0.02;13.4;11;-0.02;1200;0;-0.1;0.08;0.03;133;0.07;0.01;0.15;0.1;0.03;2.21;0.36;4.15;3;0.9
26/02/24   ;07:00;0.09;13.4;11.2;0.09;1200;0;-0.12;0.12;0.04;175;0.08;0.01;0.22;0.13;0.04;1.71;0.41;3.23;2.2;0.68
26/02/24   ;08:00;0.27;13.4;11.1;0.28;1207;0;-0.18;0.16;0.05;184;0.12;0.01;0.31;0.19;0.06;1.62;0.3;3.84;2;0.63
26/02/24   ;09:00;0.48;13.4;11.2;0.47;1196;0;-0.15;0.23;0.05;192;0.12;0.01;0.35;0.18;0.06;1.55;0.35;3.88;1.75;0.57
26/02/24   ;10:00;0.65;13.4;11.3;0.65;1200;0;-0.15;0.16;0.05;193;0.12;0.01;0.27;0.18;0.05;1.55;0.36;3.08;1.79;0.55
26/02/24   ;11:00;0.76;13.4;11.4;0.76;1200;0;-0.11;0.12;0.04;198;0.1;0.01;0.22;0.14;0.04;1.5;0.29;3.14;1.77;0.6
26/02/24   ;12:00;0.81;13.4;11.4;0.8;1200;0;-0.12;0.17;0.04;200;0.1;0.01;0.25;0.14;0.04;1.49;0.28;3.78;1.82;0.58
26/02/24   ;13:00;0.76;13.4;11.4;0.76;1200;0;-0.12;0.13;0.04;193;0.09;0.01;0.22;0.14;0.04;1.55;0.27;3.35;1.89;0.6
26/02/24   ;14:00;0.6;13.4;11.5;0.6;1200;0;-0.11;0.12;0.04;159;0.09;0.02;0.19;0.14;0.04;1.86;0.43;4.09;2.19;0.68
26/02/24   ;15:00;0.39;13.4;11.3;0.39;1200;0;-0.12;0.18;0.04;155;0.1;0.01;0.24;0.16;0.05;1.92;0.33;4.06;2.37;0.79
26/02/24   ;16:00;0.2;13.4;11.3;0.2;1199;0;-0.13;0.13;0.04;173;0.1;0.01;0.26;0.15;0.04;1.72;0.35;3.91;1.98;0.61
26/02/24   ;17:00;0.05;13.4;11.2;0.05;1200;0;-0.13;0.14;0.04;165;0.09;0;0.25;0.14;0.04;1.81;0.35;4.05;2.15;0.75
26/02/24   ;18:00;-0.02;13.4;11.1;-0.02;1208;0;-0.12;0.13;0.04;172;0.09;0.01;0.25;0.13;0.04;1.74;0.36;4.61;2.08;0.67
26/02/24   ;19:00;0.01;13.4;11.1;0.01;1199;0;-0.12;0.14;0.04;183;0.09;0.01;0.26;0.14;0.05;1.63;0.35;3.86;1.94;0.67
26/02/24   ;20:00;0.17;13.4;11.3;0.17;1199;0;-0.11;0.15;0.03;169;0.08;0.01;0.26;0.13;0.04;1.76;0.39;3.79;2.33;0.76
26/02/24   ;21:00;0.37;13.4;11.3;0.37;1197;0;-0.1;0.08;0.03;175;0.07;0.01;0.16;0.1;0.03;1.7;0.41;3.67;2.07;0.64
26/02/24   ;22:00;0.54;13.4;11.3;0.54;1200;0;-0.14;0.14;0.03;159;0.08;0.01;0.25;0.13;0.04;1.87;0.36;4.58;2.24;0.74
26/02/24   ;23:00;0.65;13.4;11.3;0.65;1198;0;-0.09;0.1;0.03;194;0.06;0.01;0.18;0.1;0.03;1.53;0.28;3.9;2.07;0.76
27/02/24   ;00:00;0.71;13.3;11.2;0.72;1192;0;-0.12;0.14;0.03;240;0.07;0.01;0.24;0.11;0.04;1.23;0.29;3.25;1.65;0.64
27/02/24   ;01:00;0.68;13.3;11.2;0.68;1197;0;-0.1;0.15;0.04;231;0.09;0.02;0.24;0.13;0.04;1.29;0.35;3.97;1.45;0.53
27/02/24   ;02:00;0.55;13.4;11.2;0.55;1195;0;-0.08;0.12;0.03;237;0.07;0.01;0.19;0.11;0.03;1.25;0.3;3.12;1.43;0.5
27/02/24   ;03:00;0.39;13.4;11.2;0.39;1198;0;-0.08;0.08;0.02;233;0.06;0.01;0.14;0.09;0.03;1.28;0.35;2.52;1.37;0.39
27/02/24   ;04:00;0.24;13.4;11.1;0.24;1200;0;-0.07;0.08;0.02;244;0.05;0.01;0.12;0.08;0.02;1.22;0.35;3.1;1.39;0.43
27/02/24   ;05:00;0.18;13.3;11;0.18;1194;0;-0.12;0.13;0.04;200;0.09;0.01;0.24;0.13;0.04;1.49;0.52;4.35;1.94;0.75
27/02/24   ;06:00;0.2;13.3;11;0.2;1197;0;-0.13;0.21;0.04;212;0.1;0.01;0.33;0.15;0.05;1.4;0.32;3.82;1.8;0.66
27/02/24   ;07:00;0.3;13.4;11.1;0.3;1200;0;-0.18;0.16;0.05;163;0.13;0.01;0.29;0.2;0.06;1.83;0.35;4.39;2.37;0.84
27/02/24   ;08:00;0.48;13.4;11.1;0.48;1200;0;-0.2;0.26;0.06;187;0.14;0.04;0.43;0.21;0.07;1.59;0.3;3.05;1.88;0.59
27/02/24   ;09:00;0.65;13.3;11;0.65;1200;0;-0.14;0.17;0.04;199;0.11;0.02;0.32;0.16;0.05;1.51;0.34;3.51;1.91;0.6
27/02/24   ;10:00;0.81;13.4;11;0.81;1200;0;-0.2;0.25;0.06;189;0.14;0.03;0.43;0.22;0.07;1.58;0.36;3.5;1.87;0.65
27/02/24   ;11:00;0.91;13.4;11;0.91;1200;0;-0.17;0.24;0.05;208;0.13;0.01;0.36;0.19;0.06;1.43;0.32;3.19;1.66;0.53
27/02/24   ;12:00;0.93;13.4;11;0.93;1197;0;-0.15;0.18;0.05;225;0.11;0.02;0.32;0.17;0.05;1.32;0.34;3.64;1.66;0.57
27/02/24   ;13:00;0.86;13.4;11;0.86;1197;0;-0.14;0.13;0.04;192;0.1;0.01;0.23;0.14;0.04;1.54;0.4;3.61;1.93;0.67
27/02/24   ;14:00;0.71;13.4;11;0.71;1198;0;-0.12;0.16;0.04;179;0.1;0.01;0.28;0.15;0.05;1.66;0.39;3.67;1.95;0.65
27/02/24   ;15:00;0.53;13.4;11;0.53;1200;0;-0.16;0.16;0.04;175;0.1;0.01;0.27;0.16;0.05;1.7;0.31;3.74;2.25;0.72
27/02/24   ;16:00;0.37;13.4;11;0.37;1200;0;-0.12;0.14;0.04;174;0.1;0.01;0.23;0.15;0.05;1.71;0.56;3.41;2.01;0.62
27/02/24   ;17:00;0.23;13.4;11;0.23;1198;0;-0.12;0.14;0.04;188;0.09;0.01;0.21;0.14;0.04;1.58;0.34;3.8;2.04;0.66
27/02/24   ;18:00;0.17;13.4;11;0.17;1196;0;-0.16;0.17;0.05;168;0.11;0.01;0.33;0.17;0.06;1.77;0.37;3.48;2.17;0.65
27/02/24   ;19:00;0.22;13.4;11;0.22;1199;0;-0.1;0.12;0.04;199;0.09;0.02;0.2;0.13;0.04;1.5;0.38;3.44;1.94;0.64
27/02/24   ;20:00;0.35;13.4;11;0.35;1200;0;-0.11;0.11;0.03;234;0.08;0.01;0.18;0.12;0.03;1.27;0.31;3.38;1.63;0.56
27/02/24   ;21:00;0.52;13.4;11;0.52;1197;0;-0.11;0.12;0.03;183;0.08;0.01;0.22;0.13;0.04;1.62;0.42;4.2;2.07;0.75
27/02/24   ;22:00;0.68;13.4;10.9;0.68;1196;0;-0.1;0.13;0.03;235;0.07;0.01;0.19;0.11;0.03;1.26;0.27;3.51;1.72;0.62
27/02/24   ;23:00;0.79;13.4;10.9;0.79;1200;0;-0.12;0.18;0.04;233;0.09;0.01;0.22;0.14;0.04;1.28;0.33;3.88;1.53;0.6
28/02/24   ;00:00;0.86;13.4;10.9;0.86;1200;0;-0.13;0.19;0.04;222;0.09;0.01;0.29;0.14;0.05;1.35;0.31;4.09;1.83;0.73
28/02/24   ;01:00;0.87;13.4;11;0.87;1200;0;-0.08;0.12;0.03;237;0.08;0;0.17;0.11;0.03;1.26;0.29;3.46;1.61;0.61
28/02/24   ;02:00;0.81;13.3;10.9;0.81;1197;0;-0.11;0.11;0.03;220;0.08;0.02;0.19;0.12;0.03;1.35;0.29;3.79;1.67;0.57
28/02/24   ;03:00;0.68;13.4;10.9;0.68;1200;0;-0.08;0.09;0.03;237;0.07;0;0.15;0.1;0.03;1.26;0.35;2.58;1.42;0.37
28/02/24   ;04:00;0.53;13.4;10.9;0.53;1194;0;-0.1;0.12;0.03;216;0.07;0.01;0.21;0.1;0.03;1.37;0.46;2.72;1.59;0.47
28/02/24   ;05:00;0.41;13.4;10.9;0.41;1197;0;-0.11;0.13;0.03;205;0.08;0.01;0.23;0.12;0.04;1.45;0.32;3.71;1.82;0.58
28/02/24   ;06:00;0.32;13.3;10.9;0.32;1191;0;-0.13;0.19;0.04;183;0.07;0.01;0.29;0.13;0.06;1.6;0.3;4.36;2.48;0.94
28/02/24   ;07:00;0.27;13.3;10.9;0.27;1200;0;-0.12;0.15;0.04;178;0.09;0.01;0.23;0.13;0.04;1.67;0.42;3.99;2.11;0.73
28/02/24   ;08:00;0.31;13.3;10.9;0.31;1197;0;-0.19;0.18;0.05;177;0.11;0.02;0.33;0.17;0.06;1.67;0.4;3.39;2.01;0.6
28/02/24   ;09:00;0.41;13.4;10.9;0.41;1200;0;-0.12;0.14;0.04;194;0.09;0.01;0.23;0.14;0.04;1.54;0.36;3.64;1.83;0.59
28/02/24   ;10:00;0.54;13.4;10.9;0.54;1195;0;-0.12;1.34;0.07;165;0.1;0.02;0.22;0.15;0.05;1.79;0.29;3.48;2.37;0.82
28/02/24   ;11:00;0.63;13.3;10.9;0.63;1216;0;-0.17;0.2;0.05;185;0.11;0.02;0.34;0.17;0.05;1.63;0.34;3.32;1.93;0.63
28/02/24   ;12:00;0.67;13.4;11;0.67;1200;0;-0.1;0.14;0.04;192;0.09;0.01;0.24;0.14;0.04;1.55;0.33;3.24;1.89;0.59
28/02/24   ;13:00;0.65;13.3;11;0.65;1198;0;-0.15;0.16;0.05;178;0.11;0.02;0.27;0.18;0.06;1.68;0.37;3.21;2.06;0.64
28/02/24   ;14:00;0.54;13.4;11;0.54;1200;0;-0.14;0.12;0.03;170;0.08;0.01;0.2;0.13;0.04;1.75;0.31;3.81;2.27;0.77
28/02/24   ;15:00;0.4;13.4;11.1;0.4;1200;0;-0.1;0.13;0.03;189;0.08;0.01;0.21;0.12;0.04;1.56;0.45;4.66;1.89;0.63
28/02/24   ;16:00;0.26;13.3;11.1;0.26;1197;0;-0.1;0.11;0.03;173;0.08;0.01;0.17;0.13;0.04;1.72;0.35;3.44;2.03;0.61
28/02/24   ;17:00;0.13;13.4;11.1;0.13;1196;0;-0.1;0.11;0.03;166;0.08;0.01;0.19;0.12;0.04;1.79;0.37;4.06;2.3;0.74
28/02/24   ;18:00;0.06;13.4;11;0.06;1195;0;-0.13;0.16;0.04;145;0.11;0.03;0.25;0.16;0.05;2.04;0.26;4.09;2.53;0.81
28/02/24   ;19:00;0.03;13.4;11;0.03;1196;0;-0.11;0.14;0.03;164;0.08;0.01;0.23;0.13;0.04;1.82;0.3;4.09;2.3;0.75
28/02/24   ;20:00;0.1;13.4;11;0.1;1196;0;-0.1;0.15;0.04;169;0.09;0.01;0.24;0.13;0.04;1.76;0.41;3.53;2.17;0.68
28/02/24   ;21:00;0.26;13.4;11;0.26;1200;0;-0.11;0.12;0.03;162;0.08;0.01;0.23;0.13;0.04;1.84;0.48;3.83;2.31;0.74
28/02/24   ;22:00;0.43;13.4;11.1;0.43;1200;0;-0.09;0.1;0.02;178;0.06;0.01;0.19;0.09;0.03;1.68;0.33;3.48;2.28;0.71
28/02/24   ;23:00;0.6;13.4;11.1;0.6;1194;0;-0.1;0.13;0.04;180;0.09;0.01;0.21;0.14;0.04;1.64;0.41;3.79;1.97;0.63
29/02/24   ;00:00;0.72;13.4;11.1;0.72;1194;0;-0.14;0.16;0.03;171;0.08;0.01;0.25;0.12;0.04;1.73;0.3;4.29;2.15;0.81
29/02/24   ;01:00;0.78;13.4;11.2;0.78;1200;0;-0.1;0.09;0.02;192;0.06;0.01;0.18;0.08;0.03;1.56;0.34;3.52;2.05;0.71
29/02/24   ;02:00;0.75;13.3;11.2;0.75;1200;0;-0.05;0.06;0.02;172;0.04;0.01;0.1;0.07;0.02;1.72;0.31;3.97;2.38;0.83
29/02/24   ;03:00;0.63;13.3;11.2;0.63;1200;0;-0.04;0.04;0.01;245;0.03;0;0.07;0.04;0.01;1.22;0.29;2.78;1.54;0.51
29/02/24   ;04:00;0.44;13.4;11.1;0.44;1199;0;-0.05;0.06;0.02;174;0.04;0.01;0.11;0.07;0.02;1.71;0.28;3.66;2.27;0.76
29/02/24   ;05:00;0.29;13.3;11;0.29;1197;0;-0.12;0.15;0.03;148;0.07;0;0.27;0.12;0.04;2.01;0.43;3.7;2.36;0.8
29/02/24   ;06:00;0.2;13.3;11;0.2;1200;0;-0.1;0.07;0.02;189;0.06;0.02;0.14;0.09;0.03;1.58;0.29;3.53;1.99;0.65
29/02/24   ;07:00;0.14;13.3;10.9;0.14;1200;0;-0.13;0.12;0.04;151;0.1;0.01;0.22;0.15;0.05;1.98;0.41;4.33;2.47;0.88
29/02/24   ;08:00;0.14;13.3;10.9;0.15;1200;0;-0.16;0.15;0.04;158;0.1;0.02;0.3;0.16;0.05;1.88;0.38;3.74;2.35;0.69
29/02/24   ;09:00;0.22;13.4;11.1;0.22;1200;0;-0.17;0.19;0.04;167;0.11;0;0.37;0.17;0.06;1.78;0.46;3.73;2.16;0.73
29/02/24   ;10:00;0.32;13.3;11;0.32;1200;0;-0.12;0.14;0.04;184;0.1;0.01;0.22;0.15;0.04;1.61;0.32;3.65;1.81;0.58
29/02/24   ;11:00;0.41;13.4;11.1;0.41;1198;0;-0.14;0.14;0.04;164;0.1;0.01;0.25;0.15;0.05;1.8;0.38;3.84;2.47;0.82
29/02/24   ;12:00;0.51;13.3;11.2;0.51;1193;0;-0.11;0.13;0.03;191;0.09;0.01;0.24;0.13;0.04;1.54;0.52;3.67;1.7;0.57
29/02/24   ;13:00;0.54;13.3;11.2;0.54;1198;0;-0.11;0.16;0.04;166;0.1;0.02;0.25;0.14;0.04;1.8;0.44;3.43;2.13;0.67
29/02/24   ;14:00;0.5;13.4;11.3;0.5;1198;0;-0.15;0.15;0.04;164;0.09;0.01;0.3;0.14;0.04;1.81;0.43;3.69;2.13;0.71
29/02/24   ;15:00;0.42;13.3;11.3;0.42;1193;0;-0.12;0.14;0.04;182;0.1;0.01;0.26;0.14;0.04;1.63;0.33;3.07;1.88;0.53
29/02/24   ;16:00;0.31;13.4;11.3;0.31;1174;0;-0.11;0.15;0.04;182;0.08;0.01;0.24;0.13;0.05;1.6;0.26;4.06;1.89;0.67
29/02/24   ;17:00;0.2;13.3;11.3;0.2;1195;0;-0.14;0.12;0.03;171;0.08;0.01;0.25;0.12;0.04;1.73;0.33;3.41;2.12;0.64
29/02/24   ;18:00;0.11;13.3;11.3;0.12;1200;0;-0.12;0.14;0.04;154;0.08;0.01;0.23;0.13;0.04;1.94;0.32;4;2.61;0.83
29/02/24   ;19:00;0.09;13.4;11.3;0.09;1195;0;-0.11;0.12;0.03;161;0.08;0;0.19;0.13;0.04;1.84;0.3;4.03;2.26;0.73
29/02/24   ;20:00;0.14;13.4;11.2;0.14;1199;0;-0.1;0.1;0.03;177;0.07;0.01;0.18;0.11;0.04;1.68;0.33;3.76;1.95;0.64
29/02/24   ;21:00;0.28;13.4;11.2;0.28;1200;0;-0.08;0.11;0.03;171;0.07;0.01;0.18;0.1;0.03;1.74;0.34;3.69;2.09;0.76
29/02/24   ;22:00;0.47;13.4;11.2;0.47;1198;0;-0.11;0.1;0.03;155;0.07;0;0.17;0.11;0.03;1.91;0.43;4.36;2.54;0.83
29/02/24   ;23:00;0.65;13.3;11.3;0.65;1200;0;-0.08;0.09;0.02;192;0.06;0;0.14;0.09;0.03;1.56;0.27;3.68;1.97;0.66
01/03/24   ;00:00;0.79;13.4;11.4;0.79;1200;0;-0.1;0.17;0.04;196;0.08;0.01;0.26;0.12;0.04;1.52;0.27;3.25;1.85;0.66
01/03/24   ;01:00;0.85;13.4;11.4;0.86;1200;0;-0.08;0.09;0.02;191;0.06;0.01;0.14;0.08;0.02;1.56;0.33;3.65;2.02;0.66
01/03/24   ;02:00;0.88;13.4;11.4;0.88;1200;0;-0.06;0.05;0.02;170;0.04;0.01;0.1;0.06;0.02;1.75;0.27;3.56;2.22;0.67
01/03/24   ;03:00;0.84;13.4;11.4;0.84;1194;0;-0.05;0.05;0.01;171;0.03;0;0.08;0.05;0.02;1.74;0.31;3.81;2.37;0.82
01/03/24   ;04:00;0.69;13.4;11.4;0.69;1197;0;-0.04;0.04;0.01;165;0.03;0;0.07;0.04;0.01;1.81;0.41;4.37;2.29;0.78
01/03/24   ;05:00;0.51;13.4;11.3;0.51;1199;0;-0.1;0.09;0.02;147;0.05;0.01;0.18;0.08;0.03;2;0.49;4.11;2.76;0.88
01/03/24   ;06:00;0.36;13.4;11.3;0.36;1200;0;-0.1;0.08;0.03;158;0.06;0;0.17;0.1;0.03;1.89;0.3;4.45;2.4;0.78
01/03/24   ;07:00;0.24;13.4;11.2;0.24;1200;0;-0.09;0.14;0.03;160;0.08;0.01;0.21;0.12;0.04;1.86;0.38;3.93;2.3;0.75
01/03/24   ;08:00;0.19;13.4;11.2;0.19;1200;0;-0.16;0.2;0.05;166;0.11;0.02;0.3;0.17;0.05;1.79;0.4;4.1;2.22;0.65
01/03/24   ;09:00;0.26;13.3;11.3;0.26;1199;0;-0.15;0.18;0.05;176;0.11;0.01;0.33;0.17;0.06;1.69;0.34;3.67;2.02;0.62
01/03/24   ;10:00;0.4;13.3;11.3;0.4;1196;0;-0.15;0.2;0.04;179;0.1;0.01;0.32;0.16;0.05;1.66;0.38;3.17;2;0.6
01/03/24   ;11:00;0.53;13.3;11.3;0.53;1200;0;-0.12;0.12;0.04;171;0.1;0.01;0.22;0.14;0.04;1.73;0.29;3.88;2.11;0.69
01/03/24   ;12:00;0.62;13.3;11.4;0.61;1200;0;-0.11;0.13;0.04;194;0.09;0.02;0.2;0.13;0.04;1.53;0.4;3.19;1.82;0.62
01/03/24   ;13:00;0.65;13.4;11.4;0.65;1200;0;-0.17;0.17;0.05;179;0.12;0.02;0.33;0.17;0.05;1.66;0.48;3.85;2.03;0.62
01/03/24   ;14:00;0.63;13.4;11.4;0.63;1200;0;-0.13;0.15;0.04;189;0.1;0.01;0.27;0.16;0.05;1.57;0.31;3.52;1.99;0.68
01/03/24   ;15:00;0.53;13.3;11.4;0.53;1200;0;-0.15;0.2;0.04;178;0.1;0.01;0.27;0.16;0.05;1.68;0.32;4.22;2.13;0.74
01/03/24   ;16:00;0.39;13.4;11.5;0.39;1207;0;-0.1;0.13;0.04;182;0.09;0.01;0.2;0.13;0.04;1.64;0.35;3.74;1.97;0.68
01/03/24   ;17:00;0.28;13.4;11.4;0.28;1200;0;-0.14;0.14;0.04;162;0.1;0.01;0.23;0.15;0.04;1.82;0.35;4.22;2.39;0.8
01/03/24   ;18:00;0.24;13.3;11.5;0.24;1171;0;-0.12;0.12;0.04;180;0.09;0.02;0.23;0.14;0.04;1.62;0.42;3.67;1.94;0.62
01/03/24   ;19:00;0.25;13.4;11.4;0.25;1200;0;-0.14;0.17;0.05;169;0.12;0.01;0.27;0.18;0.05;1.77;0.32;3.54;2.13;0.63
01/03/24   ;20:00;0.35;13.3;11.4;0.35;1197;0;-0.1;0.14;0.04;189;0.09;0.01;0.22;0.14;0.04;1.57;0.4;3.44;1.95;0.59
01/03/24   ;21:00;0.49;13.4;11.4;0.49;1200;0;-0.13;0.1;0.03;198;0.07;0;0.19;0.11;0.03;1.51;0.29;3.81;2.17;0.73
01/03/24   ;22:00;0.64;13.4;11.4;0.64;1200;0;-0.1;0.11;0.03;189;0.07;0.01;0.2;0.11;0.03;1.58;0.28;3.47;2.16;0.76
01/03/24   ;23:00;0.77;13.4;11.5;0.77;1190;0;-0.1;0.12;0.03;204;0.08;0.01;0.19;0.12;0.04;1.45;0.33;3.43;1.78;0.6
02/03/24   ;00:00;0.84;13.4;11.5;0.84;1198;0;-0.13;0.15;0.03;172;0.07;0.01;0.28;0.12;0.04;1.72;0.32;3.84;2.27;0.74
02/03/24   ;01:00;0.87;13.4;11.5;0.87;1196;0;-0.09;0.1;0.03;191;0.07;0.01;0.18;0.11;0.03;1.55;0.34;3.23;1.95;0.6
02/03/24   ;02:00;0.84;13.4;11.5;0.84;1197;0;-0.1;0.12;0.03;170;0.07;0.01;0.18;0.11;0.04;1.75;0.29;3.25;2.11;0.7
02/03/24   ;03:00;0.74;13.4;11.5;0.74;1200;0;-0.04;0.04;0.01;218;0.03;0;0.07;0.04;0.01;1.37;0.32;3.66;1.86;0.65
02/03/24   ;04:00;0.6;13.4;11.4;0.6;1200;0;-0.05;0.05;0.02;208;0.04;0;0.09;0.06;0.02;1.43;0.42;3.62;1.88;0.65
02/03/24   ;05:00;0.49;13.4;11.3;0.49;1197;0;-0.09;0.1;0.03;164;0.07;0;0.16;0.1;0.03;1.81;0.29;4.01;2.37;0.74
02/03/24   ;06:00;0.39;13.4;11.3;0.39;1198;0;-0.11;0.09;0.03;167;0.07;0.01;0.2;0.11;0.04;1.78;0.3;3.45;2.18;0.76
02/03/24   ;07:00;0.32;13.4;11.3;0.32;1200;0;-0.11;0.12;0.04;158;0.09;0.01;0.22;0.14;0.04;1.89;0.34;3.9;2.41;0.79
02/03/24   ;08:00;0.29;13.4;11.3;0.29;1199;0;-0.11;0.11;0.04;176;0.09;0.01;0.22;0.14;0.04;1.69;0.37;3.4;2;0.6
02/03/24   ;09:00;0.29;13.4;11.4;0.29;1200;0;-0.13;0.14;0.04;169;0.1;0.01;0.25;0.16;0.05;1.76;0.61;4.11;2.19;0.74
02/03/24   ;10:00;0.34;13.4;11.4;0.34;1199;0;-0.1;0.12;0.04;178;0.09;0.01;0.19;0.13;0.04;1.68;0.38;3.65;2.01;0.67
02/03/24   ;11:00;0.38;13.3;11.4;0.38;1196;0;-0.14;0.15;0.04;178;0.09;0.01;0.28;0.14;0.05;1.67;0.31;3.41;2.12;0.67
02/03/24   ;12:00;0.44;13.3;11.4;0.44;1200;0;-0.15;0.2;0.04;157;0.11;0.01;0.31;0.17;0.05;1.9;0.38;4.05;2.35;0.78
02/03/24   ;13:00;0.47;13.4;11.5;0.47;1207;0;-0.14;0.19;0.05;173;0.11;0.02;0.31;0.18;0.06;1.73;0.32;3.85;2.23;0.77
02/03/24   ;14:00;0.45;13.3;11.5;0.45;1200;0;-0.1;0.14;0.04;175;0.09;0.02;0.21;0.14;0.04;1.7;0.32;4.36;2.11;0.63
02/03/24   ;15:00;0.43;13.4;11.6;0.43;1195;0;-0.14;0.13;0.04;171;0.09;0.01;0.22;0.14;0.04;1.73;0.51;4.11;2.11;0.73
02/03/24   ;16:00;0.4;13.4;11.6;0.4;1200;0;-0.11;0.14;0.04;169;0.1;0.02;0.21;0.14;0.04;1.76;0.59;3.49;1.95;0.57
02/03/24   ;17:00;0.39;13.4;11.6;0.39;1200;0;-0.1;0.11;0.04;179;0.08;0.01;0.18;0.13;0.04;1.67;0.42;4.12;2.09;0.64
02/03/24   ;18:00;0.39;13.3;11.6;0.39;1196;0;-0.12;0.12;0.03;180;0.09;0.01;0.19;0.13;0.04;1.65;0.34;3.47;1.94;0.61
02/03/24   ;19:00;0.42;13.4;11.6;0.42;1199;0;-0.15;0.19;0.04;156;0.1;0.02;0.33;0.16;0.05;1.91;0.42;3.9;2.39;0.73
02/03/24   ;20:00;0.46;13.4;11.6;0.46;1196;0;-0.15;0.16;0.03;161;0.08;0.01;0.29;0.13;0.04;1.85;0.58;3.7;2.24;0.69
02/03/24   ;21:00;0.51;13.4;11.5;0.51;1200;0;-0.12;0.12;0.04;178;0.08;0.01;0.23;0.13;0.04;1.67;0.27;3.65;2.28;0.73
02/03/24   ;22:00;0.58;13.3;11.5;0.58;1196;0;-0.1;0.1;0.03;174;0.06;0.01;0.17;0.1;0.03;1.71;0.33;4;2.22;0.74
02/03/24   ;23:00;0.66;13.3;11.5;0.66;1200;0;-0.11;0.12;0.03;162;0.09;0.02;0.2;0.13;0.04;1.83;0.31;4.49;2.22;0.75
03/03/24   ;00:00;0.71;13.4;11.5;0.71;1196;0;-0.08;0.09;0.02;179;0.06;0.01;0.16;0.08;0.03;1.66;0.43;3.68;1.97;0.62
03/03/24   ;01:00;0.74;13.4;11.5;0.74;1200;0;-0.1;0.11;0.03;170;0.07;0.01;0.2;0.12;0.04;1.76;0.35;3.65;2.28;0.75
03/03/24   ;02:00;0.73;13.4;11.4;0.73;1200;0;-0.05;0.06;0.02;159;0.04;0.01;0.1;0.06;0.02;1.86;0.39;4.07;2.41;0.75
03/03/24   ;03:00;0.69;13.4;11.4;0.69;1199;0;-0.07;0.06;0.01;202;0.04;0;0.1;0.05;0.02;1.47;0.48;4.07;1.83;0.63
03/03/24   ;04:00;0.6;13.3;11.4;0.6;1200;0;-0.07;0.08;0.02;164;0.05;0;0.13;0.08;0.03;1.82;0.29;3.59;2.35;0.75
03/03/24   ;05:00;0.49;13.4;11.4;0.49;1196;0;-0.05;0.04;0.02;152;0.04;0;0.09;0.06;0.02;1.96;0.29;3.61;2.37;0.79
03/03/24   ;06:00;0.39;13.4;11.4;0.39;1200;0;-0.08;0.08;0.02;142;0.05;0.01;0.16;0.08;0.03;2.1;0.42;4.01;2.93;0.97
03/03/24   ;07:00;0.3;13.4;11.4;0.3;1199;0;-0.14;0.14;0.03;177;0.07;0.01;0.26;0.12;0.04;1.67;0.38;3.12;1.97;0.61
03/03/24   ;08:00;0.24;13.4;11.4;0.24;1200;0;-0.1;0.12;0.03;161;0.08;0;0.18;0.12;0.04;1.84;0.47;3.73;2.29;0.76
03/03/24   ;09:00;0.2;13.3;11.4;0.2;1194;0;-0.11;0.12;0.04;169;0.09;0.01;0.2;0.14;0.04;1.76;0.39;3.37;2.18;0.64
03/03/24   ;10:00;0.19;13.4;11.5;0.19;1196;0;-0.1;0.08;0.03;180;0.07;0.01;0.18;0.11;0.03;1.64;0.42;3.38;1.95;0.57
03/03/24   ;11:00;0.21;13.4;11.5;0.21;1200;0;-0.1;0.14;0.04;169;0.09;0.02;0.22;0.14;0.04;1.76;0.57;3.7;2.09;0.66
03/03/24   ;12:00;0.26;13.4;11.5;0.26;1197;0;-0.12;0.17;0.04;180;0.09;0;0.29;0.15;0.05;1.66;0.42;3.44;2.05;0.58
03/03/24   ;13:00;0.32;13.4;11.6;0.32;1200;0;-0.16;0.12;0.04;195;0.08;0.01;0.26;0.13;0.04;1.52;0.43;3.4;1.89;0.62
03/03/24   ;14:00;0.38;13.3;11.7;0.38;1200;0;-0.12;0.14;0.04;184;0.09;0.01;0.24;0.14;0.04;1.62;0.34;3.81;1.88;0.59
03/03/24   ;15:00;0.41;13.3;11.8;0.41;1199;0;-0.14;0.14;0.04;180;0.09;0.01;0.25;0.14;0.04;1.66;0.36;3.55;1.85;0.58
03/03/24   ;16:00;0.44;13.4;11.8;0.44;1200;0;-0.11;0.16;0.04;195;0.08;0.01;0.26;0.13;0.04;1.53;0.33;3.37;1.85;0.59
03/03/24   ;17:00;0.47;13.4;11.8;0.47;1197;0;-0.11;0.14;0.04;190;0.09;0.01;0.25;0.14;0.04;1.56;0.39;3.19;1.82;0.57
03/03/24   ;18:00;0.51;13.4;11.8;0.51;1200;0;-0.23;0.16;0.04;180;0.11;0.01;0.38;0.17;0.06;1.66;0.32;3.75;1.99;0.62
03/03/24   ;19:00;0.57;13.3;11.8;0.57;1197;0;-0.13;0.13;0.04;181;0.09;0.01;0.25;0.14;0.04;1.64;0.3;3.25;1.97;0.66
03/03/24   ;20:00;0.64;13.3;11.7;0.64;1200;0;-0.1;0.12;0.03;217;0.07;0.01;0.18;0.11;0.03;1.38;0.37;2.98;1.73;0.55
03/03/24   ;21:00;0.69;13.3;11.5;0.69;1198;0;-0.11;0.11;0.03;222;0.08;0.01;0.22;0.12;0.03;1.34;0.35;3.19;1.58;0.55
03/03/24   ;22:00;0.75;13.4;11.6;0.75;1200;0;-0.09;0.12;0.03;225;0.07;0;0.2;0.11;0.03;1.33;0.28;3.55;1.63;0.62
03/03/24   ;23:00;0.82;13.4;11.5;0.82;1197;0;-0.13;0.16;0.03;223;0.08;0.01;0.27;0.13;0.04;1.33;0.35;3.43;1.65;0.6
04/03/24   ;00:00;0.85;13.3;11.6;0.85;1195;0;-0.09;0.11;0.03;243;0.07;0.01;0.18;0.1;0.03;1.21;0.31;3.29;1.49;0.55
04/03/24   ;01:00;0.89;13.4;11.6;0.89;1200;0;-0.08;0.1;0.03;239;0.07;0;0.16;0.11;0.03;1.25;0.28;2.96;1.54;0.58
04/03/24   ;02:00;0.92;13.4;11.6;0.92;1200;0;-0.13;0.13;0.03;235;0.08;0;0.22;0.12;0.04;1.27;0.3;3.33;1.53;0.55
04/03/24   ;03:00;0.89;13.4;11.6;0.89;1200;0;-0.06;0.08;0.02;267;0.05;0.01;0.12;0.07;0.02;1.12;0.37;3.73;1.29;0.47
04/03/24   ;04:00;0.84;13.4;11.6;0.84;1200;0;-0.11;0.12;0.03;220;0.07;0.01;0.2;0.11;0.03;1.35;0.35;2.89;1.57;0.47
04/03/24   ;05:00;0.77;13.4;11.6;0.77;1200;0;-0.08;0.1;0.02;215;0.05;0.01;0.14;0.08;0.02;1.39;0.36;3.29;1.79;0.59
04/03/24   ;06:00;0.69;13.4;11.6;0.69;1199;0;-0.16;0.13;0.04;145;0.08;0;0.26;0.13;0.05;2.05;0.33;3.88;2.79;0.88
04/03/24   ;07:00;0.64;13.4;11.6;0.64;1199;0;-0.11;0.16;0.04;161;0.09;0.01;0.25;0.14;0.04;1.84;0.32;3.87;2.24;0.73
04/03/24   ;08:00;0.58;13.4;11.6;0.57;1200;0;-0.14;0.19;0.05;168;0.12;0.01;0.32;0.19;0.06;1.77;0.39;3.75;2.26;0.7
04/03/24   ;09:00;0.52;13.4;11.6;0.52;1195;0;-0.17;0.16;0.05;166;0.11;0.01;0.31;0.17;0.05;1.78;0.53;4.27;2.28;0.74
04/03/24   ;10:00;0.46;13.4;11.6;0.46;1198;0;-0.16;0.14;0.04;184;0.1;0.01;0.28;0.15;0.05;1.62;0.43;3.39;1.98;0.61
04/03/24   ;11:00;0.39;13.4;11.6;0.39;1195;0;-0.16;0.2;0.05;148;0.12;0.01;0.36;0.19;0.07;2.01;0.43;4.1;2.67;0.88
04/03/24   ;12:00;0.34;13.4;11.6;0.34;1200;0;-0.13;0.12;0.04;178;0.09;0.01;0.21;0.13;0.04;1.68;0.43;4.01;2.04;0.67
04/03/24   ;13:00;0.29;13.3;11.6;0.29;1194;0;-0.1;0.12;0.03;174;0.08;0.01;0.19;0.13;0.04;1.69;0.33;3.78;2.04;0.64
04/03/24   ;14:00;0.26;13.4;11.7;0.26;1200;0;-0.11;0.13;0.04;159;0.09;0.01;0.22;0.13;0.04;1.87;0.34;4.11;2.49;0.82
04/03/24   ;15:00;0.28;13.4;11.7;0.28;1200;0;-0.13;0.13;0.04;173;0.1;0.01;0.21;0.16;0.05;1.72;0.61;3.28;2.07;0.61
04/03/24   ;16:00;0.35;13.3;11.7;0.35;1198;0;-0.09;0.14;0.03;181;0.08;0;0.2;0.11;0.03;1.64;0.39;3.29;1.85;0.58
04/03/24   ;17:00;0.46;13.3;11.7;0.47;1195;0;-0.13;0.16;0.04;171;0.1;0.02;0.25;0.16;0.05;1.73;0.57;3.34;2.1;0.63
04/03/24   ;18:00;0.58;13.4;11.6;0.58;1200;0;-0.18;0.13;0.04;185;0.1;0.02;0.29;0.15;0.05;1.61;0.32;3.75;1.97;0.66
04/03/24   ;19:00;0.64;13.4;11.7;0.64;1191;0;-0.14;0.17;0.04;172;0.1;0.01;0.25;0.16;0.05;1.72;0.27;4.24;2.33;0.82
04/03/24   ;20:00;0.69;13.4;11.7;0.69;1199;0;-0.13;0.16;0.04;167;0.08;0.01;0.24;0.14;0.05;1.77;0.43;4.42;2.17;0.76
04/03/24   ;21:00;0.7;13.3;11.6;0.7;1199;0;-0.08;0.09;0.03;165;0.07;0.01;0.15;0.1;0.03;1.79;0.31;3.53;2.18;0.63
04/03/24   ;22:00;0.66;13.3;11.6;0.66;1200;0;-0.06;0.07;0.02;164;0.05;0;0.12;0.08;0.02;1.82;0.3;3.72;2.22;0.68
04/03/24   ;23:00;0.62;13.3;11.6;0.62;1200;0;-0.07;0.07;0.02;174;0.06;0.01;0.12;0.09;0.03;1.72;0.36;4.19;2.11;0.69
05/03/24   ;00:00;0.59;13.4;11.6;0.59;1200;0;-0.07;0.1;0.02;172;0.06;0.01;0.17;0.09;0.03;1.72;0.34;3.82;2.08;0.72
05/03/24   ;01:00;0.58;13.4;11.6;0.58;1198;0;-0.1;0.09;0.03;156;0.06;0.01;0.14;0.1;0.03;1.9;0.34;3.87;2.51;0.76
05/03/24   ;02:00;0.58;13.4;11.6;0.58;1200;0;-0.06;0.06;0.02;134;0.05;0.01;0.1;0.07;0.02;2.2;0.37;4.15;2.59;0.85
05/03/24   ;03:00;0.59;13.4;11.6;0.59;1199;0;-0.03;0.03;0.01;190;0.02;0;0.05;0.03;0.01;1.57;0.45;3.64;1.89;0.61
05/03/24   ;04:00;0.64;13.4;11.6;0.64;1199;0;-0.04;0.04;0.01;175;0.03;0;0.08;0.05;0.01;1.7;0.39;3.52;1.97;0.61
05/03/24   ;05:00;0.65;13.4;11.5;0.65;1200;0;-0.1;0.14;0.03;139;0.07;0.01;0.22;0.12;0.04;2.15;0.54;4.18;2.81;0.89
05/03/24   ;06:00;0.64;13.4;11.5;0.64;1192;0;-0.07;0.07;0.03;161;0.06;0.01;0.13;0.1;0.03;1.84;0.32;4.2;2.33;0.71
05/03/24   ;07:00;0.62;13.4;11.4;0.62;1199;0;-0.11;0.13;0.03;152;0.08;0.01;0.22;0.12;0.04;1.97;0.37;3.93;2.32;0.67
05/03/24   ;08:00;0.56;13.4;11.4;0.56;1198;0;-0.13;0.13;0.04;176;0.1;0.01;0.22;0.15;0.04;1.7;0.34;3.33;1.92;0.59
05/03/24   ;09:00;0.45;13.4;11.5;0.45;1196;0;-0.15;0.17;0.04;177;0.1;0.02;0.3;0.15;0.05;1.68;0.4;3.55;2.02;0.6
05/03/24   ;10:00;0.34;13.4;11.6;0.34;1198;0;-0.16;0.2;0.04;159;0.11;0.03;0.31;0.17;0.05;1.86;0.54;3.23;2.13;0.57
05/03/24   ;11:00;0.22;13.4;11.6;0.22;1200;0;-0.11;0.1;0.03;180;0.08;0;0.19;0.13;0.04;1.65;0.3;3.63;2.04;0.63
05/03/24   ;12:00;0.12;13.4;11.8;0.12;1195;0;-0.14;0.16;0.04;149;0.1;0.01;0.27;0.16;0.05;1.98;0.34;4.13;2.47;0.81
05/03/24   ;13:00;0.03;13.4;11.9;0.03;1200;0;-0.13;0.14;0.04;155;0.1;0.01;0.24;0.15;0.05;1.92;0.35;3.95;2.33;0.76
05/03/24   ;14:00;0;13.4;11.9;0;1197;0;-0.13;0.13;0.03;168;0.08;0.01;0.26;0.13;0.04;1.76;0.42;3.83;2.05;0.62
05/03/24   ;15:00;0.04;13.4;12;0.04;1200;0;-0.1;0.13;0.04;177;0.09;0.01;0.23;0.14;0.04;1.68;0.43;3.8;1.99;0.68
05/03/24   ;16:00;0.14;13.4;12.1;0.14;1200;0;-0.12;0.14;0.04;169;0.1;0.01;0.23;0.16;0.05;1.76;0.52;4.17;2.22;0.69
05/03/24   ;17:00;0.28;13.3;12.5;0.28;1200;0;-0.16;0.16;0.04;183;0.1;0.01;0.3;0.16;0.05;1.63;0.51;3.56;2.1;0.67
05/03/24   ;18:00;0.44;13.3;12.3;0.44;1197;0;-0.13;0.19;0.04;167;0.1;0.01;0.3;0.16;0.05;1.78;0.35;4.12;2.16;0.73
05/03/24   ;19:00;0.57;13.3;12;0.58;1200;0;-0.15;0.12;0.04;174;0.09;0.01;0.22;0.14;0.04;1.71;0.3;3.7;2.09;0.7
05/03/24   ;20:00;0.68;13.4;11.8;0.68;1200;0;-0.14;0.2;0.05;154;0.11;0.02;0.33;0.17;0.06;1.94;0.34;4.03;2.48;0.85
05/03/24   ;21:00;0.72;13.4;12;0.72;1200;0;-0.09;0.11;0.03;169;0.07;0.01;0.2;0.12;0.04;1.76;0.25;3.76;2.19;0.73
05/03/24   ;22:00;0.7;13.4;11.9;0.7;1193;0;-0.08;0.07;0.02;178;0.06;0;0.15;0.09;0.03;1.67;0.38;3.82;1.95;0.63
05/03/24   ;23:00;0.62;13.3;11.9;0.62;1201;0;-0.12;0.1;0.02;170;0.05;0.01;0.21;0.09;0.03;1.75;0.38;4.3;2.18;0.74
06/03/24   ;00:00;0.54;13.3;12;0.54;1199;0;-0.07;0.07;0.02;163;0.06;0.01;0.12;0.09;0.03;1.83;0.31;3.64;2.2;0.64
06/03/24   ;01:00;0.47;13.3;12.1;0.47;1194;0;-0.07;0.07;0.02;172;0.05;0.01;0.13;0.08;0.02;1.72;0.52;3.59;2.2;0.68
06/03/24   ;02:00;0.45;13.4;12.1;0.45;1202;0;-0.04;0.06;0.02;153;0.04;0;0.11;0.06;0.02;1.95;0.35;4.2;2.38;0.7
06/03/24   ;03:00;0.48;13.4;12.1;0.48;1182;0;-0.05;0.04;0.01;179;0.03;0;0.08;0.05;0.02;1.63;0.29;3.6;2.15;0.68
06/03/24   ;04:00;0.55;13.3;12.1;0.55;1208;0;-0.07;0.06;0.01;210;0.03;0;0.12;0.05;0.02;1.43;0.26;4.2;1.84;0.64
06/03/24   ;05:00;0.61;13.4;12.1;0.61;1198;0;-0.11;0.13;0.04;144;0.08;0.01;0.23;0.13;0.05;2.05;0.39;3.92;2.74;0.91
06/03/24   ;06:00;0.68;13.4;12.1;0.68;1198;0;-0.09;0.12;0.03;186;0.07;0.02;0.21;0.11;0.03;1.61;0.29;3.66;2.17;0.78
06/03/24   ;07:00;0.69;13.4;12;0.69;1199;0;-0.11;0.11;0.04;171;0.09;0.01;0.21;0.14;0.04;1.74;0.33;3.74;2.13;0.73
06/03/24   ;08:00;0.65;13.4;12;0.65;1199;0;-0.15;0.18;0.04;167;0.11;0.01;0.28;0.16;0.05;1.78;0.43;3.74;2.12;0.69
06/03/24   ;09:00;0.56;13.3;12;0.56;1200;0;-0.14;0.15;0.05;161;0.11;0.02;0.27;0.17;0.05;1.86;0.39;3.6;2.28;0.72
06/03/24   ;10:00;0.44;13.4;12.1;0.44;1196;0;-0.12;0.13;0.04;173;0.1;0.02;0.2;0.14;0.04;1.7;0.34;3.59;1.95;0.64
06/03/24   ;11:00;0.33;13.4;12;0.33;1198;0;-0.12;0.14;0.04;159;0.1;0.01;0.22;0.16;0.05;1.88;0.41;4.64;2.3;0.77
06/03/24   ;12:00;0.22;13.4;12.1;0.21;1195;0;-0.11;0.16;0.04;168;0.08;0.02;0.22;0.13;0.04;1.76;0.35;4.18;2.17;0.71
06/03/24   ;13:00;0.09;13.4;12.3;0.09;1192;0;-0.11;0.12;0.03;178;0.08;0.01;0.2;0.12;0.04;1.66;0.4;3.11;1.97;0.58
06/03/24   ;14:00;0;13.4;12.3;0;1197;0;-0.12;0.14;0.04;169;0.09;0.01;0.2;0.14;0.04;1.76;0.35;3.38;2.17;0.63
06/03/24   ;15:00;-0.02;13.4;12.3;-0.02;1200;0;-0.11;0.17;0.04;165;0.1;0.01;0.26;0.15;0.05;1.81;0.3;4.06;2.22;0.73
06/03/24   ;16:00;0.06;13.4;12.3;0.06;1197;0;-0.13;0.16;0.04;171;0.09;0.01;0.25;0.14;0.05;1.74;0.35;3.22;2.24;0.67
06/03/24   ;17:00;0.19;13.4;12.4;0.19;1199;0;-0.14;0.17;0.04;183;0.1;0.02;0.31;0.15;0.05;1.62;0.46;3.16;1.85;0.51
06/03/24   ;18:00;0.33;13.4;12.4;0.32;1200;0;-0.15;0.14;0.04;178;0.1;0.01;0.27;0.16;0.05;1.68;0.32;3.46;2.05;0.58
06/03/24   ;19:00;0.48;13.4;12.4;0.48;1200;0;-0.1;0.12;0.04;166;0.09;0.01;0.2;0.13;0.04;1.8;0.38;3.79;2.21;0.78
06/03/24   ;20:00;0.59;13.4;12.3;0.6;1198;0;-0.15;0.15;0.04;173;0.1;0.01;0.24;0.15;0.05;1.72;0.32;3.79;2.42;0.83
06/03/24   ;21:00;0.68;13.3;12.3;0.68;1208;0;-0.11;0.15;0.03;191;0.07;0.01;0.23;0.11;0.04;1.57;0.55;3.72;1.9;0.61
06/03/24   ;22:00;0.71;13.4;12.3;0.71;1200;0;-0.12;0.11;0.02;190;0.06;0.01;0.24;0.09;0.03;1.57;0.32;3.38;1.85;0.57
06/03/24   ;23:00;0.66;13.4;12.3;0.66;1198;0;-0.14;0.12;0.03;166;0.07;0.01;0.26;0.11;0.04;1.78;0.36;3.92;2.07;0.68
07/03/24   ;00:00;0.56;13.4;12.2;0.55;1200;0;-0.07;0.06;0.02;149;0.05;0;0.11;0.08;0.02;1.99;0.28;3.88;2.28;0.67
07/03/24   ;01:00;0.42;13.4;12.2;0.42;1195;0;-0.08;0.1;0.03;145;0.07;0.01;0.18;0.1;0.03;2.04;0.35;3.79;2.48;0.71
07/03/24   ;02:00;0.35;13.3;12.2;0.35;1192;0;-0.05;0.06;0.02;133;0.04;0;0.12;0.06;0.02;2.21;0.35;4.03;2.59;0.83
07/03/24   ;03:00;0.3;13.4;12.2;0.3;1200;0;-0.04;0.05;0.01;155;0.03;0;0.08;0.04;0.01;1.93;0.42;3.84;2.3;0.71
07/03/24   ;04:00;0.3;13.4;12.3;0.3;1200;0;-0.07;0.08;0.02;146;0.05;0.01;0.13;0.08;0.02;2.04;0.52;3.63;2.35;0.7
07/03/24   ;05:00;0.36;13.4;12.2;0.36;1200;0;-0.1;0.12;0.03;119;0.07;0.01;0.2;0.12;0.05;2.51;0.32;4.8;3.41;1.1
07/03/24   ;06:00;0.46;13.3;12.3;0.46;1196;0;-0.12;0.11;0.03;175;0.06;0.01;0.2;0.1;0.04;1.7;0.34;3.71;2.12;0.63
07/03/24   ;07:00;0.55;13.3;12.3;0.55;1196;0;-0.09;0.11;0.03;178;0.07;0.01;0.18;0.11;0.04;1.67;0.28;3.69;2.01;0.74
07/03/24   ;08:00;0.61;13.4;12.2;0.61;1200;0;-0.14;0.14;0.04;188;0.1;0.01;0.27;0.17;0.05;1.58;0.42;3.17;1.98;0.6
07/03/24   ;09:00;0.64;13.4;12.2;0.64;1200;0;-0.13;0.14;0.04;169;0.1;0.02;0.27;0.14;0.04;1.76;0.39;3.9;2.08;0.69
07/03/24   ;10:00;0.57;13.4;12.3;0.57;1199;0;-0.11;0.14;0.04;169;0.1;0.02;0.2;0.15;0.04;1.75;0.32;3.33;2.13;0.63
07/03/24   ;11:00;0.41;13.4;12.3;0.41;1200;0;-0.12;0.13;0.04;178;0.09;0;0.2;0.14;0.04;1.68;0.33;3.8;2.14;0.68
07/03/24   ;12:00;0.25;13.4;12.3;0.25;1187;0;-0.14;0.14;0.04;154;0.1;0.01;0.22;0.16;0.05;1.92;0.4;3.77;2.47;0.77
07/03/24   ;13:00;0.11;13.4;12.3;0.11;1196;0;-0.14;0.16;0.04;163;0.1;0.01;0.25;0.16;0.05;1.82;0.44;4.03;2.08;0.64
07/03/24   ;14:00;-0.02;13.4;12.4;-0.02;1200;0;-0.1;0.1;0.03;152;0.09;0.01;0.2;0.13;0.04;1.95;0.37;4.58;2.39;0.85
07/03/24   ;15:00;-0.12;13.4;12.4;-0.12;1196;0;-0.1;0.15;0.03;159;0.08;0.01;0.22;0.13;0.04;1.85;0.38;4.26;2.44;0.77
07/03/24   ;16:00;-0.12;13.3;12.4;-0.12;1200;0;-0.1;0.15;0.03;179;0.09;0.01;0.22;0.13;0.04;1.67;0.38;3.7;1.86;0.54
07/03/24   ;17:00;-0.03;13.4;12.4;-0.03;1200;0;-0.1;0.13;0.04;184;0.08;0.01;0.19;0.13;0.04;1.63;0.41;3.6;2.03;0.63
07/03/24   ;18:00;0.16;13.4;12.4;0.16;1199;0;-0.16;0.17;0.04;187;0.1;0.01;0.25;0.15;0.05;1.6;0.32;3.69;2.11;0.69
07/03/24   ;19:00;0.36;13.4;12.4;0.36;1197;0;-0.12;0.17;0.05;179;0.11;0.01;0.28;0.17;0.05;1.66;0.31;3.94;2.01;0.67
07/03/24   ;20:00;0.53;13.4;12.4;0.53;1198;0;-0.16;0.19;0.05;183;0.11;0.02;0.32;0.17;0.05;1.62;0.3;3.76;1.94;0.66
07/03/24   ;21:00;0.68;13.4;12.4;0.68;1198;0;-0.1;0.11;0.04;183;0.08;0.01;0.19;0.13;0.04;1.62;0.26;3.71;2.16;0.74
07/03/24   ;22:00;0.75;13.4;12.1;0.75;1200;0;-0.08;0.09;0.03;187;0.06;0.01;0.17;0.09;0.03;1.6;0.27;3.68;2.05;0.7
07/03/24   ;23:00;0.74;13.4;12;0.74;1200;0;-0.16;0.14;0.03;179;0.07;0.01;0.28;0.11;0.04;1.67;0.44;3.53;2.06;0.66
08/03/24   ;00:00;0.63;13.4;12.2;0.63;1191;0;-0.09;0.08;0.03;148;0.07;0.02;0.16;0.1;0.03;2;0.5;4.44;2.66;0.81
08/03/24   ;01:00;0.45;13.3;12.3;0.45;1196;0;-0.08;0.08;0.02;154;0.06;0.01;0.13;0.09;0.03;1.93;0.47;3.93;2.42;0.79
08/03/24   ;02:00;0.3;13.4;12.2;0.3;1200;0;-0.06;0.06;0.02;142;0.04;0;0.11;0.07;0.02;2.1;0.47;4.1;2.38;0.75
08/03/24   ;03:00;0.14;13.3;12.2;0.14;1192;0;-0.06;0.07;0.01;164;0.03;0;0.12;0.05;0.02;1.79;0.29;4.75;2.78;0.98
08/03/24   ;04:00;0.13;13.3;12.1;0.13;1200;0;-0.12;0.16;0.03;182;0.07;0.01;0.23;0.12;0.04;1.64;0.28;3.76;2.32;0.8
08/03/24   ;05:00;0.21;13.3;12.1;0.21;1200;0;-0.07;0.1;0.02;243;0.06;0;0.16;0.09;0.03;1.22;0.3;3.43;1.48;0.57
08/03/24   ;06:00;0.38;13.4;12.1;0.38;1200;0;-0.07;0.12;0.02;236;0.06;0.01;0.16;0.09;0.03;1.26;0.31;2.94;1.62;0.59
08/03/24   ;07:00;0.55;13.4;12;0.55;1200;0;-0.13;0.17;0.04;188;0.1;0.01;0.25;0.16;0.05;1.58;0.3;3.77;1.99;0.72
08/03/24   ;08:00;0.67;13.4;12;0.67;1198;0;-0.18;0.18;0.05;187;0.12;0.01;0.29;0.19;0.06;1.6;0.29;3.11;1.99;0.65
08/03/24   ;09:00;0.74;13.3;11.9;0.74;1200;0;-0.19;0.19;0.05;181;0.13;0.02;0.3;0.2;0.06;1.65;0.46;3.61;2.2;0.75
08/03/24   ;10:00;0.71;13.3;11.9;0.71;1199;0;-0.14;0.13;0.04;182;0.09;0.01;0.24;0.13;0.04;1.64;0.26;3.54;1.96;0.69
08/03/24   ;11:00;0.6;13.4;11.9;0.6;1200;0;-0.13;0.18;0.04;177;0.1;0.02;0.27;0.15;0.05;1.68;0.62;4.42;2.03;0.67
08/03/24   ;12:00;0.4;13.4;12;0.4;1198;0;-0.15;0.14;0.05;176;0.11;0.01;0.28;0.17;0.05;1.7;0.28;3.25;2.01;0.62
08/03/24   ;13:00;0.2;13.4;12;0.2;1180;0;-0.13;0.16;0.04;164;0.09;0.01;0.24;0.15;0.05;1.77;0.29;3.7;2.31;0.77
08/03/24   ;14:00;0.02;13.3;12;0.01;1200;0;-0.12;0.14;0.04;158;0.1;0.02;0.24;0.15;0.05;1.89;0.36;4.42;2.41;0.77
08/03/24   ;15:00;-0.13;13.4;12;-0.13;1200;0;-0.11;0.15;0.04;167;0.1;0.02;0.22;0.15;0.04;1.78;0.49;3.77;2.1;0.65
08/03/24   ;16:00;-0.19;13.4;11.9;-0.19;1195;0;-0.14;0.14;0.04;169;0.09;0.01;0.27;0.14;0.04;1.76;0.3;3.27;2.13;0.64
08/03/24   ;17:00;-0.13;13.4;11.9;-0.13;1196;0;-0.17;0.16;0.05;171;0.12;0.02;0.27;0.18;0.05;1.72;0.36;4.14;2.11;0.71
08/03/24   ;18:00;0.05;13.4;11.9;0.05;1183;0;-0.11;0.16;0.04;171;0.1;0.01;0.23;0.15;0.04;1.72;0.31;3.42;2.08;0.74
08/03/24   ;19:00;0.26;13.4;11.7;0.26;1199;0;-0.14;0.15;0.04;190;0.1;0.01;0.27;0.15;0.05;1.56;0.3;3.6;2.04;0.65
08/03/24   ;20:00;0.47;13.4;11.8;0.47;1194;0;-0.13;0.18;0.04;170;0.11;0.01;0.27;0.16;0.05;1.75;0.34;3.7;2.16;0.67
08/03/24   ;21:00;0.64;13.4;11.6;0.64;1200;0;-0.09;0.15;0.04;201;0.08;0.01;0.21;0.13;0.04;1.48;0.32;3.4;1.8;0.6
08/03/24   ;22:00;0.76;13.4;11.7;0.76;1199;0;-0.11;0.12;0.03;188;0.08;0.01;0.23;0.12;0.04;1.59;0.38;3.41;1.85;0.6
08/03/24   ;23:00;0.8;13.4;11.7;0.8;1199;0;-0.13;0.15;0.04;172;0.09;0.01;0.26;0.14;0.05;1.73;0.32;3.61;2.22;0.74
09/03/24   ;00:00;0.75;13.4;11.7;0.75;1196;0;-0.12;0.13;0.04;182;0.09;0.02;0.22;0.13;0.04;1.63;0.31;3.63;2.16;0.71
09/03/24   ;01:00;0.61;13.4;11.6;0.61;1197;0;-0.1;0.09;0.03;170;0.07;0.01;0.16;0.1;0.03;1.76;0.41;3.28;2.19;0.74
09/03/24   ;02:00;0.43;13.4;11.5;0.43;1195;0;-0.09;0.13;0.03;176;0.06;0.01;0.22;0.1;0.03;1.67;0.33;4.11;2.26;0.83
09/03/24   ;03:00;0.29;13.4;11.6;0.29;1198;0;-0.07;0.08;0.02;204;0.05;0.01;0.14;0.08;0.02;1.46;0.27;3.36;1.89;0.62
09/03/24   ;04:00;0.19;13.4;11.5;0.19;1200;0;-0.06;0.06;0.02;187;0.05;0.01;0.12;0.08;0.02;1.59;0.32;3.37;1.99;0.66
09/03/24   ;05:00;0.19;13.4;11.5;0.19;1190;0;-0.11;0.1;0.03;180;0.06;0.01;0.18;0.09;0.03;1.64;0.3;3.74;2.39;0.86
09/03/24   ;06:00;0.33;13.4;11.5;0.33;1198;0;-0.11;0.14;0.03;180;0.06;0.02;0.25;0.1;0.03;1.66;0.39;3.53;2.2;0.67
09/03/24   ;07:00;0.52;13.3;11.6;0.52;1200;0;-0.11;0.12;0.03;185;0.08;0.01;0.19;0.12;0.04;1.61;0.36;3.52;2.24;0.76
09/03/24   ;08:00;0.72;13.4;11.5;0.72;1190;0;-0.14;0.14;0.04;182;0.1;0.01;0.25;0.16;0.05;1.62;0.32;3.78;2.03;0.71
09/03/24   ;09:00;0.86;13.4;11.4;0.86;1200;0;-0.14;0.17;0.04;198;0.1;0.01;0.3;0.16;0.05;1.5;0.35;3.33;1.78;0.6
09/03/24   ;10:00;0.93;13.4;11.4;0.93;1196;0;-0.11;0.13;0.04;196;0.1;0.01;0.22;0.15;0.04;1.52;0.3;3.26;1.83;0.57
09/03/24   ;11:00;0.9;13.3;11.4;0.9;1200;0;-0.15;0.13;0.04;185;0.1;0.01;0.24;0.14;0.04;1.62;0.39;4;1.88;0.62
09/03/24   ;12:00;0.74;13.4;11.4;0.74;1191;0;-0.13;0.21;0.04;171;0.1;0.01;0.31;0.16;0.05;1.73;0.33;4.35;2.21;0.71
09/03/24   ;13:00;0.51;13.4;11.5;0.51;1199;0;-0.14;0.17;0.04;172;0.1;0.02;0.23;0.15;0.05;1.73;0.32;3.67;2.08;0.67
09/03/24   ;14:00;0.28;13.4;11.6;0.28;1200;0;-0.11;0.13;0.04;176;0.09;0;0.21;0.14;0.05;1.69;0.3;4.43;2.16;0.76
09/03/24   ;15:00;0.09;13.4;11.6;0.09;1200;0;-0.14;0.15;0.04;148;0.09;0.03;0.24;0.14;0.04;2.01;0.64;4.76;2.66;0.86
09/03/24   ;16:00;-0.04;13.4;11.6;-0.04;1201;0;-0.14;0.21;0.04;159;0.09;0.01;0.33;0.15;0.05;1.88;0.34;4.36;2.31;0.84
09/03/24   ;17:00;-0.09;13.4;11.6;-0.09;1200;0;-0.09;0.12;0.03;168;0.08;0.01;0.19;0.12;0.04;1.77;0.57;4.06;2.08;0.64
09/03/24   ;18:00;0.02;13.4;11.6;0.02;1200;0;-0.13;0.11;0.04;171;0.09;0.02;0.21;0.13;0.04;1.74;0.4;3.77;2.22;0.68
09/03/24   ;19:00;0.23;13.4;11.6;0.23;1199;0;-0.12;0.13;0.04;166;0.1;0.01;0.24;0.16;0.05;1.8;0.3;3.52;2.36;0.75
09/03/24   ;20:00;0.45;13.4;11.5;0.45;1197;0;-0.14;0.18;0.04;159;0.11;0.02;0.31;0.17;0.05;1.87;0.53;3.75;2.2;0.74
09/03/24   ;21:00;0.65;13.4;11.5;0.65;1199;0;-0.13;0.13;0.04;187;0.09;0.01;0.24;0.14;0.04;1.6;0.35;3.89;2.01;0.66
09/03/24   ;22:00;0.79;13.4;11.4;0.79;1198;0;-0.09;0.1;0.03;184;0.06;0.01;0.18;0.1;0.03;1.6;0.42;3.62;2;0.64
09/03/24   ;23:00;0.85;13.4;11.5;0.85;1194;0;-0.08;0.08;0.03;184;0.06;0.01;0.16;0.1;0.03;1.61;0.42;3.73;2.03;0.72
10/03/24   ;00:00;0.83;13.4;11.5;0.83;1200;0;-0.09;0.1;0.03;201;0.06;0;0.17;0.1;0.03;1.48;0.38;3.35;2.02;0.63
10/03/24   ;01:00;0.67;13.4;11.3;0.67;1195;0;-0.05;0.07;0.02;184;0.05;0.01;0.11;0.07;0.02;1.61;0.32;4.21;1.96;0.58
10/03/24   ;02:00;0.49;13.4;11.4;0.49;1200;0;-0.07;0.06;0.02;169;0.05;0.01;0.13;0.07;0.02;1.76;0.27;3.65;2.23;0.68
10/03/24   ;03:00;0.31;13.4;11.4;0.3;1200;0;-0.07;0.06;0.02;161;0.04;0.01;0.12;0.07;0.02;1.84;0.4;4.64;2.41;0.83
10/03/24   ;04:00;0.16;13.4;11.4;0.16;1200;0;-0.09;0.1;0.02;179;0.05;0.01;0.2;0.08;0.03;1.67;0.31;3.85;2.1;0.71
10/03/24   ;05:00;0.1;13.4;11.4;0.1;1199;0;-0.08;0.08;0.02;165;0.06;0.01;0.15;0.09;0.03;1.81;0.38;3.93;2.44;0.82
10/03/24   ;06:00;0.19;13.4;11.4;0.19;1195;0;-0.09;0.1;0.03;171;0.06;0;0.18;0.1;0.03;1.74;0.36;4.07;2.07;0.7
10/03/24   ;07:00;0.38;13.3;11.4;0.38;1184;0;-0.09;0.11;0.03;183;0.07;0.01;0.18;0.11;0.04;1.61;0.29;3.83;2.14;0.77
10/03/24   ;08:00;0.61;13.3;11.3;0.61;1200;0;-0.12;0.14;0.04;183;0.09;0.02;0.24;0.14;0.04;1.62;0.52;3.93;2.01;0.65
10/03/24   ;09:00;0.57;13.4;11.3;0.56;1197;0;-0.13;0.18;0.04;159;0.1;0.02;0.28;0.15;0.05;1.85;0.37;3.91;2.45;0.81
10/03/24   ;10:00;0.59;13.4;11.3;0.59;1200;0;-0.15;0.15;0.05;179;0.11;0.01;0.26;0.17;0.05;1.66;0.38;3.53;1.96;0.6
10/03/24   ;11:00;0.63;13.4;11.3;0.63;1200;0;-0.13;0.17;0.04;182;0.1;0.02;0.28;0.15;0.05;1.64;0.37;3.12;1.99;0.61
10/03/24   ;12:00;0.65;13.3;11.3;0.65;1200;0;-0.12;0.16;0.04;186;0.09;0.01;0.25;0.14;0.04;1.61;0.36;3.79;2.09;0.7
10/03/24   ;13:00;0.66;13.3;11.3;0.66;1199;0;-0.16;0.2;0.06;189;0.13;0.01;0.33;0.2;0.06;1.58;0.39;3.54;2.04;0.62
10/03/24   ;14:00;0.66;13.3;11.3;0.66;1200;0;-0.17;0.27;0.06;180;0.15;0.02;0.37;0.24;0.08;1.66;0.32;3.48;2.01;0.6
10/03/24   ;15:00;0.53;13.4;11.4;0.53;1194;0;-0.18;0.2;0.06;146;0.16;0.03;0.34;0.25;0.07;2.03;0.48;4.37;2.45;0.72
10/03/24   ;16:00;0.48;13.4;11.4;0.48;1200;0;-0.14;0.15;0.05;139;0.12;0.02;0.24;0.18;0.05;2.12;0.6;3.77;2.48;0.74
10/03/24   ;17:00;0.36;13.4;11.4;0.36;1194;0;-0.09;0.11;0.04;170;0.09;0.01;0.2;0.13;0.04;1.74;0.49;3.37;2.02;0.59
10/03/24   ;18:00;0.43;13.4;11.4;0.43;1200;0;-0.11;0.14;0.04;173;0.1;0.01;0.23;0.16;0.05;1.72;0.38;3.56;2.01;0.66
10/03/24   ;19:00;0.64;13.4;11.5;0.64;1199;0;-0.16;0.22;0.06;168;0.14;0.02;0.38;0.22;0.07;1.77;0.36;3.57;2.2;0.66
10/03/24   ;20:00;0.76;13.4;11.4;0.76;1200;0;-0.11;0.11;0.04;184;0.08;0.01;0.2;0.13;0.04;1.61;0.42;3.86;1.92;0.65
10/03/24   ;21:00;0.69;13.4;11.4;0.69;1199;0;-0.09;0.09;0.03;184;0.07;0.01;0.16;0.1;0.03;1.61;0.33;3.63;2.06;0.64
10/03/24   ;22:00;0.71;13.4;11.4;0.71;1194;0;-0.14;0.16;0.03;186;0.07;0.01;0.27;0.12;0.05;1.6;0.29;3.16;1.93;0.59
10/03/24   ;23:00;0.72;13.4;11.4;0.72;1195;0;-0.06;0.07;0.02;175;0.05;0;0.11;0.08;0.02;1.69;0.32;2.97;1.99;0.58
11/03/24   ;00:00;0.73;13.4;11.4;0.73;1198;0;-0.08;0.09;0.03;160;0.06;0.01;0.16;0.1;0.03;1.87;0.35;4.22;2.44;0.78
11/03/24   ;01:00;0.72;13.4;11.3;0.72;1199;0;-0.1;0.09;0.02;190;0.06;0.01;0.16;0.09;0.03;1.57;0.37;3.25;1.93;0.6
11/03/24   ;02:00;0.63;13.4;11.3;0.63;1193;0;-0.07;0.08;0.02;184;0.04;0.01;0.12;0.06;0.02;1.6;0.29;3.5;1.91;0.58
11/03/24   ;03:00;0.46;13.4;11.3;0.46;1195;0;-0.04;0.04;0.01;146;0.03;0;0.07;0.04;0.01;2.02;0.27;4.06;2.55;0.81
11/03/24   ;04:00;0.28;13.4;11.3;0.28;1195;0;-0.03;0.03;0.01;154;0.02;0;0.05;0.03;0.01;1.93;0.4;4.24;2.48;0.84
11/03/24   ;05:00;0.1;13.4;11.3;0.1;1200;0;-0.08;0.07;0.02;181;0.05;0.01;0.13;0.07;0.02;1.65;0.41;3.69;1.86;0.62
11/03/24   ;06:00;0.06;13.4;11.2;0.06;1198;0;-0.09;0.08;0.03;157;0.06;0.02;0.15;0.09;0.03;1.9;0.36;3.66;2.36;0.74
11/03/24   ;07:00;0.16;13.4;11.2;0.16;1200;0;-0.09;0.11;0.03;144;0.08;0.01;0.2;0.12;0.04;2.07;0.37;3.86;2.49;0.81
11/03/24   ;08:00;0.32;13.4;11.3;0.32;1200;0;-0.16;0.19;0.05;167;0.12;0.02;0.34;0.19;0.06;1.77;0.37;4.02;2.24;0.73
11/03/24   ;09:00;0.5;13.3;11.1;0.5;1200;0;-0.12;0.15;0.04;179;0.1;0.02;0.27;0.16;0.05;1.66;0.47;3.82;2.08;0.66
11/03/24   ;10:00;0.7;13.3;11.1;0.7;1199;0;-0.12;0.17;0.04;191;0.11;0.02;0.29;0.17;0.05;1.56;0.42;3.47;1.8;0.6
11/03/24   ;11:00;0.84;13.3;11;0.84;1199;0;-0.12;0.15;0.04;186;0.1;0.01;0.21;0.15;0.04;1.61;0.31;3.79;1.92;0.65
11/03/24   ;12:00;0.87;13.4;11.2;0.87;1200;0;-0.12;0.14;0.04;184;0.1;0;0.23;0.15;0.05;1.62;0.3;3.45;1.92;0.65
11/03/24   ;13:00;0.84;13.4;11.3;0.84;1199;0;-0.15;0.14;0.04;177;0.09;0.01;0.24;0.14;0.04;1.68;0.34;3.42;2.1;0.67
11/03/24   ;14:00;0.74;13.3;11.3;0.74;1193;0;-0.09;0.12;0.03;171;0.08;0.01;0.19;0.12;0.04;1.72;0.55;3.49;2.16;0.69
11/03/24   ;15:00;0.56;13.3;11.3;0.56;1188;0;-0.12;0.1;0.03;175;0.08;0;0.19;0.12;0.04;1.69;0.29;3.64;2.14;0.69
11/03/24   ;16:00;0.41;13.3;11.5;0.41;1194;0;-0.11;0.14;0.04;161;0.09;0;0.23;0.15;0.05;1.84;0.45;4.4;2.24;0.78
11/03/24   ;17:00;0.31;13.4;11.5;0.31;1195;0;-0.11;0.12;0.03;183;0.08;0.01;0.19;0.13;0.04;1.62;0.28;3.33;1.9;0.56
11/03/24   ;18:00;0.28;13.4;11.6;0.28;1195;0;-0.12;0.15;0.04;168;0.09;0.01;0.23;0.15;0.05;1.77;0.33;4.03;2.21;0.73
11/03/24   ;19:00;0.35;13.4;11.5;0.35;1199;0;-0.13;0.17;0.04;173;0.11;0.02;0.27;0.16;0.05;1.72;0.49;3.69;2.02;0.6
11/03/24   ;20:00;0.52;13.4;11.6;0.52;1199;0;-0.12;0.13;0.04;167;0.1;0.01;0.26;0.16;0.05;1.78;0.42;3.81;2.33;0.77
11/03/24   ;21:00;0.7;13.4;11.6;0.7;1200;0;-0.09;0.09;0.03;198;0.06;0.01;0.16;0.1;0.03;1.5;0.3;3.41;1.94;0.62
11/03/24   ;22:00;0.83;13.4;11.6;0.83;1194;0;-0.14;0.16;0.04;182;0.09;0.01;0.3;0.13;0.05;1.64;0.54;3.68;1.95;0.68
11/03/24   ;23:00;0.92;13.4;11.7;0.92;1200;0;-0.1;0.14;0.03;192;0.06;0.01;0.19;0.09;0.03;1.54;0.41;3.58;1.81;0.6
12/03/24   ;00:00;0.93;13.4;11.7;0.93;1200;0;-0.07;0.08;0.02;193;0.05;0;0.09;0.07;0.02;1.54;0.29;3.88;1.92;0.65
12/03/24   ;01:00;0.83;13.3;11.6;0.83;1200;0;-0.12;0.11;0.02;162;0.05;0.01;0.21;0.09;0.03;1.83;0.35;3.49;2.44;0.72
12/03/24   ;02:00;0.64;13.4;11.4;0.64;1200;0;-0.05;0.06;0.02;145;0.04;0.01;0.11;0.07;0.02;2.04;0.47;3.78;2.35;0.7
12/03/24   ;03:00;0.42;13.4;11.4;0.42;1192;0;-0.05;0.05;0.02;128;0.03;0;0.09;0.06;0.02;2.29;0.39;3.99;3.06;0.92
12/03/24   ;04:00;0.2;13.4;11.4;0.2;1200;0;-0.04;0.04;0.01;179;0.03;0;0.07;0.05;0.01;1.65;0.32;3.88;2.13;0.75
12/03/24   ;05:00;0.04;13.4;11.4;0.04;1199;0;-0.09;0.07;0.02;139;0.05;0;0.16;0.09;0.03;2.15;0.32;4.61;2.73;0.96
12/03/24   ;06:00;-0.05;13.4;11.5;-0.05;1200;0;-0.08;0.09;0.02;153;0.05;0.01;0.16;0.09;0.03;1.96;0.4;4.39;2.41;0.8
12/03/24   ;07:00;-0.01;13.4;11.4;-0.01;1192;0;-0.1;0.13;0.04;172;0.09;0.01;0.21;0.13;0.04;1.71;0.46;3.13;2.01;0.55
12/03/24   ;08:00;0.16;13.4;11.5;0.17;1198;0;-0.15;0.25;0.05;175;0.13;0.02;0.37;0.2;0.06;1.69;0.3;3.89;2.18;0.72
12/03/24   ;09:00;0.41;13.4;11.4;0.41;1188;0;-0.15;0.23;0.05;173;0.11;0.01;0.31;0.17;0.05;1.7;0.35;3.8;1.9;0.63
12/03/24   ;10:00;0.62;13.4;11.4;0.62;1197;0;-0.14;0.16;0.04;189;0.09;0.01;0.24;0.15;0.05;1.58;0.35;4.12;1.91;0.66
12/03/24   ;11:00;0.78;13.3;11.4;0.78;1197;0;-0.12;0.12;0.04;187;0.1;0.01;0.19;0.15;0.04;1.59;0.32;3.49;1.92;0.61
12/03/24   ;12:00;0.86;13.3;11.6;0.86;1197;0;-0.1;0.17;0.04;193;0.09;0.01;0.25;0.14;0.04;1.54;0.36;3.82;1.71;0.59
12/03/24   ;13:00;0.88;13.4;11.6;0.88;1196;0;-0.13;0.15;0.04;191;0.1;0.01;0.24;0.16;0.05;1.54;0.37;2.88;1.85;0.55
12/03/24   ;14:00;0.76;13.4;11.7;0.76;1200;0;-0.12;0.11;0.03;174;0.08;0.01;0.2;0.13;0.04;1.71;0.29;4.09;2.23;0.71
12/03/24   ;15:00;0.55;13.4;11.8;0.55;1195;0;-0.07;0.12;0.03;180;0.07;0;0.19;0.11;0.03;1.65;0.31;3.53;2.05;0.67
12/03/24   ;16:00;0.33;13.3;11.8;0.33;1197;0;-0.14;0.15;0.05;128;0.11;0.02;0.28;0.18;0.06;2.3;0.55;4.47;3.01;1.04
12/03/24   ;17:00;0.15;13.3;11.8;0.16;1200;0;-0.1;0.11;0.03;153;0.08;0.01;0.19;0.12;0.04;1.95;0.37;4.09;2.41;0.82
12/03/24   ;18:00;0.06;13.3;11.8;0.06;1200;0;-0.12;0.12;0.03;176;0.08;0.01;0.24;0.13;0.04;1.7;0.29;3.94;2;0.67
12/03/24   ;19:00;0.06;13.3;11.9;0.06;1183;0;-0.11;0.1;0.03;166;0.07;0.01;0.18;0.11;0.03;1.77;0.29;3.84;2.18;0.76
12/03/24   ;20:00;0.2;13.4;12.1;0.2;1200;0;-0.13;0.12;0.04;170;0.1;0.02;0.24;0.15;0.04;1.74;0.44;3.8;2.18;0.74
12/03/24   ;21:00;0.41;13.4;11.9;0.41;1192;0;-0.1;0.11;0.03;167;0.07;0.01;0.17;0.11;0.03;1.78;0.33;5.19;2.19;0.79
12/03/24   ;22:00;0.58;13.3;11.9;0.58;1200;0;-0.08;0.09;0.03;179;0.06;0.02;0.14;0.09;0.03;1.67;0.37;3.55;2.1;0.7
12/03/24   ;23:00;0.72;13.4;11.9;0.73;1198;0;-0.07;0.07;0.02;200;0.05;0.01;0.12;0.08;0.02;1.49;0.27;3.21;1.89;0.66
13/03/24   ;00:00;0.81;13.4;11.9;0.81;1200;0;-0.1;0.11;0.03;178;0.06;0.01;0.18;0.1;0.03;1.67;0.28;3.82;2.08;0.72
13/03/24   ;01:00;0.79;13.4;12;0.79;1195;0;-0.12;0.11;0.02;163;0.05;0.01;0.19;0.09;0.03;1.81;0.28;3.56;2.48;0.81
13/03/24   ;02:00;0.66;13.4;11.9;0.66;1200;0;-0.05;0.05;0.02;173;0.04;0.01;0.1;0.06;0.02;1.73;0.26;3.89;2.38;0.78
13/03/24   ;03:00;0.49;13.4;11.9;0.49;1200;0;-0.03;0.04;0.01;180;0.03;0;0.06;0.04;0.01;1.65;0.31;3.54;2.16;0.75
13/03/24   ;04:00;0.31;13.4;11.9;0.31;1200;0;-0.08;0.08;0.02;162;0.05;0;0.15;0.08;0.03;1.84;0.39;3.92;2.14;0.72
13/03/24   ;05:00;0.15;13.4;11.9;0.15;1197;0;-0.05;0.06;0.02;185;0.04;0.01;0.09;0.06;0.02;1.61;0.37;3.89;1.91;0.65
13/03/24   ;06:00;0.03;13.4;11.8;0.03;1200;0;-0.1;0.11;0.03;143;0.07;0.01;0.19;0.11;0.04;2.08;0.4;5.34;2.57;0.89
13/03/24   ;07:00;0.01;13.4;11.8;0.01;1200;0;-0.11;0.09;0.03;163;0.08;0.01;0.19;0.12;0.04;1.82;0.45;4.72;2.22;0.76
13/03/24   ;08:00;0.12;13.4;11.8;0.12;1200;0;-0.18;0.16;0.05;159;0.11;0.01;0.29;0.18;0.06;1.86;0.5;4.19;2.34;0.78
13/03/24   ;09:00;0.31;13.4;11.9;0.31;1197;0;-0.15;0.22;0.05;176;0.13;0.03;0.35;0.19;0.06;1.69;0.26;3.29;1.97;0.63
13/03/24   ;10:00;0.51;13.4;11.8;0.51;1200;0;-0.12;0.15;0.04;192;0.1;0.01;0.24;0.15;0.04;1.55;0.31;3.63;1.97;0.67
13/03/24   ;11:00;0.67;13.4;11.9;0.67;1200;0;-0.13;0.14;0.04;180;0.1;0.02;0.26;0.15;0.05;1.66;0.44;4.11;1.95;0.69
13/03/24   ;12:00;0.75;13.4;11.9;0.75;1199;0;-0.11;0.14;0.04;200;0.08;0.02;0.24;0.13;0.04;1.49;0.34;4.01;1.85;0.59
13/03/24   ;13:00;0.75;13.3;11.9;0.75;1198;0;-0.13;0.13;0.04;180;0.1;0.01;0.23;0.15;0.04;1.66;0.33;3.4;1.93;0.6
13/03/24   ;14:00;0.61;13.3;12.1;0.62;1196;0;-0.09;0.12;0.03;165;0.08;0.01;0.2;0.12;0.04;1.8;0.51;3.94;2.31;0.71
13/03/24   ;15:00;0.43;13.3;12.2;0.43;1195;0;-0.15;0.13;0.04;152;0.09;0.02;0.25;0.15;0.05;1.93;0.44;4.27;2.6;0.84
13/03/24   ;16:00;0.23;13.3;12.3;0.23;1200;0;-0.1;0.13;0.03;172;0.08;0.01;0.18;0.11;0.03;1.74;0.34;3.48;2;0.63
13/03/24   ;17:00;0.06;13.4;12.2;0.06;1198;0;-0.12;0.18;0.04;162;0.1;0.01;0.3;0.15;0.05;1.84;0.38;3.98;2.37;0.76
13/03/24   ;18:00;-0.05;13.4;12.4;-0.05;1200;0;-0.1;0.11;0.03;137;0.09;0.02;0.2;0.12;0.04;2.17;0.37;4.14;2.65;0.84
13/03/24   ;19:00;-0.06;13.3;12.3;-0.05;1200;0;-0.11;0.13;0.04;145;0.09;0.01;0.24;0.15;0.05;2.05;0.33;4.3;2.64;0.87
13/03/24   ;20:00;0.06;13.3;12.5;0.06;1200;0;-0.1;0.1;0.03;175;0.07;0.01;0.2;0.11;0.04;1.7;0.34;3.65;2.16;0.72
13/03/24   ;21:00;0.26;13.3;12.6;0.26;1195;0;-0.12;0.1;0.03;182;0.06;0.01;0.16;0.09;0.03;1.63;0.35;4.1;2.07;0.67
13/03/24   ;22:00;0.46;13.4;12.5;0.46;1200;0;-0.09;0.08;0.02;161;0.06;0.01;0.15;0.09;0.03;1.85;0.3;3.65;2.35;0.78
13/03/24   ;23:00;0.62;13.4;12.5;0.62;1197;0;-0.08;0.08;0.02;183;0.05;0.01;0.14;0.08;0.03;1.63;0.37;3.7;2.18;0.75
14/03/24   ;00:00;0.71;13.4;12.5;0.71;1194;0;-0.14;0.17;0.04;185;0.09;0.02;0.29;0.15;0.06;1.6;0.39;3.94;1.79;0.59
14/03/24   ;01:00;0.73;13.4;12.3;0.73;1192;0;-0.08;0.09;0.03;155;0.06;0.01;0.14;0.1;0.03;1.91;0.33;4.57;2.48;0.85
14/03/24   ;02:00;0.66;13.4;12.4;0.66;1200;0;-0.06;0.07;0.02;156;0.05;0.01;0.12;0.08;0.03;1.91;0.29;3.29;2.45;0.72
14/03/24   ;03:00;0.51;13.4;12.4;0.51;1200;0;-0.03;0.05;0.01;173;0.03;0;0.08;0.04;0.01;1.72;0.32;3.55;2.15;0.71
14/03/24   ;04:00;0.34;13.4;12.4;0.34;1200;0;-0.09;0.07;0.02;151;0.03;0;0.13;0.06;0.02;1.96;0.31;4.12;2.54;0.85
14/03/24   ;05:00;0.19;13.4;12.4;0.19;1200;0;-0.07;0.07;0.02;183;0.05;0.01;0.14;0.08;0.03;1.63;0.41;3.25;1.88;0.59
14/03/24   ;06:00;0.08;13.4;12.4;0.08;1200;0;-0.09;0.07;0.02;136;0.06;0.01;0.14;0.09;0.03;2.19;0.29;4.32;2.79;0.92
14/03/24   ;07:00;0.04;13.4;12.4;0.04;1200;0;-0.1;0.1;0.03;172;0.07;0.01;0.19;0.11;0.04;1.73;0.29;4.46;2.1;0.69
14/03/24   ;08:00;0.07;13.4;12.4;0.07;1199;0;-0.13;0.12;0.04;166;0.1;0.01;0.23;0.15;0.04;1.79;0.3;3.69;2.03;0.59
14/03/24   ;09:00;0.19;13.4;12.4;0.19;1200;0;-0.14;0.19;0.04;174;0.11;0.01;0.28;0.16;0.05;1.71;0.33;3.54;2.02;0.59
14/03/24   ;10:00;0.33;13.4;12.4;0.33;1200;0;-0.14;0.15;0.04;190;0.1;0.01;0.22;0.15;0.04;1.57;0.41;3.6;1.85;0.57
14/03/24   ;11:00;0.43;13.4;12.4;0.43;1200;0;-0.12;0.12;0.04;190;0.09;0.01;0.21;0.14;0.04;1.57;0.27;3.18;1.98;0.57
14/03/24   ;12:00;0.49;13.4;12.5;0.49;1194;0;-0.13;0.15;0.04;173;0.09;0.02;0.22;0.14;0.04;1.72;0.61;3.89;2.28;0.69
14/03/24   ;13:00;0.48;13.4;12.5;0.48;1190;0;-0.09;0.11;0.03;178;0.08;0.01;0.17;0.12;0.04;1.66;0.27;3.44;2;0.72
14/03/24   ;14:00;0.41;13.4;12.6;0.41;1199;0;-0.1;0.1;0.03;175;0.09;0.01;0.19;0.13;0.04;1.7;0.34;3.91;1.98;0.59
14/03/24   ;15:00;0.27;13.4;12.7;0.27;1200;0;-0.11;0.14;0.04;162;0.09;0.01;0.22;0.14;0.05;1.84;0.45;4;2.33;0.73
14/03/24   ;16:00;0.15;13.3;12.8;0.15;1183;0;-0.09;0.08;0.03;181;0.06;0.01;0.15;0.1;0.03;1.62;0.43;3.77;1.97;0.71
14/03/24   ;17:00;0.06;13.3;12.8;0.06;1193;0;-0.1;0.14;0.04;164;0.09;0.01;0.22;0.13;0.04;1.81;0.33;4.37;2.25;0.73
14/03/24   ;18:00;0.03;13.3;12.8;0.03;1193;0;-0.14;0.11;0.04;146;0.1;0.01;0.24;0.15;0.05;2.02;0.36;4.87;2.44;0.8
14/03/24   ;19:00;0.07;13.3;12.7;0.07;1195;0;-0.17;0.23;0.05;164;0.11;0.02;0.38;0.17;0.06;1.8;0.34;3.58;2.17;0.67
14/03/24   ;20:00;0.18;13.4;12.7;0.18;1200;0;-0.13;0.16;0.04;154;0.11;0.02;0.26;0.17;0.05;1.93;0.52;4.5;2.42;0.8
14/03/24   ;21:00;0.34;13.3;12.9;0.34;1199;0;-0.1;0.12;0.03;169;0.07;0.01;0.22;0.1;0.03;1.77;0.32;3.86;2.34;0.79
14/03/24   ;22:00;0.48;13.4;12.6;0.48;1205;0;-0.13;0.13;0.03;177;0.07;0.01;0.25;0.11;0.04;1.68;0.3;3.73;2.16;0.73
14/03/24   ;23:00;0.61;13.3;12.7;0.61;1200;0;-0.09;0.08;0.02;183;0.06;0.01;0.15;0.09;0.03;1.63;0.34;3.4;2.03;0.57
15/03/24   ;00:00;0.7;13.3;12.4;0.7;1200;0;-0.11;0.09;0.02;177;0.05;0.01;0.17;0.09;0.03;1.68;0.29;3.58;2.21;0.74
15/03/24   ;01:00;0.74;13.4;12.4;0.74;1200;0;-0.06;0.09;0.02;174;0.05;0.01;0.15;0.08;0.03;1.72;0.41;4.18;2.2;0.73
15/03/24   ;02:00;0.72;13.4;12.4;0.72;1198;0;-0.05;0.05;0.01;142;0.03;0.01;0.09;0.05;0.02;2.09;0.52;3.75;2.69;0.83
15/03/24   ;03:00;0.63;13.3;12.4;0.63;1200;0;-0.03;0.03;0.01;168;0.02;0;0.06;0.04;0.01;1.78;0.31;4.09;2.08;0.7
15/03/24   ;04:00;0.51;13.4;12.5;0.51;1196;0;-0.06;0.06;0.02;138;0.05;0;0.12;0.08;0.02;2.14;0.39;3.72;2.28;0.6
15/03/24   ;05:00;0.38;13.4;12.5;0.38;1195;0;-0.09;0.1;0.03;147;0.06;0.01;0.17;0.1;0.03;2.01;0.34;4.03;2.44;0.8
15/03/24   ;06:00;0.25;13.4;12.6;0.25;1200;0;-0.11;0.14;0.03;156;0.08;0.01;0.22;0.12;0.04;1.91;0.27;4.22;2.23;0.72
15/03/24   ;07:00;0.15;13.4;12.6;0.15;1193;0;-0.12;0.15;0.04;156;0.09;0.01;0.26;0.14;0.05;1.89;0.37;3.77;2.41;0.71
15/03/24   ;08:00;0.1;13.3;12.7;0.1;1200;0;-0.13;0.17;0.04;168;0.09;0.01;0.26;0.15;0.05;1.77;0.38;3.42;2.21;0.64
15/03/24   ;09:00;0.09;13.4;12.7;0.09;1194;0;-0.11;0.12;0.03;182;0.08;0.01;0.2;0.13;0.04;1.64;0.32;3.38;2.03;0.64
15/03/24   ;10:00;0.13;13.4;12.7;0.13;1200;0;-0.14;0.23;0.05;174;0.11;0;0.34;0.17;0.06;1.7;0.3;3.69;2.14;0.68
15/03/24   ;11:00;0.22;13.4;12.7;0.22;1196;0;-0.12;0.14;0.04;176;0.1;0.01;0.22;0.15;0.04;1.7;0.26;3.6;2.07;0.67
15/03/24   ;12:00;0.29;13.4;12.8;0.29;1200;0;-0.15;0.15;0.04;179;0.1;0.02;0.3;0.15;0.04;1.67;0.26;3.29;1.94;0.61
15/03/24   ;13:00;0.32;13.3;12.9;0.32;1200;0;-0.14;0.13;0.04;175;0.1;0.01;0.27;0.15;0.04;1.69;0.41;3.48;2;0.65
15/03/24   ;14:00;0.33;13.4;12.8;0.33;1200;0;-0.12;0.12;0.04;175;0.1;0.02;0.23;0.15;0.05;1.69;0.5;3.53;1.97;0.58
15/03/24   ;15:00;0.29;13.4;13;0.29;1200;0;-0.14;0.13;0.04;187;0.1;0.01;0.26;0.15;0.05;1.59;0.36;3.59;1.87;0.57
15/03/24   ;16:00;0.23;13.4;13;0.23;1200;0;-0.15;0.11;0.04;176;0.09;0.01;0.27;0.14;0.04;1.7;0.4;3.56;1.88;0.59
15/03/24   ;17:00;0.18;13.4;13;0.18;1200;0;-0.1;0.14;0.03;177;0.08;0.01;0.22;0.12;0.04;1.69;0.3;3.93;2.22;0.76
15/03/24   ;18:00;0.16;13.3;12.9;0.16;1200;0;-0.13;0.12;0.04;157;0.09;0.01;0.24;0.14;0.04;1.88;0.27;3.6;2.32;0.71
15/03/24   ;19:00;0.21;13.3;13;0.21;1200;0;-0.11;0.1;0.04;172;0.08;0;0.21;0.13;0.04;1.73;0.32;3.92;2.25;0.72
15/03/24   ;20:00;0.29;13.4;12.8;0.29;1200;0;-0.13;0.13;0.03;161;0.08;0.01;0.22;0.13;0.04;1.85;0.54;4.23;2.08;0.75
15/03/24   ;21:00;0.4;13.4;12.8;0.4;1195;0;-0.11;0.12;0.03;167;0.08;0.01;0.21;0.12;0.04;1.78;0.38;4.06;2.36;0.76
15/03/24   ;22:00;0.53;13.4;12.9;0.53;1199;0;-0.14;0.15;0.03;176;0.07;0.01;0.24;0.12;0.04;1.68;0.38;3.84;2.13;0.7
15/03/24   ;23:00;0.66;13.4;12.8;0.66;1197;0;-0.1;0.09;0.03;185;0.07;0.01;0.19;0.11;0.04;1.61;0.38;3.52;1.96;0.65
16/03/24   ;00:00;0.73;13.3;12.5;0.73;1195;0;-0.11;0.1;0.03;168;0.06;0.01;0.18;0.1;0.04;1.77;0.42;3.46;2.36;0.71
16/03/24   ;01:00;0.78;13.3;12.7;0.78;1200;0;-0.11;0.1;0.03;154;0.07;0.01;0.21;0.11;0.04;1.94;0.27;4.21;2.4;0.82
16/03/24   ;02:00;0.77;13.3;12.7;0.77;1194;0;-0.07;0.07;0.02;172;0.05;0.01;0.13;0.08;0.03;1.72;0.34;3.37;2.05;0.6
16/03/24   ;03:00;0.67;13.4;12.6;0.67;1200;0;-0.04;0.04;0.01;165;0.03;0;0.07;0.05;0.01;1.8;0.4;3.41;2.2;0.67
16/03/24   ;04:00;0.55;13.4;12.7;0.55;1195;0;-0.07;0.07;0.02;156;0.05;0.01;0.14;0.07;0.02;1.9;0.35;3.53;2.15;0.61
16/03/24   ;05:00;0.42;13.4;12.7;0.42;1196;0;-0.05;0.05;0.01;148;0.04;0;0.09;0.06;0.02;2.01;0.43;3.71;2.56;0.86
16/03/24   ;06:00;0.31;13.4;12.8;0.3;1200;0;-0.12;0.12;0.03;151;0.06;0.01;0.22;0.1;0.04;1.97;0.54;4.21;2.48;0.82
16/03/24   ;07:00;0.2;13.4;12.9;0.2;1200;0;-0.09;0.12;0.03;149;0.08;0.01;0.19;0.12;0.04;2;0.39;3.99;2.4;0.79
16/03/24   ;08:00;0.12;13.4;12.8;0.12;1194;0;-0.11;0.1;0.04;156;0.09;0.01;0.2;0.13;0.04;1.9;0.29;3.43;2.24;0.69
16/03/24   ;09:00;0.08;13.4;12.9;0.08;1200;0;-0.13;0.16;0.04;172;0.1;0.02;0.27;0.15;0.05;1.72;0.57;3.31;2.1;0.62
16/03/24   ;10:00;0.06;13.4;13;0.06;1200;0;-0.12;0.13;0.04;187;0.09;0.01;0.22;0.13;0.04;1.59;0.32;3.12;1.9;0.54
16/03/24   ;11:00;0.07;13.3;12.9;0.07;1193;0;-0.12;0.15;0.04;171;0.1;0.01;0.22;0.15;0.05;1.73;0.32;3.45;2.13;0.62
16/03/24   ;12:00;0.12;13.4;13.1;0.12;1196;0;-0.13;0.14;0.04;171;0.1;0.01;0.22;0.15;0.04;1.74;0.38;3.61;2;0.63
16/03/24   ;13:00;0.2;13.4;13;0.2;1194;0;-0.15;0.14;0.04;187;0.09;0;0.22;0.15;0.05;1.59;0.33;3.62;1.86;0.65
16/03/24   ;14:00;0.26;13.4;13.1;0.26;1201;0;-0.11;0.12;0.03;169;0.08;0.01;0.21;0.12;0.04;1.76;0.28;3.66;2.37;0.78
16/03/24   ;15:00;0.32;13.4;13.2;0.32;1197;0;-0.14;0.17;0.04;174;0.09;0.01;0.25;0.15;0.05;1.71;0.3;3.67;2.13;0.73
16/03/24   ;16:00;0.36;13.3;13.4;0.36;1195;0;-0.1;0.13;0.03;186;0.08;0.02;0.23;0.12;0.04;1.59;0.37;3.28;1.87;0.58
16/03/24   ;17:00;0.37;13.4;13.6;0.37;1197;0;-0.14;0.14;0.04;152;0.1;0.02;0.26;0.16;0.05;1.95;0.46;4.27;2.28;0.79
16/03/24   ;18:00;0.37;13.3;13.4;0.37;1192;0;-0.13;0.15;0.04;167;0.1;0.02;0.26;0.16;0.05;1.76;0.38;3.99;2.12;0.67
16/03/24   ;19:00;0.38;13.4;13.3;0.39;1199;0;-0.14;0.13;0.04;170;0.09;0.01;0.25;0.14;0.05;1.75;0.42;3.79;2.17;0.74
16/03/24   ;20:00;0.41;13.4;13.3;0.41;1195;0;-0.14;0.14;0.04;166;0.1;0.01;0.25;0.15;0.05;1.78;0.45;3.47;2.05;0.59
16/03/24   ;21:00;0.47;13.3;13.1;0.47;1199;0;-0.11;0.1;0.03;163;0.08;0.02;0.17;0.12;0.04;1.82;0.35;4.2;2.18;0.77
16/03/24   ;22:00;0.54;13.3;13;0.54;1198;0;-0.09;0.1;0.03;166;0.06;0.01;0.16;0.1;0.03;1.77;0.4;3.68;2.27;0.71
16/03/24   ;23:00;0.6;13.4;12.9;0.6;1203;0;-0.08;0.07;0.02;191;0.05;0.01;0.13;0.08;0.02;1.57;0.33;3.53;1.98;0.65
17/03/24   ;00:00;0.64;13.4;12.9;0.64;1190;0;-0.08;0.1;0.03;174;0.06;0.01;0.17;0.1;0.03;1.69;0.29;3.39;2.01;0.65
17/03/24   ;01:00;0.64;13.4;12.9;0.64;1200;0;-0.09;0.08;0.02;158;0.06;0.01;0.14;0.09;0.03;1.87;0.36;3.99;2.3;0.77
17/03/24   ;02:00;0.61;13.4;12.9;0.61;1197;0;-0.1;0.1;0.02;172;0.05;0;0.2;0.08;0.03;1.72;0.3;3.96;2.13;0.7
17/03/24   ;03:00;0.53;13.3;12.8;0.53;1201;0;-0.04;0.04;0.01;180;0.03;0;0.08;0.04;0.01;1.65;0.45;3.51;1.88;0.56
17/03/24   ;04:00;0.45;13.3;12.9;0.45;1199;0;-0.07;0.07;0.02;163;0.04;0;0.13;0.06;0.02;1.83;0.41;3.7;2.25;0.72
17/03/24   ;05:00;0.34;13.4;13;0.34;1197;0;-0.05;0.06;0.02;141;0.04;0;0.1;0.07;0.02;2.1;0.31;4.01;2.7;0.83
17/03/24   ;06:00;0.26;13.4;13.1;0.25;1198;0;-0.06;0.07;0.02;147;0.05;0;0.13;0.07;0.02;2.02;0.34;3.98;2.45;0.75
17/03/24   ;07:00;0.16;13.4;13.1;0.16;1199;0;-0.06;0.07;0.02;181;0.04;0;0.11;0.07;0.02;1.64;0.33;3.55;2.15;0.72
17/03/24   ;08:00;0.07;13.4;13.1;0.07;1198;0;-0.11;0.12;0.03;174;0.07;0.01;0.2;0.12;0.04;1.71;0.47;4.29;2.19;0.71
17/03/24   ;09:00;0.02;13.4;13.2;0.02;1202;0;-0.13;0.13;0.04;158;0.09;0.01;0.2;0.14;0.04;1.89;0.47;3.42;2.24;0.69
17/03/24   ;10:00;-0.01;13.4;13.1;-0.01;1200;0;-0.12;0.17;0.04;156;0.1;0.01;0.28;0.16;0.05;1.91;0.63;3.54;2.17;0.63
17/03/24   ;11:00;-0.01;13.4;13.3;-0.01;1196;0;-0.11;0.14;0.03;180;0.08;0.02;0.25;0.12;0.04;1.66;0.35;4.32;1.92;0.66
17/03/24   ;12:00;0.03;13.4;13.3;0.03;1200;0;-0.11;0.15;0.03;188;0.08;0.01;0.21;0.13;0.04;1.58;0.55;3.63;1.97;0.63
17/03/24   ;13:00;0.09;13.4;13.1;0.09;1200;0;-0.13;0.19;0.04;181;0.09;0.01;0.3;0.15;0.05;1.64;0.35;3.57;1.92;0.57
17/03/24   ;14:00;0.16;13.4;13.3;0.16;1196;0;-0.14;0.15;0.04;165;0.1;0.01;0.24;0.16;0.05;1.8;0.34;3.88;2.42;0.84
17/03/24   ;15:00;0.21;13.4;13.5;0.22;1198;0;-0.13;0.16;0.04;174;0.11;0.01;0.24;0.16;0.05;1.71;0.39;4.45;2.2;0.72
17/03/24   ;16:00;0.27;13.4;13.5;0.27;1200;0;-0.14;0.17;0.04;175;0.1;0.02;0.26;0.15;0.05;1.7;0.39;3.99;2.03;0.73
17/03/24   ;17:00;0.33;13.4;13.4;0.33;1200;0;-0.1;0.14;0.04;180;0.09;0.02;0.2;0.13;0.04;1.65;0.54;3.78;2.01;0.59
17/03/24   ;18:00;0.38;13.4;13.5;0.38;1197;0;-0.15;0.13;0.04;171;0.1;0.01;0.25;0.15;0.05;1.74;0.39;3.88;2.09;0.71
17/03/24   ;19:00;0.43;13.3;13.4;0.43;1200;0;-0.12;0.13;0.03;161;0.08;0.01;0.21;0.13;0.04;1.84;0.34;4.19;2.34;0.76
17/03/24   ;20:00;0.48;13.3;13.3;0.48;1199;0;-0.12;0.14;0.04;146;0.1;0.02;0.26;0.16;0.05;2.04;0.59;3.88;2.45;0.73
17/03/24   ;21:00;0.51;13.3;13.2;0.51;1200;0;-0.1;0.09;0.03;172;0.06;0.01;0.18;0.09;0.03;1.73;0.35;4.07;2.12;0.67
17/03/24   ;22:00;0.53;13.4;13.3;0.53;1200;0;-0.14;0.14;0.03;162;0.08;0.01;0.25;0.12;0.04;1.84;0.35;3.77;2.22;0.7
17/03/24   ;23:00;0.54;13.4;13.1;0.54;1195;0;-0.07;0.06;0.02;149;0.05;0.01;0.12;0.08;0.03;1.98;0.29;4.01;2.72;0.91
18/03/24   ;00:00;0.53;13.3;13.1;0.53;1200;0;-0.08;0.09;0.02;178;0.06;0.01;0.17;0.09;0.03;1.67;0.39;3.86;1.96;0.62
18/03/24   ;01:00;0.5;13.3;13.1;0.5;1200;0;-0.08;0.06;0.02;150;0.05;0;0.13;0.07;0.02;1.99;0.37;4.39;2.58;0.83
18/03/24   ;02:00;0.44;13.4;13.1;0.43;1198;0;-0.06;0.05;0.02;148;0.04;0;0.09;0.06;0.02;2.01;0.38;3.59;2.54;0.78
18/03/24   ;03:00;0.39;13.3;13.3;0.39;1195;0;-0.04;0.05;0.02;124;0.04;0.01;0.09;0.06;0.02;2.38;0.31;4.4;2.57;0.8
18/03/24   ;04:00;0.35;13.3;13.2;0.35;1200;0;-0.05;0.06;0.01;189;0.03;0.01;0.09;0.05;0.02;1.59;0.27;3.14;2;0.62
18/03/24   ;05:00;0.31;13.4;13.2;0.31;1200;0;-0.09;0.09;0.02;150;0.05;0;0.18;0.08;0.03;1.98;0.39;3.67;2.59;0.77
18/03/24   ;06:00;0.29;13.3;13.2;0.29;1196;0;-0.08;0.08;0.02;147;0.06;0.01;0.15;0.09;0.03;2.02;0.4;4.68;2.31;0.78
18/03/24   ;07:00;0.29;13.3;13.1;0.29;1200;0;-0.14;0.15;0.03;159;0.08;0.01;0.27;0.13;0.04;1.87;0.35;6.63;2.32;0.79
18/03/24   ;08:00;0.26;13.4;13.1;0.26;1200;0;-0.12;0.13;0.04;166;0.09;0.02;0.22;0.15;0.05;1.8;0.37;3.98;2.24;0.69
18/03/24   ;09:00;0.21;13.4;13.1;0.21;1200;0;-0.15;0.15;0.05;152;0.11;0.01;0.28;0.17;0.05;1.95;0.48;3.9;2.53;0.83
18/03/24   ;10:00;0.15;13.4;13.1;0.15;1200;0;-0.1;0.12;0.04;174;0.09;0.02;0.2;0.14;0.04;1.72;0.28;3.66;2.08;0.69
18/03/24   ;11:00;0.09;13.3;13.1;0.09;1200;0;-0.11;0.2;0.04;172;0.1;0.01;0.32;0.15;0.05;1.73;0.35;3.58;2.14;0.71
18/03/24   ;12:00;0.05;13.4;13.3;0.05;1195;0;-0.13;0.13;0.04;171;0.09;0.01;0.2;0.14;0.04;1.73;0.26;3.6;2.24;0.74
18/03/24   ;13:00;0.04;13.4;13.4;0.04;1199;0;-0.13;0.17;0.04;179;0.09;0;0.24;0.15;0.05;1.67;0.36;3.71;2.01;0.63
18/03/24   ;14:00;0.07;13.4;13.2;0.07;1196;0;-0.13;0.13;0.04;160;0.1;0.01;0.24;0.16;0.05;1.85;0.33;3.78;2.38;0.78
18/03/24   ;15:00;0.14;13.4;13.2;0.14;1200;0;-0.13;0.16;0.05;170;0.11;0.01;0.24;0.17;0.05;1.74;0.37;3.59;2.1;0.6
18/03/24   ;16:00;0.24;13.4;13.5;0.24;1197;0;-0.13;0.18;0.04;180;0.1;0.02;0.26;0.16;0.05;1.66;0.31;3.79;2.01;0.7
18/03/24   ;17:00;0.35;13.3;13.4;0.35;1200;0;-0.14;0.2;0.05;166;0.11;0.02;0.28;0.17;0.05;1.79;0.57;3.71;2.12;0.74
18/03/24   ;18:00;0.46;13.4;13.4;0.46;1200;0;-0.13;0.17;0.04;181;0.1;0.01;0.28;0.15;0.05;1.64;0.39;3.14;1.94;0.6
18/03/24   ;19:00;0.53;13.4;13.3;0.53;1198;0;-0.12;0.14;0.04;162;0.09;0.01;0.24;0.14;0.04;1.84;0.31;3.85;2.4;0.78
18/03/24   ;20:00;0.58;13.4;13.2;0.58;1200;0;-0.09;0.11;0.03;175;0.07;0.01;0.16;0.1;0.03;1.71;0.33;3.46;2.21;0.7
18/03/24   ;21:00;0.6;13.4;13.2;0.6;1194;0;-0.11;0.12;0.03;159;0.07;0.01;0.23;0.1;0.03;1.86;0.34;4.07;2.28;0.84
18/03/24   ;22:00;0.57;13.4;13.2;0.57;1200;0;-0.06;0.07;0.02;185;0.05;0;0.12;0.07;0.02;1.62;0.29;3.78;1.94;0.66
18/03/24   ;23:00;0.51;13.4;13.2;0.5;1196;0;-0.07;0.08;0.02;129;0.05;0.01;0.13;0.08;0.03;2.29;0.29;4.59;2.92;0.94
19/03/24   ;00:00;0.43;13.3;13.2;0.43;1200;0;-0.07;0.08;0.02;160;0.05;0.01;0.14;0.08;0.03;1.86;0.44;4.05;2.21;0.68
19/03/24   ;01:00;0.35;13.3;13.2;0.35;1200;0;-0.07;0.07;0.02;147;0.06;0;0.13;0.09;0.03;2.03;0.26;3.94;2.46;0.8
19/03/24   ;02:00;0.29;13.4;13.2;0.29;1197;0;-0.06;0.04;0.01;143;0.04;0;0.1;0.05;0.02;2.08;0.4;3.93;2.5;0.72
19/03/24   ;03:00;0.25;13.3;13.1;0.25;1199;0;-0.03;0.03;0.01;161;0.02;0;0.05;0.03;0.01;1.85;0.38;3.16;2.1;0.57
19/03/24   ;04:00;0.24;13.3;13.1;0.24;1198;0;-0.05;0.08;0.02;176;0.04;0;0.12;0.06;0.02;1.69;0.33;3.42;1.95;0.66
19/03/24   ;05:00;0.26;13.3;13.1;0.26;1200;0;-0.05;0.05;0.02;157;0.04;0.01;0.09;0.06;0.02;1.91;0.38;3.84;2.38;0.76
19/03/24   ;06:00;0.3;13.4;13;0.3;1189;0;-0.07;0.07;0.02;165;0.05;0;0.12;0.08;0.02;1.8;0.32;3.49;2.34;0.71
19/03/24   ;07:00;0.33;13.4;13;0.33;1197;0;-0.16;0.18;0.05;151;0.12;0.03;0.32;0.18;0.06;1.97;0.48;3.36;2.34;0.65
19/03/24   ;08:00;0.33;13.3;13;0.33;1173;0;-0.1;0.12;0.04;168;0.09;0.02;0.19;0.14;0.04;1.72;0.29;3.71;2.02;0.62
19/03/24   ;09:00;0.27;13.3;13;0.27;1192;0;-0.14;0.16;0.04;189;0.09;0.01;0.27;0.14;0.05;1.57;0.3;3.33;1.83;0.55
19/03/24   ;10:00;0.19;13.3;13;0.19;1200;0;-0.12;0.12;0.04;177;0.09;0;0.21;0.13;0.04;1.68;0.33;4.14;2;0.68
19/03/24   ;11:00;0.1;13.4;13.1;0.1;1179;0;-0.12;0.14;0.04;183;0.08;0.01;0.26;0.13;0.04;1.6;0.34;2.99;1.84;0.55
19/03/24   ;12:00;0;13.4;13.3;0;1207;0;-0.14;0.15;0.04;166;0.1;0.01;0.28;0.15;0.05;1.81;0.33;3.6;2.16;0.72
19/03/24   ;13:00;-0.04;13.4;13.4;-0.04;1200;0;-0.12;0.14;0.04;179;0.1;0.03;0.24;0.15;0.04;1.67;0.26;3.42;1.96;0.57
19/03/24   ;14:00;-0.04;13.3;13.4;-0.04;1199;0;-0.12;0.17;0.04;174;0.1;0.01;0.25;0.15;0.05;1.71;0.32;3.45;2.01;0.61
19/03/24   ;15:00;0;13.4;13.5;0;1200;0;-0.14;0.15;0.04;169;0.11;0.01;0.26;0.16;0.05;1.76;0.44;3.82;1.98;0.65
19/03/24   ;16:00;0.1;13.4;13.6;0.1;1200;0;-0.12;0.13;0.04;161;0.1;0.02;0.22;0.15;0.04;1.86;0.59;4.01;2.32;0.69
19/03/24   ;17:00;0.23;13.4;13.7;0.23;1188;0;-0.12;0.17;0.04;182;0.1;0.01;0.27;0.15;0.05;1.62;0.38;3.3;1.98;0.61
19/03/24   ;18:00;0.37;13.4;13.9;0.37;1200;0;-0.15;0.19;0.04;188;0.1;0.02;0.3;0.16;0.05;1.58;0.54;3.14;1.9;0.57
19/03/24   ;19:00;0.46;13.4;13.6;0.46;1200;0;-0.13;0.19;0.04;156;0.1;0.01;0.25;0.15;0.05;1.9;0.27;4.04;2.38;0.78
19/03/24   ;20:00;0.53;13.4;13.3;0.53;1200;0;-0.1;0.11;0.03;171;0.08;0.01;0.18;0.12;0.04;1.75;0.33;3.61;2.14;0.66
19/03/24   ;21:00;0.55;13.4;13.3;0.55;1198;0;-0.1;0.11;0.03;153;0.08;0.01;0.21;0.12;0.04;1.95;0.28;3.92;2.48;0.76
19/03/24   ;22:00;0.51;13.4;13.3;0.51;1199;0;-0.06;0.06;0.02;177;0.05;0.01;0.11;0.07;0.02;1.69;0.3;3.94;2.06;0.64
19/03/24   ;23:00;0.42;13.4;13.3;0.42;1193;0;-0.06;0.06;0.02;150;0.05;0;0.11;0.07;0.02;1.96;0.4;3.91;2.39;0.74
20/03/24   ;00:00;0.32;13.4;13.4;0.32;1200;0;-0.17;0.19;0.04;140;0.08;0.01;0.37;0.14;0.06;2.11;0.66;4.57;2.49;0.78
20/03/24   ;01:00;0.23;13.4;13.4;0.23;1197;0;-0.08;0.1;0.03;154;0.06;0.01;0.17;0.1;0.03;1.93;0.58;3.84;2.46;0.75
20/03/24   ;02:00;0.17;13.4;13.6;0.17;1200;0;-0.05;0.06;0.02;135;0.04;0;0.11;0.06;0.02;2.21;0.5;4.63;2.64;0.85
20/03/24   ;03:00;0.15;13.4;13.5;0.15;1197;0;-0.05;0.04;0.01;177;0.02;0;0.07;0.04;0.01;1.68;0.3;3.81;1.97;0.66
20/03/24   ;04:00;0.16;13.4;13.3;0.16;1199;0;-0.06;0.06;0.02;154;0.04;0;0.12;0.07;0.02;1.94;0.39;4.51;2.45;0.85
20/03/24   ;05:00;0.21;13.4;13.3;0.21;1200;0;-0.05;0.05;0.01;168;0.03;0;0.1;0.05;0.02;1.77;0.35;3.94;2.23;0.72
20/03/24   ;06:00;0.29;13.3;13.2;0.29;1196;0;-0.09;0.13;0.03;148;0.07;0.01;0.2;0.11;0.04;2;0.29;4.14;2.64;0.81
20/03/24   ;07:00;0.36;13.3;13.2;0.36;1200;0;-0.14;0.15;0.04;153;0.1;0.01;0.24;0.16;0.05;1.95;0.29;3.77;2.41;0.8
20/03/24   ;08:00;0.41;13.4;13.1;0.41;1199;0;-0.13;0.15;0.04;169;0.1;0.01;0.27;0.16;0.05;1.76;0.35;3.64;2.16;0.71
20/03/24   ;09:00;0.42;13.3;13.3;0.42;1194;0;-0.15;0.14;0.04;176;0.1;0.01;0.27;0.14;0.04;1.69;0.32;3.64;2;0.64
20/03/24   ;10:00;0.37;13.3;13.1;0.37;1199;0;-0.11;0.14;0.04;179;0.1;0.01;0.22;0.15;0.04;1.66;0.43;3.7;1.92;0.63
20/03/24   ;11:00;0.27;13.3;13.4;0.27;1199;0;-0.13;0.15;0.04;160;0.11;0;0.25;0.16;0.05;1.86;0.28;4.14;2.31;0.72
20/03/24   ;12:00;0.15;13.3;13.5;0.15;1197;0;-0.14;0.16;0.04;156;0.1;0.01;0.25;0.16;0.05;1.89;0.32;3.72;2.33;0.78
20/03/24   ;13:00;0.04;13.4;13.5;0.04;1200;0;-0.14;0.14;0.04;161;0.09;0.02;0.25;0.14;0.04;1.85;0.6;4.21;2.4;0.76
20/03/24   ;14:00;-0.03;13.4;13.7;-0.03;1200;0;-0.16;0.17;0.04;170;0.09;0.01;0.26;0.15;0.05;1.75;0.31;3.7;2.2;0.69
20/03/24   ;15:00;-0.06;13.4;13.8;-0.05;1199;0;-0.14;0.16;0.05;162;0.11;0.02;0.26;0.17;0.05;1.85;0.58;4.25;2.41;0.73
20/03/24   ;16:00;-0.02;13.4;13.8;-0.02;1197;0;-0.1;0.13;0.03;178;0.08;0.01;0.21;0.13;0.04;1.66;0.31;3.48;2;0.66
20/03/24   ;17:00;0.1;13.3;14;0.1;1199;0;-0.13;0.15;0.04;180;0.1;0.02;0.25;0.15;0.05;1.66;0.33;3.8;2.16;0.65
20/03/24   ;18:00;0.24;13.4;14.4;0.24;1196;0;-0.12;0.15;0.04;178;0.1;0.02;0.22;0.15;0.04;1.67;0.5;3.79;1.91;0.69
20/03/24   ;19:00;0.37;13.4;14;0.37;1199;0;-0.12;0.14;0.04;174;0.1;0.01;0.24;0.16;0.05;1.71;0.38;3.93;2.16;0.74
20/03/24   ;20:00;0.48;13.4;13.6;0.48;1199;0;-0.1;0.12;0.03;156;0.09;0;0.19;0.13;0.04;1.9;0.41;3.6;2.25;0.71
20/03/24   ;21:00;0.54;13.4;13.5;0.54;1200;0;-0.09;0.1;0.03;173;0.07;0.01;0.15;0.1;0.03;1.71;0.39;3.76;2.09;0.66
20/03/24   ;22:00;0.54;13.4;13.5;0.54;1200;0;-0.1;0.11;0.03;169;0.07;0.01;0.19;0.11;0.04;1.76;0.35;3.96;2.21;0.7
20/03/24   ;23:00;0.47;13.4;13.7;0.47;1200;0;-0.09;0.09;0.02;182;0.05;0;0.18;0.08;0.03;1.63;0.28;3.73;1.87;0.58
21/03/24   ;00:00;0.35;13.4;13.6;0.35;1195;0;-0.14;0.12;0.03;143;0.06;0;0.25;0.11;0.04;2.06;0.32;4.16;2.7;0.9
21/03/24   ;01:00;0.23;13.4;13.7;0.23;1200;0;-0.09;0.07;0.02;137;0.05;0.01;0.15;0.09;0.03;2.19;0.45;4.55;2.78;0.84
21/03/24   ;02:00;0.13;13.4;13.8;0.13;1200;0;-0.04;0.04;0.01;149;0.03;0;0.07;0.04;0.01;2;0.53;4.02;2.39;0.68
21/03/24   ;03:00;0.08;13.4;13.7;0.08;1200;0;-0.03;0.03;0.01;160;0.02;0;0.06;0.03;0.01;1.86;0.57;3.67;2.19;0.54
21/03/24   ;04:00;0.1;13.3;13.7;0.1;1195;0;-0.08;0.08;0.02;155;0.04;0.01;0.15;0.07;0.02;1.91;0.3;3.58;2.24;0.69
21/03/24   ;05:00;0.19;13.3;13.7;0.19;1200;0;-0.09;0.1;0.02;162;0.06;0.01;0.17;0.09;0.03;1.83;0.36;3.56;2.17;0.68
21/03/24   ;06:00;0.34;13.4;13.9;0.34;1200;0;-0.09;0.1;0.03;172;0.07;0.01;0.18;0.1;0.03;1.74;0.41;3.49;2.03;0.65
21/03/24   ;07:00;0.46;13.4;13.8;0.46;1200;0;-0.1;0.12;0.03;148;0.09;0.01;0.2;0.13;0.04;2.02;0.6;3.83;2.53;0.82
21/03/24   ;08:00;0.56;13.4;13.4;0.56;1200;0;-0.18;0.16;0.05;186;0.11;0.01;0.28;0.17;0.05;1.6;0.34;3.84;1.89;0.62
21/03/24   ;09:00;0.6;13.3;13.4;0.6;1196;0;-0.14;0.17;0.05;168;0.11;0.01;0.28;0.17;0.05;1.77;0.32;3.85;2.15;0.76
21/03/24   ;10:00;0.57;13.3;13.4;0.57;1196;0;-0.1;0.15;0.04;187;0.09;0.01;0.22;0.14;0.04;1.59;0.33;3.88;1.88;0.64
21/03/24   ;11:00;0.44;13.4;13.6;0.44;1192;0;-0.12;0.13;0.04;179;0.09;0.02;0.25;0.14;0.04;1.66;0.35;4.18;2.1;0.64
21/03/24   ;12:00;0.28;13.4;14;0.28;1197;0;-0.12;0.12;0.04;155;0.09;0.01;0.23;0.14;0.05;1.93;0.33;4.79;2.65;0.87
21/03/24   ;13:00;0.1;13.4;13.9;0.1;1192;0;-0.11;0.12;0.04;160;0.09;0.02;0.19;0.13;0.04;1.85;0.36;4.44;2.24;0.73
21/03/24   ;14:00;-0.05;13.3;14.1;-0.05;1200;0;-0.11;0.12;0.04;167;0.09;0.01;0.18;0.14;0.04;1.78;0.41;3.86;2.07;0.68
21/03/24   ;15:00;-0.15;13.3;14.1;-0.15;1199;0;-0.12;0.14;0.04;148;0.09;0.01;0.25;0.14;0.04;2;0.41;4.08;2.54;0.85
21/03/24   ;16:00;-0.15;13.4;14.3;-0.15;1200;0;-0.13;0.22;0.04;182;0.1;0.02;0.34;0.15;0.04;1.63;0.4;3.53;1.9;0.52
21/03/24   ;17:00;-0.04;13.4;14.4;-0.05;1195;0;-0.1;0.16;0.04;197;0.09;0.01;0.25;0.14;0.04;1.5;0.37;3.09;1.85;0.53
21/03/24   ;18:00;0.13;13.4;14.5;0.13;1200;0;-0.14;0.17;0.04;192;0.1;0.01;0.23;0.16;0.05;1.55;0.28;2.95;1.89;0.61
21/03/24   ;19:00;0.3;13.4;14.4;0.3;1200;0;-0.13;0.14;0.04;175;0.11;0.02;0.25;0.16;0.05;1.7;0.29;3.94;1.98;0.74
21/03/24   ;20:00;0.47;13.3;14.1;0.47;1200;0;-0.1;0.1;0.03;185;0.08;0.01;0.19;0.12;0.04;1.6;0.35;3.56;2.14;0.69
21/03/24   ;21:00;0.56;13.4;14;0.56;1199;0;-0.12;0.17;0.04;145;0.1;0.02;0.28;0.16;0.05;2.04;0.32;4;2.61;0.88
21/03/24   ;22:00;0.6;13.4;13.9;0.6;1200;0;-0.08;0.08;0.02;159;0.06;0.01;0.15;0.09;0.03;1.87;0.35;4.36;2.32;0.78
21/03/24   ;23:00;0.55;13.4;13.7;0.55;1200;0;-0.08;0.1;0.03;173;0.06;0.01;0.15;0.1;0.03;1.71;0.47;3.56;2.09;0.63
22/03/24   ;00:00;0.43;13.4;13.9;0.43;1200;0;-0.08;0.11;0.03;144;0.06;0;0.18;0.1;0.04;2.05;0.34;4.51;2.61;0.81
22/03/24   ;01:00;0.29;13.4;14;0.29;1196;0;-0.07;0.07;0.02;163;0.04;0;0.13;0.07;0.02;1.81;0.28;4.18;2.35;0.8
22/03/24   ;02:00;0.15;13.4;14.1;0.15;1200;0;-0.06;0.1;0.02;156;0.05;0.01;0.16;0.08;0.03;1.92;0.41;4.21;2.49;0.78
22/03/24   ;03:00;0.08;13.4;14.1;0.08;1200;0;-0.03;0.03;0.01;146;0.02;0;0.05;0.03;0.01;2.03;0.37;3.96;2.51;0.8
22/03/24   ;04:00;0.06;13.4;14.1;0.06;1195;0;-0.04;0.04;0.01;158;0.03;0;0.08;0.05;0.01;1.88;0.53;3.41;2.02;0.57
22/03/24   ;05:00;0.11;13.4;13.9;0.12;1195;0;-0.07;0.09;0.03;128;0.06;0.01;0.14;0.1;0.03;2.31;0.3;3.99;2.92;0.94
22/03/24   ;06:00;0.25;13.4;13.9;0.25;1197;0;-0.12;0.14;0.03;175;0.06;0.01;0.26;0.11;0.04;1.7;0.38;3.76;2.04;0.68
22/03/24   ;07:00;0.38;13.4;13.9;0.38;1200;0;-0.11;0.12;0.04;159;0.09;0.01;0.21;0.13;0.04;1.87;0.43;3.65;2.28;0.69
22/03/24   ;08:00;0.5;13.4;13.7;0.5;1199;0;-0.13;0.19;0.05;180;0.12;0.02;0.29;0.17;0.05;1.66;0.43;3.41;1.93;0.6
22/03/24   ;09:00;0.55;13.3;13.5;0.55;1193;0;-0.14;0.15;0.04;185;0.1;0.01;0.22;0.15;0.05;1.61;0.3;3.4;1.95;0.62
22/03/24   ;10:00;0.53;13.4;13.6;0.53;1188;0;-0.17;0.15;0.05;171;0.11;0.01;0.3;0.17;0.05;1.71;0.26;3.97;2.04;0.7
22/03/24   ;11:00;0.41;13.3;13.7;0.41;1193;0;-0.1;0.09;0.03;170;0.07;0.01;0.16;0.11;0.03;1.74;0.31;3.35;2.07;0.64
22/03/24   ;12:00;0.22;13.3;14.1;0.22;1199;0;-0.14;0.14;0.04;164;0.11;0.01;0.28;0.16;0.05;1.81;0.26;4.29;2.32;0.73
22/03/24   ;13:00;0.02;13.4;14.3;0.02;1200;0;-0.13;0.11;0.04;174;0.09;0.01;0.23;0.13;0.04;1.71;0.32;3.65;2.13;0.67
22/03/24   ;14:00;-0.17;13.3;14.5;-0.16;1200;0;-0.16;0.19;0.04;160;0.1;0.01;0.32;0.16;0.05;1.86;0.46;4.58;2.25;0.77
22/03/24   ;15:00;-0.27;13.4;14.8;-0.27;1202;0;-0.14;0.16;0.04;161;0.09;0.01;0.3;0.15;0.05;1.86;0.26;3.87;2.26;0.78
22/03/24   ;16:00;-0.28;13.3;14.7;-0.28;1195;0;-0.12;0.13;0.04;170;0.09;0.01;0.21;0.14;0.04;1.75;0.35;4;2.2;0.7
22/03/24   ;17:00;-0.17;13.3;14.7;-0.17;1200;0;-0.1;0.11;0.03;190;0.07;0;0.21;0.11;0.03;1.57;0.31;3.65;1.91;0.63
22/03/24   ;18:00;0.04;13.3;14.7;0.04;1200;0;-0.15;0.16;0.05;169;0.12;0.01;0.27;0.18;0.05;1.75;0.39;3.97;2.29;0.75
22/03/24   ;19:00;0.26;13.3;14.7;0.26;1193;0;-0.14;0.21;0.05;199;0.12;0.01;0.3;0.18;0.06;1.5;0.47;3.04;1.67;0.53
22/03/24   ;20:00;0.43;13.4;14.7;0.43;1200;0;-0.13;0.17;0.04;160;0.1;0.01;0.23;0.16;0.05;1.87;0.3;3.68;2.33;0.73
22/03/24   ;21:00;0.57;13.4;14.4;0.57;1200;0;-0.12;0.14;0.04;176;0.09;0.01;0.23;0.14;0.04;1.69;0.5;4.07;2.21;0.72
22/03/24   ;22:00;0.64;13.4;13.9;0.65;1190;0;-0.12;0.11;0.03;165;0.07;0.01;0.23;0.11;0.04;1.79;0.28;3.69;2.1;0.69
22/03/24   ;23:00;0.63;13.3;13.9;0.63;1197;0;-0.08;0.09;0.02;168;0.06;0.01;0.15;0.09;0.03;1.76;0.27;4.18;1.97;0.65
23/03/24   ;00:00;0.52;13.4;14;0.52;1194;0;-0.07;0.09;0.02;170;0.05;0.01;0.14;0.08;0.02;1.75;0.41;3.58;2.21;0.66
23/03/24   ;01:00;0.37;13.4;14.3;0.37;1200;0;-0.14;0.14;0.03;138;0.07;0.01;0.23;0.13;0.05;2.16;0.33;4.23;2.85;0.92
23/03/24   ;02:00;0.21;13.4;14.5;0.21;1196;0;-0.06;0.06;0.02;120;0.05;0;0.12;0.07;0.02;2.45;0.78;4.06;2.81;0.85
23/03/24   ;03:00;0.1;13.4;14.7;0.1;1196;0;-0.06;0.06;0.02;173;0.04;0.01;0.12;0.06;0.02;1.72;0.43;3.49;1.89;0.61
23/03/24   ;04:00;0.06;13.4;14.4;0.06;1189;0;-0.06;0.05;0.02;159;0.04;0;0.1;0.06;0.02;1.87;0.27;3.79;2.42;0.77
23/03/24   ;05:00;0.1;13.4;14.2;0.11;1200;0;-0.07;0.07;0.02;145;0.05;0;0.12;0.09;0.03;2.05;0.31;3.92;2.68;0.92
23/03/24   ;06:00;0.24;13.4;14.4;0.24;1196;0;-0.1;0.09;0.03;162;0.07;0;0.17;0.11;0.04;1.84;0.3;4.44;2.15;0.79
23/03/24   ;07:00;0.39;13.4;14.5;0.39;1200;0;-0.16;0.17;0.04;173;0.1;0.01;0.3;0.16;0.06;1.72;0.29;3.29;1.96;0.62
23/03/24   ;08:00;0.53;13.4;14;0.52;1200;0;-0.14;0.15;0.04;181;0.11;0.01;0.26;0.17;0.05;1.65;0.43;3.76;2.02;0.67
23/03/24   ;09:00;0.6;13.4;14;0.6;1200;0;-0.12;0.16;0.04;179;0.09;0.01;0.21;0.14;0.04;1.65;0.45;3.53;1.95;0.64
23/03/24   ;10:00;0.59;13.3;14;0.59;1200;0;-0.15;0.16;0.05;164;0.11;0.02;0.26;0.17;0.05;1.81;0.33;3.9;2.15;0.74
23/03/24   ;11:00;0.5;13.4;14;0.5;1200;0;-0.13;0.17;0.05;160;0.12;0.02;0.28;0.17;0.05;1.85;0.36;4.04;2.19;0.65
23/03/24   ;12:00;0.35;13.3;14.3;0.34;1199;0;-0.11;0.13;0.04;156;0.1;0.02;0.24;0.14;0.04;1.91;0.35;3.97;2.33;0.69
23/03/24   ;13:00;0.16;13.3;14.5;0.16;1197;0;-0.15;0.11;0.04;164;0.09;0.01;0.25;0.14;0.04;1.81;0.31;3.48;2.06;0.65
23/03/24   ;14:00;0;13.3;14.8;0;1195;0;-0.13;0.12;0.04;169;0.09;0.01;0.24;0.14;0.05;1.75;0.36;4.48;2.12;0.7
23/03/24   ;15:00;-0.1;13.3;15.2;-0.1;1200;0;-0.12;0.12;0.04;170;0.08;0.01;0.2;0.13;0.04;1.76;0.38;3.64;2.15;0.72
23/03/24   ;16:00;-0.12;13.3;15.1;-0.12;1195;0;-0.12;0.12;0.04;183;0.09;0.01;0.2;0.13;0.04;1.63;0.27;3.51;1.85;0.58
23/03/24   ;17:00;-0.02;13.3;14.9;-0.02;1199;0;-0.16;0.16;0.04;174;0.09;0.01;0.31;0.15;0.05;1.71;0.43;3.91;2.16;0.67
23/03/24   ;18:00;0.17;13.3;15.1;0.17;1200;0;-0.13;0.13;0.04;187;0.1;0.02;0.26;0.15;0.04;1.59;0.4;3.66;2.04;0.62
23/03/24   ;19:00;0.38;13.3;14.9;0.38;1196;0;-0.12;0.15;0.04;187;0.1;0.02;0.25;0.16;0.05;1.59;0.41;3.25;1.72;0.56
23/03/24   ;20:00;0.58;13.3;14.6;0.58;1200;0;-0.16;0.16;0.05;189;0.12;0.02;0.31;0.19;0.06;1.58;0.28;3.06;1.77;0.56
23/03/24   ;21:00;0.75;13.3;14.6;0.75;1200;0;-0.16;0.16;0.04;186;0.11;0.01;0.3;0.17;0.05;1.6;0.3;3.14;1.87;0.5
23/03/24   ;22:00;0.84;13.4;13.9;0.84;1200;0;-0.12;0.13;0.03;190;0.08;0.01;0.25;0.12;0.04;1.57;0.31;3.59;1.8;0.51
23/03/24   ;23:00;0.86;13.4;13.7;0.86;1199;0;-0.1;0.1;0.03;186;0.06;0.01;0.15;0.1;0.03;1.6;0.33;4.27;2.14;0.73
24/03/24   ;00:00;0.79;13.4;13.7;0.79;1191;0;-0.08;0.09;0.03;185;0.06;0.01;0.17;0.09;0.03;1.6;0.28;3.85;2;0.67
24/03/24   ;01:00;0.62;13.4;14.6;0.62;1199;0;-0.12;0.15;0.04;187;0.1;0.01;0.25;0.15;0.05;1.59;0.32;3.26;1.83;0.56
24/03/24   ;02:00;0.47;13.4;14.5;0.47;1200;0;-0.09;0.09;0.03;151;0.06;0.01;0.17;0.1;0.03;1.97;0.31;4.13;2.71;0.9
24/03/24   ;03:00;0.29;13.4;14.6;0.29;1200;0;-0.08;0.09;0.03;202;0.06;0.01;0.15;0.09;0.03;1.47;0.27;3.54;1.85;0.65
24/03/24   ;04:00;0.18;13.4;14.7;0.18;1195;0;-0.09;0.08;0.02;184;0.06;0;0.15;0.09;0.03;1.6;0.29;3.36;1.99;0.66
24/03/24   ;05:00;0.17;13.4;14.7;0.17;1200;0;-0.1;0.1;0.03;142;0.08;0.01;0.19;0.12;0.04;2.09;0.51;4.14;2.91;0.9
24/03/24   ;06:00;0.23;13.4;14.4;0.23;1200;0;-0.12;0.15;0.04;210;0.1;0.01;0.22;0.15;0.04;1.42;0.43;3.23;1.8;0.61
24/03/24   ;07:00;0.29;13.4;14.1;0.29;1196;0;-0.1;0.15;0.04;175;0.09;0.01;0.24;0.14;0.04;1.69;0.38;3.65;2.14;0.7
24/03/24   ;08:00;0.41;13.4;14.2;0.41;1197;0;-0.14;0.16;0.04;192;0.09;0.01;0.28;0.15;0.05;1.55;0.37;3.48;1.94;0.63
24/03/24   ;09:00;0.57;13.4;14.1;0.57;1198;0;-0.14;0.17;0.04;203;0.1;0.02;0.3;0.16;0.05;1.46;0.34;4.02;1.74;0.57
24/03/24   ;10:00;0.63;13.4;14;0.63;1200;0;-0.12;0.15;0.04;192;0.11;0.03;0.24;0.16;0.04;1.56;0.37;3.63;1.83;0.56
24/03/24   ;11:00;0.6;13.4;14.1;0.6;1200;0;-0.14;0.15;0.05;193;0.11;0.01;0.25;0.17;0.05;1.55;0.25;3.56;1.86;0.6
24/03/24   ;12:00;0.48;13.4;14.3;0.48;1200;0;-0.12;0.16;0.04;175;0.11;0.01;0.24;0.16;0.05;1.71;0.47;3.88;2.07;0.63
24/03/24   ;13:00;0.32;13.4;14.5;0.32;1195;0;-0.14;0.14;0.04;178;0.09;0.01;0.25;0.14;0.04;1.66;0.27;3.73;2;0.71
24/03/24   ;14:00;0.15;13.4;14.7;0.15;1192;0;-0.11;0.13;0.04;168;0.09;0.01;0.21;0.13;0.04;1.76;0.35;3.72;2.08;0.65
24/03/24   ;15:00;-0.01;13.3;15;-0.01;1200;0;-0.09;0.16;0.04;182;0.09;0.01;0.23;0.14;0.04;1.62;0.38;3.31;1.89;0.56
24/03/24   ;16:00;-0.08;13.3;15;-0.08;1200;0;-0.15;0.15;0.04;152;0.1;0.01;0.24;0.16;0.05;1.95;0.45;4.07;2.45;0.81
24/03/24   ;17:00;-0.06;13.3;15.2;-0.06;1199;0;-0.11;0.12;0.03;170;0.09;0.01;0.21;0.13;0.04;1.76;0.29;3.82;2.06;0.72
24/03/24   ;18:00;0.09;13.3;14.9;0.1;1199;0;-0.14;0.15;0.05;181;0.11;0;0.25;0.17;0.05;1.65;0.27;3.95;2.05;0.66
24/03/24   ;19:00;0.33;13.3;14.9;0.33;1200;0;-0.19;0.25;0.06;196;0.14;0.03;0.39;0.22;0.07;1.52;0.27;3.83;1.79;0.59
24/03/24   ;20:00;0.54;13.4;15;0.55;1196;0;-0.12;0.14;0.04;178;0.1;0.01;0.24;0.16;0.05;1.67;0.37;3.69;2.18;0.75
24/03/24   ;21:00;0.72;13.4;14.7;0.72;1198;0;-0.23;0.17;0.04;195;0.1;0.01;0.4;0.17;0.06;1.53;0.32;3.89;1.8;0.63
24/03/24   ;22:00;0.83;13.4;14.5;0.83;1193;0;-0.13;0.11;0.03;199;0.07;0.01;0.23;0.12;0.04;1.49;0.3;3.44;1.84;0.63
24/03/24   ;23:00;0.88;13.4;14.2;0.88;1200;0;-0.09;0.08;0.02;179;0.05;0;0.18;0.09;0.03;1.67;0.32;3.83;2.13;0.71
25/03/24   ;00:00;0.82;13.3;14.5;0.82;1196;0;-0.09;0.1;0.03;162;0.07;0.01;0.19;0.11;0.03;1.83;0.46;3.66;2.12;0.64
25/03/24   ;01:00;0.64;13.3;14.6;0.64;1200;0;-0.07;0.08;0.02;139;0.06;0.01;0.12;0.09;0.03;2.15;0.45;3.81;2.75;0.79
25/03/24   ;02:00;0.43;13.4;14.5;0.43;1200;0;-0.07;0.08;0.02;129;0.05;0;0.12;0.08;0.02;2.32;0.34;4.24;2.76;0.86
25/03/24   ;03:00;0.2;13.4;14.4;0.2;1197;0;-0.07;0.08;0.02;155;0.04;0;0.12;0.06;0.02;1.9;0.29;4.27;2.25;0.8
25/03/24   ;04:00;0.03;13.4;14.7;0.03;1200;0;-0.1;0.07;0.02;156;0.04;0;0.15;0.07;0.03;1.91;0.29;3.86;2.46;0.83
25/03/24   ;05:00;-0.08;13.4;14.6;-0.08;1182;0;-0.08;0.07;0.02;152;0.05;0.01;0.12;0.08;0.03;1.94;0.27;3.95;2.5;0.8
25/03/24   ;06:00;-0.11;13.4;14.6;-0.11;1200;0;-0.09;0.1;0.03;147;0.06;0.01;0.16;0.1;0.03;2.04;0.31;3.92;2.66;0.87
25/03/24   ;07:00;-0.03;13.4;14.5;-0.03;1200;0;-0.14;0.14;0.04;168;0.1;0.02;0.28;0.15;0.05;1.77;0.37;3.55;2.2;0.63
25/03/24   ;08:00;0.14;13.4;14.4;0.14;1200;0;-0.13;0.15;0.04;181;0.11;0.02;0.25;0.16;0.05;1.64;0.48;3.37;2.06;0.64
25/03/24   ;09:00;0.3;13.4;14.3;0.3;1197;0;-0.13;0.17;0.05;182;0.12;0.01;0.25;0.17;0.05;1.64;0.38;3.8;1.89;0.59
25/03/24   ;10:00;0.43;13.4;14.6;0.43;1193;0;-0.13;0.13;0.04;183;0.1;0.02;0.24;0.15;0.05;1.62;0.45;4.11;1.91;0.7
25/03/24   ;11:00;0.49;13.3;14.3;0.49;1200;0;-0.14;0.17;0.05;159;0.12;0.01;0.28;0.18;0.06;1.87;0.37;4.33;2.31;0.84
25/03/24   ;12:00;0.47;13.4;14.3;0.47;1200;0;-0.13;0.17;0.04;187;0.1;0.02;0.27;0.16;0.05;1.6;0.31;3.28;2.01;0.58
25/03/24   ;13:00;0.38;13.4;14.6;0.39;1200;0;-0.13;0.15;0.04;168;0.11;0.01;0.24;0.16;0.05;1.77;0.38;3.82;2.01;0.6
25/03/24   ;14:00;0.25;13.4;14.8;0.25;1194;0;-0.13;0.13;0.04;181;0.09;0.01;0.25;0.14;0.04;1.63;0.37;3.26;1.95;0.55
25/03/24   ;15:00;0.12;13.4;14.7;0.12;1189;0;-0.15;0.17;0.05;153;0.11;0;0.25;0.17;0.06;1.93;0.33;4.29;2.54;0.85
25/03/24   ;16:00;0.05;13.4;15;0.06;1206;0;-0.12;0.15;0.04;185;0.09;0.01;0.27;0.14;0.04;1.63;0.29;4.11;1.95;0.58
25/03/24   ;17:00;0.05;13.3;14.8;0.05;1199;0;-0.14;0.15;0.04;178;0.1;0.01;0.27;0.16;0.05;1.67;0.39;3.74;2.09;0.65
25/03/24   ;18:00;0.14;13.3;14.9;0.14;1198;0;-0.17;0.24;0.05;178;0.12;0.02;0.4;0.18;0.06;1.67;0.39;3.62;1.98;0.6
25/03/24   ;19:00;0.32;13.3;14.7;0.32;1196;0;-0.22;0.17;0.05;175;0.11;0.01;0.36;0.18;0.06;1.69;0.36;3.68;2.12;0.69
25/03/24   ;20:00;0.52;13.3;15;0.52;1195;0;-0.11;0.14;0.04;186;0.09;0.02;0.26;0.14;0.04;1.6;0.33;3.53;2.03;0.68
25/03/24   ;21:00;0.7;13.4;14.4;0.7;1198;0;-0.14;0.12;0.03;198;0.08;0.02;0.23;0.12;0.04;1.51;0.4;2.95;1.8;0.52
25/03/24   ;22:00;0.82;13.3;14.1;0.82;1196;0;-0.09;0.08;0.03;213;0.06;0.01;0.15;0.09;0.03;1.39;0.35;3.01;1.7;0.54
25/03/24   ;23:00;0.88;13.3;14;0.88;1196;0;-0.09;0.09;0.03;194;0.07;0.01;0.16;0.1;0.03;1.53;0.4;3.77;1.9;0.63
26/03/24   ;00:00;0.82;13.3;13.9;0.82;1200;0;-0.1;0.11;0.03;168;0.07;0.01;0.19;0.12;0.04;1.77;0.28;3.96;2.35;0.79
26/03/24   ;01:00;0.64;13.3;14.1;0.64;1200;0;-0.08;0.08;0.03;173;0.06;0.01;0.15;0.09;0.03;1.72;0.35;4.06;2.17;0.72
26/03/24   ;02:00;0.42;13.4;14.5;0.42;1200;0;-0.06;0.08;0.02;167;0.05;0;0.14;0.07;0.02;1.78;0.31;4.09;2.38;0.85
26/03/24   ;03:00;0.21;13.3;14.5;0.21;1200;0;-0.05;0.05;0.02;177;0.04;0.01;0.09;0.06;0.02;1.68;0.31;4.04;2.3;0.84
26/03/24   ;04:00;0.02;13.3;14.6;0.02;1200;0;-0.06;0.05;0.02;178;0.04;0.01;0.1;0.06;0.02;1.68;0.35;4.16;2.37;0.86
26/03/24   ;05:00;-0.09;13.4;14.8;-0.09;1196;0;-0.07;0.07;0.02;182;0.04;0.01;0.14;0.07;0.02;1.64;0.28;4.61;2.24;0.85
26/03/24   ;06:00;-0.1;13.4;14.8;-0.1;1200;0;-0.1;0.1;0.03;148;0.07;0.01;0.17;0.12;0.04;2.01;0.37;4.12;2.69;0.88
26/03/24   ;07:00;0;13.4;14.6;0;1200;0;-0.16;0.16;0.04;175;0.1;0.01;0.29;0.16;0.05;1.7;0.44;3.19;1.94;0.56
26/03/24   ;08:00;0.21;13.4;14.3;0.21;1199;0;-0.19;0.24;0.06;186;0.13;0.02;0.43;0.21;0.07;1.6;0.35;3.27;1.86;0.58
26/03/24   ;09:00;0.42;13.4;14.2;0.42;1199;0;-0.15;0.18;0.05;194;0.12;0.02;0.27;0.18;0.06;1.54;0.41;3.02;1.77;0.51
26/03/24   ;10:00;0.59;13.4;14.4;0.59;1197;0;-0.17;0.15;0.05;192;0.11;0.02;0.27;0.17;0.05;1.54;0.3;3.79;1.72;0.58
26/03/24   ;11:00;0.73;13.4;14.1;0.73;1196;0;-0.13;0.19;0.05;207;0.12;0.02;0.29;0.18;0.06;1.44;0.32;3.28;1.63;0.54
26/03/24   ;12:00;0.81;13.4;13.8;0.81;1195;0;-0.14;0.21;0.05;196;0.11;0.02;0.31;0.17;0.05;1.52;0.3;3.37;1.72;0.51
26/03/24   ;13:00;0.78;13.4;13.9;0.78;1197;0;-0.16;0.22;0.05;191;0.13;0.01;0.34;0.2;0.06;1.56;0.31;3.13;1.87;0.59
26/03/24   ;14:00;0.65;13.3;13.9;0.65;1198;0;-0.18;0.17;0.05;167;0.12;0.01;0.29;0.19;0.06;1.78;0.34;3.75;2.09;0.72
26/03/24   ;15:00;0.49;13.4;14.1;0.49;1200;0;-0.13;0.16;0.05;172;0.12;0.01;0.27;0.17;0.05;1.74;0.37;3.93;2.08;0.7
26/03/24   ;16:00;0.34;13.4;14.2;0.34;1200;0;-0.17;0.21;0.05;158;0.13;0.02;0.32;0.2;0.06;1.88;0.36;3.88;2.55;0.84
26/03/24   ;17:00;0.33;13.4;14.2;0.33;1200;0;-0.15;0.23;0.05;185;0.11;0.02;0.33;0.17;0.05;1.61;0.39;3.85;1.9;0.6
26/03/24   ;18:00;0.44;13.4;13.9;0.44;1200;0;-0.17;0.19;0.05;173;0.12;0.02;0.33;0.19;0.06;1.72;0.4;4.28;2.07;0.75
26/03/24   ;19:00;0.6;13.4;13.8;0.6;1200;0;-0.11;0.1;0.03;199;0.08;0.01;0.18;0.12;0.03;1.5;0.32;3.17;1.95;0.65
26/03/24   ;20:00;0.76;13.3;13.5;0.76;1200;0;-0.21;0.19;0.05;178;0.11;0.02;0.36;0.18;0.06;1.67;0.41;3.86;2.09;0.7
26/03/24   ;21:00;0.73;13.3;13.5;0.73;1200;0;-0.12;0.1;0.03;196;0.08;0.02;0.18;0.12;0.03;1.52;0.5;3.53;1.94;0.67
26/03/24   ;22:00;0.71;13.3;13.5;0.71;1199;0;-0.12;0.15;0.04;213;0.09;0.02;0.25;0.14;0.04;1.4;0.38;4.2;1.59;0.56
26/03/24   ;23:00;0.77;13.3;13.5;0.77;1198;0;-0.11;0.11;0.04;218;0.09;0.01;0.18;0.13;0.04;1.36;0.36;2.93;1.56;0.5
27/03/24   ;00:00;0.79;13.4;13.5;0.79;1196;0;-0.12;0.15;0.04;205;0.09;0.01;0.23;0.13;0.04;1.45;0.32;3.62;1.77;0.6
27/03/24   ;01:00;0.76;13.4;13.4;0.76;1189;0;-0.1;0.12;0.03;199;0.08;0.01;0.17;0.12;0.04;1.48;0.37;3.78;1.87;0.65
27/03/24   ;02:00;0.55;13.3;13.6;0.55;1195;0;-0.07;0.07;0.02;154;0.06;0.01;0.13;0.09;0.03;1.93;0.38;3.9;2.63;0.83
27/03/24   ;03:00;0.32;13.3;13.7;0.32;1195;0;-0.04;0.06;0.02;186;0.03;0.01;0.08;0.05;0.02;1.6;0.34;4.11;2.27;0.86
27/03/24   ;04:00;0.11;13.4;13.8;0.11;1197;0;-0.05;0.05;0.02;194;0.04;0;0.1;0.06;0.02;1.54;0.37;4.71;2.07;0.73
27/03/24   ;05:00;-0.03;13.4;13.8;-0.03;1202;0;-0.1;0.09;0.02;158;0.05;0.01;0.17;0.08;0.03;1.9;0.47;3.95;2.78;0.97
27/03/24   ;06:00;-0.04;13.3;13.8;-0.04;1194;0;-0.13;0.14;0.04;149;0.09;0;0.27;0.15;0.05;1.98;0.42;3.97;2.44;0.77
27/03/24   ;07:00;0.07;13.4;13.6;0.07;1199;0;-0.09;0.12;0.04;172;0.09;0.01;0.19;0.14;0.04;1.73;0.32;3.55;2.19;0.65
27/03/24   ;08:00;0.24;13.4;13.5;0.24;1189;0;-0.14;0.15;0.04;186;0.09;0.01;0.27;0.14;0.05;1.58;0.33;3.58;1.95;0.68
27/03/24   ;09:00;0.47;13.4;13.3;0.47;1201;0;-0.13;0.17;0.05;194;0.11;0.01;0.3;0.17;0.06;1.53;0.33;3.61;1.88;0.62
27/03/24   ;10:00;0.66;13.4;13.2;0.66;1189;0;-0.15;0.19;0.05;193;0.13;0.02;0.3;0.2;0.06;1.53;0.44;3.61;1.71;0.51
27/03/24   ;11:00;0.8;13.3;13.1;0.8;1196;0;-0.16;0.24;0.05;189;0.13;0.02;0.33;0.19;0.06;1.58;0.41;3.18;1.8;0.58
27/03/24   ;12:00;0.89;13.4;13;0.89;1199;0;-0.15;0.19;0.05;184;0.12;0.03;0.28;0.19;0.06;1.62;0.28;3.54;1.96;0.6
27/03/24   ;13:00;0.89;13.4;13.1;0.89;1199;0;-0.14;0.19;0.05;184;0.11;0.02;0.31;0.17;0.05;1.63;0.28;3.95;1.92;0.61
27/03/24   ;14:00;0.8;13.4;13.1;0.8;1198;0;-0.16;0.17;0.05;176;0.11;0.01;0.33;0.17;0.06;1.68;0.29;3.75;2.09;0.67
27/03/24   ;15:00;0.69;13.4;13.2;0.68;1192;0;-0.12;0.13;0.04;175;0.09;0.01;0.2;0.14;0.04;1.68;0.3;3.54;1.92;0.62
27/03/24   ;16:00;0.58;13.4;13.3;0.58;1200;0;-0.1;0.16;0.04;169;0.09;0.02;0.25;0.14;0.04;1.77;0.44;3.8;2.12;0.63
27/03/24   ;17:00;0.51;13.4;13.3;0.51;1200;0;-0.12;0.13;0.04;161;0.09;0.01;0.2;0.13;0.04;1.84;0.43;3.47;2.31;0.65
27/03/24   ;18:00;0.5;13.4;13.3;0.5;1196;0;-0.09;0.09;0.03;168;0.08;0.01;0.17;0.12;0.03;1.77;0.3;3.62;2.04;0.59
27/03/24   ;19:00;0.6;13.4;13.2;0.6;1200;0;-0.12;0.19;0.04;186;0.09;0.01;0.3;0.15;0.05;1.61;0.31;3.56;1.89;0.56
27/03/24   ;20:00;0.76;13.4;13.2;0.77;1200;0;-0.14;0.15;0.04;188;0.1;0;0.28;0.15;0.05;1.59;0.31;3.31;1.85;0.55
27/03/24   ;21:00;0.81;13.4;13.1;0.81;1200;0;-0.12;0.13;0.04;166;0.1;0.02;0.23;0.15;0.04;1.8;0.41;3.81;2.25;0.73
27/03/24   ;22:00;0.78;13.3;13.1;0.78;1200;0;-0.11;0.12;0.03;181;0.07;0.01;0.23;0.11;0.03;1.64;0.27;3.5;1.99;0.63
27/03/24   ;23:00;0.8;13.3;13;0.8;1195;0;-0.13;0.12;0.04;169;0.09;0.01;0.25;0.14;0.04;1.74;0.25;3.33;2.07;0.6
28/03/24   ;00:00;0.8;13.4;13;0.8;1197;0;-0.09;0.11;0.03;187;0.07;0.01;0.17;0.1;0.03;1.59;0.29;3.07;1.83;0.51
28/03/24   ;01:00;0.76;13.4;13;0.76;1197;0;-0.1;0.11;0.03;152;0.07;0.01;0.2;0.12;0.04;1.96;0.33;4.12;2.67;0.88
28/03/24   ;02:00;0.6;13.4;12.9;0.6;1200;0;-0.12;0.12;0.03;150;0.07;0.01;0.24;0.12;0.04;1.99;0.35;4.01;2.39;0.71
28/03/24   ;03:00;0.42;13.3;13;0.42;1200;0;-0.07;0.05;0.02;158;0.04;0;0.12;0.06;0.02;1.88;0.31;3.8;2.29;0.73
28/03/24   ;04:00;0.22;13.4;13;0.22;1197;0;-0.04;0.05;0.01;165;0.03;0;0.08;0.05;0.02;1.8;0.29;4.31;2.32;0.75
28/03/24   ;05:00;0.08;13.3;13.1;0.08;1200;0;-0.09;0.08;0.03;117;0.06;0;0.17;0.11;0.04;2.54;0.3;4.47;3.48;1.11
28/03/24   ;06:00;-0.06;13.4;13.1;-0.06;1194;0;-0.07;0.08;0.02;160;0.06;0.01;0.15;0.09;0.03;1.85;0.35;4.35;2.36;0.78
28/03/24   ;07:00;-0.09;13.4;13.1;-0.09;1197;0;-0.1;0.1;0.03;150;0.08;0;0.16;0.12;0.04;1.98;0.49;4.22;2.55;0.86
28/03/24   ;08:00;0.05;13.3;12.9;0.05;1198;0;-0.14;0.18;0.05;158;0.13;0.03;0.29;0.19;0.05;1.88;0.26;4.18;2.19;0.76
28/03/24   ;09:00;0.28;13.4;12.7;0.28;1196;0;-0.16;0.16;0.05;172;0.11;0.02;0.29;0.17;0.05;1.73;0.35;3.84;2.05;0.66
28/03/24   ;10:00;0.51;13.4;12.4;0.52;1196;0;-0.15;0.2;0.05;198;0.11;0.01;0.33;0.17;0.05;1.5;0.31;2.93;1.73;0.48
28/03/24   ;11:00;0.68;13.4;12.4;0.68;1200;0;-0.16;0.18;0.05;188;0.11;0.01;0.27;0.17;0.05;1.59;0.38;3.41;1.75;0.55
28/03/24   ;12:00;0.83;13.4;12.6;0.83;1193;0;-0.17;0.19;0.05;179;0.13;0.02;0.31;0.19;0.06;1.64;0.35;3.49;1.97;0.68
28/03/24   ;13:00;0.92;13.4;12.7;0.92;1199;0;-0.19;0.19;0.05;175;0.13;0.02;0.34;0.2;0.06;1.68;0.35;3.68;2;0.64
28/03/24   ;14:00;0.93;13.4;12.8;0.93;1200;0;-0.14;0.14;0.04;202;0.11;0.02;0.25;0.16;0.05;1.48;0.36;3.55;1.71;0.57
28/03/24   ;15:00;0.89;13.4;12.7;0.89;1200;0;-0.13;0.16;0.04;191;0.1;0.02;0.25;0.15;0.04;1.56;0.4;3.24;1.93;0.6
28/03/24   ;16:00;0.8;13.4;12.6;0.8;1200;0;-0.1;0.16;0.04;178;0.1;0.01;0.24;0.15;0.05;1.67;0.32;3.59;2.08;0.67
28/03/24   ;17:00;0.7;13.4;12.5;0.7;1198;0;-0.15;0.16;0.04;178;0.11;0.02;0.29;0.16;0.05;1.66;0.29;3.33;1.96;0.57
28/03/24   ;18:00;0.59;13.4;12.5;0.59;1200;0;-0.14;0.16;0.04;164;0.1;0.01;0.24;0.15;0.05;1.82;0.42;4.09;2.25;0.69
28/03/24   ;19:00;0.55;13.4;12.5;0.55;1200;0;-0.14;0.17;0.04;169;0.1;0.01;0.24;0.15;0.05;1.77;0.4;3.92;2.13;0.76
28/03/24   ;20:00;0.64;13.4;12.6;0.64;1200;0;-0.15;0.19;0.05;179;0.1;0.01;0.3;0.17;0.06;1.66;0.28;3.6;2.07;0.69
28/03/24   ;21:00;0.7;13.4;12.5;0.7;1197;0;-0.11;0.15;0.04;158;0.1;0.01;0.26;0.15;0.05;1.87;0.68;4.29;2.17;0.68
28/03/24   ;22:00;0.78;13.4;12.6;0.78;1199;0;-0.1;0.11;0.03;196;0.07;0.01;0.18;0.11;0.04;1.52;0.33;3.49;1.84;0.6
28/03/24   ;23:00;0.86;13.4;12.6;0.86;1198;0;-0.09;0.09;0.03;193;0.06;0.01;0.16;0.1;0.03;1.54;0.35;3.77;1.82;0.59
29/03/24   ;00:00;0.86;13.3;12.5;0.86;1206;0;-0.08;0.1;0.03;198;0.07;0.01;0.18;0.1;0.03;1.52;0.38;2.85;1.69;0.47
29/03/24   ;01:00;0.77;13.3;12.4;0.77;1199;0;-0.11;0.1;0.03;154;0.07;0.01;0.18;0.11;0.03;1.93;0.35;3.65;2.41;0.75
29/03/24   ;02:00;0.6;13.4;12.4;0.6;1200;0;-0.09;0.08;0.02;153;0.06;0.01;0.16;0.09;0.03;1.94;0.65;3.61;2.34;0.66
29/03/24   ;03:00;0.4;13.4;12.4;0.4;1193;0;-0.03;0.03;0.01;176;0.02;0;0.05;0.03;0.01;1.67;0.32;4.12;2.17;0.8
29/03/24   ;04:00;0.19;13.4;12.5;0.19;1200;0;-0.09;0.09;0.02;144;0.04;0.01;0.16;0.07;0.03;2.07;0.41;5.15;2.49;0.86
29/03/24   ;05:00;0.01;13.3;12.5;0.01;1200;0;-0.09;0.1;0.03;116;0.06;0;0.18;0.1;0.04;2.57;0.41;4.6;3.55;1.12
29/03/24   ;06:00;-0.07;13.3;12.5;-0.07;1200;0;-0.12;0.14;0.03;139;0.07;0.01;0.26;0.12;0.05;2.14;0.32;4.47;2.28;0.82
29/03/24   ;07:00;-0.05;13.4;12.5;-0.05;1195;0;-0.11;0.09;0.03;166;0.08;0.01;0.2;0.11;0.03;1.78;0.59;3.75;2.01;0.6
29/03/24   ;08:00;0.08;13.4;12;0.08;1200;0;-0.16;0.17;0.04;149;0.1;0.01;0.33;0.16;0.05;1.99;0.5;4.28;2.49;0.83
29/03/24   ;09:00;0.27;13.4;12.2;0.27;1203;0;-0.14;0.15;0.05;200;0.12;0.02;0.24;0.17;0.05;1.49;0.44;3.36;1.76;0.57
29/03/24   ;10:00;0.46;13.3;12;0.46;1199;0;-0.14;0.15;0.04;201;0.1;0.02;0.24;0.15;0.04;1.48;0.34;3.49;1.69;0.54
29/03/24   ;11:00;0.64;13.3;12;0.64;1200;0;-0.17;0.17;0.05;182;0.13;0.03;0.3;0.2;0.06;1.64;0.39;3.92;2.13;0.68
29/03/24   ;12:00;0.79;13.4;12.2;0.79;1194;0;-0.13;0.15;0.05;200;0.11;0.02;0.23;0.17;0.05;1.49;0.3;2.98;1.69;0.54
29/03/24   ;13:00;0.86;13.4;12.5;0.86;1208;0;-0.14;0.13;0.05;205;0.11;0.02;0.24;0.17;0.05;1.46;0.28;2.95;1.65;0.5
29/03/24   ;14:00;0.85;13.4;12.5;0.85;1200;0;-0.13;0.17;0.05;186;0.12;0.02;0.29;0.18;0.06;1.6;0.41;3.27;1.95;0.63
29/03/24   ;15:00;0.78;13.4;12.8;0.78;1206;0;-0.11;0.16;0.04;178;0.09;0.01;0.23;0.13;0.04;1.68;0.32;4.23;2.01;0.71
29/03/24   ;16:00;0.66;13.4;12.5;0.67;1199;0;-0.11;0.15;0.04;182;0.1;0.01;0.24;0.17;0.05;1.63;0.26;4.12;1.97;0.68
29/03/24   ;17:00;0.54;13.4;12.4;0.54;1200;0;-0.12;0.15;0.04;180;0.09;0.01;0.25;0.14;0.04;1.65;0.39;3.6;1.91;0.59
29/03/24   ;18:00;0.45;13.4;12.5;0.45;1199;0;-0.14;0.16;0.04;178;0.1;0.01;0.26;0.15;0.05;1.67;0.45;3.75;1.97;0.63
29/03/24   ;19:00;0.43;13.4;12.5;0.43;1195;0;-0.13;0.15;0.04;179;0.1;0.01;0.26;0.16;0.05;1.66;0.4;4.03;1.93;0.6
29/03/24   ;20:00;0.49;13.3;12.5;0.49;1196;0;-0.14;0.17;0.04;160;0.11;0.01;0.27;0.17;0.05;1.86;0.29;3.99;2.27;0.72
29/03/24   ;21:00;0.59;13.4;12.4;0.6;1199;0;-0.12;0.13;0.04;205;0.09;0.02;0.2;0.13;0.04;1.46;0.32;3.96;1.87;0.61
29/03/24   ;22:00;0.73;13.4;12.6;0.73;1200;0;-0.14;0.17;0.04;218;0.08;0.01;0.3;0.13;0.04;1.37;0.39;3.16;1.8;0.59
29/03/24   ;23:00;0.82;13.4;12.7;0.82;1199;0;-0.11;0.11;0.03;212;0.07;0.02;0.18;0.11;0.03;1.41;0.29;3.18;1.65;0.55
30/03/24   ;00:00;0.84;13.4;12.8;0.84;1183;0;-0.16;0.13;0.03;183;0.06;0;0.29;0.1;0.04;1.6;0.33;3.62;2.19;0.74
30/03/24   ;01:00;0.79;13.3;12.9;0.79;1194;0;-0.09;0.11;0.03;163;0.07;0.01;0.18;0.12;0.04;1.81;0.33;3.49;2.41;0.81
30/03/24   ;02:00;0.67;13.4;12.6;0.67;1200;0;-0.07;0.07;0.02;171;0.05;0.01;0.11;0.08;0.03;1.74;0.4;4.15;2.32;0.8
30/03/24   ;03:00;0.53;13.4;12.6;0.53;1193;0;-0.09;0.09;0.02;202;0.04;0;0.17;0.08;0.03;1.47;0.31;3.32;1.89;0.64
30/03/24   ;04:00;0.38;13.4;12.6;0.38;1200;0;-0.06;0.06;0.02;184;0.04;0.01;0.1;0.06;0.02;1.63;0.38;3.58;2.02;0.6
30/03/24   ;05:00;0.26;13.4;12.7;0.26;1200;0;-0.12;0.14;0.03;150;0.06;0.01;0.22;0.1;0.04;1.98;0.36;3.86;2.41;0.79
30/03/24   ;06:00;0.19;13.3;12.8;0.19;1199;0;-0.09;0.1;0.03;163;0.07;0.01;0.16;0.11;0.03;1.83;0.41;4.3;2.19;0.64
30/03/24   ;07:00;0.18;13.3;12.6;0.18;1200;0;-0.14;0.13;0.04;160;0.1;0.02;0.24;0.15;0.04;1.86;0.36;3.49;2.08;0.57
30/03/24   ;08:00;0.27;13.3;12.6;0.27;1193;0;-0.15;0.13;0.04;180;0.1;0.02;0.29;0.15;0.05;1.65;0.3;3.86;2;0.62
30/03/24   ;09:00;0.43;13.3;12.6;0.43;1200;0;-0.15;0.17;0.04;196;0.1;0.01;0.27;0.15;0.05;1.52;0.3;3.81;1.75;0.62
30/03/24   ;10:00;0.57;13.4;12.8;0.58;1200;0;-0.16;0.19;0.05;181;0.12;0.02;0.35;0.18;0.06;1.64;0.33;3.69;1.97;0.64
30/03/24   ;11:00;0.71;13.4;13;0.71;1208;0;-0.13;0.17;0.05;188;0.12;0.01;0.27;0.18;0.05;1.6;0.43;3.46;1.77;0.61
30/03/24   ;12:00;0.82;13.3;13.1;0.82;1200;0;-0.19;0.21;0.06;171;0.14;0.02;0.31;0.22;0.07;1.74;0.41;3.74;2.13;0.77
30/03/24   ;13:00;0.88;13.4;13.2;0.88;1197;0;-0.17;0.24;0.06;200;0.13;0.02;0.34;0.2;0.06;1.48;0.32;3.36;1.75;0.57
30/03/24   ;14:00;0.9;13.4;13.1;0.9;1194;0;-0.16;0.21;0.05;185;0.13;0.02;0.37;0.2;0.06;1.61;0.39;3.18;1.96;0.59
30/03/24   ;15:00;0.85;13.4;13;0.85;1200;0;-0.17;0.18;0.06;189;0.14;0.01;0.33;0.21;0.06;1.58;0.36;3.86;1.89;0.57
30/03/24   ;16:00;0.77;13.4;13.2;0.77;1198;0;-0.22;0.21;0.05;188;0.12;0.02;0.43;0.18;0.06;1.57;0.35;3.58;1.87;0.58
30/03/24   ;17:00;0.66;13.3;13.1;0.66;1194;0;-0.14;0.16;0.05;184;0.11;0.01;0.25;0.17;0.05;1.61;0.3;3.39;1.91;0.58
30/03/24   ;18:00;0.59;13.4;13;0.59;1200;0;-0.18;0.2;0.06;190;0.13;0.02;0.35;0.2;0.07;1.57;0.35;4.73;2.05;0.66
30/03/24   ;19:00;0.58;13.4;13.1;0.58;1195;0;-0.18;0.21;0.06;182;0.13;0.02;0.32;0.2;0.06;1.62;0.34;3.44;1.86;0.57
30/03/24   ;20:00;0.64;13.4;13.1;0.64;1195;0;-0.14;0.21;0.05;197;0.12;0.01;0.35;0.19;0.06;1.51;0.38;3.24;1.96;0.65
30/03/24   ;21:00;0.74;13.4;13.2;0.74;1200;0;-0.14;0.24;0.05;231;0.11;0.01;0.33;0.18;0.06;1.29;0.31;3.54;1.5;0.53
30/03/24   ;22:00;0.84;13.4;13;0.84;1200;0;-0.12;0.16;0.04;229;0.08;0.01;0.26;0.13;0.04;1.3;0.33;3.31;1.62;0.55
30/03/24   ;23:00;0.93;13.4;13.1;0.93;1196;0;-0.17;0.19;0.04;225;0.1;0.02;0.36;0.15;0.05;1.33;0.36;3.25;1.62;0.56
31/03/24   ;00:00;1.02;13.4;12.8;1.02;1200;0;-0.16;0.19;0.04;206;0.1;0.01;0.26;0.16;0.05;1.44;0.26;3.27;1.91;0.72
31/03/24   ;01:00;1.04;13.4;13;1.04;1195;0;-0.1;0.1;0.03;190;0.07;0.02;0.17;0.1;0.03;1.57;0.31;3.7;2.07;0.72
31/03/24   ;02:00;0.97;13.4;13;0.97;1199;0;-0.13;0.11;0.03;211;0.07;0;0.23;0.12;0.04;1.42;0.32;2.84;1.68;0.57
31/03/24   ;03:00;0.86;13.4;12.9;0.86;1200;0;-0.1;0.08;0.02;199;0.05;0.01;0.17;0.08;0.03;1.49;0.3;3.69;1.98;0.65
31/03/24   ;04:00;0.73;13.3;13;0.73;1200;0;-0.21;0.2;0.04;150;0.08;0.01;0.38;0.14;0.06;1.97;0.43;4.2;2.48;0.79
31/03/24   ;05:00;0.59;13.4;12.9;0.59;1200;0;-0.09;0.08;0.03;141;0.06;0.01;0.17;0.1;0.03;2.1;0.71;3.86;2.58;0.83
31/03/24   ;06:00;0.5;13.3;13;0.5;1200;0;-0.1;0.13;0.03;151;0.08;0.01;0.22;0.13;0.04;1.96;0.37;4.49;2.5;0.8
31/03/24   ;07:00;0.45;13.3;13;0.45;1200;0;-0.13;0.13;0.04;172;0.09;0.02;0.26;0.15;0.05;1.74;0.32;3.76;2.08;0.64
31/03/24   ;08:00;0.44;13.4;13;0.44;1192;0;-0.12;0.16;0.04;172;0.1;0.02;0.23;0.15;0.05;1.71;0.54;3.49;2.03;0.62
31/03/24   ;09:00;0.48;13.3;13;0.48;1200;0;-0.14;0.14;0.04;172;0.1;0.02;0.26;0.15;0.05;1.73;0.39;3.79;2.12;0.7
31/03/24   ;10:00;0.58;13.3;13.1;0.58;1194;0;-0.14;0.18;0.05;192;0.11;0.01;0.3;0.18;0.06;1.54;0.32;3.06;1.84;0.56
31/03/24   ;11:00;0.7;13.4;13.1;0.7;1181;0;-0.13;0.14;0.05;190;0.12;0.01;0.25;0.18;0.05;1.54;0.32;3.23;1.88;0.59
31/03/24   ;12:00;0.79;13.4;13.1;0.79;1204;0;-0.22;0.27;0.06;189;0.14;0.02;0.37;0.22;0.07;1.58;0.4;4.18;1.88;0.62
31/03/24   ;13:00;0.85;13.3;13.2;0.85;1199;0;-0.18;0.19;0.05;178;0.13;0.01;0.29;0.2;0.06;1.67;0.43;3.74;1.88;0.6
31/03/24   ;14:00;0.89;13.3;13.2;0.89;1197;0;-0.14;0.21;0.05;190;0.11;0.02;0.35;0.17;0.06;1.57;0.35;3.28;1.94;0.62
31/03/24   ;15:00;0.86;13.4;13.3;0.86;1200;0;-0.13;0.16;0.04;184;0.1;0.01;0.27;0.15;0.05;1.62;0.36;3.6;1.96;0.68
31/03/24   ;16:00;0.79;13.3;13.3;0.78;1200;0;-0.16;0.16;0.05;180;0.12;0.01;0.32;0.18;0.06;1.65;0.33;3.81;2.07;0.67
31/03/24   ;17:00;0.74;13.4;13.3;0.74;1200;0;-0.17;0.16;0.05;182;0.11;0.01;0.31;0.18;0.06;1.64;0.5;3.06;1.99;0.58
31/03/24   ;18:00;0.71;13.4;13.4;0.71;1198;0;-0.16;0.19;0.05;163;0.11;0.01;0.3;0.17;0.05;1.83;0.34;4.16;2.2;0.69
31/03/24   ;19:00;0.69;13.3;13.4;0.7;1198;0;-0.11;0.12;0.04;183;0.09;0.02;0.22;0.15;0.04;1.61;0.33;3.3;1.92;0.59
31/03/24   ;20:00;0.74;13.4;13.3;0.74;1200;0;-0.11;0.16;0.04;194;0.09;0.02;0.25;0.14;0.04;1.53;0.32;3.33;1.94;0.62
31/03/24   ;21:00;0.82;13.4;13.3;0.82;1200;0;-0.11;0.14;0.03;227;0.08;0.01;0.24;0.12;0.04;1.31;0.31;3.26;1.66;0.57
31/03/24   ;22:00;0.89;13.4;13.3;0.89;1200;0;-0.08;0.1;0.03;209;0.06;0.01;0.18;0.09;0.03;1.43;0.29;3.15;1.82;0.59
31/03/24   ;23:00;0.92;13.4;13.3;0.92;1200;0;-0.17;0.18;0.04;174;0.1;0.01;0.33;0.16;0.06;1.71;0.39;3.65;2.1;0.72
01/04/24   ;00:00;0.95;13.4;13.3;0.95;1200;0;-0.09;0.09;0.03;180;0.07;0.01;0.15;0.1;0.03;1.66;0.26;3.65;2.43;0.84
01/04/24   ;01:00;0.93;13.4;13.3;0.93;1199;0;-0.07;0.08;0.02;210;0.05;0;0.14;0.07;0.02;1.42;0.29;3.24;1.85;0.63
01/04/24   ;02:00;0.87;13.4;13.3;0.87;1200;0;-0.04;0.05;0.01;279;0.04;0.01;0.08;0.05;0.02;1.07;0.37;2.91;1.23;0.43
01/04/24   ;03:00;0.8;13.4;13.3;0.8;1195;0;-0.12;0.12;0.03;201;0.06;0.01;0.23;0.1;0.03;1.47;0.34;3.21;1.9;0.66
01/04/24   ;04:00;0.75;13.4;13.3;0.75;1199;0;-0.09;0.12;0.03;176;0.05;0.01;0.21;0.09;0.03;1.69;0.29;4.39;2.37;0.87
01/04/24   ;05:00;0.71;13.4;13.3;0.71;1200;0;-0.11;0.13;0.04;144;0.09;0.01;0.23;0.14;0.04;2.07;0.48;4.45;2.84;0.94
01/04/24   ;06:00;0.68;13.3;13.4;0.68;1200;0;-0.1;0.15;0.04;169;0.09;0.01;0.22;0.14;0.04;1.76;0.29;3.71;2.1;0.59
01/04/24   ;07:00;0.65;13.4;13.4;0.65;1203;0;-0.16;0.16;0.05;164;0.12;0.02;0.27;0.18;0.06;1.82;0.42;3.52;2.12;0.69
01/04/24   ;08:00;0.65;13.3;13.4;0.65;1196;0;-0.16;0.17;0.04;182;0.11;0.01;0.3;0.16;0.05;1.64;0.31;3.76;1.94;0.63
01/04/24   ;09:00;0.69;13.3;13.4;0.69;1197;0;-0.16;0.19;0.05;168;0.13;0.01;0.35;0.2;0.06;1.76;0.46;3.95;2.14;0.71
01/04/24   ;10:00;0.76;13.3;13.4;0.77;1196;0;-0.14;0.18;0.05;177;0.11;0.01;0.25;0.18;0.06;1.69;0.31;3.38;2.06;0.63
01/04/24   ;11:00;0.82;13.3;13.4;0.82;1195;0;-0.16;0.17;0.04;184;0.11;0.01;0.24;0.16;0.05;1.62;0.33;3.88;2.09;0.68
01/04/24   ;12:00;0.87;13.3;13.4;0.87;1200;0;-0.16;0.23;0.05;169;0.13;0.01;0.33;0.2;0.06;1.76;0.37;4.7;2.16;0.75
01/04/24   ;13:00;0.91;13.3;13.4;0.91;1195;0;-0.14;0.19;0.05;171;0.12;0.02;0.32;0.19;0.06;1.72;0.35;4.27;2.12;0.71
01/04/24   ;14:00;0.92;13.3;13.4;0.92;1199;0;-0.13;0.21;0.05;206;0.11;0.01;0.29;0.16;0.05;1.44;0.28;3.26;1.78;0.56
01/04/24   ;15:00;0.91;13.4;13.4;0.91;1193;0;-0.14;0.21;0.05;170;0.12;0.02;0.3;0.18;0.05;1.74;0.54;3.64;2.15;0.71
01/04/24   ;16:00;0.92;13.3;13.4;0.92;1193;0;-0.16;0.17;0.05;177;0.11;0.02;0.28;0.17;0.05;1.68;0.33;3.57;2.06;0.66
01/04/24   ;17:00;0.93;13.3;13.4;0.93;1195;0;-0.16;0.17;0.05;175;0.11;0.01;0.24;0.17;0.05;1.69;0.32;3.27;2.12;0.65
01/04/24   ;18:00;0.89;13.3;13.4;0.89;1200;0;-0.12;0.13;0.04;156;0.1;0.01;0.2;0.15;0.04;1.9;0.26;4.15;2.41;0.83
01/04/24   ;19:00;0.86;13.4;13.4;0.86;1199;0;-0.12;0.13;0.04;176;0.09;0.01;0.24;0.14;0.04;1.69;0.29;3.86;2.19;0.74
01/04/24   ;20:00;0.83;13.4;13.4;0.83;1194;0;-0.16;0.15;0.04;167;0.09;0.01;0.31;0.15;0.05;1.77;0.34;3.68;2.05;0.63
01/04/24   ;21:00;0.78;13.4;13.4;0.78;1199;0;-0.07;0.1;0.03;184;0.06;0.01;0.16;0.09;0.03;1.62;0.37;3.44;1.92;0.62
01/04/24   ;22:00;0.74;13.4;13.4;0.74;1200;0;-0.08;0.09;0.03;176;0.06;0;0.15;0.1;0.03;1.69;0.33;3.37;2.05;0.59
01/04/24   ;23:00;0.75;13.4;13.3;0.76;1200;0;-0.08;0.09;0.02;175;0.06;0;0.16;0.09;0.03;1.71;0.31;3.68;2.21;0.7
02/04/24   ;00:00;0.78;13.4;13.3;0.78;1197;0;-0.11;0.12;0.03;164;0.06;0.01;0.23;0.1;0.03;1.81;0.29;3.73;2.37;0.76
02/04/24   ;01:00;0.71;13.4;13.3;0.71;1194;0;-0.04;0.03;0.01;165;0.03;0;0.07;0.04;0.01;1.79;0.41;3.37;2.11;0.6
02/04/24   ;02:00;0.63;13.4;13.3;0.63;1195;0;-0.11;0.11;0.02;155;0.05;0;0.21;0.08;0.03;1.91;0.33;3.83;2.46;0.75
02/04/24   ;03:00;0.61;13.4;13.3;0.61;1194;0;-0.11;0.09;0.02;169;0.04;0.01;0.18;0.08;0.03;1.76;0.33;2.99;2.1;0.58
02/04/24   ;04:00;0.61;13.4;13.3;0.61;1200;0;-0.06;0.05;0.02;169;0.04;0;0.11;0.07;0.02;1.76;0.27;3.89;2.19;0.71
02/04/24   ;05:00;0.6;13.4;13.3;0.6;1200;0;-0.11;0.1;0.03;143;0.08;0.01;0.21;0.12;0.04;2.08;0.29;4.27;2.86;0.95
02/04/24   ;06:00;0.55;13.4;13.3;0.55;1194;0;-0.1;0.1;0.03;157;0.08;0.02;0.19;0.12;0.04;1.89;0.38;3.97;2.42;0.71
02/04/24   ;07:00;0.49;13.4;13.2;0.49;1196;0;-0.13;0.17;0.05;160;0.11;0.02;0.27;0.17;0.05;1.87;0.46;3.7;2.3;0.69
02/04/24   ;08:00;0.41;13.4;13.3;0.41;1200;0;-0.15;0.17;0.04;165;0.1;0.01;0.28;0.16;0.05;1.82;0.29;3.73;2.29;0.68
02/04/24   ;09:00;0.4;13.3;13.3;0.4;1191;0;-0.17;0.16;0.05;171;0.11;0.02;0.29;0.17;0.05;1.72;0.39;3.66;2.1;0.68
02/04/24   ;10:00;0.47;13.3;13.4;0.47;1200;0;-0.15;0.18;0.05;170;0.11;0.01;0.29;0.16;0.05;1.74;0.33;3.47;2.13;0.69
02/04/24   ;11:00;0.56;13.3;13.5;0.56;1200;0;-0.17;0.19;0.05;177;0.12;0.01;0.26;0.19;0.06;1.68;0.4;3.71;2.24;0.74
02/04/24   ;12:00;0.61;13.3;13.5;0.61;1196;0;-0.13;0.15;0.04;189;0.11;0;0.27;0.16;0.05;1.57;0.43;2.84;1.79;0.5
02/04/24   ;13:00;0.64;13.3;13.5;0.64;1196;0;-0.15;0.16;0.04;194;0.1;0.02;0.25;0.16;0.05;1.53;0.54;2.75;1.76;0.49
02/04/24   ;14:00;0.63;13.3;13.5;0.63;1199;0;-0.13;0.21;0.04;181;0.1;0.02;0.34;0.16;0.05;1.65;0.34;3.91;2.14;0.69
02/04/24   ;15:00;0.61;13.3;13.8;0.61;1196;0;-0.14;0.15;0.04;174;0.09;0.02;0.25;0.14;0.04;1.7;0.37;3.52;2.07;0.64
02/04/24   ;16:00;0.62;13.3;13.8;0.62;1198;0;-0.13;0.15;0.05;183;0.11;0;0.26;0.17;0.05;1.63;0.33;3.59;1.95;0.64
02/04/24   ;17:00;0.65;13.3;13.8;0.65;1199;0;-0.13;0.21;0.04;196;0.1;0;0.31;0.16;0.05;1.52;0.28;3.49;1.94;0.6
02/04/24   ;18:00;0.67;13.4;14;0.67;1198;0;-0.16;0.18;0.05;166;0.12;0.01;0.31;0.18;0.06;1.79;0.34;3.81;2.21;0.67
02/04/24   ;19:00;0.68;13.3;14;0.68;1198;0;-0.12;0.13;0.05;167;0.11;0.02;0.24;0.17;0.05;1.78;0.33;3.44;2.17;0.69
02/04/24   ;20:00;0.7;13.3;13.7;0.7;1200;0;-0.14;0.16;0.03;179;0.08;0;0.19;0.12;0.04;1.66;0.43;3.56;2.04;0.68
02/04/24   ;21:00;0.73;13.3;13.6;0.73;1200;0;-0.12;0.16;0.04;186;0.08;0.01;0.25;0.13;0.04;1.61;0.37;4.5;2.16;0.76
02/04/24   ;22:00;0.72;13.4;13.9;0.72;1198;0;-0.11;0.11;0.03;188;0.06;0.01;0.21;0.1;0.03;1.58;0.49;3.42;1.76;0.55
02/04/24   ;23:00;0.66;13.4;13.8;0.66;1199;0;-0.14;0.12;0.03;168;0.06;0.01;0.23;0.11;0.04;1.78;0.33;3.71;2.12;0.72
03/04/24   ;00:00;0.56;13.4;13.9;0.56;1188;0;-0.1;0.1;0.03;148;0.07;0.01;0.18;0.11;0.04;1.99;0.38;4.03;2.42;0.82
03/04/24   ;01:00;0.52;13.3;13.9;0.52;1190;0;-0.05;0.06;0.02;182;0.04;0;0.09;0.06;0.02;1.63;0.37;3.79;1.96;0.66
03/04/24   ;02:00;0.51;13.4;13.9;0.51;1198;0;-0.03;0.03;0.01;164;0.02;0;0.05;0.03;0.01;1.81;0.36;3.19;2.26;0.64
03/04/24   ;03:00;0.54;13.4;13.9;0.54;1200;0;-0.03;0.04;0.01;170;0.02;0;0.07;0.04;0.01;1.75;0.29;3.77;2.12;0.66
03/04/24   ;04:00;0.56;13.4;13.9;0.56;1200;0;-0.06;0.08;0.02;156;0.05;0.01;0.13;0.08;0.03;1.9;0.35;3.55;2.24;0.65
03/04/24   ;05:00;0.6;13.4;13.6;0.6;1200;0;-0.11;0.15;0.04;134;0.1;0.01;0.24;0.16;0.05;2.23;0.3;3.89;3.04;1
03/04/24   ;06:00;0.64;13.4;13.7;0.64;1200;0;-0.14;0.15;0.04;165;0.1;0.01;0.26;0.16;0.05;1.8;0.34;3.37;2.24;0.74
03/04/24   ;07:00;0.67;13.4;13.6;0.67;1200;0;-0.12;0.19;0.04;187;0.1;0.02;0.29;0.16;0.05;1.59;0.32;3.15;1.93;0.54
03/04/24   ;08:00;0.67;13.4;13.4;0.67;1200;0;-0.14;0.17;0.04;186;0.1;0.01;0.28;0.16;0.05;1.61;0.27;3.68;1.82;0.59
03/04/24   ;09:00;0.65;13.4;13.5;0.65;1199;0;-0.16;0.15;0.05;174;0.11;0.01;0.25;0.17;0.05;1.71;0.35;3.58;2.19;0.66
03/04/24   ;10:00;0.58;13.4;13.4;0.58;1197;0;-0.11;0.15;0.04;182;0.09;0.01;0.23;0.14;0.04;1.63;0.33;3.91;1.98;0.63
03/04/24   ;11:00;0.46;13.4;13.7;0.46;1208;0;-0.13;0.17;0.04;165;0.1;0.01;0.28;0.16;0.05;1.81;0.48;3.49;2.2;0.63
03/04/24   ;12:00;0.36;13.4;13.9;0.36;1197;0;-0.12;0.15;0.04;162;0.1;0.02;0.27;0.15;0.05;1.83;0.35;3.97;2.21;0.72
03/04/24   ;13:00;0.28;13.3;13.6;0.28;1195;0;-0.12;0.15;0.04;178;0.1;0.01;0.26;0.15;0.05;1.67;0.3;3.92;1.89;0.6
03/04/24   ;14:00;0.26;13.3;14;0.26;1192;0;-0.13;0.14;0.04;169;0.1;0.02;0.24;0.15;0.05;1.75;0.32;4.05;2.1;0.69
03/04/24   ;15:00;0.27;13.3;13.8;0.27;1200;0;-0.1;0.11;0.04;198;0.08;0;0.2;0.13;0.04;1.5;0.46;4.02;1.8;0.57
03/04/24   ;16:00;0.35;13.3;13.6;0.35;1200;0;-0.12;0.17;0.04;184;0.09;0.01;0.25;0.14;0.04;1.63;0.36;3.36;1.96;0.62
03/04/24   ;17:00;0.5;13.3;13.9;0.5;1199;0;-0.14;0.18;0.04;183;0.1;0.02;0.27;0.16;0.05;1.63;0.37;4.31;2.07;0.66
03/04/24   ;18:00;0.62;13.3;13.8;0.62;1200;0;-0.16;0.19;0.05;186;0.11;0.01;0.32;0.18;0.06;1.6;0.32;4.15;1.85;0.62
03/04/24   ;19:00;0.71;13.3;13.9;0.71;1195;0;-0.12;0.16;0.03;193;0.08;0.01;0.28;0.12;0.04;1.53;0.36;3.77;1.87;0.59
03/04/24   ;20:00;0.76;13.3;13.5;0.76;1200;0;-0.15;0.19;0.04;174;0.09;0.01;0.33;0.14;0.05;1.72;0.47;3.43;2.09;0.72
03/04/24   ;21:00;0.74;13.4;13.5;0.74;1194;0;-0.09;0.09;0.03;185;0.07;0.02;0.17;0.1;0.03;1.6;0.35;3.03;1.87;0.55
03/04/24   ;22:00;0.67;13.4;13.8;0.67;1200;0;-0.08;0.09;0.03;178;0.07;0;0.15;0.1;0.03;1.68;0.32;3.41;1.99;0.61
03/04/24   ;23:00;0.57;13.3;13.6;0.57;1200;0;-0.07;0.07;0.02;174;0.05;0.01;0.14;0.07;0.02;1.71;0.4;3.48;2.03;0.6
04/04/24   ;00:00;0.49;13.4;13.7;0.49;1200;0;-0.08;0.08;0.02;133;0.06;0.01;0.14;0.09;0.03;2.25;0.7;4.27;2.9;0.88
04/04/24   ;01:00;0.44;13.4;13.7;0.44;1200;0;-0.05;0.05;0.02;123;0.04;0.01;0.09;0.06;0.02;2.43;0.42;4.2;2.94;0.85
04/04/24   ;02:00;0.42;13.4;13.9;0.42;1200;0;-0.05;0.04;0.01;126;0.03;0;0.08;0.05;0.02;2.38;0.66;4.66;2.86;0.78
04/04/24   ;03:00;0.44;13.4;13.6;0.44;1200;0;-0.03;0.03;0.01;184;0.02;0;0.06;0.04;0.01;1.62;0.41;2.84;1.96;0.56
04/04/24   ;04:00;0.52;13.3;13.6;0.52;1200;0;-0.06;0.07;0.02;155;0.04;0;0.11;0.07;0.02;1.91;0.43;3.25;2.35;0.64
04/04/24   ;05:00;0.63;13.4;13.8;0.63;1199;0;-0.12;0.12;0.03;184;0.06;0.01;0.24;0.1;0.03;1.62;0.34;3.05;1.91;0.57
04/04/24   ;06:00;0.72;13.4;13.5;0.72;1200;0;-0.15;0.19;0.04;166;0.11;0.01;0.34;0.16;0.05;1.8;0.46;3.73;2.21;0.73
04/04/24   ;07:00;0.75;13.4;13.4;0.76;1208;0;-0.16;0.19;0.05;183;0.12;0.03;0.32;0.18;0.06;1.64;0.34;3.32;1.98;0.58
04/04/24   ;08:00;0.74;13.4;13.7;0.74;1196;0;-0.14;0.15;0.04;171;0.11;0.01;0.27;0.16;0.05;1.73;0.28;4.01;2.12;0.72
04/04/24   ;09:00;0.64;13.4;13.7;0.64;1200;0;-0.15;0.16;0.05;169;0.11;0;0.28;0.17;0.05;1.76;0.27;3.94;2.25;0.73
04/04/24   ;10:00;0.5;13.4;13.7;0.5;1195;0;-0.13;0.18;0.04;169;0.1;0.01;0.24;0.16;0.05;1.75;0.34;3.84;2.25;0.74
04/04/24   ;11:00;0.35;13.4;13.8;0.34;1195;0;-0.11;0.12;0.04;163;0.1;0.02;0.2;0.15;0.04;1.82;0.49;3.41;2.32;0.65
04/04/24   ;12:00;0.19;13.4;14.1;0.19;1195;0;-0.11;0.13;0.04;178;0.09;0.01;0.18;0.13;0.04;1.67;0.33;4.14;2.17;0.71
04/04/24   ;13:00;0.08;13.4;14.2;0.07;1200;0;-0.13;0.12;0.04;165;0.09;0.02;0.21;0.13;0.04;1.8;0.36;3.56;2.17;0.71
04/04/24   ;14:00;0.01;13.4;14.3;0.01;1195;0;-0.13;0.14;0.04;171;0.09;0.01;0.23;0.14;0.04;1.73;0.33;3.72;2.16;0.71
04/04/24   ;15:00;0.04;13.3;14.3;0.04;1199;0;-0.1;0.13;0.03;182;0.08;0.01;0.21;0.12;0.04;1.63;0.34;3.19;1.87;0.6
04/04/24   ;16:00;0.14;13.3;14.7;0.14;1200;0;-0.14;0.14;0.04;177;0.1;0.02;0.26;0.16;0.05;1.68;0.36;3.69;2.03;0.63
04/04/24   ;17:00;0.31;13.3;14.9;0.31;1197;0;-0.15;0.17;0.04;173;0.11;0.02;0.24;0.16;0.05;1.72;0.36;3.71;2.15;0.72
04/04/24   ;18:00;0.48;13.3;14.7;0.48;1199;0;-0.17;0.19;0.04;179;0.11;0.01;0.36;0.16;0.05;1.66;0.43;3.85;2.11;0.68
04/04/24   ;19:00;0.63;13.4;14.6;0.63;1200;0;-0.12;0.16;0.04;212;0.09;0.01;0.24;0.15;0.05;1.4;0.32;5.05;1.65;0.61
04/04/24   ;20:00;0.73;13.3;14.2;0.73;1198;0;-0.15;0.18;0.04;184;0.1;0.01;0.31;0.16;0.05;1.62;0.38;3.77;1.9;0.63
04/04/24   ;21:00;0.77;13.4;14;0.77;1192;0;-0.09;0.11;0.03;185;0.07;0.01;0.17;0.1;0.03;1.59;0.33;3.43;1.95;0.63
04/04/24   ;22:00;0.76;13.3;14;0.76;1200;0;-0.11;0.1;0.03;193;0.07;0.01;0.21;0.1;0.03;1.55;0.5;3.65;1.85;0.57
04/04/24   ;23:00;0.68;13.3;14.1;0.68;1194;0;-0.08;0.09;0.03;156;0.06;0.01;0.15;0.1;0.03;1.89;0.29;4.46;2.27;0.71
05/04/24   ;00:00;0.55;13.4;14.1;0.55;1199;0;-0.07;0.08;0.02;162;0.06;0.01;0.14;0.09;0.03;1.84;0.32;3.81;2.35;0.79
05/04/24   ;01:00;0.43;13.4;14.4;0.43;1198;0;-0.06;0.06;0.02;140;0.04;0;0.12;0.07;0.02;2.12;0.54;4.32;2.57;0.74
05/04/24   ;02:00;0.35;13.3;14.3;0.35;1199;0;-0.08;0.06;0.01;164;0.03;0;0.14;0.05;0.02;1.82;0.32;3.12;2.04;0.57
05/04/24   ;03:00;0.32;13.4;14.3;0.32;1200;0;-0.05;0.05;0.01;152;0.03;0;0.1;0.05;0.02;1.96;0.36;3.79;2.41;0.69
05/04/24   ;04:00;0.38;13.4;14.4;0.38;1199;0;-0.08;0.08;0.02;147;0.06;0;0.14;0.09;0.03;2.01;0.29;3.62;2.52;0.74
05/04/24   ;05:00;0.5;13.4;14.7;0.5;1198;0;-0.06;0.07;0.02;174;0.05;0.01;0.13;0.08;0.02;1.7;0.34;3.53;2.18;0.68
05/04/24   ;06:00;0.62;13.4;14.6;0.62;1189;0;-0.13;0.13;0.04;152;0.1;0.01;0.25;0.15;0.04;1.94;0.31;3.61;2.35;0.76
05/04/24   ;07:00;0.7;13.4;14.2;0.7;1200;0;-0.15;0.23;0.05;190;0.12;0.01;0.35;0.19;0.06;1.56;0.39;3.47;1.9;0.61
05/04/24   ;08:00;0.72;13.4;14.2;0.72;1195;0;-0.14;0.14;0.04;178;0.1;0.01;0.25;0.16;0.05;1.66;0.3;3.68;2.07;0.68
05/04/24   ;09:00;0.67;13.4;14.3;0.67;1197;0;-0.16;0.18;0.05;165;0.12;0.02;0.3;0.18;0.05;1.8;0.34;4;2.19;0.75
05/04/24   ;10:00;0.53;13.4;14.6;0.53;1196;0;-0.12;0.15;0.04;161;0.1;0.02;0.27;0.15;0.05;1.85;0.47;4.46;2.3;0.75
05/04/24   ;11:00;0.34;13.4;14.8;0.34;1201;0;-0.12;0.14;0.04;169;0.1;0.01;0.21;0.15;0.04;1.76;0.31;3.54;2.13;0.69
05/04/24   ;12:00;0.17;13.4;14.6;0.17;1200;0;-0.12;0.12;0.04;163;0.09;0.01;0.23;0.15;0.05;1.82;0.43;3.81;2.23;0.73
05/04/24   ;13:00;0;13.3;15.1;0;1196;0;-0.11;0.15;0.04;171;0.09;0.01;0.24;0.14;0.04;1.74;0.38;4.91;2.08;0.68
05/04/24   ;14:00;-0.11;13.4;15.1;-0.11;1200;0;-0.11;0.11;0.04;171;0.09;0.01;0.19;0.14;0.04;1.74;0.33;3.91;2.16;0.7
05/04/24   ;15:00;-0.13;13.4;15.3;-0.13;1193;0;-0.12;0.16;0.04;175;0.09;0.01;0.24;0.14;0.04;1.69;0.41;3.72;2.12;0.7
05/04/24   ;16:00;-0.05;13.4;15.4;-0.04;1199;0;-0.1;0.12;0.04;179;0.09;0.01;0.2;0.13;0.04;1.66;0.48;4.11;1.83;0.61
05/04/24   ;17:00;0.13;13.4;15.7;0.13;1189;0;-0.18;0.16;0.05;171;0.13;0.01;0.31;0.19;0.05;1.73;0.32;3.61;2;0.67
05/04/24   ;18:00;0.34;13.3;15.3;0.34;1200;0;-0.17;0.19;0.05;189;0.11;0.02;0.3;0.17;0.05;1.57;0.31;3.53;1.84;0.6
05/04/24   ;19:00;0.52;13.3;15.2;0.52;1190;0;-0.16;0.18;0.05;181;0.12;0.01;0.27;0.18;0.05;1.63;0.28;3.46;1.95;0.59
05/04/24   ;20:00;0.69;13.4;15.3;0.69;1199;0;-0.1;0.13;0.03;178;0.08;0.01;0.2;0.12;0.04;1.67;0.35;3.47;2.08;0.7
05/04/24   ;21:00;0.8;13.4;15.1;0.8;1200;0;-0.11;0.14;0.03;188;0.07;0.01;0.24;0.12;0.04;1.59;0.34;3.22;1.87;0.59
05/04/24   ;22:00;0.84;13.4;14.9;0.84;1200;0;-0.14;0.14;0.03;201;0.07;0.01;0.28;0.1;0.04;1.48;0.39;4.47;1.83;0.6
05/04/24   ;23:00;0.79;13.3;14.6;0.79;1197;0;-0.11;0.15;0.04;171;0.09;0.01;0.23;0.14;0.05;1.74;0.43;3.93;2.11;0.67
06/04/24   ;00:00;0.63;13.3;14.8;0.63;1200;0;-0.09;0.1;0.03;147;0.07;0.01;0.16;0.12;0.04;2.02;0.28;4.42;2.61;0.84
06/04/24   ;01:00;0.45;13.3;15.3;0.45;1200;0;-0.09;0.08;0.02;131;0.05;0.01;0.11;0.08;0.03;2.26;0.39;4.19;2.82;0.89
06/04/24   ;02:00;0.29;13.4;15.1;0.29;1195;0;-0.07;0.07;0.02;148;0.04;0.01;0.13;0.06;0.02;2;0.34;4.58;2.38;0.81
06/04/24   ;03:00;0.19;13.4;14.9;0.19;1200;0;-0.06;0.05;0.02;159;0.04;0;0.09;0.06;0.02;1.87;0.36;4.06;2.26;0.71
06/04/24   ;04:00;0.16;13.4;15.3;0.16;1200;0;-0.07;0.07;0.02;175;0.05;0;0.13;0.08;0.02;1.71;0.4;3.65;1.95;0.61
06/04/24   ;05:00;0.22;13.4;14.8;0.22;1200;0;-0.11;0.09;0.03;179;0.06;0.01;0.2;0.1;0.03;1.66;0.31;3.6;2.17;0.65
06/04/24   ;06:00;0.37;13.4;15.1;0.37;1206;0;-0.12;0.12;0.04;175;0.09;0.01;0.23;0.14;0.05;1.71;0.38;3.48;2.08;0.71
06/04/24   ;07:00;0.53;13.4;14.8;0.53;1194;0;-0.13;0.18;0.05;188;0.11;0.01;0.31;0.17;0.05;1.58;0.29;3.86;1.87;0.63
06/04/24   ;08:00;0.62;13.4;15.2;0.62;1197;0;-0.13;0.2;0.04;191;0.1;0;0.33;0.15;0.05;1.55;0.45;3.41;1.83;0.56
06/04/24   ;09:00;0.64;13.4;15;0.64;1198;0;-0.12;0.15;0.04;194;0.1;0.02;0.24;0.15;0.05;1.53;0.35;3.61;1.8;0.58
06/04/24   ;10:00;0.58;13.4;15.2;0.58;1200;0;-0.14;0.14;0.04;190;0.1;0.01;0.26;0.15;0.05;1.57;0.26;3.67;1.97;0.65
06/04/24   ;11:00;0.42;13.3;15.5;0.41;1200;0;-0.15;0.19;0.04;173;0.1;0.01;0.27;0.14;0.04;1.73;0.25;3.53;2.16;0.67
06/04/24   ;12:00;0.22;13.4;15.2;0.22;1200;0;-0.15;0.17;0.04;156;0.11;0.02;0.29;0.17;0.05;1.9;0.51;4.61;2.33;0.81
06/04/24   ;13:00;0.03;13.4;15.5;0.03;1200;0;-0.11;0.14;0.04;166;0.09;0.01;0.25;0.14;0.04;1.8;0.27;3.97;2.2;0.71
06/04/24   ;14:00;-0.12;13.4;15.7;-0.12;1200;0;-0.1;0.11;0.03;169;0.08;0.01;0.19;0.12;0.04;1.77;0.45;3.87;2.17;0.73
06/04/24   ;15:00;-0.21;13.4;15.6;-0.21;1200;0;-0.13;0.11;0.04;173;0.09;0.01;0.2;0.14;0.04;1.73;0.42;3.86;2.01;0.65
06/04/24   ;16:00;-0.18;13.3;15.7;-0.18;1200;0;-0.1;0.14;0.04;180;0.09;0.01;0.22;0.13;0.04;1.66;0.27;4.23;2.05;0.67
06/04/24   ;17:00;-0.01;13.3;16.3;-0.01;1195;0;-0.14;0.13;0.04;191;0.1;0.01;0.25;0.16;0.05;1.56;0.4;3.75;1.91;0.63
06/04/24   ;18:00;0.23;13.4;15.7;0.23;1196;0;-0.18;0.21;0.05;177;0.12;0.03;0.33;0.19;0.06;1.68;0.34;3.52;1.92;0.61
06/04/24   ;19:00;0.46;13.4;16.2;0.46;1200;0;-0.15;0.14;0.04;204;0.1;0.01;0.28;0.16;0.05;1.46;0.44;3.19;1.62;0.53
06/04/24   ;20:00;0.65;13.3;16.4;0.65;1199;0;-0.14;0.18;0.04;171;0.09;0.01;0.28;0.15;0.05;1.73;0.33;4.35;2.14;0.66
06/04/24   ;21:00;0.8;13.3;15;0.8;1200;0;-0.11;0.1;0.03;191;0.08;0;0.19;0.12;0.04;1.56;0.27;3.61;1.84;0.62
06/04/24   ;22:00;0.86;13.3;14.6;0.86;1200;0;-0.11;0.15;0.03;202;0.08;0.01;0.22;0.12;0.04;1.48;0.34;3.33;1.64;0.52
06/04/24   ;23:00;0.83;13.4;14.6;0.83;1200;0;-0.12;0.18;0.04;160;0.1;0.02;0.29;0.15;0.05;1.85;0.63;3.81;2.2;0.69
07/04/24   ;00:00;0.69;13.3;15.1;0.68;1200;0;-0.09;0.11;0.03;147;0.06;0.01;0.17;0.1;0.03;2.03;0.42;3.9;2.43;0.81
07/04/24   ;01:00;0.47;13.4;15.8;0.47;1194;0;-0.08;0.09;0.02;148;0.05;0.01;0.16;0.09;0.03;2;0.28;3.99;2.46;0.77
07/04/24   ;02:00;0.26;13.4;16;0.26;1198;0;-0.08;0.1;0.03;137;0.06;0.01;0.16;0.1;0.04;2.15;0.63;3.94;2.71;0.68
07/04/24   ;03:00;0.08;13.3;15.7;0.08;1195;0;-0.07;0.08;0.02;146;0.05;0;0.12;0.08;0.03;2.02;0.29;4.99;2.57;0.91
07/04/24   ;04:00;-0.02;13.3;15.7;-0.02;1200;0;-0.05;0.07;0.02;125;0.04;0.01;0.11;0.07;0.02;2.38;0.37;4.45;3.05;0.96
07/04/24   ;05:00;-0.02;13.3;16.1;-0.02;1200;0;-0.05;0.06;0.02;153;0.04;0.01;0.09;0.06;0.02;1.94;0.39;4.18;2.1;0.73
07/04/24   ;06:00;0.11;13.4;15.9;0.11;1200;0;-0.09;0.11;0.03;171;0.07;0.01;0.17;0.11;0.03;1.75;0.37;3.92;2.17;0.71
07/04/24   ;07:00;0.31;13.4;15.9;0.31;1200;0;-0.13;0.16;0.04;171;0.1;0.03;0.25;0.16;0.05;1.75;0.32;4.31;2.11;0.69
07/04/24   ;08:00;0.47;13.4;15.8;0.47;1199;0;-0.13;0.17;0.04;177;0.1;0.01;0.25;0.15;0.05;1.67;0.45;3.91;1.89;0.58
07/04/24   ;09:00;0.57;13.3;15.7;0.57;1188;0;-0.18;0.18;0.05;194;0.11;0.02;0.31;0.17;0.05;1.52;0.35;2.92;1.82;0.53
07/04/24   ;10:00;0.59;13.4;15.6;0.58;1199;0;-0.1;0.12;0.03;194;0.08;0.01;0.21;0.11;0.04;1.54;0.34;3.78;1.83;0.63
07/04/24   ;11:00;0.5;13.4;15.6;0.5;1197;0;-0.11;0.12;0.03;164;0.08;0.01;0.19;0.13;0.04;1.8;0.32;3.91;2.31;0.73
07/04/24   ;12:00;0.32;13.4;16.1;0.32;1200;0;-0.12;0.13;0.04;160;0.09;0.01;0.21;0.14;0.04;1.87;0.52;3.93;2.35;0.79
07/04/24   ;13:00;0.12;13.4;16;0.12;1194;0;-0.15;0.14;0.04;176;0.1;0.02;0.25;0.15;0.05;1.68;0.37;3.84;2.21;0.77
07/04/24   ;14:00;-0.07;13.3;16.2;-0.07;1200;0;-0.11;0.13;0.04;167;0.09;0.01;0.24;0.14;0.04;1.78;0.28;4.1;2.16;0.7
07/04/24   ;15:00;-0.18;13.3;16.3;-0.18;1200;0;-0.13;0.21;0.04;157;0.09;0.01;0.28;0.15;0.05;1.89;0.31;4.11;2.57;0.84
07/04/24   ;16:00;-0.21;13.4;16.5;-0.2;1199;0;-0.13;0.14;0.04;179;0.1;0.01;0.24;0.15;0.04;1.66;0.36;3.68;1.87;0.53
07/04/24   ;17:00;-0.08;13.4;16.3;-0.08;1200;0;-0.12;0.15;0.04;188;0.1;0.01;0.27;0.15;0.04;1.59;0.4;3.21;1.86;0.53
07/04/24   ;18:00;0.15;13.4;16.3;0.15;1197;0;-0.12;0.18;0.05;199;0.12;0.01;0.3;0.19;0.06;1.49;0.31;3.76;1.68;0.58
07/04/24   ;19:00;0.38;13.3;16.9;0.38;1200;0;-0.12;0.21;0.04;187;0.11;0.01;0.32;0.17;0.06;1.59;0.34;3.32;1.81;0.61
07/04/24   ;20:00;0.6;13.3;16.6;0.6;1199;0;-0.11;0.13;0.03;175;0.08;0.01;0.22;0.13;0.04;1.7;0.43;3.28;2.01;0.6
07/04/24   ;21:00;0.77;13.3;15.9;0.77;1197;0;-0.1;0.09;0.03;201;0.06;0.01;0.16;0.1;0.03;1.47;0.29;3.39;1.77;0.59
07/04/24   ;22:00;0.86;13.3;15.7;0.86;1197;0;-0.12;0.12;0.03;193;0.07;0.01;0.23;0.11;0.04;1.53;0.31;3.25;1.91;0.6
07/04/24   ;23:00;0.86;13.4;15.2;0.86;1200;0;-0.11;0.12;0.03;177;0.07;0.01;0.21;0.11;0.04;1.68;0.51;3.79;1.96;0.71
08/04/24   ;00:00;0.74;13.3;15.7;0.74;1198;0;-0.07;0.06;0.02;170;0.05;0.01;0.11;0.08;0.02;1.75;0.36;3.63;2.23;0.65
08/04/24   ;01:00;0.52;13.3;16.1;0.52;1199;0;-0.07;0.07;0.02;126;0.05;0;0.11;0.08;0.03;2.37;0.41;4.56;3.22;1.02
08/04/24   ;02:00;0.29;13.3;16.2;0.29;1197;0;-0.04;0.04;0.01;116;0.03;0;0.07;0.05;0.02;2.55;0.37;4.68;3.43;1.13
08/04/24   ;03:00;0.08;13.4;16.2;0.08;1190;0;-0.04;0.04;0.01;155;0.03;0;0.07;0.04;0.01;1.91;0.41;4.18;2.38;0.78
08/04/24   ;04:00;-0.07;13.3;16.2;-0.07;1192;0;-0.07;0.06;0.02;118;0.05;0.01;0.11;0.08;0.02;2.5;0.34;4.25;3.21;1.01
08/04/24   ;05:00;-0.12;13.4;16.6;-0.12;1199;0;-0.13;0.12;0.03;151;0.07;0.01;0.21;0.12;0.04;1.98;0.47;5.16;2.59;0.88
08/04/24   ;06:00;-0.02;13.3;16.4;-0.02;1181;0;-0.11;0.15;0.04;173;0.09;0.02;0.23;0.14;0.04;1.7;0.37;3.58;2.05;0.6
08/04/24   ;07:00;0.18;13.3;16.5;0.18;1200;0;-0.16;0.17;0.05;186;0.12;0.02;0.3;0.18;0.05;1.61;0.31;3.56;1.92;0.55
08/04/24   ;08:00;0.39;13.3;16.4;0.39;1196;0;-0.14;0.23;0.05;179;0.13;0.04;0.32;0.19;0.05;1.66;0.4;3.27;1.99;0.58
08/04/24   ;09:00;0.55;13.4;16.5;0.55;1200;0;-0.17;0.2;0.05;185;0.12;0.02;0.35;0.19;0.06;1.61;0.63;3.79;1.95;0.56
08/04/24   ;10:00;0.64;13.4;16.4;0.64;1197;0;-0.15;0.19;0.05;180;0.12;0.01;0.31;0.18;0.05;1.66;0.42;4.3;1.95;0.68
08/04/24   ;11:00;0.63;13.4;16.3;0.63;1198;0;-0.15;0.18;0.05;175;0.11;0.01;0.27;0.17;0.05;1.69;0.43;3.84;2.09;0.69
08/04/24   ;12:00;0.52;13.3;16.5;0.52;1200;0;-0.12;0.17;0.04;180;0.08;0.01;0.25;0.13;0.04;1.65;0.33;3.89;2.11;0.71
08/04/24   ;13:00;0.34;13.3;16.9;0.34;1199;0;-0.14;0.15;0.05;145;0.11;0.02;0.25;0.17;0.05;2.04;0.29;4.28;2.69;0.98
08/04/24   ;14:00;0.14;13.4;16.7;0.14;1200;0;-0.19;0.14;0.04;167;0.09;0.01;0.28;0.14;0.04;1.77;0.3;3.94;2.21;0.71
08/04/24   ;15:00;0;13.4;17.1;0;1200;0;-0.14;0.14;0.04;138;0.1;0.01;0.24;0.16;0.05;2.16;0.33;4.43;2.89;1
08/04/24   ;16:00;-0.07;13.4;17.2;-0.07;1198;0;-0.11;0.17;0.04;159;0.09;0.01;0.22;0.14;0.04;1.88;0.35;5.07;2.12;0.87
08/04/24   ;17:00;-0.02;13.4;16.9;-0.02;1198;0;-0.12;0.16;0.04;189;0.09;0.01;0.22;0.14;0.05;1.57;0.36;3.61;1.89;0.64
08/04/24   ;18:00;0.15;13.3;17.4;0.16;1199;0;-0.11;0.13;0.04;178;0.1;0.02;0.22;0.15;0.05;1.67;0.41;3.88;2.01;0.64
08/04/24   ;19:00;0.38;13.4;17.3;0.38;1200;0;-0.17;0.14;0.04;186;0.08;0.01;0.24;0.13;0.04;1.6;0.36;3.56;2.12;0.71
08/04/24   ;20:00;0.59;13.4;17.2;0.59;1195;0;-0.11;0.13;0.03;184;0.08;0.01;0.23;0.13;0.04;1.62;0.49;3.6;1.9;0.59
08/04/24   ;21:00;0.77;13.4;16.6;0.77;1200;0;-0.14;0.15;0.04;191;0.08;0.01;0.26;0.13;0.05;1.56;0.28;3.81;1.93;0.62
08/04/24   ;22:00;0.86;13.4;16.1;0.86;1197;0;-0.11;0.12;0.03;199;0.07;0.02;0.2;0.11;0.03;1.49;0.43;3.42;1.71;0.57
08/04/24   ;23:00;0.91;13.3;16;0.91;1194;0;-0.08;0.1;0.03;196;0.06;0.01;0.17;0.1;0.03;1.51;0.28;3.33;1.8;0.58
09/04/24   ;00:00;0.84;13.4;16.5;0.84;1198;0;-0.09;0.1;0.03;148;0.07;0.01;0.18;0.1;0.03;2.02;0.33;4.35;2.65;0.81
09/04/24   ;01:00;0.65;13.4;16.5;0.65;1200;0;-0.05;0.06;0.02;150;0.04;0;0.11;0.07;0.02;1.99;0.28;4.01;2.41;0.74
09/04/24   ;02:00;0.42;13.3;16.6;0.42;1200;0;-0.04;0.05;0.01;167;0.03;0.01;0.08;0.05;0.02;1.78;0.49;4.42;1.97;0.67
09/04/24   ;03:00;0.21;13.3;16.8;0.2;1194;0;-0.06;0.06;0.02;161;0.05;0.01;0.12;0.07;0.02;1.84;0.34;4.57;2.26;0.77
09/04/24   ;04:00;0.02;13.3;17;0.01;1199;0;-0.11;0.09;0.02;179;0.04;0;0.2;0.06;0.03;1.67;0.28;3.55;2.11;0.73
09/04/24   ;05:00;-0.11;13.4;17.3;-0.11;1198;0;-0.14;0.11;0.03;152;0.07;0.01;0.21;0.11;0.04;1.95;0.31;5.12;2.9;1
09/04/24   ;06:00;-0.12;13.3;17;-0.12;1195;0;-0.1;0.09;0.03;149;0.08;0.01;0.18;0.11;0.04;2;0.52;4.64;2.52;0.85
09/04/24   ;07:00;0.02;13.3;16.7;0.02;1200;0;-0.17;0.22;0.05;176;0.12;0.02;0.39;0.18;0.06;1.69;0.5;3.61;1.97;0.61
09/04/24   ;08:00;0.24;13.3;17.2;0.24;1200;0;-0.13;0.13;0.04;183;0.1;0.02;0.23;0.15;0.04;1.63;0.28;3.53;1.94;0.66
09/04/24   ;09:00;0.44;13.3;17.1;0.44;1199;0;-0.12;0.19;0.04;199;0.1;0.02;0.31;0.15;0.05;1.49;0.3;3.34;1.8;0.61
09/04/24   ;10:00;0.59;13.3;17.1;0.59;1198;0;-0.16;0.22;0.05;184;0.12;0.01;0.32;0.19;0.06;1.62;0.33;3.38;2.07;0.68
09/04/24   ;11:00;0.68;13.3;16.8;0.68;1200;0;-0.15;0.2;0.05;186;0.13;0.03;0.31;0.2;0.06;1.6;0.36;3.37;1.89;0.64
09/04/24   ;12:00;0.67;13.4;17.1;0.67;1195;0;-0.15;0.18;0.05;176;0.12;0.01;0.29;0.18;0.05;1.69;0.27;3.49;1.93;0.62
09/04/24   ;13:00;0.58;13.4;17;0.58;1206;0;-0.13;0.13;0.04;166;0.1;0.01;0.25;0.16;0.05;1.8;0.27;3.81;2.38;0.77
09/04/24   ;14:00;0.4;13.4;17.5;0.4;1196;0;-0.12;0.14;0.04;175;0.1;0.01;0.24;0.14;0.04;1.69;0.36;4.24;2.16;0.72
09/04/24   ;15:00;0.23;13.4;17.4;0.23;1200;0;-0.12;0.13;0.04;172;0.1;0.02;0.25;0.15;0.05;1.74;0.32;3.56;2.1;0.63
09/04/24   ;16:00;0.12;13.3;17.4;0.12;1200;0;-0.12;0.15;0.05;157;0.11;0.01;0.25;0.17;0.05;1.9;0.35;3.8;2.33;0.74
09/04/24   ;17:00;0.11;13.4;17.5;0.1;1199;0;-0.14;0.21;0.05;159;0.11;0.01;0.32;0.17;0.05;1.87;0.37;3.78;2.38;0.8
09/04/24   ;18:00;0.21;13.4;17;0.21;1199;0;-0.16;0.19;0.05;177;0.12;0.01;0.31;0.2;0.06;1.68;0.29;3.85;1.88;0.66
09/04/24   ;19:00;0.41;13.4;17.3;0.41;1194;0;-0.15;0.19;0.04;189;0.1;0;0.27;0.15;0.05;1.57;0.3;3.49;1.93;0.66
09/04/24   ;20:00;0.63;13.4;16.9;0.63;1200;0;-0.13;0.15;0.04;187;0.1;0.01;0.24;0.15;0.04;1.59;0.54;3.21;1.85;0.58
09/04/24   ;21:00;0.81;13.3;16.6;0.81;1197;0;-0.09;0.1;0.03;201;0.07;0.01;0.17;0.11;0.04;1.48;0.26;2.87;1.73;0.52
09/04/24   ;22:00;0.94;13.4;16.3;0.94;1200;0;-0.13;0.17;0.04;182;0.09;0.01;0.29;0.16;0.06;1.64;0.32;3.4;1.96;0.67
09/04/24   ;23:00;1;13.4;16.4;1;1200;0;-0.11;0.1;0.03;181;0.06;0.01;0.2;0.1;0.03;1.65;0.34;4.35;2.05;0.71
10/04/24   ;00:00;0.98;13.4;16.1;0.98;1199;0;-0.08;0.11;0.03;164;0.06;0.01;0.18;0.1;0.03;1.82;0.34;3.77;2.39;0.78
10/04/24   ;01:00;0.83;13.4;15.8;0.83;1200;0;-0.06;0.09;0.02;182;0.05;0.01;0.15;0.07;0.02;1.63;0.34;3.05;2.02;0.61
10/04/24   ;02:00;0.59;13.4;16.5;0.59;1199;0;-0.04;0.04;0.01;160;0.03;0;0.07;0.05;0.01;1.86;0.26;3.67;2.31;0.69
10/04/24   ;03:00;0.34;13.3;17.1;0.34;1182;0;-0.1;0.06;0.01;179;0.03;0;0.16;0.05;0.02;1.63;0.34;4.62;2.13;0.8
10/04/24   ;04:00;0.14;13.3;17.4;0.14;1200;0;-0.07;0.1;0.02;152;0.05;0.01;0.17;0.08;0.03;1.96;0.33;6.99;2.62;1
10/04/24   ;05:00;-0.04;13.3;17.4;-0.04;1193;0;-0.1;0.11;0.03;126;0.07;0.01;0.18;0.12;0.04;2.34;0.35;4.36;3.41;1.11
10/04/24   ;06:00;-0.09;13.3;17.5;-0.09;1195;0;-0.14;0.16;0.04;169;0.09;0.01;0.3;0.14;0.05;1.75;0.32;4.57;2.18;0.75
10/04/24   ;07:00;-0.03;13.4;17.2;-0.03;1192;0;-0.16;0.15;0.04;178;0.1;0.02;0.26;0.16;0.05;1.67;0.27;3.5;2.01;0.66
10/04/24   ;08:00;0.15;13.3;17.1;0.15;1200;0;-0.16;0.18;0.05;182;0.12;0.01;0.28;0.18;0.06;1.63;0.36;3.69;2.05;0.64
10/04/24   ;09:00;0.37;13.3;16.9;0.37;1198;0;-0.14;0.16;0.04;188;0.11;0.02;0.28;0.17;0.05;1.59;0.31;3.53;1.88;0.61
10/04/24   ;10:00;0.53;13.3;16.9;0.53;1197;0;-0.12;0.17;0.04;195;0.1;0.02;0.26;0.16;0.05;1.53;0.28;3.28;1.77;0.53
10/04/24   ;11:00;0.66;13.3;17;0.66;1200;0;-0.14;0.17;0.04;185;0.11;0.02;0.28;0.16;0.05;1.61;0.49;4.43;2.06;0.69
10/04/24   ;12:00;0.71;13.3;16.8;0.71;1200;0;-0.17;0.19;0.05;190;0.13;0.01;0.32;0.19;0.06;1.57;0.43;3.37;1.84;0.6
10/04/24   ;13:00;0.69;13.3;16.9;0.69;1199;0;-0.11;0.14;0.04;179;0.09;0.02;0.24;0.14;0.04;1.65;0.31;3.95;2.02;0.68
10/04/24   ;14:00;0.57;13.3;17;0.58;1194;0;-0.15;0.2;0.05;169;0.12;0.02;0.27;0.17;0.05;1.74;0.44;3.36;1.86;0.6
10/04/24   ;15:00;0.42;13.4;17.1;0.42;1195;0;-0.14;0.12;0.04;178;0.1;0.01;0.25;0.15;0.05;1.67;0.35;3.5;2.14;0.72
10/04/24   ;16:00;0.26;13.4;17.1;0.26;1200;0;-0.16;0.19;0.05;163;0.11;0.02;0.31;0.17;0.05;1.83;0.35;4.33;2.45;0.77
10/04/24   ;17:00;0.2;13.4;17.1;0.2;1190;0;-0.1;0.11;0.03;170;0.08;0.02;0.19;0.12;0.04;1.73;0.37;3.96;2.15;0.74
10/04/24   ;18:00;0.23;13.4;17;0.23;1200;0;-0.15;0.21;0.04;180;0.1;0.01;0.32;0.16;0.05;1.66;0.59;3.42;2.01;0.6
10/04/24   ;19:00;0.34;13.3;16.9;0.34;1200;0;-0.15;0.18;0.05;168;0.12;0.01;0.31;0.18;0.06;1.76;0.36;4.51;2.26;0.72
10/04/24   ;20:00;0.51;13.4;16.7;0.51;1200;0;-0.13;0.12;0.03;188;0.08;0.01;0.25;0.13;0.04;1.58;0.42;3.89;1.88;0.6
10/04/24   ;21:00;0.71;13.4;16.3;0.71;1200;0;-0.1;0.12;0.03;216;0.07;0.01;0.21;0.11;0.03;1.37;0.29;2.72;1.61;0.51
10/04/24   ;22:00;0.85;13.4;16;0.86;1200;0;-0.14;0.13;0.04;212;0.08;0.01;0.26;0.13;0.04;1.41;0.31;3.1;1.67;0.57
10/04/24   ;23:00;0.94;13.4;15.9;0.94;1184;0;-0.08;0.09;0.02;216;0.05;0.01;0.16;0.08;0.02;1.36;0.29;3.16;1.72;0.56
11/04/24   ;00:00;0.92;13.3;15.9;0.92;1200;0;-0.08;0.07;0.02;185;0.05;0;0.13;0.08;0.03;1.61;0.28;3.59;2.18;0.76
11/04/24   ;01:00;0.8;13.4;15.9;0.8;1200;0;-0.13;0.15;0.03;188;0.07;0.01;0.26;0.11;0.04;1.59;0.41;3.16;2.13;0.67
11/04/24   ;02:00;0.59;13.4;15.9;0.59;1196;0;-0.06;0.05;0.02;208;0.04;0.01;0.11;0.06;0.02;1.43;0.39;2.86;1.69;0.52
11/04/24   ;03:00;0.36;13.4;16.2;0.35;1200;0;-0.05;0.06;0.02;152;0.04;0;0.1;0.06;0.02;1.95;0.29;4.45;2.51;0.83
11/04/24   ;04:00;0.13;13.4;16.6;0.13;1200;0;-0.06;0.07;0.02;139;0.04;0;0.11;0.07;0.02;2.13;0.28;4.99;2.93;1.07
11/04/24   ;05:00;-0.06;13.3;16.7;-0.06;1200;0;-0.07;0.06;0.02;147;0.05;0.01;0.12;0.08;0.02;2.04;0.39;6.59;2.71;0.98
11/04/24   ;06:00;-0.17;13.3;16.8;-0.17;1194;0;-0.12;0.16;0.04;147;0.1;0;0.25;0.15;0.05;2;0.4;3.78;2.38;0.74
11/04/24   ;07:00;-0.18;13.3;16.8;-0.18;1200;0;-0.13;0.15;0.04;165;0.1;0.02;0.24;0.14;0.04;1.81;0.38;4.28;2.13;0.67
11/04/24   ;08:00;-0.06;13.3;16.5;-0.06;1199;0;-0.12;0.2;0.04;185;0.1;0.02;0.29;0.16;0.05;1.62;0.31;3.71;1.88;0.62
11/04/24   ;09:00;0.13;13.4;16.1;0.13;1200;0;-0.17;0.16;0.05;180;0.12;0.03;0.3;0.18;0.05;1.66;0.46;3.48;1.9;0.61
11/04/24   ;10:00;0.31;13.3;16.2;0.31;1196;0;-0.15;0.15;0.04;195;0.11;0;0.3;0.16;0.05;1.53;0.28;3.44;1.78;0.61
11/04/24   ;11:00;0.37;13.4;16.5;0.37;1193;0;-0.14;0.17;0.04;211;0.1;0.02;0.31;0.16;0.05;1.41;0.34;2.85;1.64;0.48
11/04/24   ;12:00;0.46;13.3;16.3;0.46;1200;0;-0.14;0.2;0.05;189;0.12;0.01;0.29;0.19;0.06;1.57;0.39;3.43;1.94;0.62
11/04/24   ;13:00;0.54;13.3;16.9;0.54;1200;0;-0.14;0.22;0.05;195;0.12;0.02;0.36;0.18;0.06;1.53;0.27;3.56;1.82;0.56
11/04/24   ;14:00;0.53;13.3;16.3;0.53;1196;0;-0.12;0.11;0.03;194;0.08;0.01;0.23;0.12;0.04;1.53;0.44;3.66;1.97;0.65
11/04/24   ;15:00;0.41;13.4;17;0.41;1200;0;-0.14;0.13;0.04;188;0.08;0.01;0.26;0.13;0.04;1.58;0.32;3.55;1.85;0.57
11/04/24   ;16:00;0.27;13.3;16.5;0.27;1196;0;-0.12;0.12;0.03;168;0.08;0.01;0.22;0.13;0.04;1.77;0.34;3.72;2.19;0.71
11/04/24   ;17:00;0.16;13.3;17.1;0.16;1198;0;-0.12;0.14;0.04;172;0.09;0.01;0.21;0.13;0.04;1.73;0.44;3.28;1.94;0.6
11/04/24   ;18:00;0.12;13.4;16.9;0.12;1197;0;-0.13;0.16;0.04;175;0.1;0.02;0.27;0.15;0.05;1.69;0.47;3.81;2.08;0.59
11/04/24   ;19:00;0.18;13.4;17;0.18;1198;0;-0.11;0.16;0.04;176;0.09;0;0.24;0.14;0.04;1.69;0.28;3.17;1.93;0.56
11/04/24   ;20:00;0.32;13.4;16.9;0.31;1200;0;-0.09;0.14;0.03;178;0.07;0.01;0.17;0.11;0.03;1.67;0.35;4.28;2.17;0.74
11/04/24   ;21:00;0.48;13.4;16.4;0.48;1200;0;-0.09;0.1;0.03;177;0.07;0.01;0.17;0.1;0.03;1.68;0.31;3.84;2.06;0.75
11/04/24   ;22:00;0.62;13.3;16.9;0.62;1196;0;-0.11;0.12;0.04;183;0.08;0.02;0.24;0.14;0.05;1.62;0.33;3.52;2.08;0.66
11/04/24   ;23:00;0.7;13.4;17.1;0.7;1195;0;-0.11;0.11;0.03;182;0.08;0.02;0.18;0.12;0.03;1.64;0.29;3.88;1.93;0.6
12/04/24   ;00:00;0.72;13.4;17.1;0.72;1200;0;-0.14;0.12;0.03;153;0.07;0.01;0.26;0.12;0.05;1.95;0.41;4.55;2.61;0.82
12/04/24   ;01:00;0.65;13.4;16.6;0.65;1197;0;-0.05;0.06;0.02;168;0.05;0;0.1;0.07;0.02;1.76;0.33;3.83;2.27;0.77
12/04/24   ;02:00;0.49;13.4;17.1;0.49;1200;0;-0.04;0.04;0.01;181;0.03;0;0.07;0.04;0.01;1.64;0.29;3.5;1.93;0.67
12/04/24   ;03:00;0.3;13.3;16.5;0.3;1196;0;-0.04;0.05;0.01;151;0.03;0;0.09;0.05;0.02;1.96;0.42;3.88;2.11;0.65
12/04/24   ;04:00;0.11;13.4;17.1;0.11;1196;0;-0.09;0.09;0.03;148;0.05;0.01;0.17;0.09;0.03;2;0.3;4.79;2.79;1.04
12/04/24   ;05:00;-0.06;13.4;16.4;-0.06;1199;0;-0.12;0.16;0.03;138;0.07;0.01;0.27;0.12;0.05;2.14;0.29;5.43;2.89;1.03
12/04/24   ;06:00;-0.17;13.4;16.5;-0.17;1200;0;-0.11;0.1;0.03;154;0.07;0.01;0.19;0.11;0.03;1.94;0.39;4.74;2.3;0.8
12/04/24   ;07:00;-0.2;13.4;16.7;-0.2;1199;0;-0.11;0.15;0.04;166;0.09;0.01;0.25;0.15;0.05;1.79;0.29;3.94;2.13;0.7
12/04/24   ;08:00;-0.1;13.4;17.2;-0.1;1200;0;-0.13;0.2;0.04;195;0.09;0.01;0.28;0.14;0.05;1.52;0.4;3.48;1.82;0.59
12/04/24   ;09:00;0.05;13.3;17.3;0.05;1200;0;-0.14;0.17;0.04;193;0.11;0.01;0.29;0.16;0.05;1.55;0.36;3.38;1.87;0.58
12/04/24   ;10:00;0.22;13.3;17.3;0.22;1197;0;-0.12;0.18;0.04;207;0.11;0.02;0.28;0.16;0.05;1.44;0.46;3.16;1.61;0.51
12/04/24   ;11:00;0.35;13.3;17.4;0.35;1195;0;-0.15;0.19;0.04;187;0.1;0.01;0.28;0.16;0.05;1.59;0.33;3.71;1.83;0.62
12/04/24   ;12:00;0.45;13.4;17.1;0.45;1200;0;-0.17;0.2;0.05;183;0.12;0.01;0.34;0.19;0.07;1.63;0.33;3.77;2.1;0.7
12/04/24   ;13:00;0.49;13.3;16.7;0.49;1199;0;-0.14;0.15;0.05;168;0.11;0.01;0.24;0.17;0.05;1.77;0.32;4.58;2.22;0.82
12/04/24   ;14:00;0.47;13.3;17.4;0.47;1200;0;-0.14;0.16;0.04;170;0.1;0.01;0.28;0.16;0.05;1.75;0.63;3.59;1.94;0.6
12/04/24   ;15:00;0.38;13.3;17.6;0.38;1198;0;-0.1;0.13;0.04;182;0.09;0.01;0.21;0.14;0.04;1.63;0.25;3.52;2;0.64
12/04/24   ;16:00;0.27;13.3;17.6;0.27;1197;0;-0.12;0.11;0.04;180;0.1;0.02;0.22;0.14;0.04;1.65;0.27;3.63;1.95;0.64
12/04/24   ;17:00;0.17;13.3;18;0.17;1200;0;-0.15;0.17;0.05;172;0.12;0.02;0.29;0.18;0.06;1.73;0.47;3.65;2.1;0.63
12/04/24   ;18:00;0.14;13.4;17.7;0.14;1197;0;-0.13;0.14;0.04;181;0.09;0.01;0.23;0.15;0.05;1.65;0.37;3.89;2.02;0.63
12/04/24   ;19:00;0.17;13.3;17.5;0.17;1184;0;-0.13;0.18;0.04;173;0.11;0.01;0.3;0.17;0.05;1.69;0.37;3.27;2.06;0.6
12/04/24   ;20:00;0.27;13.3;17.7;0.28;1200;0;-0.12;0.16;0.04;177;0.1;0.02;0.22;0.15;0.04;1.68;0.52;3.56;1.99;0.61
12/04/24   ;21:00;0.41;13.3;18;0.41;1199;0;-0.11;0.1;0.03;184;0.08;0.01;0.21;0.12;0.04;1.62;0.28;3.84;1.8;0.63
12/04/24   ;22:00;0.53;13.4;17;0.53;1200;0;-0.11;0.1;0.03;186;0.07;0.01;0.16;0.11;0.03;1.6;0.32;3.41;2;0.64
12/04/24   ;23:00;0.61;13.4;17.3;0.61;1207;0;-0.12;0.13;0.03;175;0.08;0.01;0.24;0.12;0.04;1.71;0.33;3.84;2.08;0.64
13/04/24   ;00:00;0.63;13.4;16.9;0.63;1200;0;-0.08;0.08;0.02;167;0.06;0;0.14;0.09;0.03;1.77;0.34;3.66;2.21;0.74
13/04/24   ;01:00;0.58;13.3;17.5;0.58;1196;0;-0.07;0.06;0.02;168;0.05;0.01;0.11;0.07;0.02;1.77;0.36;4.12;2.16;0.66
13/04/24   ;02:00;0.48;13.4;17.7;0.48;1197;0;-0.05;0.05;0.01;138;0.03;0;0.1;0.06;0.02;2.14;0.32;3.85;2.51;0.7
13/04/24   ;03:00;0.34;13.4;16.8;0.34;1198;0;-0.04;0.04;0.01;149;0.03;0;0.07;0.04;0.01;1.99;0.37;4.54;2.52;0.83
13/04/24   ;04:00;0.2;13.4;16.9;0.2;1200;0;-0.06;0.07;0.02;149;0.04;0.01;0.12;0.07;0.02;2;0.33;4.04;2.63;0.95
13/04/24   ;05:00;0.07;13.4;17.1;0.07;1198;0;-0.12;0.13;0.04;131;0.09;0.01;0.21;0.14;0.04;2.26;0.35;4.48;2.86;0.98
13/04/24   ;06:00;-0.04;13.3;17.9;-0.04;1200;0;-0.09;0.16;0.03;161;0.07;0;0.25;0.11;0.04;1.85;0.47;4.35;2.36;0.77
13/04/24   ;07:00;-0.1;13.3;17.5;-0.11;1200;0;-0.15;0.17;0.04;155;0.11;0.01;0.3;0.17;0.05;1.92;0.29;4.12;2.18;0.69
13/04/24   ;08:00;-0.11;13.4;17.5;-0.11;1196;0;-0.1;0.13;0.03;184;0.08;0.01;0.21;0.13;0.04;1.62;0.3;3.7;1.86;0.6
13/04/24   ;09:00;-0.05;13.4;17.1;-0.05;1198;0;-0.15;0.16;0.04;184;0.11;0.02;0.29;0.17;0.06;1.62;0.39;3.82;1.85;0.55
13/04/24   ;10:00;0.06;13.4;17.4;0.06;1192;0;-0.12;0.11;0.04;189;0.09;0.02;0.23;0.14;0.04;1.56;0.32;3.3;1.86;0.54
13/04/24   ;11:00;0.18;13.3;18;0.18;1199;0;-0.13;0.15;0.04;185;0.1;0.01;0.24;0.15;0.04;1.61;0.4;3.89;1.87;0.64
13/04/24   ;12:00;0.27;13.3;17.6;0.27;1198;0;-0.11;0.14;0.04;194;0.1;0.02;0.25;0.15;0.04;1.53;0.43;3.43;1.77;0.54
13/04/24   ;13:00;0.33;13.3;17.5;0.33;1199;0;-0.13;0.14;0.04;173;0.1;0.02;0.22;0.14;0.04;1.72;0.38;3.71;2.04;0.72
13/04/24   ;14:00;0.36;13.3;18.1;0.36;1200;0;-0.14;0.16;0.05;184;0.11;0.02;0.28;0.17;0.05;1.62;0.44;3.28;1.92;0.57
13/04/24   ;15:00;0.33;13.3;17.6;0.32;1200;0;-0.11;0.17;0.04;187;0.1;0.01;0.27;0.16;0.05;1.59;0.37;4.15;1.83;0.54
13/04/24   ;16:00;0.26;13.4;18.3;0.26;1196;0;-0.16;0.14;0.04;173;0.11;0.02;0.25;0.16;0.04;1.72;0.42;3.68;1.91;0.59
13/04/24   ;17:00;0.21;13.3;18.3;0.21;1199;0;-0.12;0.16;0.04;189;0.1;0.01;0.26;0.16;0.05;1.58;0.29;3.22;1.83;0.54
13/04/24   ;18:00;0.19;13.3;18;0.19;1200;0;-0.14;0.16;0.04;184;0.11;0.01;0.26;0.17;0.05;1.62;0.32;3.49;1.84;0.59
13/04/24   ;19:00;0.23;13.3;18.1;0.23;1197;0;-0.12;0.13;0.04;191;0.09;0.02;0.25;0.13;0.04;1.55;0.45;3.57;1.82;0.54
13/04/24   ;20:00;0.31;13.3;17.6;0.3;1198;0;-0.14;0.14;0.04;169;0.1;0.02;0.24;0.15;0.05;1.76;0.58;3.75;2.14;0.68
13/04/24   ;21:00;0.39;13.3;17.6;0.39;1200;0;-0.13;0.14;0.04;173;0.09;0.01;0.26;0.15;0.05;1.72;0.33;3.82;2.07;0.66
13/04/24   ;22:00;0.47;13.3;18.6;0.47;1183;0;-0.1;0.13;0.03;192;0.08;0.01;0.2;0.12;0.04;1.53;0.35;2.97;1.79;0.48
13/04/24   ;23:00;0.53;13.3;18;0.52;1199;0;-0.12;0.17;0.03;171;0.08;0;0.23;0.13;0.04;1.74;0.36;3.81;2.19;0.71
14/04/24   ;00:00;0.55;13.4;17.9;0.55;1194;0;-0.07;0.08;0.02;172;0.06;0.01;0.14;0.09;0.03;1.73;0.48;3.27;2.14;0.68
14/04/24   ;01:00;0.55;13.4;18.4;0.55;1200;0;-0.06;0.08;0.02;141;0.06;0.01;0.13;0.09;0.03;2.11;0.54;3.79;2.49;0.71
14/04/24   ;02:00;0.5;13.4;18;0.5;1197;0;-0.11;0.1;0.02;161;0.04;0;0.21;0.08;0.03;1.84;0.28;4.84;2.26;0.7
14/04/24   ;03:00;0.41;13.4;17.8;0.41;1200;0;-0.08;0.08;0.02;153;0.06;0;0.16;0.09;0.03;1.95;0.45;3.21;2.08;0.46
14/04/24   ;04:00;0.3;13.3;17.9;0.3;1198;0;-0.07;0.08;0.02;130;0.05;0.01;0.13;0.09;0.03;2.28;0.3;3.99;3.07;0.95
14/04/24   ;05:00;0.18;13.4;18.3;0.18;1200;0;-0.07;0.09;0.02;162;0.05;0.01;0.17;0.08;0.03;1.84;0.27;4.08;2.26;0.79
14/04/24   ;06:00;0.08;13.4;18;0.08;1194;0;-0.09;0.09;0.03;139;0.07;0.01;0.16;0.11;0.03;2.13;0.52;4.43;2.59;0.87
14/04/24   ;07:00;-0.02;13.4;18.3;-0.02;1200;0;-0.11;0.13;0.04;167;0.08;0.02;0.21;0.13;0.04;1.78;0.55;4.04;2.07;0.64
14/04/24   ;08:00;-0.07;13.4;18.4;-0.07;1183;0;-0.14;0.12;0.04;171;0.09;0.01;0.24;0.13;0.04;1.72;0.28;3.62;1.98;0.58
14/04/24   ;09:00;-0.08;13.3;18.5;-0.08;1200;0;-0.1;0.12;0.03;180;0.08;0.01;0.2;0.13;0.04;1.65;0.57;3.54;1.87;0.58
14/04/24   ;10:00;-0.05;13.3;18.6;-0.05;1200;0;-0.14;0.17;0.04;179;0.1;0.01;0.3;0.16;0.05;1.67;0.46;3.72;1.96;0.57
14/04/24   ;11:00;0.02;13.4;18.5;0.02;1200;0;-0.12;0.12;0.04;182;0.09;0.01;0.2;0.13;0.04;1.63;0.39;3.37;1.81;0.54
14/04/24   ;12:00;0.11;13.4;18.7;0.11;1197;0;-0.12;0.14;0.04;179;0.1;0.01;0.19;0.15;0.04;1.66;0.43;3.37;1.96;0.62
14/04/24   ;13:00;0.19;13.4;19.4;0.19;1197;0;-0.11;0.13;0.04;181;0.09;0.01;0.21;0.14;0.04;1.65;0.28;3.82;2.11;0.77
14/04/24   ;14:00;0.25;13.3;18.5;0.25;1199;0;-0.17;0.14;0.05;180;0.11;0.02;0.25;0.17;0.05;1.66;0.31;3.54;1.94;0.59
14/04/24   ;15:00;0.3;13.3;19.6;0.3;1200;0;-0.13;0.21;0.05;175;0.11;0.01;0.31;0.17;0.05;1.7;0.38;4.04;2;0.66
14/04/24   ;16:00;0.33;13.3;18.8;0.33;1200;0;-0.12;0.14;0.04;181;0.1;0.01;0.26;0.15;0.05;1.65;0.28;3.53;2;0.65
14/04/24   ;17:00;0.37;13.4;19.1;0.37;1216;0;-0.16;0.13;0.05;191;0.11;0.02;0.26;0.16;0.05;1.59;0.45;3.58;1.83;0.49
14/04/24   ;18:00;0.38;13.3;19.4;0.38;1199;0;-0.15;0.16;0.05;162;0.13;0.02;0.29;0.2;0.05;1.83;0.43;3.66;2.11;0.67
14/04/24   ;19:00;0.38;13.4;19.4;0.38;1190;0;-0.14;0.17;0.05;171;0.12;0.02;0.29;0.18;0.06;1.72;0.38;4;1.9;0.66
14/04/24   ;20:00;0.39;13.3;19.3;0.39;1196;0;-0.14;0.16;0.04;163;0.11;0.02;0.24;0.17;0.05;1.83;0.56;4.13;2.11;0.68
14/04/24   ;21:00;0.42;13.3;18.3;0.42;1199;0;-0.09;0.14;0.03;177;0.08;0.01;0.23;0.12;0.04;1.68;0.27;3.56;2.04;0.63
14/04/24   ;22:00;0.47;13.3;18.1;0.47;1197;0;-0.08;0.1;0.03;180;0.07;0.01;0.16;0.1;0.03;1.66;0.33;3.51;2.08;0.68
14/04/24   ;23:00;0.52;13.3;18.5;0.52;1198;0;-0.08;0.1;0.03;188;0.06;0;0.16;0.09;0.03;1.58;0.3;4;1.96;0.64
15/04/24   ;00:00;0.56;13.3;18.5;0.56;1198;0;-0.11;0.08;0.03;166;0.06;0;0.17;0.1;0.03;1.79;0.29;3.59;2.13;0.69
15/04/24   ;01:00;0.56;13.3;18.3;0.56;1200;0;-0.11;0.11;0.03;182;0.06;0.01;0.19;0.1;0.03;1.64;0.34;4.02;2.17;0.71
15/04/24   ;02:00;0.54;13.3;18.1;0.54;1200;0;-0.06;0.06;0.02;216;0.04;0.01;0.11;0.06;0.02;1.37;0.36;3.64;1.73;0.59
15/04/24   ;03:00;0.47;13.4;18.5;0.47;1197;0;-0.03;0.03;0.01;161;0.03;0;0.06;0.04;0.01;1.84;0.31;4.01;2.3;0.75
15/04/24   ;04:00;0.38;13.4;18.8;0.38;1200;0;-0.07;0.07;0.02;148;0.06;0;0.13;0.09;0.03;2;0.36;4.06;2.44;0.81
15/04/24   ;05:00;0.28;13.4;18.4;0.28;1192;0;-0.08;0.08;0.03;143;0.07;0.01;0.15;0.11;0.03;2.08;0.34;4.19;2.69;0.8
15/04/24   ;06:00;0.19;13.4;18.4;0.19;1196;0;-0.11;0.14;0.04;153;0.09;0.01;0.25;0.13;0.04;1.93;0.47;3.69;2.37;0.7
15/04/24   ;07:00;0.11;13.3;19;0.11;1199;0;-0.14;0.18;0.04;157;0.1;0;0.27;0.17;0.06;1.9;0.31;3.85;2.45;0.79
15/04/24   ;08:00;0.03;13.4;18.8;0.03;1200;0;-0.13;0.14;0.04;170;0.09;0.02;0.21;0.14;0.04;1.76;0.54;3.75;2.12;0.63
15/04/24   ;09:00;0;13.4;18.5;0;1200;0;-0.12;0.11;0.04;176;0.09;0.01;0.2;0.13;0.04;1.69;0.39;3.43;1.98;0.6
15/04/24   ;10:00;0;13.4;19.2;0;1196;0;-0.14;0.18;0.04;185;0.09;0.02;0.23;0.15;0.05;1.61;0.35;3.84;1.91;0.58
15/04/24   ;11:00;0.03;13.4;18.7;0.03;1200;0;-0.11;0.16;0.04;189;0.1;0.01;0.24;0.16;0.05;1.57;0.38;3.15;1.89;0.58
15/04/24   ;12:00;0.12;13.4;18.4;0.12;1199;0;-0.13;0.19;0.04;182;0.11;0.02;0.29;0.16;0.05;1.64;0.36;3.82;1.95;0.57
15/04/24   ;13:00;0.2;13.3;19.5;0.2;1200;0;-0.13;0.12;0.04;181;0.1;0.01;0.22;0.15;0.05;1.65;0.47;3.8;2.02;0.6
15/04/24   ;14:00;0.3;13.4;18.9;0.3;1199;0;-0.13;0.15;0.04;185;0.11;0.02;0.27;0.16;0.05;1.61;0.53;3.62;1.9;0.61
15/04/24   ;15:00;0.38;13.4;19.6;0.38;1200;0;-0.12;0.14;0.04;190;0.1;0.01;0.23;0.15;0.05;1.57;0.32;3.56;1.9;0.59
15/04/24   ;16:00;0.44;13.4;19.1;0.44;1196;0;-0.16;0.18;0.05;177;0.12;0.01;0.3;0.19;0.06;1.68;0.26;3.61;1.91;0.64
15/04/24   ;17:00;0.49;13.3;19.3;0.49;1197;0;-0.12;0.21;0.05;180;0.11;0.01;0.33;0.17;0.05;1.65;0.29;3.71;2.01;0.62
15/04/24   ;18:00;0.55;13.3;19.4;0.55;1200;0;-0.13;0.19;0.05;170;0.12;0.02;0.31;0.18;0.06;1.75;0.44;3.36;2.09;0.67
15/04/24   ;19:00;0.56;13.3;18.7;0.56;1199;0;-0.12;0.14;0.04;185;0.1;0.01;0.23;0.15;0.04;1.6;0.31;3.32;1.85;0.56
15/04/24   ;20:00;0.58;13.3;18.4;0.58;1199;0;-0.12;0.12;0.04;173;0.09;0.01;0.2;0.13;0.04;1.72;0.26;3.34;2.09;0.63
15/04/24   ;21:00;0.62;13.3;17.8;0.62;1201;0;-0.14;0.17;0.03;172;0.08;0.01;0.28;0.13;0.04;1.73;0.38;3.66;2.02;0.64
15/04/24   ;22:00;0.65;13.4;18.3;0.65;1207;0;-0.15;0.14;0.04;185;0.08;0.01;0.26;0.14;0.05;1.62;0.34;3.23;1.87;0.54
15/04/24   ;23:00;0.63;13.3;18.3;0.63;1195;0;-0.14;0.14;0.04;172;0.1;0.01;0.25;0.15;0.05;1.72;0.28;3.37;2.13;0.59
16/04/24   ;00:00;0.62;13.3;18;0.62;1197;0;-0.12;0.12;0.04;172;0.09;0.01;0.22;0.13;0.04;1.72;0.38;3.6;2.16;0.66
16/04/24   ;01:00;0.57;13.4;18;0.57;1198;0;-0.11;0.09;0.03;182;0.07;0.01;0.17;0.11;0.03;1.63;0.42;4;1.93;0.58
16/04/24   ;02:00;0.5;13.3;18.6;0.5;1193;0;-0.07;0.06;0.02;199;0.04;0;0.11;0.07;0.02;1.49;0.3;3.01;1.74;0.51
16/04/24   ;03:00;0.44;13.3;18.2;0.44;1198;0;-0.08;0.09;0.02;175;0.04;0.01;0.16;0.07;0.02;1.7;0.29;3.87;2.24;0.73
16/04/24   ;04:00;0.37;13.3;19.1;0.37;1199;0;-0.09;0.1;0.03;158;0.06;0;0.15;0.1;0.03;1.89;0.25;4.47;2.48;0.82
16/04/24   ;05:00;0.32;13.3;18;0.32;1199;0;-0.07;0.08;0.02;169;0.05;0;0.15;0.08;0.03;1.76;0.35;3.49;2.28;0.7
16/04/24   ;06:00;0.28;13.4;18.3;0.28;1200;0;-0.11;0.11;0.03;157;0.08;0.01;0.19;0.13;0.04;1.89;0.35;3.71;2.3;0.72
16/04/24   ;07:00;0.26;13.4;18.2;0.26;1201;0;-0.16;0.17;0.05;165;0.11;0.01;0.29;0.18;0.06;1.81;0.33;3.84;2.17;0.71
16/04/24   ;08:00;0.25;13.4;17.9;0.25;1197;0;-0.2;0.18;0.05;176;0.11;0.01;0.38;0.19;0.07;1.69;0.29;3.11;1.99;0.59
16/04/24   ;09:00;0.25;13.4;18.1;0.25;1200;0;-0.14;0.12;0.04;189;0.09;0.01;0.25;0.14;0.04;1.58;0.3;3.34;1.93;0.62
16/04/24   ;10:00;0.23;13.3;18.4;0.24;1197;0;-0.13;0.16;0.04;180;0.11;0.02;0.26;0.16;0.05;1.66;0.41;3.6;1.96;0.66
16/04/24   ;11:00;0.22;13.4;18;0.22;1200;0;-0.15;0.14;0.04;180;0.1;0.02;0.23;0.16;0.05;1.64;0.26;4.03;1.83;0.55
16/04/24   ;12:00;0.22;13.4;19.1;0.22;1201;0;-0.13;0.13;0.04;176;0.1;0.01;0.23;0.16;0.05;1.69;0.3;2.98;1.94;0.55
16/04/24   ;13:00;0.26;13.4;18.7;0.26;1196;0;-0.14;0.18;0.05;166;0.11;0;0.3;0.18;0.06;1.79;0.34;4.28;2.27;0.74
16/04/24   ;14:00;0.34;13.4;19.1;0.34;1197;0;-0.14;0.14;0.04;166;0.11;0.01;0.26;0.16;0.05;1.79;0.54;3.89;2.18;0.69
16/04/24   ;15:00;0.41;13.4;19.3;0.41;1196;0;-0.23;0.27;0.06;178;0.15;0.03;0.44;0.23;0.07;1.67;0.33;3.45;1.97;0.58
16/04/24   ;16:00;0.46;13.3;19.4;0.46;1198;0;-0.19;0.28;0.07;186;0.17;0.02;0.44;0.25;0.07;1.61;0.35;3.24;1.85;0.51
16/04/24   ;17:00;0.55;13.4;18.6;0.55;1201;0;-0.3;0.42;0.09;179;0.22;0.03;0.63;0.34;0.11;1.67;0.45;3.46;1.82;0.53
16/04/24   ;18:00;0.69;13.4;18.4;0.69;1193;0;-0.24;0.29;0.09;175;0.22;0.02;0.48;0.33;0.1;1.7;0.34;3.93;1.9;0.55
16/04/24   ;19:00;0.79;13.4;16.6;0.79;1198;0;-0.21;0.3;0.07;190;0.18;0.04;0.48;0.26;0.07;1.57;0.36;3.4;1.77;0.5
16/04/24   ;20:00;0.78;13.4;17.2;0.78;1195;0;-0.19;0.28;0.07;188;0.16;0.03;0.42;0.24;0.08;1.58;0.33;2.98;1.88;0.5
16/04/24   ;21:00;0.76;13.4;18;0.76;1198;0;-0.16;0.23;0.05;195;0.12;0.01;0.39;0.2;0.06;1.52;0.39;2.95;1.82;0.52
16/04/24   ;22:00;0.75;13.3;17.4;0.75;1200;0;-0.21;0.19;0.06;168;0.14;0.02;0.37;0.21;0.06;1.77;0.36;4.1;2.16;0.61
16/04/24   ;23:00;0.7;13.3;17.5;0.7;1200;0;-0.15;0.16;0.04;182;0.09;0.01;0.29;0.14;0.05;1.64;0.51;3.57;1.97;0.59
17/04/24   ;00:00;0.6;13.4;17.5;0.6;1200;0;-0.13;0.2;0.04;171;0.1;0.01;0.31;0.15;0.05;1.75;0.33;3.65;2.09;0.65
17/04/24   ;01:00;0.45;13.4;17.6;0.45;1199;0;-0.13;0.14;0.04;147;0.1;0.02;0.25;0.15;0.05;2.03;0.6;3.58;2.23;0.64
17/04/24   ;02:00;0.3;13.4;17.6;0.3;1198;0;-0.06;0.07;0.02;171;0.05;0.01;0.11;0.07;0.02;1.75;0.43;3.54;2.06;0.57
17/04/24   ;03:00;0.24;13.3;17.4;0.24;1200;0;-0.07;0.07;0.02;159;0.04;0.01;0.14;0.07;0.02;1.87;0.47;3.74;2.47;0.81
17/04/24   ;04:00;0.23;13.3;17.3;0.23;1196;0;-0.07;0.09;0.02;151;0.05;0.01;0.16;0.08;0.03;1.96;0.27;4.24;2.62;0.87
17/04/24   ;05:00;0.2;13.3;17.3;0.2;1196;0;-0.11;0.13;0.03;141;0.07;0;0.22;0.12;0.04;2.09;0.33;3.75;2.69;0.86
17/04/24   ;06:00;0.2;13.3;17.3;0.2;1200;0;-0.15;0.15;0.04;147;0.1;0.01;0.28;0.16;0.05;2.02;0.52;3.98;2.52;0.71
17/04/24   ;07:00;0.23;13.4;17.2;0.24;1196;0;-0.12;0.14;0.04;170;0.1;0.02;0.21;0.15;0.04;1.73;0.35;3.63;2.07;0.65
17/04/24   ;08:00;0.23;13.4;17.2;0.24;1195;0;-0.14;0.18;0.05;156;0.12;0.01;0.28;0.18;0.05;1.89;0.37;3.95;2.14;0.68
17/04/24   ;09:00;0.15;13.4;17.5;0.15;1197;0;-0.14;0.16;0.04;186;0.1;0.01;0.25;0.16;0.05;1.59;0.31;3.18;2.04;0.61
17/04/24   ;10:00;0.1;13.4;17;0.1;1200;0;-0.16;0.24;0.05;163;0.11;0.02;0.34;0.18;0.06;1.83;0.33;4.14;2.33;0.76
17/04/24   ;11:00;0.07;13.4;17.9;0.07;1196;0;-0.15;0.17;0.05;171;0.12;0.02;0.26;0.17;0.05;1.74;0.36;3.71;2.1;0.66
17/04/24   ;12:00;0.08;13.4;17.1;0.08;1200;0;-0.14;0.18;0.05;180;0.11;0.02;0.3;0.17;0.05;1.65;0.32;3.61;1.97;0.58
17/04/24   ;13:00;0.2;13.4;17.9;0.2;1200;0;-0.17;0.16;0.05;185;0.12;0.01;0.27;0.19;0.06;1.61;0.36;3.85;1.96;0.66
17/04/24   ;14:00;0.35;13.3;17.5;0.35;1195;0;-0.16;0.19;0.05;187;0.13;0.01;0.33;0.2;0.06;1.59;0.35;3.65;1.94;0.63
17/04/24   ;15:00;0.4;13.4;17.2;0.4;1200;0;-0.13;0.16;0.05;185;0.12;0;0.25;0.17;0.05;1.61;0.34;3.47;1.71;0.58
17/04/24   ;16:00;0.41;13.4;17;0.41;1200;0;-0.13;0.17;0.04;167;0.11;0.02;0.27;0.16;0.05;1.79;0.39;3.43;2.12;0.7
17/04/24   ;17:00;0.45;13.4;16.4;0.45;1200;0;-0.17;0.24;0.05;174;0.12;0.02;0.41;0.19;0.06;1.71;0.4;4.26;2.08;0.71
17/04/24   ;18:00;0.52;13.4;15.9;0.52;1200;0;-0.17;0.22;0.05;184;0.13;0.02;0.31;0.2;0.06;1.62;0.29;3.55;1.98;0.65
17/04/24   ;19:00;0.6;13.4;15.7;0.6;1196;0;-0.19;0.27;0.06;182;0.14;0.02;0.37;0.21;0.07;1.63;0.42;3.24;1.9;0.56
17/04/24   ;20:00;0.65;13.4;15.4;0.65;1200;0;-0.14;0.15;0.05;189;0.11;0.01;0.26;0.17;0.05;1.58;0.34;3.8;1.89;0.65
17/04/24   ;21:00;0.64;13.4;15.4;0.64;1200;0;-0.14;0.12;0.04;192;0.09;0.01;0.21;0.14;0.05;1.56;0.32;2.99;1.9;0.57
17/04/24   ;22:00;0.56;13.4;15.5;0.56;1200;0;-0.19;0.2;0.05;160;0.12;0.02;0.32;0.18;0.06;1.86;0.54;3.88;2.17;0.65
17/04/24   ;23:00;0.44;13.4;15.9;0.44;1200;0;-0.18;0.18;0.05;170;0.11;0.01;0.36;0.17;0.06;1.75;0.36;3.7;2.1;0.66
18/04/24   ;00:00;0.37;13.4;16.2;0.37;1200;0;-0.19;0.18;0.05;159;0.12;0;0.33;0.2;0.07;1.87;0.25;4.93;2.36;0.8
18/04/24   ;01:00;0.31;13.3;16.3;0.31;1193;0;-0.18;0.16;0.04;150;0.11;0.02;0.29;0.16;0.05;1.98;0.49;4.08;2.3;0.78
18/04/24   ;02:00;0.24;13.3;16.5;0.24;1195;0;-0.14;0.12;0.04;152;0.09;0.02;0.23;0.13;0.04;1.96;0.52;5.02;2.41;0.82
18/04/24   ;03:00;0.24;13.4;16.5;0.25;1200;0;-0.1;0.1;0.03;170;0.08;0.02;0.17;0.11;0.03;1.75;0.51;3.48;2.08;0.56
18/04/24   ;04:00;0.3;13.4;15.9;0.3;1195;0;-0.14;0.15;0.04;150;0.1;0.01;0.28;0.16;0.05;1.98;0.5;3.76;2.33;0.74
18/04/24   ;05:00;0.36;13.4;15.8;0.36;1194;0;-0.1;0.11;0.03;177;0.08;0;0.21;0.12;0.04;1.68;0.34;3.89;2.25;0.75
18/04/24   ;06:00;0.44;13.3;15.5;0.44;1195;0;-0.11;0.15;0.04;183;0.09;0.01;0.24;0.14;0.04;1.63;0.33;3.61;2.22;0.75
18/04/24   ;07:00;0.49;13.4;15.3;0.49;1200;0;-0.16;0.19;0.05;169;0.13;0.01;0.31;0.2;0.06;1.76;0.39;3.62;2.08;0.63
18/04/24   ;08:00;0.5;13.3;15.3;0.5;1191;0;-0.19;0.24;0.06;181;0.15;0.01;0.38;0.22;0.07;1.64;0.26;4.11;1.95;0.6
18/04/24   ;09:00;0.49;13.4;15.4;0.49;1200;0;-0.12;0.16;0.05;177;0.11;0.01;0.26;0.17;0.05;1.68;0.38;3.49;2.04;0.62
18/04/24   ;10:00;0.46;13.4;15.5;0.45;1200;0;-0.14;0.16;0.04;183;0.1;0.01;0.25;0.16;0.05;1.63;0.27;3.98;1.97;0.6
18/04/24   ;11:00;0.39;13.3;16.3;0.39;1200;0;-0.13;0.16;0.05;167;0.11;0.01;0.26;0.17;0.05;1.78;0.37;3.74;2.15;0.67
18/04/24   ;12:00;0.31;13.4;15.7;0.31;1200;0;-0.14;0.13;0.04;173;0.11;0.01;0.25;0.16;0.05;1.71;0.38;3.11;2.07;0.61
18/04/24   ;13:00;0.22;13.4;16.5;0.22;1197;0;-0.16;0.24;0.05;174;0.12;0.02;0.32;0.18;0.06;1.72;0.46;4.25;2.19;0.66
18/04/24   ;14:00;0.19;13.4;16.1;0.19;1200;0;-0.17;0.18;0.05;155;0.11;0.01;0.32;0.17;0.05;1.92;0.48;4.23;2.27;0.73
18/04/24   ;15:00;0.19;13.4;16.2;0.19;1194;0;-0.12;0.16;0.05;183;0.12;0.01;0.26;0.19;0.05;1.63;0.33;3.15;1.99;0.59
18/04/24   ;16:00;0.27;13.4;16;0.27;1197;0;-0.15;0.15;0.05;193;0.11;0.03;0.27;0.17;0.05;1.54;0.33;3.29;1.82;0.54
18/04/24   ;17:00;0.4;13.3;15.6;0.4;1196;0;-0.15;0.17;0.05;192;0.12;0.02;0.3;0.19;0.05;1.55;0.31;3.06;1.82;0.57
18/04/24   ;18:00;0.55;13.4;15.3;0.55;1200;0;-0.14;0.18;0.05;193;0.12;0.01;0.27;0.18;0.05;1.55;0.29;3.33;1.81;0.58
18/04/24   ;19:00;0.63;13.4;15.2;0.62;1198;0;-0.17;0.21;0.06;189;0.15;0.03;0.35;0.23;0.07;1.57;0.4;3.54;1.91;0.61
18/04/24   ;20:00;0.65;13.4;15.1;0.65;1200;0;-0.16;0.2;0.05;183;0.12;0.01;0.33;0.18;0.06;1.63;0.32;3.32;2.04;0.67
18/04/24   ;21:00;0.65;13.4;15.1;0.65;1191;0;-0.16;0.21;0.05;174;0.12;0.01;0.31;0.18;0.06;1.71;0.4;3.85;2.1;0.7
18/04/24   ;22:00;0.57;13.4;15.1;0.57;1197;0;-0.19;0.2;0.05;162;0.12;0.02;0.36;0.2;0.07;1.84;0.44;3.34;2.25;0.62
18/04/24   ;23:00;0.47;13.4;15.2;0.47;1196;0;-0.16;0.17;0.05;181;0.11;0.02;0.27;0.17;0.05;1.64;0.26;3.45;1.9;0.59
19/04/24   ;00:00;0.36;13.3;15.4;0.36;1200;0;-0.15;0.21;0.05;164;0.12;0.01;0.36;0.18;0.06;1.81;0.35;4.09;2.26;0.74
19/04/24   ;01:00;0.27;13.3;15.5;0.27;1197;0;-0.13;0.14;0.04;156;0.09;0.01;0.28;0.14;0.05;1.89;0.37;3.75;2.35;0.68
19/04/24   ;02:00;0.22;13.4;15.6;0.22;1195;0;-0.11;0.11;0.03;167;0.07;0.01;0.21;0.11;0.04;1.78;0.28;3.16;2.04;0.57
19/04/24   ;03:00;0.19;13.4;15.5;0.19;1192;0;-0.09;0.1;0.03;134;0.07;0.01;0.18;0.11;0.04;2.2;0.37;4.8;2.86;0.89
19/04/24   ;04:00;0.2;13.3;15.4;0.2;1198;0;-0.16;0.17;0.04;143;0.09;0.01;0.27;0.15;0.05;2.08;0.31;4.69;2.5;0.84
19/04/24   ;05:00;0.27;13.3;15.3;0.27;1200;0;-0.09;0.11;0.03;165;0.07;0;0.2;0.1;0.03;1.8;0.4;3.83;2.14;0.68
19/04/24   ;06:00;0.38;13.4;15.1;0.38;1200;0;-0.12;0.18;0.04;145;0.11;0.02;0.3;0.16;0.05;2.05;0.55;4.29;2.53;0.82
19/04/24   ;07:00;0.5;13.4;14.9;0.5;1200;0;-0.16;0.2;0.05;170;0.12;0.02;0.3;0.17;0.05;1.75;0.37;3.84;2.04;0.71
19/04/24   ;08:00;0.58;13.4;14.8;0.59;1200;0;-0.12;0.13;0.04;194;0.1;0.01;0.24;0.16;0.05;1.54;0.36;3.57;1.75;0.6
19/04/24   ;09:00;0.63;13.3;14.7;0.62;1200;0;-0.13;0.15;0.04;178;0.11;0.01;0.24;0.17;0.05;1.68;0.38;3.75;2.14;0.74
19/04/24   ;10:00;0.58;13.4;14.8;0.58;1200;0;-0.14;0.16;0.04;185;0.1;0.01;0.3;0.16;0.05;1.62;0.26;4.06;2.02;0.69
19/04/24   ;11:00;0.48;13.4;15;0.48;1199;0;-0.11;0.16;0.04;175;0.09;0.01;0.26;0.14;0.04;1.69;0.42;3.83;2.13;0.71
19/04/24   ;12:00;0.35;13.4;15.4;0.35;1200;0;-0.11;0.13;0.04;178;0.1;0.01;0.21;0.15;0.04;1.67;0.3;4.74;2.1;0.7
19/04/24   ;13:00;0.22;13.4;15;0.22;1198;0;-0.14;0.15;0.04;182;0.1;0.02;0.26;0.15;0.05;1.64;0.34;3.66;1.9;0.61
19/04/24   ;14:00;0.13;13.4;15.7;0.13;1195;0;-0.1;0.14;0.04;183;0.09;0.01;0.2;0.14;0.04;1.63;0.36;4.34;2.01;0.67
19/04/24   ;15:00;0.1;13.3;16.1;0.1;1195;0;-0.15;0.16;0.05;157;0.12;0.01;0.25;0.17;0.05;1.89;0.34;4.13;2.17;0.74
19/04/24   ;16:00;0.17;13.4;15.6;0.17;1199;0;-0.17;0.2;0.05;166;0.12;0.02;0.36;0.19;0.06;1.79;0.32;4.15;2.2;0.73
19/04/24   ;17:00;0.31;13.4;16.3;0.31;1197;0;-0.13;0.17;0.04;178;0.1;0.01;0.24;0.16;0.05;1.66;0.35;3.99;1.97;0.66
19/04/24   ;18:00;0.47;13.4;15.5;0.46;1200;0;-0.15;0.12;0.04;190;0.1;0.01;0.24;0.15;0.05;1.56;0.35;3.74;2.02;0.67
19/04/24   ;19:00;0.61;13.4;15.4;0.61;1200;0;-0.12;0.16;0.04;189;0.11;0.01;0.27;0.17;0.05;1.58;0.37;3.43;1.98;0.67
19/04/24   ;20:00;0.72;13.4;15.1;0.72;1200;0;-0.14;0.23;0.05;183;0.12;0.01;0.36;0.18;0.06;1.63;0.38;3.7;2.05;0.65
19/04/24   ;21:00;0.76;13.4;15;0.76;1196;0;-0.13;0.18;0.05;178;0.11;0.03;0.28;0.17;0.05;1.67;0.38;4.05;2.13;0.68
19/04/24   ;22:00;0.72;13.4;15;0.72;1200;0;-0.16;0.21;0.05;171;0.11;0.02;0.34;0.17;0.06;1.74;0.33;3.98;2.09;0.69
19/04/24   ;23:00;0.63;13.4;15.1;0.63;1196;0;-0.17;0.15;0.05;167;0.11;0.03;0.31;0.17;0.05;1.78;0.44;3.97;2.02;0.66
20/04/24   ;00:00;0.49;13.4;15.3;0.48;1200;0;-0.15;0.16;0.05;148;0.11;0.01;0.28;0.18;0.06;2.01;0.34;4.94;2.63;0.9
20/04/24   ;01:00;0.31;13.4;15.5;0.31;1200;0;-0.1;0.11;0.03;148;0.08;0.01;0.2;0.13;0.04;2.02;0.34;3.96;2.52;0.79
20/04/24   ;02:00;0.18;13.4;15.5;0.18;1198;0;-0.09;0.07;0.02;168;0.05;0.01;0.14;0.08;0.03;1.77;0.33;5.73;2.19;0.72
20/04/24   ;03:00;0.11;13.4;15.5;0.11;1200;0;-0.07;0.08;0.02;170;0.05;0.01;0.15;0.08;0.03;1.75;0.37;4.2;2.16;0.71
20/04/24   ;04:00;0.12;13.3;15.4;0.12;1183;0;-0.05;0.07;0.02;165;0.04;0;0.1;0.06;0.02;1.78;0.28;3.94;2.39;0.8
20/04/24   ;05:00;0.21;13.3;15.4;0.21;1200;0;-0.09;0.08;0.02;178;0.05;0.01;0.15;0.08;0.03;1.68;0.31;3.74;2.07;0.65
20/04/24   ;06:00;0.37;13.4;15.4;0.37;1197;0;-0.12;0.11;0.03;157;0.08;0.01;0.21;0.13;0.04;1.89;0.39;4.08;2.19;0.75
20/04/24   ;07:00;0.52;13.4;14.9;0.52;1200;0;-0.13;0.14;0.04;195;0.09;0.01;0.23;0.14;0.04;1.53;0.36;3.38;1.88;0.58
20/04/24   ;08:00;0.63;13.3;14.8;0.63;1200;0;-0.1;0.15;0.04;170;0.1;0.02;0.25;0.15;0.04;1.75;0.45;3.85;2.05;0.65
20/04/24   ;09:00;0.71;13.3;14.7;0.71;1199;0;-0.12;0.17;0.04;188;0.09;0.02;0.27;0.14;0.04;1.58;0.44;3.67;1.97;0.6
20/04/24   ;10:00;0.7;13.3;14.7;0.7;1200;0;-0.13;0.15;0.04;195;0.1;0.02;0.22;0.15;0.05;1.53;0.27;3.5;1.88;0.59
20/04/24   ;11:00;0.59;13.4;14.9;0.59;1200;0;-0.12;0.14;0.04;187;0.1;0.01;0.21;0.15;0.04;1.6;0.4;3.85;1.84;0.61
20/04/24   ;12:00;0.44;13.4;15.3;0.43;1200;0;-0.14;0.14;0.04;172;0.1;0.01;0.24;0.15;0.05;1.72;0.32;4.45;2.24;0.78
20/04/24   ;13:00;0.25;13.3;15.8;0.25;1200;0;-0.12;0.14;0.04;191;0.09;0.01;0.25;0.14;0.04;1.56;0.42;3.65;1.9;0.62
20/04/24   ;14:00;0.12;13.4;15.5;0.12;1195;0;-0.13;0.16;0.04;183;0.09;0.01;0.25;0.14;0.04;1.62;0.4;3.72;1.9;0.64
20/04/24   ;15:00;0.05;13.4;15.7;0.05;1195;0;-0.14;0.16;0.04;172;0.1;0.02;0.29;0.16;0.05;1.72;0.42;3.31;1.98;0.56
20/04/24   ;16:00;0.12;13.4;15.5;0.12;1200;0;-0.14;0.17;0.05;176;0.11;0.01;0.3;0.17;0.05;1.69;0.29;3.66;2.1;0.67
20/04/24   ;17:00;0.24;13.4;15.3;0.23;1206;0;-0.2;0.17;0.05;177;0.13;0.02;0.37;0.2;0.06;1.7;0.37;3.36;1.93;0.58
20/04/24   ;18:00;0.41;13.4;15.2;0.41;1197;0;-0.15;0.19;0.05;184;0.12;0.01;0.31;0.19;0.06;1.62;0.27;3.58;1.95;0.65
20/04/24   ;19:00;0.57;13.3;15.1;0.57;1200;0;-0.15;0.21;0.05;194;0.12;0.02;0.3;0.18;0.06;1.54;0.27;3.2;1.79;0.61
20/04/24   ;20:00;0.68;13.4;14.9;0.68;1200;0;-0.13;0.16;0.04;193;0.1;0.02;0.27;0.16;0.05;1.54;0.34;3.23;1.73;0.59
20/04/24   ;21:00;0.73;13.4;14.9;0.73;1200;0;-0.11;0.13;0.03;186;0.08;0;0.23;0.13;0.04;1.6;0.35;3.51;1.9;0.61
20/04/24   ;22:00;0.72;13.4;14.8;0.72;1200;0;-0.1;0.11;0.03;185;0.07;0.01;0.18;0.11;0.03;1.61;0.41;3.7;2;0.63
20/04/24   ;23:00;0.63;13.4;14.8;0.63;1200;0;-0.13;0.17;0.04;179;0.09;0.01;0.25;0.14;0.05;1.67;0.53;4.21;2.01;0.62
21/04/24   ;00:00;0.47;13.4;14.9;0.47;1191;0;-0.12;0.12;0.04;143;0.1;0.01;0.22;0.14;0.04;2.07;0.58;3.98;2.53;0.71
21/04/24   ;01:00;0.31;13.4;15;0.31;1197;0;-0.14;0.15;0.04;137;0.1;0.01;0.29;0.16;0.05;2.16;0.44;3.72;2.53;0.72
21/04/24   ;02:00;0.18;13.4;15;0.18;1200;0;-0.1;0.1;0.02;161;0.06;0;0.16;0.09;0.03;1.85;0.3;3.88;2.27;0.73
21/04/24   ;03:00;0.09;13.4;15.1;0.09;1200;0;-0.15;0.09;0.02;171;0.05;0.01;0.24;0.08;0.03;1.74;0.34;3.94;2.08;0.7
21/04/24   ;04:00;0.07;13.4;15.1;0.07;1200;0;-0.09;0.11;0.02;152;0.05;0.01;0.17;0.09;0.03;1.95;0.32;4.25;2.45;0.83
21/04/24   ;05:00;0.18;13.4;14.9;0.18;1204;0;-0.08;0.08;0.02;165;0.05;0.01;0.16;0.08;0.03;1.81;0.37;3.81;2.19;0.75
21/04/24   ;06:00;0.34;13.3;14.9;0.34;1200;0;-0.11;0.13;0.03;160;0.08;0.01;0.22;0.12;0.04;1.85;0.44;4.12;2.36;0.73
21/04/24   ;07:00;0.5;13.3;14.8;0.5;1198;0;-0.14;0.19;0.05;192;0.11;0.02;0.3;0.17;0.05;1.55;0.3;3.33;1.97;0.59
21/04/24   ;08:00;0.6;13.4;14.7;0.6;1180;0;-0.11;0.17;0.04;185;0.1;0.01;0.28;0.15;0.05;1.59;0.32;3.18;1.83;0.58
21/04/24   ;09:00;0.66;13.4;14.6;0.66;1185;0;-0.18;0.21;0.05;203;0.12;0.01;0.3;0.18;0.06;1.46;0.31;2.83;1.84;0.59
21/04/24   ;10:00;0.64;13.4;14.7;0.64;1200;0;-0.15;0.16;0.05;191;0.11;0.02;0.3;0.18;0.05;1.57;0.37;2.92;1.89;0.55
21/04/24   ;11:00;0.52;13.3;14.9;0.53;1200;0;-0.12;0.16;0.04;169;0.1;0.02;0.25;0.15;0.05;1.75;0.3;3.43;2.16;0.65
21/04/24   ;12:00;0.4;13.3;15;0.39;1199;0;-0.19;0.21;0.05;167;0.11;0;0.29;0.17;0.06;1.79;0.34;3.69;2.16;0.71
21/04/24   ;13:00;0.23;13.4;15.2;0.23;1195;0;-0.12;0.19;0.04;163;0.1;0.01;0.25;0.16;0.05;1.82;0.33;3.77;2.23;0.77
21/04/24   ;14:00;0.09;13.4;15.3;0.09;1197;0;-0.12;0.15;0.04;185;0.09;0.01;0.26;0.14;0.04;1.61;0.36;4.27;2.04;0.67
21/04/24   ;15:00;0;13.3;14.8;0;1200;0;-0.13;0.15;0.04;179;0.09;0.01;0.24;0.14;0.05;1.67;0.27;3.15;1.92;0.57
21/04/24   ;16:00;-0.01;13.3;15.7;-0.01;1200;0;-0.12;0.14;0.04;183;0.09;0.01;0.22;0.14;0.04;1.63;0.29;3.64;1.95;0.68
21/04/24   ;17:00;0.08;13.3;15.1;0.08;1200;0;-0.14;0.15;0.04;178;0.1;0.02;0.3;0.16;0.05;1.67;0.44;3.29;2.02;0.62
21/04/24   ;18:00;0.28;13.4;15.2;0.28;1200;0;-0.13;0.17;0.04;177;0.11;0.02;0.29;0.16;0.05;1.69;0.27;3.8;1.94;0.64
21/04/24   ;19:00;0.47;13.4;15;0.48;1200;0;-0.13;0.13;0.04;177;0.1;0.02;0.26;0.15;0.04;1.69;0.37;3.43;1.93;0.62
21/04/24   ;20:00;0.64;13.4;15;0.64;1200;0;-0.13;0.16;0.03;195;0.07;0.01;0.28;0.12;0.04;1.53;0.42;3.04;1.86;0.59
21/04/24   ;21:00;0.73;13.4;14.8;0.73;1200;0;-0.1;0.12;0.03;194;0.08;0.01;0.19;0.12;0.04;1.54;0.41;2.98;1.87;0.59
21/04/24   ;22:00;0.78;13.4;14.8;0.77;1200;0;-0.11;0.12;0.03;176;0.08;0.01;0.18;0.12;0.04;1.69;0.31;3.7;1.96;0.62
21/04/24   ;23:00;0.73;13.4;14.7;0.73;1195;0;-0.16;0.15;0.03;174;0.07;0;0.22;0.11;0.04;1.69;0.28;3.2;1.98;0.6
22/04/24   ;00:00;0.57;13.4;14.7;0.57;1197;0;-0.08;0.08;0.02;156;0.06;0.01;0.15;0.09;0.03;1.91;0.35;4.14;2.44;0.81
22/04/24   ;01:00;0.39;13.4;14.8;0.39;1199;0;-0.11;0.11;0.03;153;0.06;0;0.22;0.1;0.04;1.95;0.33;3.74;2.12;0.66
22/04/24   ;02:00;0.23;13.4;14.8;0.23;1200;0;-0.12;0.16;0.03;140;0.07;0.01;0.26;0.12;0.04;2.13;0.65;4.96;2.46;0.81
22/04/24   ;03:00;0.09;13.4;14.8;0.09;1197;0;-0.11;0.13;0.03;202;0.07;0.01;0.21;0.11;0.04;1.46;0.42;3.11;1.74;0.56
22/04/24   ;04:00;0.05;13.4;14.8;0.05;1200;0;-0.06;0.06;0.02;156;0.05;0.01;0.11;0.07;0.02;1.91;0.37;3.91;2.3;0.73
22/04/24   ;05:00;0.1;13.4;14.8;0.1;1196;0;-0.11;0.16;0.03;182;0.07;0;0.25;0.12;0.04;1.62;0.32;4.09;2.23;0.78
22/04/24   ;06:00;0.24;13.4;14.7;0.24;1192;0;-0.17;0.16;0.05;175;0.11;0.01;0.3;0.17;0.06;1.69;0.33;3.98;2.38;0.8
22/04/24   ;07:00;0.41;13.4;14.7;0.41;1213;0;-0.14;0.2;0.05;192;0.13;0.02;0.29;0.2;0.06;1.56;0.35;3.47;1.8;0.6
22/04/24   ;08:00;0.55;13.4;14.4;0.55;1179;0;-0.21;0.25;0.06;173;0.15;0.01;0.44;0.23;0.08;1.7;0.28;4.08;2.03;0.73
22/04/24   ;09:00;0.66;13.4;14.3;0.66;1190;0;-0.18;0.2;0.05;201;0.12;0.02;0.29;0.18;0.05;1.47;0.36;3.72;1.72;0.57
22/04/24   ;10:00;0.71;13.3;14.2;0.72;1200;0;-0.14;0.18;0.04;213;0.1;0.01;0.28;0.17;0.05;1.4;0.32;3.45;1.64;0.52
22/04/24   ;11:00;0.72;13.4;14.3;0.72;1200;0;-0.15;0.23;0.05;204;0.12;0.01;0.37;0.2;0.06;1.46;0.32;3.16;1.73;0.51
22/04/24   ;12:00;0.6;13.4;14.3;0.6;1200;0;-0.18;0.18;0.06;174;0.13;0.01;0.31;0.2;0.06;1.71;0.34;3.73;2.14;0.67
22/04/24   ;13:00;0.44;13.4;14.4;0.44;1180;0;-0.15;0.14;0.04;175;0.11;0.02;0.26;0.17;0.05;1.67;0.29;3.35;1.95;0.61
22/04/24   ;14:00;0.29;13.3;14.5;0.29;1194;0;-0.16;0.19;0.05;173;0.11;0.01;0.35;0.17;0.06;1.71;0.35;4.01;2.16;0.79
22/04/24   ;15:00;0.23;13.3;14.4;0.22;1200;0;-0.16;0.21;0.05;182;0.12;0.01;0.33;0.18;0.06;1.64;0.34;3.91;1.88;0.68
22/04/24   ;16:00;0.19;13.4;14.3;0.19;1207;0;-0.15;0.15;0.05;179;0.11;0.02;0.29;0.17;0.05;1.68;0.44;3.64;2.06;0.66
22/04/24   ;17:00;0.3;13.4;14.1;0.3;1200;0;-0.14;0.18;0.04;197;0.1;0.02;0.26;0.15;0.05;1.52;0.3;3.79;1.85;0.61
22/04/24   ;18:00;0.46;13.4;14.2;0.46;1200;0;-0.21;0.22;0.05;172;0.12;0.01;0.42;0.19;0.07;1.74;0.32;3.79;2.24;0.81
22/04/24   ;19:00;0.65;13.4;13.9;0.65;1200;0;-0.1;0.15;0.03;208;0.08;0.01;0.24;0.12;0.04;1.43;0.3;3.51;1.86;0.64
22/04/24   ;20:00;0.81;13.4;13.7;0.81;1200;0;-0.16;0.15;0.04;191;0.09;0.01;0.25;0.15;0.05;1.56;0.42;4.43;1.96;0.76
22/04/24   ;21:00;0.91;13.4;13.6;0.91;1199;0;-0.11;0.13;0.04;224;0.09;0.01;0.23;0.14;0.04;1.33;0.32;3.61;1.63;0.54
22/04/24   ;22:00;0.98;13.4;13.7;0.98;1200;0;-0.12;0.12;0.03;226;0.08;0.01;0.21;0.11;0.03;1.32;0.28;3.82;1.74;0.62
22/04/24   ;23:00;0.93;13.4;13.6;0.93;1200;0;-0.12;0.14;0.04;208;0.09;0.01;0.21;0.14;0.04;1.43;0.51;3.04;1.75;0.57
23/04/24   ;00:00;0.76;13.4;13.5;0.76;1192;0;-0.1;0.14;0.03;204;0.08;0.01;0.21;0.12;0.04;1.46;0.29;3.64;1.77;0.6
23/04/24   ;01:00;0.59;13.4;13.4;0.59;1194;0;-0.13;0.11;0.03;193;0.06;0.01;0.24;0.1;0.04;1.54;0.36;4.12;2.06;0.67
23/04/24   ;02:00;0.4;13.4;13.4;0.4;1194;0;-0.06;0.06;0.02;198;0.04;0.01;0.11;0.06;0.02;1.5;0.32;3.28;1.94;0.7
23/04/24   ;03:00;0.23;13.4;13.3;0.22;1200;0;-0.07;0.07;0.02;191;0.04;0.01;0.13;0.07;0.02;1.56;0.29;3.43;2;0.71
23/04/24   ;04:00;0.08;13.4;13.1;0.08;1194;0;-0.07;0.09;0.02;175;0.04;0.01;0.14;0.07;0.02;1.69;0.3;5.23;2.06;0.79
23/04/24   ;05:00;0.03;13.4;12.9;0.03;1200;0;-0.12;0.11;0.03;158;0.08;0.01;0.21;0.13;0.04;1.88;0.37;4.13;2.5;0.85
23/04/24   ;06:00;0.08;13.4;11.9;0.08;1199;0;-0.14;0.13;0.04;149;0.11;0.02;0.28;0.16;0.05;1.99;0.56;4.48;2.49;0.81
23/04/24   ;07:00;0.19;13.3;12.1;0.19;1200;0;-0.13;0.14;0.04;178;0.1;0.01;0.24;0.15;0.04;1.68;0.46;3.52;1.92;0.67
23/04/24   ;08:00;0.33;13.4;13;0.33;1197;0;-0.14;0.15;0.04;188;0.1;0.01;0.28;0.15;0.05;1.59;0.34;4.09;1.95;0.62
23/04/24   ;09:00;0.49;13.4;12.5;0.49;1198;0;-0.14;0.16;0.05;189;0.12;0.02;0.3;0.18;0.06;1.58;0.3;4.2;1.81;0.67
23/04/24   ;10:00;0.58;13.4;12.5;0.58;1200;0;-0.13;0.13;0.04;193;0.1;0.01;0.24;0.15;0.05;1.55;0.27;3.83;2.04;0.62
23/04/24   ;11:00;0.61;13.3;12.5;0.61;1199;0;-0.11;0.12;0.04;203;0.09;0.01;0.23;0.14;0.04;1.47;0.32;2.9;1.74;0.53
23/04/24   ;12:00;0.53;13.3;12.7;0.53;1192;0;-0.13;0.15;0.04;176;0.1;0.03;0.25;0.15;0.04;1.67;0.47;3.64;1.89;0.61
23/04/24   ;13:00;0.44;13.3;13;0.44;1200;0;-0.1;0.14;0.04;173;0.09;0.01;0.22;0.14;0.04;1.71;0.45;3.88;2.24;0.74
23/04/24   ;14:00;0.37;13.4;12.8;0.37;1200;0;-0.11;0.15;0.04;187;0.09;0.01;0.23;0.12;0.03;1.6;0.31;3.82;1.93;0.64
23/04/24   ;15:00;0.3;13.4;12.9;0.29;1200;0;-0.13;0.15;0.04;199;0.1;0.02;0.25;0.15;0.04;1.49;0.41;3.24;1.74;0.49
23/04/24   ;16:00;0.28;13.3;13.1;0.28;1200;0;-0.12;0.14;0.04;168;0.1;0.01;0.23;0.15;0.04;1.77;0.4;3.89;2.03;0.63
23/04/24   ;17:00;0.35;13.3;12.7;0.35;1200;0;-0.14;0.18;0.05;166;0.12;0.02;0.27;0.18;0.05;1.77;0.54;4.36;2.23;0.74
23/04/24   ;18:00;0.47;13.3;12.9;0.48;1198;0;-0.13;0.13;0.04;178;0.1;0.02;0.22;0.15;0.04;1.67;0.59;3.64;2.08;0.65
23/04/24   ;19:00;0.63;13.4;12.7;0.63;1200;0;-0.09;0.12;0.03;179;0.08;0.02;0.18;0.12;0.04;1.67;0.42;3.52;2.04;0.66
23/04/24   ;20:00;0.77;13.4;13.2;0.78;1196;0;-0.12;0.14;0.04;191;0.09;0.02;0.24;0.13;0.04;1.55;0.31;3.81;1.85;0.62
23/04/24   ;21:00;0.89;13.4;13.3;0.9;1191;0;-0.07;0.06;0.02;188;0.05;0.01;0.12;0.08;0.02;1.57;0.31;3.3;2.04;0.68
23/04/24   ;22:00;0.97;13.4;13.5;0.97;1196;0;-0.09;0.12;0.03;176;0.07;0.01;0.2;0.1;0.03;1.69;0.49;3.19;2.03;0.59
23/04/24   ;23:00;0.95;13.4;13.7;0.95;1195;0;-0.1;0.1;0.03;162;0.07;0;0.2;0.11;0.03;1.83;0.32;3.38;2.08;0.61
24/04/24   ;00:00;0.81;13.4;13.3;0.81;1200;0;-0.07;0.1;0.03;153;0.07;0.01;0.15;0.11;0.03;1.95;0.38;4.25;2.49;0.78
24/04/24   ;01:00;0.62;13.4;13.1;0.62;1198;0;-0.07;0.07;0.02;154;0.04;0.01;0.12;0.07;0.02;1.93;0.31;4.25;2.29;0.67
24/04/24   ;02:00;0.4;13.4;12.7;0.4;1199;0;-0.03;0.04;0.01;148;0.02;0;0.06;0.04;0.01;2.02;0.27;4.57;2.95;1.02
24/04/24   ;03:00;0.18;13.4;12.6;0.18;1200;0;-0.05;0.05;0.01;165;0.03;0.01;0.08;0.05;0.02;1.8;0.37;3.89;2.35;0.73
24/04/24   ;04:00;-0.02;13.4;12.4;-0.02;1200;0;-0.1;0.12;0.03;148;0.07;0.01;0.19;0.11;0.03;2.01;0.42;4.21;2.42;0.9
24/04/24   ;05:00;-0.13;13.4;12.3;-0.13;1200;0;-0.09;0.11;0.03;129;0.07;0;0.18;0.11;0.04;2.3;0.32;4.26;3.27;1.05
24/04/24   ;06:00;-0.12;13.4;12.3;-0.12;1200;0;-0.09;0.12;0.03;169;0.07;0.01;0.19;0.1;0.03;1.76;0.37;4.29;2.09;0.67
24/04/24   ;07:00;0;13.4;12.4;0;1200;0;-0.12;0.16;0.04;161;0.1;0.01;0.26;0.16;0.05;1.85;0.32;3.81;2.13;0.73
24/04/24   ;08:00;0.18;13.4;12.6;0.19;1193;0;-0.1;0.12;0.04;181;0.09;0.01;0.21;0.13;0.04;1.64;0.35;3.7;2.05;0.62
24/04/24   ;09:00;0.37;13.4;12.2;0.37;1196;0;-0.11;0.13;0.04;167;0.1;0;0.23;0.14;0.04;1.77;0.49;4.03;2.21;0.7
24/04/24   ;10:00;0.51;13.3;12.5;0.52;1200;0;-0.12;0.14;0.04;196;0.09;0.01;0.22;0.14;0.04;1.52;0.35;3.06;1.82;0.57
24/04/24   ;11:00;0.61;13.4;12.6;0.61;1200;0;-0.14;0.16;0.05;175;0.11;0.03;0.28;0.17;0.05;1.7;0.53;3.81;2.16;0.69
24/04/24   ;12:00;0.66;13.3;13;0.66;1194;0;-0.15;0.19;0.04;177;0.1;0.01;0.31;0.16;0.05;1.68;0.28;3.25;1.99;0.67
24/04/24   ;13:00;0.62;13.3;12.9;0.62;1199;0;-0.13;0.16;0.04;170;0.1;0.01;0.24;0.16;0.05;1.76;0.36;3.64;2.19;0.68
24/04/24   ;14:00;0.54;13.3;12.7;0.54;1197;0;-0.2;0.19;0.05;187;0.11;0.01;0.39;0.17;0.06;1.59;0.48;4.1;1.94;0.6
24/04/24   ;15:00;0.43;13.4;12.7;0.43;1199;0;-0.12;0.14;0.04;165;0.1;0.01;0.25;0.15;0.05;1.81;0.4;3.93;2.4;0.76
24/04/24   ;16:00;0.36;13.4;12.7;0.36;1200;0;-0.13;0.16;0.04;170;0.1;0.01;0.25;0.15;0.05;1.75;0.48;3.99;2.02;0.65
24/04/24   ;17:00;0.35;13.4;12.7;0.35;1200;0;-0.11;0.12;0.04;169;0.09;0.02;0.21;0.14;0.04;1.77;0.33;3.58;2.1;0.65
24/04/24   ;18:00;0.42;13.3;12.9;0.43;1192;0;-0.14;0.17;0.04;178;0.09;0.01;0.24;0.14;0.04;1.66;0.42;3.57;1.94;0.56
24/04/24   ;19:00;0.57;13.3;13.1;0.57;1200;0;-0.13;0.14;0.04;158;0.11;0.01;0.24;0.16;0.04;1.89;0.3;4.04;2.26;0.71
24/04/24   ;20:00;0.71;13.4;13.2;0.71;1196;0;-0.12;0.11;0.03;165;0.08;0.01;0.22;0.12;0.03;1.8;0.34;3.79;2.28;0.74
24/04/24   ;21:00;0.83;13.4;13.2;0.83;1196;0;-0.09;0.1;0.03;178;0.06;0.01;0.19;0.1;0.03;1.67;0.33;4.66;2.13;0.64
24/04/24   ;22:00;0.91;13.4;13.3;0.91;1200;0;-0.13;0.13;0.04;188;0.09;0.01;0.26;0.13;0.04;1.58;0.26;3.34;1.79;0.55
24/04/24   ;23:00;0.9;13.4;13.3;0.9;1200;0;-0.09;0.09;0.03;182;0.07;0.01;0.15;0.1;0.03;1.64;0.35;3.64;2.06;0.7
25/04/24   ;00:00;0.78;13.3;13.2;0.78;1199;0;-0.13;0.15;0.03;157;0.07;0.01;0.27;0.12;0.05;1.89;0.32;4.38;2.76;0.99
25/04/24   ;01:00;0.59;13.3;13;0.59;1200;0;-0.07;0.06;0.02;168;0.04;0;0.11;0.07;0.02;1.78;0.3;3.72;2.31;0.85
25/04/24   ;02:00;0.37;13.4;12.7;0.37;1194;0;-0.05;0.04;0.01;206;0.03;0;0.06;0.04;0.01;1.44;0.27;3.34;1.99;0.72
25/04/24   ;03:00;0.16;13.4;12.5;0.16;1193;0;-0.05;0.06;0.01;176;0.03;0;0.11;0.05;0.02;1.68;0.31;3.54;2.23;0.77
25/04/24   ;04:00;-0.04;13.4;12.4;-0.04;1196;0;-0.06;0.09;0.02;154;0.05;0.01;0.14;0.08;0.03;1.92;0.33;5.12;2.69;0.85
25/04/24   ;05:00;-0.17;13.4;12.3;-0.17;1200;0;-0.09;0.12;0.03;160;0.07;0.01;0.19;0.1;0.03;1.86;0.27;4.32;2.42;0.84
25/04/24   ;06:00;-0.17;13.4;12.3;-0.17;1195;0;-0.12;0.13;0.03;147;0.08;0.02;0.25;0.12;0.04;2.01;0.47;4.56;2.61;0.88
25/04/24   ;07:00;-0.03;13.4;12.3;-0.02;1195;0;-0.13;0.17;0.04;164;0.08;0.01;0.24;0.13;0.04;1.8;0.44;3.73;2.17;0.73
25/04/24   ;08:00;0.17;13.4;12.5;0.17;1200;0;-0.11;0.12;0.04;180;0.09;0.01;0.22;0.13;0.04;1.66;0.4;3.26;1.86;0.54
25/04/24   ;09:00;0.37;13.4;12.4;0.37;1199;0;-0.11;0.11;0.03;179;0.08;0.01;0.22;0.13;0.04;1.66;0.35;3.92;2.1;0.69
25/04/24   ;10:00;0.55;13.4;12.5;0.55;1193;0;-0.11;0.1;0.03;179;0.09;0.01;0.2;0.13;0.04;1.65;0.38;3.28;1.96;0.61
25/04/24   ;11:00;0.68;13.4;12.7;0.68;1196;0;-0.13;0.14;0.04;180;0.1;0.01;0.21;0.15;0.04;1.65;0.36;3.8;2.17;0.74
25/04/24   ;12:00;0.76;13.4;13.1;0.76;1199;0;-0.14;0.16;0.04;197;0.1;0.01;0.28;0.16;0.05;1.51;0.33;3.11;1.78;0.54
25/04/24   ;13:00;0.74;13.4;13.6;0.74;1198;0;-0.12;0.13;0.04;186;0.1;0.01;0.22;0.15;0.05;1.6;0.3;3.4;1.99;0.64
25/04/24   ;14:00;0.62;13.4;13.7;0.62;1200;0;-0.16;0.13;0.04;188;0.1;0.01;0.26;0.15;0.04;1.58;0.26;3.58;1.83;0.63
25/04/24   ;15:00;0.48;13.4;13;0.48;1200;0;-0.13;0.13;0.04;183;0.09;0.01;0.26;0.14;0.04;1.63;0.49;3.77;2.13;0.69
25/04/24   ;16:00;0.33;13.3;13.5;0.33;1200;0;-0.13;0.12;0.04;186;0.09;0.01;0.21;0.13;0.04;1.6;0.34;3.4;2.04;0.62
25/04/24   ;17:00;0.26;13.3;13.1;0.26;1200;0;-0.1;0.11;0.04;173;0.09;0.02;0.19;0.13;0.04;1.72;0.38;3.96;2.11;0.69
25/04/24   ;18:00;0.28;13.3;13.5;0.28;1200;0;-0.13;0.13;0.04;167;0.1;0.01;0.23;0.15;0.04;1.78;0.28;3.68;2.23;0.68
25/04/24   ;19:00;0.41;13.3;13.3;0.41;1191;0;-0.11;0.11;0.04;166;0.09;0.01;0.2;0.13;0.04;1.78;0.3;3.61;2.22;0.69
25/04/24   ;20:00;0.58;13.3;13.6;0.58;1200;0;-0.1;0.12;0.03;202;0.07;0.01;0.21;0.11;0.04;1.47;0.32;3.26;1.71;0.49
25/04/24   ;21:00;0.74;13.4;13;0.74;1197;0;-0.12;0.13;0.03;201;0.07;0.01;0.25;0.11;0.04;1.48;0.28;3.14;1.78;0.58
25/04/24   ;22:00;0.83;13.3;13.3;0.83;1197;0;-0.09;0.1;0.03;188;0.08;0.01;0.18;0.12;0.04;1.58;0.29;3.59;1.89;0.6
25/04/24   ;23:00;0.86;13.3;13.7;0.86;1195;0;-0.1;0.12;0.03;193;0.07;0.01;0.2;0.12;0.04;1.53;0.28;3.31;1.84;0.52
26/04/24   ;00:00;0.79;13.4;13.4;0.79;1196;0;-0.08;0.1;0.03;146;0.07;0.01;0.18;0.11;0.03;2.03;0.39;4.07;2.75;0.86
26/04/24   ;01:00;0.62;13.4;13.2;0.62;1194;0;-0.06;0.06;0.02;160;0.05;0;0.1;0.07;0.02;1.86;0.57;3.37;2.21;0.62
26/04/24   ;02:00;0.41;13.3;12.8;0.41;1200;0;-0.05;0.04;0.01;173;0.02;0;0.08;0.04;0.01;1.73;0.29;3.91;2.57;0.93
26/04/24   ;03:00;0.21;13.4;13.2;0.21;1194;0;-0.06;0.06;0.02;159;0.05;0.01;0.12;0.08;0.03;1.86;0.33;4.23;2.61;0.95
26/04/24   ;04:00;0.04;13.4;12.9;0.04;1200;0;-0.1;0.09;0.02;137;0.05;0;0.17;0.08;0.03;2.14;0.3;3.96;3.03;1.05
26/04/24   ;05:00;-0.08;13.4;12.9;-0.08;1196;0;-0.07;0.07;0.02;148;0.06;0.01;0.13;0.09;0.03;2;0.4;3.88;2.44;0.82
26/04/24   ;06:00;-0.1;13.4;12.9;-0.1;1198;0;-0.09;0.11;0.03;152;0.07;0.01;0.19;0.12;0.04;1.96;0.33;4.22;2.37;0.78
26/04/24   ;07:00;0;13.4;13;0.01;1197;0;-0.12;0.11;0.03;180;0.08;0.01;0.2;0.12;0.04;1.65;0.35;3.59;2.03;0.68
26/04/24   ;08:00;0.19;13.4;13.1;0.19;1200;0;-0.13;0.16;0.04;174;0.1;0.01;0.28;0.15;0.05;1.71;0.33;3.46;2;0.67
26/04/24   ;09:00;0.37;13.4;13.2;0.37;1191;0;-0.12;0.17;0.04;175;0.09;0.01;0.27;0.13;0.04;1.68;0.46;3.59;1.99;0.63
26/04/24   ;10:00;0.51;13.4;13.3;0.51;1200;0;-0.13;0.16;0.04;192;0.09;0.01;0.23;0.14;0.04;1.55;0.41;3.55;1.81;0.57
26/04/24   ;11:00;0.62;13.4;13.4;0.62;1200;0;-0.13;0.14;0.04;184;0.1;0;0.25;0.17;0.05;1.62;0.26;3.9;1.95;0.69
26/04/24   ;12:00;0.68;13.4;13.6;0.68;1197;0;-0.13;0.14;0.04;182;0.09;0.01;0.23;0.15;0.05;1.63;0.4;3.72;2.14;0.68
26/04/24   ;13:00;0.67;13.4;13.6;0.67;1200;0;-0.14;0.16;0.05;173;0.11;0.02;0.29;0.16;0.05;1.71;0.35;3.63;2.06;0.69
26/04/24   ;14:00;0.59;13.4;13.8;0.59;1200;0;-0.16;0.14;0.04;180;0.1;0.02;0.25;0.15;0.04;1.65;0.32;3.39;2.02;0.63
26/04/24   ;15:00;0.46;13.3;13.9;0.46;1198;0;-0.14;0.14;0.04;185;0.09;0.01;0.2;0.14;0.04;1.61;0.52;3.53;2;0.65
26/04/24   ;16:00;0.35;13.4;13.9;0.35;1200;0;-0.11;0.11;0.03;200;0.08;0.01;0.22;0.13;0.04;1.49;0.32;3.59;1.77;0.59
26/04/24   ;17:00;0.3;13.4;14;0.3;1198;0;-0.11;0.13;0.04;179;0.09;0.01;0.18;0.13;0.04;1.67;0.35;3.86;2.1;0.69
26/04/24   ;18:00;0.31;13.4;13.9;0.31;1187;0;-0.15;0.13;0.05;165;0.11;0.02;0.25;0.17;0.05;1.78;0.3;3.38;2.07;0.69
26/04/24   ;19:00;0.39;13.4;13.8;0.39;1200;0;-0.13;0.17;0.04;166;0.11;0.01;0.25;0.17;0.05;1.79;0.44;3.87;2.05;0.68
26/04/24   ;20:00;0.52;13.4;13.7;0.51;1196;0;-0.09;0.09;0.03;165;0.08;0;0.18;0.11;0.03;1.79;0.39;3.57;2.21;0.71
26/04/24   ;21:00;0.65;13.3;13.7;0.65;1197;0;-0.1;0.13;0.04;172;0.08;0.01;0.21;0.13;0.04;1.73;0.32;3.98;2.08;0.67
26/04/24   ;22:00;0.74;13.3;13.8;0.74;1202;0;-0.15;0.22;0.05;177;0.11;0.01;0.36;0.18;0.06;1.69;0.49;3.82;2.01;0.64
26/04/24   ;23:00;0.78;13.4;13.9;0.78;1200;0;-0.12;0.15;0.04;183;0.09;0.01;0.24;0.14;0.05;1.62;0.35;3.12;1.98;0.62
27/04/24   ;00:00;0.75;13.4;13.8;0.75;1195;0;-0.13;0.12;0.04;161;0.09;0.01;0.23;0.14;0.05;1.85;0.41;4.61;2.35;0.9
27/04/24   ;01:00;0.63;13.4;13.7;0.63;1195;0;-0.08;0.09;0.02;186;0.05;0.01;0.15;0.08;0.03;1.58;0.31;3.96;2.03;0.65
27/04/24   ;02:00;0.47;13.3;13.7;0.47;1196;0;-0.05;0.05;0.01;176;0.03;0.01;0.08;0.05;0.02;1.67;0.4;3.8;2.15;0.78
27/04/24   ;03:00;0.29;13.3;13.6;0.29;1200;0;-0.04;0.04;0.01;220;0.03;0;0.07;0.04;0.01;1.35;0.27;3.33;1.79;0.6
27/04/24   ;04:00;0.14;13.3;13.7;0.14;1198;0;-0.06;0.08;0.02;166;0.04;0.01;0.12;0.07;0.02;1.79;0.37;3.78;2.4;0.84
27/04/24   ;05:00;0.01;13.3;13.6;0.01;1197;0;-0.08;0.06;0.02;153;0.05;0.01;0.11;0.07;0.02;1.95;0.32;4.13;2.37;0.85
27/04/24   ;06:00;-0.07;13.4;13.6;-0.07;1200;0;-0.1;0.1;0.03;162;0.06;0.01;0.2;0.11;0.04;1.85;0.31;4.72;2.33;0.81
27/04/24   ;07:00;-0.05;13.4;13.6;-0.05;1193;0;-0.1;0.11;0.03;169;0.08;0.01;0.21;0.13;0.04;1.75;0.32;4.01;2.07;0.74
27/04/24   ;08:00;0.08;13.4;13.8;0.08;1207;0;-0.09;0.11;0.03;180;0.07;0.01;0.19;0.12;0.04;1.67;0.42;3.66;1.98;0.61
27/04/24   ;09:00;0.23;13.4;13.9;0.23;1199;0;-0.13;0.13;0.04;181;0.1;0.01;0.24;0.15;0.05;1.65;0.38;3.69;2.07;0.69
27/04/24   ;10:00;0.39;13.4;14.1;0.39;1200;0;-0.12;0.12;0.03;188;0.08;0.01;0.2;0.13;0.04;1.58;0.37;3.19;1.86;0.6
27/04/24   ;11:00;0.51;13.4;14.1;0.51;1198;0;-0.14;0.16;0.05;183;0.11;0.01;0.26;0.16;0.05;1.63;0.4;3.2;2.01;0.6
27/04/24   ;12:00;0.57;13.4;14.3;0.57;1200;0;-0.13;0.2;0.04;183;0.1;0.01;0.34;0.16;0.05;1.63;0.44;3.09;1.99;0.58
27/04/24   ;13:00;0.57;13.3;13.7;0.56;1197;0;-0.11;0.12;0.04;190;0.09;0.01;0.2;0.13;0.04;1.56;0.48;3.46;1.94;0.64
27/04/24   ;14:00;0.5;13.4;14.6;0.5;1195;0;-0.14;0.13;0.04;189;0.09;0.01;0.22;0.14;0.05;1.58;0.29;4.14;1.92;0.63
27/04/24   ;15:00;0.4;13.4;14.6;0.4;1197;0;-0.11;0.14;0.04;163;0.09;0.01;0.24;0.14;0.04;1.83;0.37;3.61;2.39;0.79
27/04/24   ;16:00;0.31;13.4;14.4;0.31;1197;0;-0.12;0.18;0.04;190;0.09;0.01;0.27;0.13;0.04;1.57;0.33;3.59;1.85;0.59
27/04/24   ;17:00;0.27;13.4;14.8;0.27;1197;0;-0.1;0.13;0.03;172;0.09;0.01;0.22;0.13;0.04;1.73;0.38;3.48;2.07;0.66
27/04/24   ;18:00;0.28;13.4;13.8;0.28;1200;0;-0.13;0.13;0.04;165;0.1;0.02;0.21;0.14;0.04;1.81;0.4;3.62;2.07;0.65
27/04/24   ;19:00;0.34;13.3;14.5;0.33;1200;0;-0.12;0.15;0.04;156;0.1;0.02;0.22;0.15;0.04;1.91;0.3;3.48;2.28;0.64
27/04/24   ;20:00;0.42;13.4;14.7;0.42;1200;0;-0.1;0.09;0.03;172;0.07;0.02;0.19;0.12;0.04;1.73;0.53;3.84;2.16;0.69
27/04/24   ;21:00;0.52;13.4;14.3;0.52;1193;0;-0.1;0.08;0.03;169;0.06;0.01;0.16;0.1;0.03;1.74;0.4;3.28;1.9;0.54
27/04/24   ;22:00;0.62;13.3;13.9;0.61;1200;0;-0.11;0.1;0.03;178;0.06;0.01;0.21;0.09;0.03;1.68;0.28;4.21;2.11;0.71
27/04/24   ;23:00;0.67;13.4;14.5;0.67;1200;0;-0.09;0.12;0.03;183;0.07;0.02;0.18;0.11;0.03;1.62;0.26;2.96;1.77;0.52
28/04/24   ;00:00;0.68;13.3;14.3;0.68;1198;0;-0.09;0.1;0.03;158;0.06;0;0.15;0.1;0.03;1.87;0.26;4.42;2.76;0.98
28/04/24   ;01:00;0.62;13.3;14.4;0.62;1199;0;-0.08;0.06;0.02;154;0.05;0.01;0.15;0.08;0.02;1.91;0.34;4;2.36;0.75
28/04/24   ;02:00;0.49;13.3;13.9;0.49;1193;0;-0.08;0.08;0.02;155;0.05;0.01;0.15;0.08;0.03;1.9;0.31;4.12;2.34;0.81
28/04/24   ;03:00;0.33;13.3;14.2;0.33;1200;0;-0.04;0.05;0.01;182;0.03;0;0.07;0.05;0.02;1.63;0.3;3.89;2.18;0.7
28/04/24   ;04:00;0.18;13.4;14;0.18;1200;0;-0.07;0.08;0.02;167;0.05;0;0.12;0.08;0.03;1.79;0.33;4.16;2.19;0.73
28/04/24   ;05:00;0.07;13.4;14.4;0.07;1200;0;-0.11;0.1;0.03;147;0.07;0.01;0.21;0.11;0.04;2.03;0.33;4.91;2.71;0.91
28/04/24   ;06:00;-0.02;13.3;14.3;-0.02;1195;0;-0.12;0.1;0.03;165;0.07;0.01;0.21;0.1;0.03;1.79;0.3;3.88;2.22;0.74
28/04/24   ;07:00;-0.06;13.3;14.5;-0.06;1199;0;-0.08;0.08;0.03;176;0.06;0.01;0.15;0.09;0.03;1.7;0.36;3.96;2.18;0.73
28/04/24   ;08:00;-0.01;13.4;14.1;-0.01;1197;0;-0.06;0.07;0.02;184;0.05;0;0.11;0.07;0.02;1.61;0.34;3.36;1.9;0.61
28/04/24   ;09:00;0.09;13.4;14.2;0.09;1197;0;-0.07;0.07;0.02;162;0.05;0.01;0.14;0.08;0.02;1.82;0.35;4.27;2.14;0.63
28/04/24   ;10:00;0.19;13.4;14;0.19;1200;0;-0.09;0.1;0.03;164;0.07;0.02;0.19;0.1;0.03;1.8;0.4;3.81;2.22;0.65
28/04/24   ;11:00;0.3;13.3;14.3;0.3;1196;0;-0.12;0.12;0.04;152;0.08;0.01;0.22;0.13;0.04;1.94;0.35;3.86;2.69;0.82
28/04/24   ;12:00;0.39;13.4;15;0.39;1199;0;-0.1;0.12;0.03;173;0.08;0.01;0.22;0.12;0.04;1.73;0.4;3.79;1.96;0.64
28/04/24   ;13:00;0.44;13.4;14.4;0.43;1200;0;-0.13;0.17;0.04;184;0.1;0.02;0.23;0.14;0.04;1.62;0.36;3.45;1.89;0.6
28/04/24   ;14:00;0.45;13.4;14.6;0.45;1195;0;-0.13;0.13;0.04;185;0.1;0.01;0.25;0.16;0.05;1.61;0.31;3.06;1.91;0.57
28/04/24   ;15:00;0.44;13.4;15;0.44;1199;0;-0.09;0.15;0.03;188;0.08;0.01;0.24;0.12;0.03;1.58;0.32;4.09;1.88;0.62
28/04/24   ;16:00;0.41;13.4;15.5;0.41;1200;0;-0.1;0.11;0.03;189;0.08;0.01;0.19;0.12;0.04;1.58;0.3;3.67;1.95;0.69
28/04/24   ;17:00;0.35;13.3;14.9;0.35;1200;0;-0.12;0.13;0.04;178;0.09;0.01;0.21;0.14;0.04;1.68;0.28;4.11;2.18;0.73
28/04/24   ;18:00;0.31;13.4;14.8;0.31;1197;0;-0.11;0.13;0.04;168;0.08;0.01;0.22;0.13;0.04;1.78;0.29;3.85;2.25;0.74
28/04/24   ;19:00;0.32;13.4;15.1;0.32;1194;0;-0.11;0.1;0.03;176;0.08;0.02;0.18;0.12;0.03;1.69;0.38;4.02;2;0.67
28/04/24   ;20:00;0.35;13.4;14.7;0.35;1200;0;-0.11;0.13;0.03;173;0.07;0.01;0.18;0.11;0.03;1.72;0.33;3.59;2.01;0.67
28/04/24   ;21:00;0.43;13.4;14.8;0.43;1195;0;-0.06;0.06;0.02;177;0.05;0.01;0.12;0.08;0.02;1.68;0.44;3.83;2.06;0.6
28/04/24   ;22:00;0.52;13.3;14.4;0.52;1200;0;-0.08;0.08;0.02;189;0.06;0;0.15;0.09;0.03;1.57;0.3;3.52;1.88;0.66
28/04/24   ;23:00;0.6;13.3;14.6;0.6;1198;0;-0.08;0.09;0.03;170;0.07;0.01;0.17;0.1;0.03;1.75;0.42;4.06;2.16;0.65
29/04/24   ;00:00;0.63;13.4;14.9;0.63;1200;0;-0.07;0.07;0.02;147;0.05;0.01;0.12;0.08;0.02;2.02;0.3;3.88;2.73;0.86
29/04/24   ;01:00;0.61;13.4;14.6;0.61;1200;0;-0.06;0.06;0.02;158;0.04;0;0.12;0.06;0.02;1.89;0.29;4.05;2.29;0.87
29/04/24   ;02:00;0.55;13.4;14.6;0.55;1200;0;-0.02;0.03;0.01;175;0.02;0;0.04;0.03;0.01;1.71;0.42;3.62;2.11;0.74
29/04/24   ;03:00;0.43;13.3;14.4;0.43;1200;0;-0.06;0.08;0.02;159;0.05;0.01;0.14;0.07;0.02;1.86;0.3;4.42;2.37;0.88
29/04/24   ;04:00;0.29;13.3;15;0.29;1200;0;-0.04;0.04;0.01;160;0.03;0.01;0.08;0.05;0.01;1.87;0.3;3.7;2.35;0.75
29/04/24   ;05:00;0.15;13.3;15;0.15;1199;0;-0.12;0.11;0.03;157;0.07;0.01;0.21;0.11;0.03;1.89;0.51;3.77;2.12;0.71
29/04/24   ;06:00;0.02;13.4;14.6;0.02;1200;0;-0.12;0.17;0.04;143;0.09;0.01;0.25;0.15;0.05;2.07;0.53;4.17;2.84;0.97
29/04/24   ;07:00;-0.09;13.4;15.1;-0.09;1195;0;-0.16;0.15;0.04;158;0.09;0.01;0.32;0.14;0.05;1.86;0.36;3.84;2.29;0.76
29/04/24   ;08:00;-0.11;13.3;14.7;-0.12;1198;0;-0.13;0.12;0.03;166;0.08;0.01;0.2;0.12;0.04;1.79;0.39;4.07;2.18;0.71
29/04/24   ;09:00;-0.07;13.3;15.4;-0.07;1196;0;-0.1;0.1;0.03;173;0.08;0.01;0.18;0.13;0.04;1.71;0.38;4.38;2.2;0.71
29/04/24   ;10:00;0.03;13.3;15.3;0.03;1200;0;-0.11;0.12;0.04;175;0.09;0.01;0.22;0.13;0.04;1.7;0.32;3.75;2.1;0.64
29/04/24   ;11:00;0.15;13.3;15.3;0.15;1195;0;-0.11;0.19;0.04;182;0.1;0.01;0.29;0.15;0.04;1.63;0.28;4.08;1.79;0.58
29/04/24   ;12:00;0.25;13.4;15.1;0.25;1200;0;-0.11;0.12;0.04;154;0.1;0.01;0.21;0.15;0.05;1.94;0.34;3.88;2.43;0.78
29/04/24   ;13:00;0.32;13.4;15.4;0.32;1200;0;-0.11;0.12;0.04;171;0.09;0.01;0.22;0.14;0.04;1.75;0.42;3.62;2.14;0.64
29/04/24   ;14:00;0.38;13.4;15.5;0.38;1197;0;-0.11;0.11;0.03;170;0.08;0.01;0.18;0.12;0.04;1.75;0.41;4.05;2.26;0.72
29/04/24   ;15:00;0.41;13.3;15.8;0.41;1198;0;-0.14;0.14;0.04;181;0.11;0.01;0.25;0.16;0.05;1.64;0.38;3.36;2.01;0.6
29/04/24   ;16:00;0.41;13.3;15.4;0.42;1179;0;-0.12;0.15;0.04;179;0.1;0.02;0.25;0.14;0.04;1.64;0.63;3.26;1.84;0.58
29/04/24   ;17:00;0.4;13.4;15.8;0.4;1199;0;-0.13;0.14;0.04;159;0.09;0;0.2;0.14;0.04;1.87;0.39;3.78;2.13;0.76
29/04/24   ;18:00;0.37;13.4;16.3;0.37;1194;0;-0.11;0.12;0.04;163;0.09;0.01;0.19;0.13;0.04;1.81;0.46;3.75;2.23;0.69
29/04/24   ;19:00;0.37;13.4;16.1;0.37;1200;0;-0.09;0.1;0.03;191;0.07;0.01;0.17;0.11;0.03;1.55;0.43;3.13;1.85;0.55
29/04/24   ;20:00;0.4;13.3;16;0.4;1198;0;-0.11;0.14;0.04;150;0.09;0.01;0.22;0.14;0.04;1.98;0.44;3.63;2.5;0.8
29/04/24   ;21:00;0.45;13.4;15.5;0.44;1200;0;-0.15;0.11;0.03;179;0.06;0.01;0.26;0.09;0.04;1.66;0.3;3.15;2.02;0.59
29/04/24   ;22:00;0.5;13.4;15.7;0.5;1200;0;-0.1;0.1;0.03;162;0.06;0.01;0.2;0.11;0.04;1.84;0.27;3.93;2.28;0.71
29/04/24   ;23:00;0.54;13.4;15.4;0.54;1199;0;-0.08;0.09;0.02;176;0.05;0.01;0.16;0.08;0.03;1.68;0.42;4.29;2;0.62
30/04/24   ;00:00;0.58;13.4;15.3;0.58;1199;0;-0.13;0.12;0.03;165;0.06;0.01;0.25;0.1;0.04;1.8;0.33;3.69;2.25;0.77
30/04/24   ;01:00;0.58;13.4;16;0.58;1200;0;-0.17;0.13;0.03;167;0.05;0.01;0.31;0.1;0.04;1.78;0.41;3.65;2.11;0.64
30/04/24   ;02:00;0.53;13.3;15.4;0.53;1199;0;-0.07;0.06;0.01;189;0.02;0;0.12;0.04;0.02;1.56;0.36;3.19;1.97;0.65
30/04/24   ;03:00;0.44;13.3;15.8;0.44;1200;0;-0.04;0.04;0.01;143;0.03;0;0.07;0.05;0.01;2.08;0.33;4.28;2.59;0.8
30/04/24   ;04:00;0.33;13.3;15.5;0.33;1200;0;-0.05;0.04;0.01;163;0.03;0;0.08;0.05;0.02;1.83;0.44;4.02;2.25;0.64
30/04/24   ;05:00;0.22;13.4;15.6;0.22;1197;0;-0.09;0.12;0.03;134;0.07;0.01;0.18;0.11;0.04;2.22;0.35;4.23;2.77;0.88
30/04/24   ;06:00;0.1;13.4;16;0.1;1196;0;-0.1;0.08;0.02;165;0.06;0.01;0.18;0.09;0.03;1.79;0.32;4.14;2.14;0.79
30/04/24   ;07:00;0.01;13.3;16;0.01;1200;0;-0.1;0.13;0.04;160;0.09;0.01;0.22;0.13;0.04;1.86;0.64;4.15;2.26;0.68
30/04/24   ;08:00;-0.06;13.3;16;-0.05;1198;0;-0.12;0.16;0.04;172;0.09;0.01;0.28;0.13;0.04;1.73;0.28;4.01;1.93;0.64
30/04/24   ;09:00;-0.07;13.4;16.2;-0.07;1200;0;-0.11;0.15;0.04;177;0.1;0.01;0.27;0.16;0.05;1.68;0.3;3.28;2.08;0.63
30/04/24   ;10:00;-0.05;13.3;15.8;-0.05;1195;0;-0.11;0.13;0.04;177;0.1;0.01;0.23;0.14;0.04;1.67;0.39;3.63;1.91;0.58
30/04/24   ;11:00;0.01;13.3;16.2;0.01;1200;0;-0.13;0.16;0.04;181;0.1;0.01;0.25;0.15;0.05;1.65;0.53;2.92;1.87;0.53
30/04/24   ;12:00;0.11;13.4;15.9;0.11;1200;0;-0.12;0.17;0.04;189;0.1;0.02;0.26;0.15;0.04;1.58;0.28;3.21;1.84;0.58
30/04/24   ;13:00;0.22;13.3;16.9;0.22;1184;0;-0.17;0.18;0.05;178;0.12;0.01;0.3;0.18;0.06;1.66;0.33;3.35;2.04;0.62
30/04/24   ;14:00;0.32;13.3;16.9;0.32;1195;0;-0.11;0.13;0.04;179;0.1;0.01;0.24;0.15;0.04;1.66;0.38;3.9;2.02;0.64
30/04/24   ;15:00;0.4;13.4;17.1;0.4;1194;0;-0.14;0.13;0.04;202;0.09;0.01;0.22;0.14;0.04;1.47;0.29;3.48;1.76;0.57
30/04/24   ;16:00;0.45;13.4;16.5;0.45;1200;0;-0.12;0.15;0.04;191;0.1;0.02;0.23;0.15;0.04;1.56;0.37;3.14;1.8;0.54
30/04/24   ;17:00;0.48;13.4;16.6;0.48;1208;0;-0.14;0.14;0.04;182;0.09;0.01;0.23;0.15;0.05;1.65;0.33;3.96;1.95;0.63
30/04/24   ;18:00;0.51;13.3;16.6;0.5;1199;0;-0.14;0.18;0.05;171;0.11;0.02;0.27;0.17;0.05;1.74;0.27;3.53;2.04;0.63
30/04/24   ;19:00;0.51;13.3;16.2;0.51;1200;0;-0.13;0.14;0.04;174;0.09;0.01;0.25;0.13;0.04;1.71;0.56;3.64;2.02;0.61
30/04/24   ;20:00;0.52;13.4;17.1;0.52;1193;0;-0.22;0.15;0.04;180;0.09;0.02;0.3;0.14;0.05;1.65;0.36;3.37;2.04;0.66
30/04/24   ;21:00;0.54;13.4;16.9;0.55;1200;0;-0.1;0.1;0.03;178;0.07;0.01;0.19;0.1;0.03;1.67;0.3;3.21;1.99;0.59
30/04/24   ;22:00;0.55;13.4;16.2;0.55;1190;0;-0.14;0.13;0.03;180;0.07;0;0.22;0.11;0.04;1.65;0.36;3.51;1.9;0.56
30/04/24   ;23:00;0.57;13.3;16.6;0.58;1200;0;-0.08;0.11;0.02;175;0.06;0.01;0.19;0.09;0.03;1.7;0.38;3.34;2.09;0.67
01/05/24   ;00:00;0.55;13.4;16.5;0.55;1199;0;-0.09;0.08;0.03;157;0.06;0;0.16;0.09;0.03;1.9;0.36;4.09;2.49;0.76
01/05/24   ;01:00;0.51;13.4;16.6;0.51;1200;0;-0.06;0.05;0.02;175;0.04;0;0.09;0.05;0.02;1.7;0.4;3.88;2.09;0.69
01/05/24   ;02:00;0.46;13.4;16.8;0.46;1199;0;-0.06;0.07;0.02;185;0.03;0;0.13;0.06;0.02;1.61;0.39;3.28;2.07;0.64
01/05/24   ;03:00;0.4;13.4;16.3;0.4;1200;0;-0.1;0.09;0.02;191;0.05;0.01;0.19;0.08;0.03;1.56;0.32;3.22;2.06;0.69
01/05/24   ;04:00;0.35;13.4;16.9;0.35;1188;0;-0.06;0.07;0.02;218;0.04;0;0.1;0.06;0.02;1.36;0.38;3.79;1.81;0.64
01/05/24   ;05:00;0.3;13.4;16.5;0.3;1196;0;-0.06;0.06;0.02;170;0.05;0.01;0.12;0.07;0.02;1.74;0.34;3.92;2.42;0.87
01/05/24   ;06:00;0.24;13.3;16.6;0.24;1200;0;-0.14;0.14;0.04;157;0.1;0.02;0.25;0.16;0.05;1.9;0.33;3.34;2.12;0.64
01/05/24   ;07:00;0.18;13.3;16.6;0.18;1200;0;-0.13;0.16;0.04;149;0.09;0.01;0.22;0.13;0.04;2;0.39;3.73;2.38;0.72
01/05/24   ;08:00;0.12;13.3;16.6;0.12;1200;0;-0.13;0.14;0.04;181;0.09;0.01;0.24;0.13;0.04;1.64;0.39;3.48;1.93;0.6
01/05/24   ;09:00;0.1;13.4;16.7;0.1;1192;0;-0.11;0.17;0.04;168;0.1;0.02;0.26;0.15;0.05;1.76;0.35;3.51;2.24;0.71
01/05/24   ;10:00;0.07;13.3;16.7;0.07;1200;0;-0.13;0.16;0.04;177;0.1;0.01;0.26;0.15;0.05;1.69;0.54;4.04;2.02;0.59
01/05/24   ;11:00;0.07;13.4;17.3;0.07;1200;0;-0.15;0.2;0.05;175;0.11;0.01;0.32;0.18;0.06;1.7;0.35;3.81;2.13;0.66
01/05/24   ;12:00;0.14;13.3;16.1;0.14;1200;0;-0.13;0.13;0.04;175;0.11;0.01;0.24;0.16;0.05;1.7;0.47;3.31;2.12;0.66
01/05/24   ;13:00;0.23;13.3;16.6;0.23;1194;0;-0.16;0.17;0.05;186;0.12;0;0.27;0.18;0.06;1.6;0.39;3.26;1.82;0.54
01/05/24   ;14:00;0.35;13.3;16.7;0.35;1199;0;-0.13;0.16;0.04;186;0.11;0.02;0.26;0.16;0.05;1.6;0.33;4.14;1.9;0.67
01/05/24   ;15:00;0.5;13.4;16.4;0.5;1208;0;-0.14;0.18;0.05;201;0.12;0.02;0.31;0.18;0.06;1.5;0.35;3.45;1.92;0.6
01/05/24   ;16:00;0.67;13.3;16.3;0.67;1193;0;-0.18;0.18;0.05;200;0.13;0.01;0.35;0.19;0.06;1.48;0.44;3.29;1.8;0.53
01/05/24   ;17:00;0.81;13.3;17.1;0.82;1200;0;-0.17;0.24;0.06;201;0.15;0.03;0.37;0.22;0.06;1.48;0.36;3.18;1.76;0.56
01/05/24   ;18:00;0.94;13.4;16.2;0.94;1200;0;-0.26;0.27;0.06;198;0.14;0.02;0.44;0.22;0.07;1.5;0.54;3.37;1.74;0.51
01/05/24   ;19:00;0.99;13.4;16.4;0.98;1198;0;-0.21;0.21;0.05;193;0.13;0.02;0.36;0.2;0.06;1.55;0.37;3.76;1.92;0.67
01/05/24   ;20:00;0.98;13.4;16.5;0.98;1200;0;-0.16;0.26;0.06;212;0.13;0.01;0.35;0.21;0.06;1.4;0.35;3.04;1.61;0.46
01/05/24   ;21:00;0.99;13.3;16.4;0.99;1192;0;-0.13;0.18;0.05;199;0.12;0.01;0.28;0.18;0.06;1.49;0.3;3.28;1.76;0.53
01/05/24   ;22:00;0.83;13.4;16.4;0.83;1197;0;-0.11;0.12;0.03;202;0.08;0.01;0.18;0.12;0.04;1.47;0.3;3.76;1.84;0.62
01/05/24   ;23:00;0.69;13.4;16.6;0.69;1200;0;-0.12;0.1;0.03;166;0.09;0.02;0.22;0.13;0.04;1.8;0.35;3.32;2.16;0.62
02/05/24   ;00:00;0.59;13.4;16.7;0.59;1200;0;-0.11;0.08;0.03;171;0.07;0.01;0.19;0.1;0.03;1.73;0.38;3.81;2.3;0.75
02/05/24   ;01:00;0.5;13.4;16.8;0.5;1200;0;-0.08;0.09;0.03;153;0.07;0.01;0.16;0.11;0.03;1.93;0.36;4.11;2.63;0.89
02/05/24   ;02:00;0.48;13.4;16.8;0.48;1195;0;-0.07;0.07;0.02;237;0.05;0.01;0.14;0.08;0.02;1.26;0.36;3.17;1.45;0.45
02/05/24   ;03:00;0.49;13.3;16.8;0.49;1197;0;-0.06;0.07;0.02;174;0.04;0.01;0.12;0.06;0.02;1.71;0.3;3.44;2.12;0.64
02/05/24   ;04:00;0.46;13.4;16.7;0.46;1195;0;-0.11;0.08;0.02;160;0.05;0;0.16;0.08;0.03;1.86;0.36;3.8;2.55;0.79
02/05/24   ;05:00;0.46;13.4;16.7;0.46;1200;0;-0.09;0.11;0.03;168;0.06;0;0.18;0.1;0.03;1.77;0.4;3.9;2.16;0.68
02/05/24   ;06:00;0.41;13.4;16.7;0.41;1200;0;-0.13;0.14;0.04;149;0.09;0;0.22;0.14;0.04;2;0.36;3.84;2.23;0.72
02/05/24   ;07:00;0.35;13.4;16.7;0.35;1197;0;-0.11;0.13;0.04;170;0.09;0.01;0.24;0.14;0.04;1.75;0.3;3.5;2.02;0.62
02/05/24   ;08:00;0.27;13.3;16.7;0.27;1197;0;-0.11;0.13;0.04;168;0.09;0.01;0.21;0.14;0.04;1.77;0.3;4.63;2.17;0.72
02/05/24   ;09:00;0.16;13.4;16.8;0.16;1200;0;-0.13;0.13;0.04;161;0.1;0.01;0.22;0.14;0.04;1.84;0.53;3.57;2.19;0.66
02/05/24   ;10:00;0.09;13.3;16.9;0.09;1198;0;-0.15;0.17;0.05;168;0.11;0.01;0.28;0.17;0.05;1.77;0.31;5.04;2.14;0.65
02/05/24   ;11:00;0.07;13.3;16.9;0.07;1200;0;-0.13;0.12;0.04;179;0.1;0.01;0.22;0.15;0.04;1.67;0.4;3.74;2.06;0.64
02/05/24   ;12:00;0.11;13.3;17;0.11;1199;0;-0.17;0.17;0.05;163;0.12;0.01;0.29;0.18;0.05;1.82;0.37;4.01;2.06;0.67
02/05/24   ;13:00;0.23;13.3;17.1;0.23;1200;0;-0.21;0.18;0.05;167;0.14;0.02;0.34;0.21;0.06;1.78;0.57;3.17;1.97;0.53
02/05/24   ;14:00;0.35;13.3;17.3;0.35;1197;0;-0.18;0.14;0.04;191;0.1;0.01;0.29;0.16;0.05;1.56;0.45;3.21;1.88;0.56
02/05/24   ;15:00;0.52;13.3;17.3;0.52;1198;0;-0.13;0.22;0.05;194;0.13;0.01;0.34;0.2;0.06;1.53;0.38;3.46;1.81;0.58
02/05/24   ;16:00;0.66;13.4;17;0.67;1208;0;-0.16;0.25;0.05;212;0.12;0.01;0.34;0.19;0.06;1.41;0.26;3.32;1.73;0.59
02/05/24   ;17:00;0.81;13.3;16.8;0.81;1200;0;-0.11;0.16;0.04;182;0.11;0.02;0.23;0.16;0.04;1.64;0.58;3.14;1.94;0.55
02/05/24   ;18:00;0.93;13.3;16.7;0.93;1200;0;-0.17;0.21;0.05;190;0.13;0.02;0.37;0.2;0.07;1.57;0.49;3.15;1.76;0.56
02/05/24   ;19:00;0.94;13.3;16.6;0.94;1195;0;-0.1;0.13;0.03;192;0.07;0.01;0.21;0.11;0.03;1.55;0.37;3.76;2.04;0.67
02/05/24   ;20:00;0.91;13.3;16.6;0.91;1200;0;-0.08;0.12;0.03;175;0.08;0.01;0.17;0.12;0.04;1.71;0.4;3.69;2.01;0.65
02/05/24   ;21:00;0.83;13.4;16.6;0.83;1199;0;-0.09;0.11;0.03;163;0.07;0.01;0.18;0.1;0.03;1.82;0.46;3.65;2.17;0.69
02/05/24   ;22:00;0.7;13.4;16.8;0.7;1200;0;-0.1;0.11;0.03;154;0.07;0.02;0.19;0.1;0.03;1.94;0.34;4;2.52;0.74
02/05/24   ;23:00;0.52;13.4;16.9;0.52;1200;0;-0.1;0.14;0.03;148;0.08;0;0.21;0.13;0.04;2.01;0.3;4.43;2.54;0.8
03/05/24   ;00:00;0.38;13.4;17;0.37;1200;0;-0.07;0.1;0.03;145;0.06;0.01;0.17;0.09;0.03;2.04;0.47;4.46;2.7;0.88
03/05/24   ;01:00;0.27;13.3;17;0.27;1195;0;-0.09;0.08;0.02;165;0.05;0.01;0.18;0.08;0.03;1.8;0.33;4.05;2.19;0.69
03/05/24   ;02:00;0.2;13.4;16.7;0.2;1200;0;-0.04;0.03;0.01;189;0.02;0;0.06;0.04;0.01;1.56;0.29;3.29;2.07;0.72
03/05/24   ;03:00;0.16;13.4;16.8;0.16;1200;0;-0.04;0.05;0.01;180;0.03;0;0.08;0.05;0.01;1.65;0.38;2.96;2.09;0.61
03/05/24   ;04:00;0.19;13.4;16.7;0.19;1200;0;-0.14;0.14;0.03;142;0.07;0.01;0.27;0.13;0.05;2.1;0.36;4.36;2.52;0.82
03/05/24   ;05:00;0.24;13.4;16.7;0.24;1197;0;-0.08;0.07;0.02;167;0.05;0.01;0.14;0.08;0.03;1.79;0.29;4.02;2.36;0.73
03/05/24   ;06:00;0.32;13.4;16.7;0.32;1194;0;-0.13;0.17;0.04;151;0.09;0.01;0.25;0.15;0.05;1.95;0.43;3.91;2.3;0.76
03/05/24   ;07:00;0.38;13.4;16.6;0.38;1200;0;-0.16;0.14;0.04;177;0.1;0.01;0.25;0.17;0.05;1.68;0.3;3.47;2.06;0.66
03/05/24   ;08:00;0.37;13.4;16.7;0.37;1194;0;-0.14;0.17;0.04;175;0.1;0.02;0.26;0.16;0.05;1.69;0.33;3.57;2.1;0.65
03/05/24   ;09:00;0.33;13.3;16.7;0.33;1200;0;-0.13;0.18;0.04;181;0.11;0.01;0.31;0.16;0.05;1.64;0.33;3.34;1.95;0.56
03/05/24   ;10:00;0.25;13.4;16.8;0.25;1200;0;-0.13;0.14;0.04;175;0.11;0.01;0.25;0.16;0.05;1.71;0.33;3.65;1.92;0.59
03/05/24   ;11:00;0.17;13.4;17;0.17;1200;0;-0.13;0.18;0.04;166;0.1;0.01;0.3;0.15;0.05;1.78;0.32;3.73;2.16;0.68
03/05/24   ;12:00;0.16;13.3;17.1;0.16;1197;0;-0.16;0.16;0.05;165;0.12;0.01;0.29;0.18;0.05;1.81;0.35;4.01;2.22;0.67
03/05/24   ;13:00;0.19;13.3;17.1;0.19;1197;0;-0.16;0.15;0.04;173;0.11;0.01;0.29;0.16;0.05;1.7;0.33;3.74;2.01;0.61
03/05/24   ;14:00;0.27;13.3;17;0.27;1184;0;-0.15;0.17;0.05;181;0.11;0.02;0.31;0.17;0.05;1.63;0.31;3.3;1.87;0.58
03/05/24   ;15:00;0.41;13.4;16.9;0.41;1200;0;-0.14;0.22;0.05;186;0.11;0.02;0.35;0.17;0.05;1.6;0.39;3.34;1.87;0.53
03/05/24   ;16:00;0.54;13.4;16.9;0.54;1200;0;-0.18;0.21;0.05;201;0.11;0.02;0.32;0.17;0.05;1.48;0.31;3.32;1.73;0.52
03/05/24   ;17:00;0.67;13.3;16.9;0.68;1200;0;-0.19;0.18;0.05;188;0.11;0.01;0.35;0.18;0.06;1.59;0.32;3.31;1.88;0.64
03/05/24   ;18:00;0.78;13.3;16.6;0.78;1200;0;-0.17;0.17;0.05;187;0.11;0.01;0.34;0.18;0.06;1.6;0.39;4.03;1.88;0.66
03/05/24   ;19:00;0.83;13.3;16.5;0.83;1195;0;-0.13;0.15;0.04;188;0.1;0.02;0.24;0.15;0.04;1.58;0.41;3.38;1.89;0.59
03/05/24   ;20:00;0.83;13.4;16.5;0.83;1196;0;-0.11;0.11;0.03;186;0.08;0.01;0.2;0.13;0.04;1.59;0.3;3.38;1.91;0.6
03/05/24   ;21:00;0.78;13.4;16.3;0.78;1200;0;-0.13;0.14;0.04;175;0.09;0.01;0.22;0.13;0.04;1.7;0.49;3.3;2.01;0.6
03/05/24   ;22:00;0.62;13.4;16.6;0.62;1200;0;-0.09;0.13;0.03;145;0.08;0.02;0.2;0.12;0.04;2.04;0.29;4.55;2.43;0.89
03/05/24   ;23:00;0.46;13.3;16.8;0.46;1200;0;-0.1;0.1;0.03;150;0.07;0.01;0.2;0.11;0.03;1.99;0.46;4.37;2.26;0.74
04/05/24   ;00:00;0.28;13.4;16.9;0.28;1200;0;-0.12;0.11;0.03;119;0.08;0.01;0.22;0.13;0.04;2.5;0.36;5.7;3.47;1.15
04/05/24   ;01:00;0.1;13.4;16.8;0.1;1200;0;-0.09;0.1;0.02;144;0.05;0;0.17;0.09;0.03;2.07;0.4;4.48;2.56;0.86
04/05/24   ;02:00;-0.02;13.4;17;-0.02;1200;0;-0.04;0.05;0.01;155;0.03;0.01;0.08;0.05;0.01;1.92;0.43;3.64;2.14;0.55
04/05/24   ;03:00;-0.05;13.4;16.9;-0.05;1200;0;-0.04;0.04;0.01;151;0.03;0;0.06;0.05;0.01;1.97;0.59;3.54;2.17;0.58
04/05/24   ;04:00;0.01;13.4;16.8;0.02;1200;0;-0.08;0.08;0.02;141;0.04;0;0.14;0.08;0.03;2.12;0.37;4.24;2.91;0.88
04/05/24   ;05:00;0.15;13.4;16.7;0.16;1196;0;-0.08;0.07;0.02;175;0.05;0;0.14;0.08;0.03;1.7;0.33;3.59;2.15;0.7
04/05/24   ;06:00;0.3;13.4;16.6;0.3;1200;0;-0.1;0.13;0.03;174;0.08;0;0.23;0.12;0.04;1.69;0.36;3.32;2.07;0.67
04/05/24   ;07:00;0.42;13.4;16.9;0.43;1200;0;-0.11;0.14;0.04;165;0.1;0.02;0.23;0.14;0.04;1.81;0.47;3.93;2.02;0.66
04/05/24   ;08:00;0.48;13.4;16.7;0.48;1199;0;-0.12;0.13;0.04;178;0.1;0.02;0.2;0.14;0.04;1.68;0.6;3.9;1.96;0.62
04/05/24   ;09:00;0.48;13.4;16.7;0.49;1200;0;-0.13;0.15;0.04;184;0.09;0.01;0.25;0.14;0.04;1.62;0.31;3.98;1.99;0.66
04/05/24   ;10:00;0.42;13.3;16.7;0.43;1200;0;-0.12;0.15;0.04;188;0.1;0.02;0.24;0.15;0.05;1.59;0.44;3.76;1.84;0.56
04/05/24   ;11:00;0.32;13.4;16.8;0.32;1200;0;-0.13;0.17;0.04;171;0.09;0;0.27;0.14;0.05;1.75;0.3;3.58;2.12;0.77
04/05/24   ;12:00;0.19;13.3;17;0.19;1196;0;-0.2;0.17;0.04;165;0.1;0.01;0.32;0.15;0.05;1.79;0.42;4.18;2.04;0.68
04/05/24   ;13:00;0.09;13.4;17.1;0.09;1190;0;-0.15;0.13;0.04;166;0.1;0.01;0.26;0.15;0.04;1.77;0.6;3.5;2.11;0.61
04/05/24   ;14:00;0.05;13.3;17.3;0.06;1196;0;-0.17;0.17;0.04;172;0.1;0.01;0.33;0.16;0.05;1.73;0.42;3.33;2.08;0.64
04/05/24   ;15:00;0.07;13.3;17.4;0.07;1196;0;-0.11;0.13;0.04;183;0.09;0.01;0.21;0.14;0.04;1.63;0.45;3.85;2.07;0.68
04/05/24   ;16:00;0.15;13.3;17.2;0.15;1200;0;-0.12;0.14;0.04;184;0.1;0.01;0.25;0.15;0.04;1.62;0.33;3.17;1.88;0.57
04/05/24   ;17:00;0.32;13.4;17.2;0.32;1197;0;-0.17;0.2;0.05;185;0.11;0.02;0.36;0.17;0.05;1.61;0.36;2.98;1.78;0.52
04/05/24   ;18:00;0.49;13.4;17.2;0.49;1213;0;-0.13;0.2;0.04;192;0.11;0.01;0.29;0.17;0.05;1.56;0.32;3.47;1.79;0.57
04/05/24   ;19:00;0.63;13.4;17.1;0.63;1215;0;-0.17;0.23;0.05;182;0.13;0;0.34;0.21;0.07;1.66;0.31;3.93;1.97;0.73
04/05/24   ;20:00;0.72;13.3;16.9;0.72;1200;0;-0.14;0.16;0.04;180;0.1;0.02;0.25;0.15;0.05;1.65;0.3;3.81;1.99;0.65
04/05/24   ;21:00;0.73;13.3;16.9;0.73;1200;0;-0.12;0.13;0.04;172;0.1;0.02;0.22;0.14;0.04;1.73;0.4;3.52;2.07;0.66
04/05/24   ;22:00;0.63;13.3;16.9;0.63;1200;0;-0.09;0.12;0.03;170;0.07;0.01;0.2;0.11;0.04;1.75;0.48;4.15;2.09;0.7
04/05/24   ;23:00;0.45;13.4;17;0.45;1194;0;-0.13;0.15;0.03;159;0.08;0.01;0.25;0.12;0.04;1.85;0.43;3.83;2.22;0.75
05/05/24   ;00:00;0.25;13.4;17.1;0.25;1200;0;-0.15;0.14;0.04;141;0.09;0.01;0.23;0.14;0.05;2.11;0.32;4.8;2.75;0.83
05/05/24   ;01:00;0.07;13.4;17.2;0.07;1200;0;-0.16;0.11;0.03;133;0.08;0.01;0.26;0.13;0.05;2.24;0.44;3.99;3.01;0.94
05/05/24   ;02:00;-0.06;13.4;17.2;-0.06;1195;0;-0.05;0.05;0.02;154;0.04;0;0.09;0.06;0.02;1.92;0.45;4.28;2.29;0.74
05/05/24   ;03:00;-0.1;13.3;17.2;-0.1;1200;0;-0.08;0.12;0.02;158;0.04;0;0.19;0.06;0.03;1.89;0.34;3.41;2.23;0.64
05/05/24   ;04:00;-0.02;13.4;17.1;-0.02;1200;0;-0.09;0.11;0.03;138;0.06;0.01;0.18;0.1;0.03;2.15;0.35;4.32;3.02;0.96
05/05/24   ;05:00;0.17;13.4;17.2;0.17;1189;0;-0.1;0.1;0.02;198;0.05;0;0.18;0.09;0.03;1.5;0.36;3.55;1.71;0.62
05/05/24   ;06:00;0.37;13.4;17.1;0.37;1200;0;-0.14;0.15;0.03;185;0.08;0.01;0.29;0.12;0.04;1.61;0.29;4.5;1.93;0.69
05/05/24   ;07:00;0.54;13.4;17.1;0.54;1200;0;-0.14;0.15;0.04;194;0.1;0.02;0.23;0.16;0.05;1.53;0.43;3.03;1.8;0.52
05/05/24   ;08:00;0.66;13.3;17.2;0.66;1197;0;-0.14;0.16;0.05;192;0.11;0;0.26;0.17;0.05;1.55;0.27;3.35;1.8;0.57
05/05/24   ;09:00;0.69;13.4;17.2;0.68;1200;0;-0.14;0.16;0.05;180;0.11;0.02;0.29;0.17;0.05;1.66;0.43;3.12;2.02;0.58
05/05/24   ;10:00;0.6;13.4;17.2;0.6;1200;0;-0.13;0.15;0.04;180;0.09;0.01;0.19;0.13;0.04;1.65;0.59;3.37;1.97;0.57
05/05/24   ;11:00;0.45;13.4;17.5;0.45;1199;0;-0.13;0.16;0.04;173;0.1;0.01;0.25;0.15;0.05;1.73;0.32;3.88;2.01;0.68
05/05/24   ;12:00;0.27;13.4;17.6;0.27;1200;0;-0.14;0.2;0.05;151;0.11;0.02;0.28;0.18;0.06;1.97;0.3;4.38;2.52;0.81
05/05/24   ;13:00;0.11;13.4;17.8;0.11;1198;0;-0.12;0.12;0.04;174;0.09;0.01;0.23;0.14;0.05;1.71;0.31;3.54;2.14;0.68
05/05/24   ;14:00;0.01;13.3;17.9;0.01;1200;0;-0.13;0.14;0.04;160;0.1;0.01;0.27;0.15;0.05;1.86;0.3;4.15;2.2;0.67
05/05/24   ;15:00;0;13.3;18;0;1199;0;-0.14;0.11;0.04;185;0.09;0.01;0.24;0.13;0.04;1.61;0.31;3.12;1.88;0.57
05/05/24   ;16:00;0.1;13.3;18;0.1;1199;0;-0.14;0.2;0.05;167;0.12;0.02;0.28;0.18;0.05;1.79;0.47;3.85;2.12;0.64
05/05/24   ;17:00;0.28;13.3;18.5;0.28;1200;0;-0.16;0.17;0.05;176;0.12;0.01;0.3;0.18;0.06;1.7;0.43;3.49;2.12;0.63
05/05/24   ;18:00;0.48;13.3;18.2;0.48;1192;0;-0.16;0.18;0.05;187;0.13;0.02;0.34;0.2;0.06;1.59;0.29;3.78;1.84;0.56
05/05/24   ;19:00;0.65;13.3;18;0.65;1196;0;-0.13;0.16;0.05;195;0.11;0.02;0.26;0.17;0.05;1.53;0.37;3.29;1.81;0.52
05/05/24   ;20:00;0.77;13.3;17.8;0.77;1197;0;-0.18;0.2;0.05;171;0.12;0.02;0.32;0.18;0.06;1.74;0.39;3.73;2.06;0.66
05/05/24   ;21:00;0.83;13.3;17.5;0.82;1200;0;-0.11;0.14;0.03;192;0.08;0.01;0.25;0.13;0.04;1.55;0.3;3.91;1.78;0.55
05/05/24   ;22:00;0.8;13.4;17.5;0.8;1196;0;-0.1;0.13;0.03;189;0.07;0.01;0.22;0.11;0.03;1.57;0.34;3.61;1.77;0.55
05/05/24   ;23:00;0.65;13.3;17.7;0.66;1199;0;-0.11;0.11;0.03;176;0.06;0.01;0.18;0.1;0.03;1.69;0.45;3.1;2.08;0.65
06/05/24   ;00:00;0.47;13.3;17.8;0.47;1194;0;-0.08;0.07;0.02;128;0.06;0.01;0.15;0.09;0.03;2.31;0.38;4.46;2.96;0.94
06/05/24   ;01:00;0.27;13.3;18;0.27;1200;0;-0.05;0.05;0.02;133;0.04;0;0.09;0.06;0.02;2.22;0.31;4.24;2.93;0.94
06/05/24   ;02:00;0.1;13.4;18;0.1;1199;0;-0.05;0.06;0.02;152;0.04;0.01;0.1;0.06;0.02;1.96;0.56;4.11;2.32;0.68
06/05/24   ;03:00;-0.01;13.4;18;-0.01;1197;0;-0.07;0.06;0.02;139;0.04;0.01;0.12;0.06;0.02;2.13;0.52;4.22;3.02;0.91
06/05/24   ;04:00;-0.02;13.4;17.9;-0.02;1198;0;-0.07;0.07;0.03;144;0.06;0.01;0.13;0.09;0.03;2.05;0.32;4.15;2.65;0.83
06/05/24   ;05:00;0.09;13.4;17.9;0.1;1199;0;-0.14;0.18;0.04;146;0.09;0.01;0.3;0.16;0.06;2.04;0.28;4.19;2.63;0.83
06/05/24   ;06:00;0.28;13.3;18;0.28;1200;0;-0.14;0.15;0.04;182;0.08;0.01;0.24;0.13;0.05;1.63;0.28;3.64;1.94;0.6
06/05/24   ;07:00;0.46;13.4;18;0.46;1200;0;-0.15;0.19;0.05;185;0.12;0.01;0.32;0.18;0.06;1.61;0.31;2.88;1.78;0.52
06/05/24   ;08:00;0.58;13.4;17.9;0.58;1179;0;-0.15;0.19;0.05;186;0.12;0.01;0.32;0.18;0.05;1.57;0.31;2.78;1.79;0.49
06/05/24   ;09:00;0.65;13.4;17.9;0.65;1196;0;-0.16;0.17;0.05;187;0.12;0.02;0.32;0.18;0.06;1.59;0.33;3.31;1.94;0.57
06/05/24   ;10:00;0.62;13.4;17.9;0.63;1198;0;-0.2;0.22;0.05;182;0.12;0.01;0.34;0.2;0.07;1.64;0.45;3.19;1.9;0.58
06/05/24   ;11:00;0.5;13.4;18.1;0.5;1196;0;-0.2;0.13;0.04;177;0.1;0.01;0.32;0.15;0.05;1.67;0.54;3.16;1.91;0.61
06/05/24   ;12:00;0.32;13.3;18.3;0.32;1200;0;-0.12;0.16;0.04;164;0.11;0.01;0.28;0.16;0.05;1.81;0.39;3.89;1.97;0.59
06/05/24   ;13:00;0.16;13.4;18.4;0.16;1200;0;-0.15;0.14;0.05;162;0.11;0.02;0.27;0.17;0.05;1.84;0.33;3.87;2.25;0.71
06/05/24   ;14:00;0.03;13.4;18.4;0.03;1200;0;-0.16;0.15;0.04;181;0.09;0;0.31;0.15;0.05;1.64;0.37;3.76;1.91;0.57
06/05/24   ;15:00;-0.01;13.4;18.5;-0.01;1196;0;-0.13;0.14;0.04;168;0.1;0.01;0.27;0.16;0.05;1.77;0.38;3.6;2.01;0.62
06/05/24   ;16:00;0.06;13.4;18.4;0.06;1199;0;-0.15;0.17;0.04;191;0.09;0;0.29;0.14;0.05;1.55;0.34;3.04;1.84;0.55
06/05/24   ;17:00;0.23;13.3;18.6;0.23;1200;0;-0.12;0.15;0.04;184;0.11;0.01;0.26;0.16;0.05;1.63;0.33;3.16;1.85;0.52
06/05/24   ;18:00;0.43;13.4;18.4;0.43;1200;0;-0.17;0.19;0.05;184;0.12;0.01;0.31;0.18;0.06;1.62;0.42;4.22;1.93;0.71
06/05/24   ;19:00;0.62;13.3;18.3;0.63;1199;0;-0.11;0.13;0.04;208;0.09;0;0.2;0.14;0.04;1.43;0.37;3.39;1.7;0.52
06/05/24   ;20:00;0.78;13.3;18;0.78;1200;0;-0.12;0.18;0.04;188;0.09;0.02;0.26;0.15;0.05;1.59;0.37;3.65;1.81;0.59
06/05/24   ;21:00;0.88;13.4;17.6;0.88;1200;0;-0.11;0.12;0.03;205;0.07;0.01;0.22;0.11;0.04;1.46;0.3;3.36;1.74;0.54
06/05/24   ;22:00;0.91;13.3;17.3;0.91;1195;0;-0.09;0.1;0.03;186;0.07;0.01;0.16;0.1;0.03;1.59;0.39;3.58;1.91;0.63
06/05/24   ;23:00;0.83;13.3;17.4;0.83;1198;0;-0.15;0.11;0.04;165;0.09;0.01;0.26;0.14;0.05;1.81;0.43;3.85;2.12;0.63
07/05/24   ;00:00;0.66;13.3;17.8;0.66;1200;0;-0.12;0.13;0.03;130;0.08;0.01;0.26;0.13;0.05;2.29;0.54;4.68;2.78;0.99
07/05/24   ;01:00;0.46;13.3;18;0.46;1197;0;-0.07;0.08;0.03;140;0.06;0;0.14;0.1;0.03;2.13;0.31;3.85;2.51;0.77
07/05/24   ;02:00;0.24;13.3;18.2;0.24;1200;0;-0.03;0.04;0.01;180;0.03;0;0.07;0.04;0.01;1.64;0.3;3.95;2.05;0.72
07/05/24   ;03:00;0.06;13.4;18.3;0.06;1200;0;-0.06;0.07;0.02;181;0.04;0.01;0.12;0.06;0.02;1.64;0.3;3.72;2.28;0.78
07/05/24   ;04:00;-0.06;13.3;18.3;-0.06;1200;0;-0.08;0.07;0.02;119;0.06;0.01;0.14;0.09;0.03;2.5;0.42;4.64;3.39;1.09
07/05/24   ;05:00;-0.09;13.3;18.3;-0.09;1199;0;-0.05;0.05;0.02;139;0.04;0;0.09;0.06;0.02;2.12;0.46;4.03;2.47;0.76
07/05/24   ;06:00;0.02;13.4;18.2;0.02;1193;0;-0.1;0.12;0.04;156;0.08;0.01;0.2;0.13;0.04;1.9;0.39;3.52;2.32;0.66
07/05/24   ;07:00;0.21;13.4;18.2;0.21;1208;0;-0.17;0.18;0.05;178;0.12;0.01;0.33;0.19;0.06;1.69;0.28;3.47;2.04;0.64
07/05/24   ;08:00;0.38;13.4;18.2;0.38;1199;0;-0.19;0.19;0.05;190;0.11;0.01;0.37;0.17;0.06;1.57;0.37;3.26;1.92;0.58
07/05/24   ;09:00;0.51;13.4;18.2;0.51;1200;0;-0.16;0.16;0.04;176;0.11;0.01;0.29;0.17;0.05;1.69;0.33;3.37;1.97;0.61
07/05/24   ;10:00;0.57;13.3;18.1;0.57;1199;0;-0.12;0.15;0.04;182;0.11;0.02;0.25;0.16;0.05;1.64;0.34;3.37;1.79;0.6
07/05/24   ;11:00;0.56;13.4;18;0.56;1200;0;-0.16;0.16;0.04;170;0.1;0.01;0.31;0.16;0.05;1.76;0.41;3.73;2.14;0.68
07/05/24   ;12:00;0.47;13.4;18.1;0.47;1197;0;-0.16;0.14;0.04;170;0.1;0.01;0.27;0.16;0.05;1.75;0.37;4.45;2.11;0.67
07/05/24   ;13:00;0.34;13.4;18.2;0.34;1200;0;-0.12;0.18;0.04;155;0.11;0.02;0.27;0.17;0.05;1.92;0.53;3.78;2.29;0.69
07/05/24   ;14:00;0.21;13.4;18.3;0.21;1196;0;-0.13;0.16;0.04;175;0.09;0.01;0.25;0.14;0.05;1.7;0.48;4.19;2.04;0.59
07/05/24   ;15:00;0.13;13.3;18.3;0.13;1198;0;-0.16;0.16;0.04;155;0.11;0;0.25;0.17;0.05;1.92;0.33;3.88;2.47;0.81
07/05/24   ;16:00;0.14;13.4;18.3;0.14;1197;0;-0.13;0.18;0.04;169;0.09;0.01;0.28;0.14;0.04;1.76;0.29;4;2.22;0.7
07/05/24   ;17:00;0.24;13.4;18.2;0.24;1201;0;-0.14;0.17;0.04;169;0.1;0.01;0.31;0.16;0.05;1.76;0.26;3.83;2.17;0.71
07/05/24   ;18:00;0.42;13.4;18.2;0.42;1197;0;-0.14;0.18;0.05;191;0.12;0.01;0.27;0.19;0.06;1.56;0.35;3.09;1.75;0.53
07/05/24   ;19:00;0.61;13.4;18;0.61;1202;0;-0.13;0.13;0.04;195;0.11;0.02;0.26;0.16;0.05;1.54;0.3;3.96;1.77;0.68
07/05/24   ;20:00;0.78;13.4;17.6;0.78;1198;0;-0.1;0.11;0.03;196;0.08;0.01;0.19;0.12;0.04;1.51;0.3;3.27;1.82;0.62
07/05/24   ;21:00;0.9;13.3;17.2;0.9;1198;0;-0.09;0.08;0.03;210;0.07;0.01;0.16;0.1;0.03;1.42;0.31;2.73;1.73;0.5
07/05/24   ;22:00;0.97;13.4;16.7;0.97;1201;0;-0.07;0.08;0.02;186;0.05;0.01;0.13;0.07;0.02;1.59;0.33;3.3;1.92;0.63
07/05/24   ;23:00;0.93;13.3;16.6;0.93;1196;0;-0.12;0.18;0.04;167;0.1;0.02;0.3;0.15;0.05;1.78;0.39;3.34;2.14;0.66
08/05/24   ;00:00;0.78;13.3;17;0.78;1199;0;-0.11;0.1;0.03;143;0.08;0.01;0.18;0.12;0.04;2.07;0.32;3.71;2.66;0.79
08/05/24   ;01:00;0.56;13.4;17.4;0.56;1206;0;-0.05;0.08;0.02;152;0.04;0.01;0.11;0.07;0.02;1.97;0.59;3.75;2.35;0.71
08/05/24   ;02:00;0.32;13.3;17.7;0.32;1220;0;-0.04;0.04;0.01;146;0.03;0;0.08;0.05;0.01;2.08;0.54;4.49;2.37;0.73
08/05/24   ;03:00;0.08;13.3;18;0.08;1198;0;-0.07;0.08;0.02;159;0.04;0;0.15;0.06;0.02;1.88;0.32;3.43;2.1;0.59
08/05/24   ;04:00;-0.12;13.3;18;-0.12;1198;0;-0.07;0.06;0.02;108;0.05;0;0.12;0.08;0.02;2.74;0.3;4.32;3.09;0.88
08/05/24   ;05:00;-0.24;13.3;18;-0.24;1198;0;-0.06;0.07;0.02;144;0.05;0;0.13;0.07;0.02;2.05;0.4;3.77;2.7;0.86
08/05/24   ;06:00;-0.25;13.4;18;-0.25;1197;0;-0.11;0.15;0.03;170;0.08;0.01;0.23;0.12;0.04;1.76;0.53;3.59;2.07;0.58
08/05/24   ;07:00;-0.11;13.4;17.7;-0.11;1197;0;-0.13;0.14;0.04;165;0.1;0.01;0.27;0.16;0.05;1.81;0.37;4.22;2.06;0.64
08/05/24   ;08:00;0.11;13.3;17.8;0.11;1189;0;-0.11;0.16;0.04;178;0.1;0.01;0.26;0.15;0.05;1.66;0.32;3.97;2.03;0.75
08/05/24   ;09:00;0.31;13.4;18.1;0.31;1189;0;-0.14;0.14;0.05;192;0.11;0.01;0.27;0.17;0.05;1.53;0.37;3;1.72;0.51
08/05/24   ;10:00;0.45;13.4;17.2;0.45;1198;0;-0.15;0.15;0.05;211;0.11;0.02;0.3;0.17;0.05;1.41;0.41;2.98;1.59;0.43
08/05/24   ;11:00;0.53;13.4;17;0.53;1201;0;-0.19;0.17;0.04;191;0.11;0.02;0.36;0.17;0.05;1.56;0.36;3.38;1.9;0.58
08/05/24   ;12:00;0.53;13.4;17.9;0.53;1178;0;-0.12;0.14;0.04;179;0.1;0.01;0.25;0.15;0.05;1.63;0.28;4.07;2.03;0.62
08/05/24   ;13:00;0.42;13.3;18.1;0.42;1200;0;-0.12;0.13;0.04;176;0.09;0.02;0.23;0.13;0.04;1.7;0.45;3.53;2.03;0.61
08/05/24   ;14:00;0.28;13.3;18.8;0.28;1200;0;-0.14;0.18;0.04;177;0.1;0.01;0.32;0.16;0.05;1.68;0.45;3.65;2.02;0.62
08/05/24   ;15:00;0.16;13.4;18.2;0.16;1200;0;-0.15;0.17;0.04;158;0.11;0.02;0.29;0.17;0.05;1.89;0.33;4.32;2.41;0.82
08/05/24   ;16:00;0.1;13.4;19.1;0.11;1199;0;-0.14;0.16;0.04;167;0.1;0.01;0.24;0.16;0.05;1.78;0.51;4.43;2.09;0.67
08/05/24   ;17:00;0.17;13.4;18.3;0.17;1200;0;-0.14;0.17;0.04;193;0.1;0.01;0.28;0.15;0.05;1.55;0.4;2.94;1.83;0.52
08/05/24   ;18:00;0.32;13.4;18;0.31;1200;0;-0.13;0.16;0.04;173;0.11;0.02;0.27;0.17;0.05;1.73;0.37;4.07;2.01;0.65
08/05/24   ;19:00;0.5;13.3;17.4;0.51;1200;0;-0.12;0.17;0.04;196;0.09;0.02;0.27;0.14;0.05;1.52;0.38;3.32;1.83;0.54
08/05/24   ;20:00;0.67;13.4;17.2;0.67;1200;0;-0.11;0.15;0.04;202;0.09;0.01;0.24;0.13;0.04;1.48;0.28;3.58;1.76;0.58
08/05/24   ;21:00;0.8;13.4;17.7;0.8;1198;0;-0.1;0.12;0.03;203;0.06;0.01;0.22;0.1;0.03;1.47;0.34;3.02;1.81;0.58
08/05/24   ;22:00;0.84;13.3;16.9;0.84;1194;0;-0.08;0.11;0.03;197;0.06;0.01;0.17;0.1;0.03;1.5;0.3;3.11;1.87;0.59
08/05/24   ;23:00;0.82;13.4;17.5;0.82;1200;0;-0.12;0.15;0.04;186;0.09;0.01;0.26;0.13;0.04;1.61;0.37;3.28;1.94;0.54
09/05/24   ;00:00;0.68;13.3;17.1;0.68;1200;0;-0.1;0.13;0.03;168;0.07;0.01;0.18;0.1;0.03;1.77;0.33;4.31;2.43;0.87
09/05/24   ;01:00;0.49;13.3;18.2;0.48;1200;0;-0.06;0.07;0.02;179;0.04;0.01;0.13;0.07;0.02;1.67;0.32;4.33;2.23;0.8
09/05/24   ;02:00;0.27;13.3;18.5;0.27;1197;0;-0.04;0.04;0.01;218;0.03;0;0.07;0.05;0.01;1.36;0.31;3.29;1.64;0.57
09/05/24   ;03:00;0.04;13.4;18.2;0.04;1195;0;-0.05;0.05;0.02;174;0.04;0;0.09;0.06;0.02;1.71;0.36;3.69;2.33;0.8
09/05/24   ;04:00;-0.17;13.4;18.6;-0.18;1197;0;-0.07;0.11;0.02;142;0.05;0.01;0.15;0.07;0.03;2.08;0.72;4.4;2.71;0.91
09/05/24   ;05:00;-0.34;13.3;18.2;-0.34;1198;0;-0.09;0.1;0.03;139;0.06;0.01;0.17;0.09;0.03;2.12;0.34;4.72;2.39;0.81
09/05/24   ;06:00;-0.38;13.3;18.2;-0.38;1197;0;-0.11;0.1;0.03;161;0.07;0.01;0.19;0.11;0.03;1.85;0.29;4.39;2.34;0.7
09/05/24   ;07:00;-0.27;13.3;18;-0.27;1200;0;-0.11;0.2;0.04;170;0.09;0.01;0.3;0.15;0.05;1.75;0.28;3.49;1.98;0.62
09/05/24   ;08:00;-0.06;13.4;18.1;-0.06;1200;0;-0.13;0.17;0.04;206;0.1;0.01;0.29;0.16;0.06;1.45;0.39;3.12;1.66;0.53
09/05/24   ;09:00;0.18;13.3;18.3;0.18;1200;0;-0.15;0.23;0.05;203;0.11;0.01;0.36;0.16;0.05;1.46;0.35;3.46;1.71;0.59
09/05/24   ;10:00;0.35;13.4;18.2;0.35;1200;0;-0.16;0.24;0.05;204;0.12;0.02;0.34;0.19;0.06;1.46;0.32;3.27;1.73;0.48
09/05/24   ;11:00;0.48;13.3;18.1;0.48;1195;0;-0.17;0.25;0.05;195;0.12;0.01;0.37;0.19;0.06;1.52;0.37;3.54;1.69;0.55
09/05/24   ;12:00;0.54;13.3;17.9;0.54;1199;0;-0.19;0.21;0.05;191;0.12;0.02;0.41;0.18;0.06;1.56;0.38;3.47;1.82;0.56
09/05/24   ;13:00;0.52;13.4;17.9;0.52;1200;0;-0.15;0.15;0.05;186;0.12;0.01;0.26;0.18;0.06;1.6;0.26;3.55;1.94;0.64
09/05/24   ;14:00;0.43;13.4;18.2;0.43;1191;0;-0.14;0.13;0.05;184;0.11;0.01;0.25;0.16;0.05;1.61;0.29;4.39;1.88;0.63
09/05/24   ;15:00;0.32;13.4;18.4;0.31;1200;0;-0.13;0.17;0.04;189;0.11;0.02;0.28;0.16;0.05;1.58;0.57;3.52;1.75;0.54
09/05/24   ;16:00;0.23;13.4;18.6;0.23;1198;0;-0.12;0.18;0.04;174;0.1;0.01;0.27;0.15;0.05;1.7;0.29;3.32;2.04;0.64
09/05/24   ;17:00;0.22;13.3;18.6;0.22;1200;0;-0.12;0.18;0.05;161;0.11;0.02;0.29;0.17;0.05;1.85;0.42;4.37;2.22;0.74
09/05/24   ;18:00;0.29;13.4;18.7;0.29;1196;0;-0.13;0.16;0.04;180;0.1;0.02;0.25;0.15;0.05;1.65;0.59;3.58;2.06;0.65
09/05/24   ;19:00;0.41;13.4;18.3;0.41;1200;0;-0.22;0.2;0.05;178;0.11;0.02;0.42;0.17;0.06;1.67;0.4;3.87;2.09;0.68
09/05/24   ;20:00;0.56;13.4;18.2;0.56;1196;0;-0.13;0.13;0.04;190;0.09;0.01;0.22;0.14;0.04;1.57;0.5;3.45;1.8;0.6
09/05/24   ;21:00;0.68;13.4;17.9;0.68;1200;0;-0.14;0.14;0.03;210;0.08;0.01;0.28;0.13;0.04;1.42;0.28;3.39;1.73;0.55
09/05/24   ;22:00;0.76;13.3;17.8;0.76;1198;0;-0.17;0.22;0.05;186;0.11;0.02;0.33;0.18;0.06;1.59;0.35;3.37;1.96;0.58
09/05/24   ;23:00;0.77;13.4;17.9;0.77;1200;0;-0.13;0.13;0.03;166;0.08;0.02;0.26;0.13;0.04;1.79;0.45;3.98;2.17;0.71
10/05/24   ;00:00;0.69;13.4;17.8;0.69;1198;0;-0.12;0.14;0.04;161;0.09;0.01;0.22;0.14;0.05;1.85;0.33;3.42;2.3;0.71
10/05/24   ;01:00;0.51;13.4;17.8;0.51;1199;0;-0.05;0.06;0.02;154;0.04;0.01;0.1;0.07;0.02;1.93;0.32;4.21;2.34;0.74
10/05/24   ;02:00;0.29;13.3;17.9;0.29;1194;0;-0.04;0.05;0.01;167;0.03;0;0.08;0.05;0.02;1.77;0.3;3.94;2.36;0.82
10/05/24   ;03:00;0.07;13.3;18.3;0.07;1197;0;-0.05;0.05;0.02;177;0.04;0.01;0.09;0.06;0.02;1.67;0.32;3.77;2.3;0.81
10/05/24   ;04:00;-0.14;13.3;18.6;-0.14;1199;0;-0.08;0.08;0.02;145;0.05;0;0.14;0.08;0.03;2.05;0.28;4.23;2.95;1.05
10/05/24   ;05:00;-0.3;13.3;18.6;-0.3;1193;0;-0.05;0.06;0.02;153;0.04;0.01;0.1;0.07;0.02;1.93;0.38;3.89;2.53;0.82
10/05/24   ;06:00;-0.37;13.4;18.6;-0.37;1200;0;-0.14;0.13;0.03;158;0.07;0;0.26;0.12;0.04;1.89;0.33;4.04;2.43;0.8
10/05/24   ;07:00;-0.31;13.4;18.5;-0.31;1200;0;-0.14;0.18;0.04;166;0.11;0.01;0.28;0.17;0.05;1.8;0.4;4.32;2.15;0.67
10/05/24   ;08:00;-0.14;13.4;18.5;-0.14;1200;0;-0.14;0.25;0.04;196;0.09;0;0.37;0.15;0.05;1.52;0.28;3.14;1.81;0.57
10/05/24   ;09:00;0.06;13.3;18.6;0.06;1184;0;-0.16;0.17;0.05;184;0.13;0.02;0.28;0.19;0.06;1.6;0.34;3.36;1.76;0.57
10/05/24   ;10:00;0.26;13.3;18.5;0.26;1200;0;-0.15;0.19;0.05;200;0.12;0.02;0.33;0.18;0.05;1.49;0.29;3.75;1.75;0.56
10/05/24   ;11:00;0.41;13.3;18.4;0.41;1198;0;-0.17;0.21;0.05;196;0.13;0.02;0.34;0.2;0.06;1.52;0.42;4.1;1.72;0.56
10/05/24   ;12:00;0.52;13.4;18.4;0.52;1200;0;-0.19;0.2;0.05;189;0.13;0.02;0.35;0.19;0.06;1.58;0.33;3.46;1.88;0.57
10/05/24   ;13:00;0.55;13.4;18.4;0.55;1200;0;-0.14;0.21;0.05;177;0.12;0.02;0.33;0.19;0.06;1.69;0.58;4.07;2;0.64
10/05/24   ;14:00;0.51;13.4;18.5;0.51;1200;0;-0.14;0.16;0.04;188;0.1;0.01;0.27;0.15;0.05;1.59;0.34;3.5;1.98;0.62
10/05/24   ;15:00;0.42;13.3;18.8;0.42;1200;0;-0.15;0.15;0.05;180;0.11;0.02;0.27;0.17;0.05;1.66;0.59;3.42;2.05;0.59
10/05/24   ;16:00;0.31;13.3;18.9;0.3;1195;0;-0.13;0.17;0.04;181;0.1;0.02;0.24;0.16;0.05;1.62;0.36;3.86;1.89;0.57
10/05/24   ;17:00;0.22;13.4;19;0.22;1200;0;-0.13;0.16;0.04;165;0.11;0.02;0.28;0.17;0.05;1.8;0.4;4.55;2.14;0.68
10/05/24   ;18:00;0.22;13.4;19.1;0.22;1198;0;-0.12;0.14;0.04;176;0.1;0.01;0.23;0.14;0.04;1.69;0.35;3.66;2.17;0.66
10/05/24   ;19:00;0.29;13.4;18.8;0.29;1194;0;-0.13;0.17;0.04;183;0.09;0.01;0.22;0.15;0.05;1.63;0.32;3.48;1.99;0.64
10/05/24   ;20:00;0.41;13.3;18.8;0.41;1200;0;-0.14;0.14;0.04;190;0.09;0.01;0.27;0.15;0.05;1.56;0.28;3.73;1.89;0.64
10/05/24   ;21:00;0.52;13.4;18.8;0.53;1193;0;-0.1;0.11;0.03;190;0.07;0.02;0.2;0.11;0.04;1.56;0.31;2.99;1.89;0.57
10/05/24   ;22:00;0.61;13.4;18.6;0.61;1200;0;-0.11;0.14;0.03;197;0.08;0.01;0.23;0.12;0.04;1.51;0.42;3.86;1.83;0.61
10/05/24   ;23:00;0.65;13.4;18.6;0.65;1190;0;-0.14;0.12;0.03;178;0.07;0;0.23;0.12;0.04;1.67;0.39;3.26;2.01;0.63
11/05/24   ;00:00;0.62;13.4;18.5;0.62;1195;0;-0.09;0.09;0.03;144;0.07;0.01;0.18;0.11;0.03;2.06;0.27;4.77;2.8;0.94
11/05/24   ;01:00;0.51;13.4;18.5;0.51;1200;0;-0.08;0.09;0.02;192;0.05;0.01;0.17;0.09;0.03;1.55;0.27;3.24;1.93;0.6
11/05/24   ;02:00;0.35;13.4;18.5;0.35;1200;0;-0.07;0.07;0.02;155;0.04;0;0.12;0.06;0.02;1.92;0.34;3.71;2.36;0.76
11/05/24   ;03:00;0.19;13.3;18.6;0.19;1195;0;-0.07;0.06;0.02;176;0.04;0;0.12;0.07;0.03;1.68;0.31;3.28;2.22;0.72
11/05/24   ;04:00;0.03;13.4;18.8;0.03;1200;0;-0.06;0.05;0.02;149;0.04;0.01;0.11;0.07;0.02;1.99;0.44;4.18;2.61;0.87
11/05/24   ;05:00;-0.11;13.4;19;-0.11;1200;0;-0.11;0.16;0.02;149;0.06;0.01;0.27;0.09;0.03;2;0.41;4.79;2.65;0.9
11/05/24   ;06:00;-0.18;13.4;19.1;-0.18;1197;0;-0.12;0.15;0.03;160;0.08;0.01;0.26;0.12;0.04;1.85;0.35;3.79;2.24;0.71
11/05/24   ;07:00;-0.17;13.3;19.1;-0.17;1200;0;-0.11;0.15;0.04;163;0.1;0;0.24;0.15;0.05;1.83;0.33;4.07;2.2;0.75
11/05/24   ;08:00;-0.09;13.4;19;-0.09;1191;0;-0.13;0.15;0.04;182;0.1;0.01;0.28;0.17;0.05;1.62;0.33;3.26;1.94;0.55
11/05/24   ;09:00;0.06;13.4;19.2;0.06;1200;0;-0.12;0.21;0.04;196;0.1;0.01;0.3;0.16;0.05;1.53;0.28;3.35;1.81;0.58
11/05/24   ;10:00;0.24;13.3;19.2;0.24;1196;0;-0.15;0.15;0.04;204;0.1;0.01;0.24;0.16;0.05;1.46;0.27;3.07;1.77;0.5
11/05/24   ;11:00;0.38;13.3;19.2;0.38;1200;0;-0.14;0.17;0.04;181;0.11;0.01;0.27;0.16;0.05;1.64;0.33;3.17;1.85;0.57
11/05/24   ;12:00;0.5;13.3;19.2;0.5;1199;0;-0.17;0.18;0.05;191;0.13;0.02;0.29;0.2;0.06;1.55;0.53;3.42;1.77;0.55
11/05/24   ;13:00;0.56;13.3;19.1;0.56;1183;0;-0.13;0.22;0.05;179;0.12;0.01;0.33;0.18;0.06;1.64;0.38;3.72;1.86;0.59
11/05/24   ;14:00;0.56;13.3;19.3;0.56;1200;0;-0.14;0.19;0.05;177;0.11;0.02;0.3;0.17;0.06;1.69;0.28;3.88;2.03;0.65
11/05/24   ;15:00;0.5;13.3;19.5;0.5;1200;0;-0.14;0.19;0.04;184;0.09;0.02;0.3;0.15;0.05;1.62;0.28;3.64;1.79;0.58
11/05/24   ;16:00;0.39;13.4;19.7;0.38;1196;0;-0.13;0.15;0.04;173;0.1;0.02;0.25;0.15;0.05;1.72;0.34;4.82;2.08;0.67
11/05/24   ;17:00;0.29;13.4;19.8;0.29;1200;0;-0.15;0.18;0.04;167;0.11;0.02;0.27;0.16;0.05;1.79;0.29;3.44;2.1;0.65
11/05/24   ;18:00;0.26;13.3;19.9;0.26;1199;0;-0.14;0.19;0.04;167;0.11;0.02;0.25;0.16;0.05;1.78;0.32;3.75;2.14;0.66
11/05/24   ;19:00;0.26;13.3;19.9;0.26;1208;0;-0.13;0.12;0.04;178;0.1;0.02;0.21;0.15;0.04;1.69;0.35;3.38;2.09;0.64
11/05/24   ;20:00;0.33;13.4;19.5;0.33;1200;0;-0.13;0.12;0.04;176;0.09;0.01;0.23;0.14;0.04;1.7;0.38;3.82;2.02;0.61
11/05/24   ;21:00;0.44;13.4;19.4;0.44;1199;0;-0.1;0.13;0.03;177;0.08;0.01;0.22;0.12;0.04;1.69;0.34;3.44;2.15;0.66
11/05/24   ;22:00;0.54;13.4;19.8;0.54;1200;0;-0.13;0.15;0.04;164;0.1;0.01;0.27;0.16;0.05;1.82;0.42;3.66;2.29;0.64
11/05/24   ;23:00;0.6;13.3;19.4;0.61;1200;0;-0.13;0.13;0.04;171;0.08;0.01;0.27;0.13;0.04;1.74;0.27;3.73;2.13;0.68
12/05/24   ;00:00;0.63;13.4;19.2;0.63;1200;0;-0.1;0.15;0.03;164;0.08;0.01;0.22;0.13;0.04;1.81;0.48;3.52;2.12;0.62
12/05/24   ;01:00;0.59;13.4;19.3;0.59;1198;0;-0.07;0.07;0.02;162;0.04;0.01;0.12;0.07;0.02;1.84;0.35;3.46;2.25;0.67
12/05/24   ;02:00;0.49;13.4;19.3;0.49;1200;0;-0.08;0.08;0.02;178;0.04;0;0.15;0.07;0.02;1.68;0.3;3.77;1.9;0.64
12/05/24   ;03:00;0.35;13.4;19.4;0.35;1195;0;-0.07;0.07;0.02;163;0.04;0.01;0.12;0.06;0.02;1.83;0.29;3.85;2.3;0.77
12/05/24   ;04:00;0.2;13.3;19.4;0.2;1200;0;-0.12;0.11;0.03;140;0.07;0;0.21;0.14;0.05;2.12;0.44;4.16;2.18;0.76
12/05/24   ;05:00;0.05;13.4;19.6;0.05;1199;0;-0.04;0.06;0.01;161;0.03;0;0.09;0.05;0.02;1.86;0.5;4.38;2.33;0.76
12/05/24   ;06:00;-0.06;13.4;19.7;-0.06;1197;0;-0.09;0.1;0.03;137;0.07;0.01;0.17;0.11;0.03;2.15;0.25;4.58;2.76;0.92
12/05/24   ;07:00;-0.12;13.3;19.7;-0.12;1196;0;-0.1;0.11;0.03;160;0.08;0.01;0.19;0.13;0.04;1.85;0.43;4.05;2.25;0.7
12/05/24   ;08:00;-0.11;13.4;19.8;-0.11;1190;0;-0.09;0.1;0.03;183;0.07;0.01;0.15;0.1;0.03;1.61;0.35;3.34;1.9;0.62
12/05/24   ;09:00;-0.02;13.3;19.6;-0.01;1200;0;-0.09;0.13;0.03;178;0.08;0.01;0.22;0.12;0.04;1.67;0.38;4.21;2.05;0.71
12/05/24   ;10:00;0.13;13.3;19.8;0.13;1196;0;-0.12;0.12;0.04;196;0.09;0.02;0.22;0.13;0.04;1.52;0.43;3.89;1.76;0.56
12/05/24   ;11:00;0.27;13.3;19.9;0.27;1200;0;-0.15;0.17;0.05;187;0.1;0.01;0.28;0.16;0.05;1.6;0.3;4.17;2.11;0.69
12/05/24   ;12:00;0.39;13.3;20;0.39;1199;0;-0.15;0.17;0.04;176;0.11;0.01;0.27;0.16;0.05;1.7;0.35;3.25;1.92;0.61
12/05/24   ;13:00;0.46;13.4;19.8;0.46;1200;0;-0.14;0.18;0.04;183;0.1;0.02;0.32;0.15;0.05;1.63;0.45;3.32;2;0.63
12/05/24   ;14:00;0.49;13.3;19.9;0.49;1197;0;-0.17;0.16;0.04;187;0.1;0.01;0.27;0.16;0.05;1.59;0.36;3.32;1.84;0.54
12/05/24   ;15:00;0.48;13.3;20;0.48;1200;0;-0.12;0.16;0.04;174;0.11;0.01;0.26;0.16;0.05;1.71;0.32;3.44;2.02;0.68
12/05/24   ;16:00;0.42;13.3;20.2;0.42;1198;0;-0.13;0.14;0.04;190;0.09;0.01;0.21;0.14;0.04;1.57;0.34;3.66;1.91;0.57
12/05/24   ;17:00;0.35;13.3;20.3;0.35;1200;0;-0.14;0.17;0.05;166;0.11;0.01;0.24;0.17;0.05;1.8;0.49;3.79;2.11;0.68
12/05/24   ;18:00;0.31;13.4;20.4;0.31;1195;0;-0.15;0.15;0.05;162;0.11;0.01;0.27;0.17;0.05;1.83;0.35;3.78;2.26;0.67
12/05/24   ;19:00;0.32;13.4;20.4;0.31;1200;0;-0.15;0.17;0.05;151;0.13;0.02;0.27;0.19;0.05;1.97;0.43;4.12;2.47;0.77
12/05/24   ;20:00;0.36;13.3;20;0.36;1200;0;-0.1;0.12;0.04;160;0.08;0;0.21;0.13;0.04;1.87;0.28;4.32;2.34;0.82
12/05/24   ;21:00;0.45;13.3;19.8;0.45;1200;0;-0.1;0.11;0.03;186;0.07;0.01;0.18;0.11;0.04;1.6;0.42;3.42;1.96;0.54
12/05/24   ;22:00;0.55;13.4;20;0.55;1183;0;-0.09;0.12;0.03;196;0.06;0.01;0.18;0.1;0.03;1.5;0.36;3.14;1.81;0.57
12/05/24   ;23:00;0.62;13.4;20.2;0.62;1206;0;-0.12;0.12;0.03;176;0.07;0;0.23;0.12;0.04;1.7;0.34;4.01;1.95;0.63
13/05/24   ;00:00;0.63;13.4;19.8;0.63;1197;0;-0.1;0.13;0.03;155;0.07;0.01;0.22;0.11;0.04;1.93;0.38;4.56;2.36;0.81
13/05/24   ;01:00;0.61;13.4;19.9;0.61;1200;0;-0.04;0.05;0.01;166;0.03;0.01;0.08;0.05;0.02;1.8;0.27;4.02;2.17;0.71
13/05/24   ;02:00;0.53;13.3;19.9;0.53;1194;0;-0.03;0.02;0.01;182;0.02;0;0.04;0.03;0.01;1.62;0.29;3.55;2.11;0.7
13/05/24   ;03:00;0.41;13.4;19.8;0.41;1196;0;-0.05;0.05;0.02;156;0.04;0;0.09;0.06;0.02;1.91;0.36;3.72;2.37;0.71
13/05/24   ;04:00;0.27;13.4;19.9;0.27;1196;0;-0.07;0.09;0.02;161;0.04;0.01;0.14;0.07;0.02;1.85;0.26;3.89;2.43;0.85
13/05/24   ;05:00;0.14;13.4;20.1;0.14;1200;0;-0.13;0.15;0.04;126;0.09;0.02;0.27;0.14;0.05;2.36;0.33;9.78;3.39;1.23
13/05/24   ;06:00;0.04;13.4;20.2;0.04;1190;0;-0.08;0.09;0.02;168;0.06;0.01;0.15;0.09;0.03;1.76;0.47;3.31;2;0.59
13/05/24   ;07:00;-0.03;13.3;20.2;-0.03;1200;0;-0.12;0.16;0.04;167;0.1;0.02;0.26;0.16;0.05;1.78;0.28;3.8;1.98;0.58
13/05/24   ;08:00;-0.05;13.4;20.2;-0.06;1191;0;-0.12;0.11;0.03;180;0.08;0.02;0.22;0.13;0.04;1.64;0.46;3.39;1.94;0.53
13/05/24   ;09:00;-0.04;13.4;20.2;-0.04;1200;0;-0.14;0.16;0.04;179;0.1;0.01;0.3;0.15;0.05;1.66;0.48;3.57;1.99;0.61
13/05/24   ;10:00;0.04;13.4;20.2;0.04;1196;0;-0.12;0.12;0.04;182;0.1;0.02;0.22;0.15;0.04;1.63;0.45;3.84;1.8;0.55
13/05/24   ;11:00;0.15;13.4;20.2;0.15;1195;0;-0.14;0.17;0.04;191;0.09;0.01;0.28;0.15;0.05;1.55;0.32;3.07;1.8;0.55
13/05/24   ;12:00;0.26;13.3;20.1;0.26;1200;0;-0.17;0.18;0.05;185;0.12;0.02;0.29;0.18;0.06;1.61;0.35;4.41;1.97;0.61
13/05/24   ;13:00;0.35;13.3;20.1;0.35;1200;0;-0.14;0.23;0.05;180;0.12;0.01;0.31;0.18;0.06;1.64;0.39;3.8;2.03;0.65
13/05/24   ;14:00;0.43;13.3;20.1;0.43;1194;0;-0.14;0.16;0.05;186;0.11;0.01;0.28;0.17;0.05;1.59;0.36;3.15;1.95;0.57
13/05/24   ;15:00;0.45;13.3;20;0.46;1193;0;-0.12;0.13;0.04;201;0.1;0.01;0.24;0.15;0.04;1.47;0.29;3.24;1.63;0.54
13/05/24   ;16:00;0.47;13.3;20.1;0.46;1196;0;-0.16;0.16;0.04;162;0.1;0.01;0.26;0.16;0.05;1.82;0.33;4.13;2.31;0.76
13/05/24   ;17:00;0.46;13.4;20.1;0.46;1200;0;-0.15;0.17;0.04;169;0.11;0.01;0.32;0.17;0.06;1.76;0.26;4.16;2.05;0.72
13/05/24   ;18:00;0.44;13.3;20.1;0.44;1200;0;-0.18;0.17;0.04;173;0.1;0.01;0.34;0.16;0.05;1.71;0.42;3.43;2.19;0.68
13/05/24   ;19:00;0.44;13.3;20.1;0.44;1199;0;-0.11;0.14;0.04;179;0.09;0.01;0.21;0.13;0.04;1.67;0.46;3.23;1.99;0.6
13/05/24   ;20:00;0.46;13.3;20.1;0.46;1200;0;-0.15;0.12;0.04;173;0.09;0.01;0.24;0.14;0.05;1.73;0.32;4.14;2.36;0.78
13/05/24   ;21:00;0.49;13.4;20;0.5;1196;0;-0.18;0.13;0.04;165;0.08;0;0.3;0.13;0.05;1.79;0.35;4.04;2.25;0.78
13/05/24   ;22:00;0.55;13.4;19.9;0.55;1198;0;-0.11;0.1;0.03;185;0.07;0.01;0.19;0.11;0.04;1.6;0.44;3.63;1.94;0.64
13/05/24   ;23:00;0.57;13.4;19.8;0.57;1185;0;-0.07;0.13;0.03;174;0.07;0.01;0.18;0.1;0.03;1.69;0.38;3.53;2.06;0.64
14/05/24   ;00:00;0.58;13.3;19.8;0.58;1197;0;-0.1;0.1;0.03;143;0.08;0;0.18;0.12;0.04;2.08;0.38;4.13;2.49;0.76
14/05/24   ;01:00;0.56;13.4;19.8;0.56;1192;0;-0.05;0.06;0.01;163;0.03;0.01;0.09;0.05;0.02;1.82;0.34;3.34;2.25;0.64
14/05/24   ;02:00;0.48;13.4;19.7;0.48;1187;0;-0.09;0.07;0.01;210;0.03;0;0.15;0.05;0.02;1.4;0.34;3.07;1.86;0.66
14/05/24   ;03:00;0.38;13.4;19.9;0.38;1196;0;-0.04;0.04;0.01;193;0.03;0;0.08;0.05;0.01;1.53;0.34;3.49;2.09;0.7
14/05/24   ;04:00;0.28;13.4;19.9;0.28;1200;0;-0.08;0.1;0.02;176;0.05;0;0.16;0.07;0.03;1.7;0.27;4.09;2.3;0.87
14/05/24   ;05:00;0.2;13.3;20;0.2;1195;0;-0.11;0.09;0.03;147;0.06;0;0.21;0.09;0.03;2.01;0.41;4.45;2.63;0.89
14/05/24   ;06:00;0.12;13.4;20;0.12;1196;0;-0.1;0.12;0.03;149;0.08;0.02;0.21;0.13;0.04;2;0.4;4.27;2.38;0.8
14/05/24   ;07:00;0.06;13.4;20.1;0.06;1199;0;-0.13;0.14;0.05;165;0.11;0.01;0.24;0.17;0.05;1.81;0.47;3.97;2.24;0.71
14/05/24   ;08:00;0.03;13.4;20.1;0.03;1200;0;-0.15;0.16;0.04;170;0.1;0.01;0.31;0.16;0.05;1.74;0.27;3.66;2.15;0.65
14/05/24   ;09:00;0.03;13.4;20.2;0.02;1200;0;-0.14;0.16;0.04;178;0.09;0.01;0.27;0.15;0.05;1.67;0.3;3.53;1.99;0.66
14/05/24   ;10:00;0.03;13.4;20.2;0.03;1199;0;-0.13;0.17;0.04;188;0.09;0.01;0.28;0.14;0.05;1.57;0.27;3.08;1.84;0.57
14/05/24   ;11:00;0.08;13.3;20.2;0.08;1192;0;-0.13;0.13;0.04;177;0.09;0.01;0.23;0.15;0.05;1.68;0.35;3.47;1.98;0.63
14/05/24   ;12:00;0.18;13.3;20;0.18;1197;0;-0.12;0.15;0.05;172;0.12;0.02;0.25;0.17;0.05;1.73;0.38;3.3;1.97;0.56
14/05/24   ;13:00;0.29;13.3;20;0.29;1190;0;-0.15;0.15;0.04;184;0.09;0.01;0.23;0.14;0.04;1.6;0.38;3.32;1.99;0.62
14/05/24   ;14:00;0.4;13.3;20;0.4;1197;0;-0.12;0.14;0.04;193;0.1;0.01;0.23;0.15;0.04;1.55;0.37;3.4;1.77;0.52
14/05/24   ;15:00;0.49;13.3;20.1;0.49;1200;0;-0.12;0.14;0.04;191;0.09;0.01;0.24;0.14;0.04;1.56;0.47;3.52;1.73;0.54
14/05/24   ;16:00;0.57;13.4;19.9;0.57;1196;0;-0.13;0.15;0.04;191;0.1;0.02;0.24;0.16;0.05;1.55;0.3;3.54;1.95;0.64
14/05/24   ;17:00;0.6;13.4;19.9;0.6;1200;0;-0.13;0.15;0.04;180;0.11;0.02;0.28;0.16;0.05;1.65;0.31;3.85;1.96;0.63
14/05/24   ;18:00;0.6;13.3;20;0.6;1194;0;-0.14;0.17;0.04;175;0.1;0.02;0.29;0.16;0.05;1.69;0.35;3.42;2.1;0.64
14/05/24   ;19:00;0.58;13.3;19.9;0.58;1199;0;-0.11;0.12;0.04;189;0.08;0.01;0.23;0.13;0.04;1.57;0.33;3.33;2.02;0.65
14/05/24   ;20:00;0.56;13.3;20;0.56;1196;0;-0.1;0.09;0.03;183;0.07;0;0.16;0.11;0.04;1.62;0.38;3.74;2.07;0.7
14/05/24   ;21:00;0.53;13.3;20;0.53;1185;0;-0.16;0.11;0.03;191;0.06;0.01;0.22;0.1;0.03;1.54;0.31;3.64;1.82;0.63
14/05/24   ;22:00;0.52;13.3;20;0.52;1200;0;-0.13;0.12;0.03;177;0.08;0;0.25;0.13;0.04;1.69;0.29;3.67;2.12;0.66
14/05/24   ;23:00;0.52;13.4;20;0.52;1196;0;-0.11;0.11;0.03;182;0.07;0.01;0.21;0.12;0.04;1.63;0.29;4.24;2.05;0.73
15/05/24   ;00:00;0.5;13.4;20;0.5;1199;0;-0.1;0.09;0.03;166;0.07;0.01;0.15;0.11;0.03;1.79;0.37;4.17;2.4;0.83
15/05/24   ;01:00;0.46;13.4;20;0.46;1191;0;-0.06;0.08;0.02;226;0.05;0.01;0.13;0.07;0.02;1.31;0.29;3.03;1.61;0.57
15/05/24   ;02:00;0.42;13.4;20;0.42;1195;0;-0.06;0.07;0.01;240;0.03;0.01;0.11;0.05;0.02;1.24;0.26;3.18;1.65;0.6
15/05/24   ;03:00;0.38;13.3;20;0.38;1195;0;-0.06;0.05;0.02;188;0.04;0.01;0.11;0.06;0.02;1.58;0.35;3.74;2.04;0.67
15/05/24   ;04:00;0.32;13.4;20.1;0.32;1216;0;-0.08;0.08;0.02;188;0.06;0;0.14;0.09;0.03;1.6;0.29;3.67;2.13;0.72
15/05/24   ;05:00;0.27;13.4;20.2;0.27;1196;0;-0.1;0.1;0.03;163;0.07;0.01;0.18;0.11;0.03;1.81;0.28;3.87;2.22;0.81
15/05/24   ;06:00;0.23;13.4;20.2;0.23;1200;0;-0.12;0.12;0.04;162;0.09;0.01;0.21;0.14;0.04;1.82;0.27;4.33;2.29;0.8
15/05/24   ;07:00;0.2;13.4;20.1;0.2;1200;0;-0.16;0.2;0.05;173;0.11;0.01;0.32;0.17;0.06;1.72;0.28;4.13;2;0.66
15/05/24   ;08:00;0.17;13.4;20.1;0.17;1200;0;-0.13;0.17;0.04;186;0.1;0.02;0.23;0.15;0.05;1.6;0.51;3.57;1.85;0.52
15/05/24   ;09:00;0.13;13.3;20.1;0.13;1200;0;-0.15;0.19;0.05;163;0.11;0.01;0.27;0.17;0.06;1.82;0.35;3.55;2.27;0.76
15/05/24   ;10:00;0.13;13.4;20.2;0.13;1200;0;-0.19;0.23;0.05;178;0.13;0.01;0.39;0.2;0.06;1.68;0.37;3.07;1.86;0.55
15/05/24   ;11:00;0.15;13.4;20.1;0.16;1197;0;-0.15;0.17;0.04;161;0.11;0.02;0.29;0.16;0.05;1.84;0.59;3.78;2.14;0.7
15/05/24   ;12:00;0.21;13.4;20;0.22;1200;0;-0.16;0.18;0.04;195;0.09;0.01;0.3;0.15;0.05;1.53;0.28;3.39;1.83;0.56
15/05/24   ;13:00;0.32;13.4;19.7;0.31;1200;0;-0.12;0.14;0.04;193;0.1;0.02;0.22;0.15;0.04;1.54;0.32;3.05;1.8;0.53
15/05/24   ;14:00;0.45;13.3;19.6;0.45;1198;0;-0.15;0.2;0.05;189;0.12;0.02;0.3;0.18;0.05;1.57;0.6;3.23;1.8;0.55
15/05/24   ;15:00;0.55;13.3;19.5;0.55;1196;0;-0.14;0.16;0.04;197;0.11;0.01;0.25;0.17;0.05;1.51;0.36;3.59;1.74;0.54
15/05/24   ;16:00;0.66;13.3;19.2;0.66;1200;0;-0.12;0.16;0.04;198;0.1;0.02;0.28;0.15;0.05;1.51;0.36;3.44;1.84;0.58
15/05/24   ;17:00;0.73;13.3;19.1;0.73;1199;0;-0.13;0.22;0.05;208;0.12;0.03;0.34;0.17;0.05;1.43;0.41;4.28;1.55;0.54
15/05/24   ;18:00;0.77;13.4;19;0.77;1200;0;-0.16;0.21;0.05;205;0.11;0.02;0.37;0.17;0.05;1.46;0.51;3.33;1.72;0.54
15/05/24   ;19:00;0.76;13.3;18.8;0.76;1199;0;-0.13;0.14;0.04;198;0.09;0.02;0.25;0.14;0.04;1.49;0.36;3.53;1.95;0.61
15/05/24   ;20:00;0.74;13.3;19;0.74;1197;0;-0.15;0.14;0.04;187;0.09;0.01;0.24;0.13;0.04;1.59;0.28;3.64;2.1;0.75
15/05/24   ;21:00;0.69;13.3;19;0.69;1199;0;-0.09;0.09;0.03;217;0.07;0.01;0.16;0.11;0.03;1.37;0.36;3.24;1.74;0.6
15/05/24   ;22:00;0.64;13.3;19.2;0.64;1199;0;-0.2;0.15;0.04;209;0.08;0.01;0.34;0.12;0.04;1.42;0.35;3.07;1.83;0.57
15/05/24   ;23:00;0.59;13.3;19.2;0.59;1198;0;-0.13;0.13;0.04;204;0.09;0.01;0.26;0.13;0.04;1.46;0.31;3.64;1.82;0.6
16/05/24   ;00:00;0.59;13.4;19.3;0.59;1200;0;-0.15;0.26;0.05;173;0.12;0.02;0.33;0.19;0.06;1.71;0.33;3.89;2.08;0.65
16/05/24   ;01:00;0.5;13.3;19.4;0.5;1199;0;-0.06;0.07;0.02;130;0.04;0;0.12;0.07;0.02;2.28;0.55;4.39;3.04;0.91
16/05/24   ;02:00;0.45;13.3;19.3;0.45;1200;0;-0.06;0.06;0.02;183;0.04;0.01;0.12;0.06;0.02;1.63;0.36;3.23;1.95;0.61
16/05/24   ;03:00;0.41;13.4;19.3;0.41;1200;0;-0.05;0.05;0.01;234;0.03;0.01;0.08;0.05;0.01;1.27;0.39;2.85;1.72;0.58
16/05/24   ;04:00;0.38;13.4;19.2;0.38;1193;0;-0.06;0.06;0.02;223;0.04;0.01;0.11;0.06;0.02;1.33;0.34;3.29;1.68;0.58
16/05/24   ;05:00;0.35;13.4;19.1;0.35;1200;0;-0.1;0.12;0.03;167;0.07;0.02;0.2;0.11;0.03;1.78;0.49;3.55;2.27;0.73
16/05/24   ;06:00;0.34;13.4;19.1;0.34;1199;0;-0.11;0.13;0.04;168;0.1;0.01;0.23;0.15;0.04;1.77;0.36;3.52;2.04;0.61
16/05/24   ;07:00;0.36;13.3;19.1;0.36;1200;0;-0.16;0.19;0.06;166;0.14;0.02;0.3;0.21;0.06;1.8;0.38;3.53;2.17;0.65
16/05/24   ;08:00;0.36;13.4;19.1;0.36;1200;0;-0.15;0.16;0.04;189;0.1;0.01;0.27;0.16;0.05;1.58;0.32;3.38;1.82;0.58
16/05/24   ;09:00;0.35;13.4;19;0.35;1200;0;-0.14;0.22;0.05;179;0.11;0;0.35;0.18;0.06;1.66;0.31;3.25;1.86;0.56
16/05/24   ;10:00;0.33;13.4;19;0.32;1195;0;-0.14;0.14;0.04;183;0.1;0.01;0.23;0.16;0.05;1.61;0.48;3.99;1.78;0.64
16/05/24   ;11:00;0.32;13.4;19;0.32;1198;0;-0.15;0.17;0.04;176;0.11;0.03;0.31;0.16;0.05;1.68;0.39;4.67;2;0.66
16/05/24   ;12:00;0.29;13.4;18.9;0.29;1199;0;-0.13;0.16;0.04;178;0.1;0.01;0.23;0.15;0.05;1.67;0.31;3.26;2.06;0.62
16/05/24   ;13:00;0.32;13.4;19;0.32;1195;0;-0.12;0.13;0.05;189;0.11;0.01;0.24;0.16;0.05;1.58;0.33;3.36;1.82;0.54
16/05/24   ;14:00;0.42;13.4;19;0.42;1199;0;-0.16;0.23;0.05;176;0.12;0.02;0.33;0.18;0.06;1.68;0.33;3.55;1.98;0.62
16/05/24   ;15:00;0.57;13.4;18.9;0.57;1208;0;-0.12;0.14;0.04;199;0.1;0.01;0.24;0.15;0.05;1.51;0.38;3.79;1.74;0.58
16/05/24   ;16:00;0.72;13.4;18.4;0.72;1194;0;-0.15;0.2;0.06;207;0.13;0.02;0.34;0.21;0.06;1.44;0.37;3.23;1.73;0.48
16/05/24   ;17:00;0.85;13.4;18.4;0.85;1200;0;-0.16;0.19;0.06;202;0.14;0.02;0.34;0.21;0.06;1.48;0.32;3.26;1.75;0.54
16/05/24   ;18:00;0.96;13.3;18.4;0.96;1196;0;-0.17;0.18;0.05;210;0.13;0.02;0.33;0.19;0.06;1.42;0.32;2.86;1.73;0.54
16/05/24   ;19:00;1.04;13.3;18.4;1.04;1195;0;-0.14;0.27;0.05;188;0.12;0.01;0.3;0.18;0.06;1.58;0.36;3.41;1.87;0.65
16/05/24   ;20:00;1.04;13.4;18.4;1.04;1200;0;-0.12;0.13;0.04;146;0.09;0.01;0.21;0.14;0.04;2.04;0.45;3.95;2.46;0.82
16/05/24   ;21:00;0.88;13.4;18.3;0.88;1198;0;-0.11;0.15;0.03;179;0.07;0;0.23;0.12;0.04;1.66;0.41;3.21;1.84;0.61
16/05/24   ;22:00;0.75;13.4;18.2;0.75;1195;0;-0.09;0.11;0.03;168;0.07;0.01;0.19;0.1;0.03;1.76;0.34;4.37;1.97;0.6
16/05/24   ;23:00;0.62;13.3;18.2;0.62;1195;0;-0.12;0.12;0.04;140;0.1;0.02;0.23;0.16;0.05;2.11;0.49;5.33;2.56;0.9
17/05/24   ;00:00;0.5;13.3;18.2;0.5;1194;0;-0.08;0.08;0.03;122;0.06;0;0.14;0.1;0.03;2.42;0.42;4.17;3.2;1.01
17/05/24   ;01:00;0.4;13.3;18.2;0.4;1199;0;-0.18;0.13;0.03;138;0.06;0.01;0.29;0.11;0.05;2.15;0.39;3.91;2.41;0.77
17/05/24   ;02:00;0.31;13.4;18.3;0.31;1200;0;-0.06;0.06;0.02;139;0.04;0.01;0.11;0.07;0.02;2.15;0.4;3.75;2.4;0.63
17/05/24   ;03:00;0.28;13.4;18.3;0.28;1195;0;-0.07;0.07;0.01;145;0.03;0.01;0.14;0.06;0.02;2.04;0.34;4.29;2.4;0.8
17/05/24   ;04:00;0.29;13.4;18.2;0.29;1199;0;-0.05;0.05;0.01;153;0.04;0;0.09;0.05;0.02;1.94;0.44;3.62;2.34;0.63
17/05/24   ;05:00;0.33;13.3;18.1;0.33;1200;0;-0.08;0.12;0.03;155;0.07;0.01;0.17;0.1;0.03;1.92;0.33;3.9;2.48;0.74
17/05/24   ;06:00;0.37;13.4;18.1;0.37;1198;0;-0.14;0.14;0.04;160;0.09;0.01;0.24;0.14;0.05;1.86;0.37;3.95;2.15;0.63
17/05/24   ;07:00;0.36;13.4;18.1;0.36;1197;0;-0.13;0.15;0.04;168;0.09;0.02;0.23;0.14;0.04;1.77;0.46;3.77;2.19;0.68
17/05/24   ;08:00;0.35;13.4;18.2;0.35;1196;0;-0.11;0.18;0.04;169;0.1;0.01;0.29;0.16;0.05;1.75;0.53;3.89;1.97;0.64
17/05/24   ;09:00;0.29;13.4;18.3;0.29;1200;0;-0.12;0.15;0.04;169;0.1;0;0.24;0.15;0.04;1.77;0.38;3.83;2.07;0.71
17/05/24   ;10:00;0.2;13.3;18.5;0.2;1200;0;-0.17;0.18;0.05;161;0.11;0.02;0.32;0.18;0.06;1.85;0.33;4.09;2.44;0.84
17/05/24   ;11:00;0.14;13.3;18.6;0.14;1196;0;-0.15;0.16;0.04;165;0.11;0.02;0.26;0.16;0.05;1.8;0.45;4.62;2.24;0.73
17/05/24   ;12:00;0.11;13.4;18.7;0.11;1194;0;-0.15;0.13;0.04;162;0.11;0;0.27;0.16;0.05;1.83;0.31;4.17;2.21;0.67
17/05/24   ;13:00;0.12;13.4;18.9;0.12;1199;0;-0.14;0.14;0.04;187;0.09;0.01;0.22;0.14;0.04;1.59;0.38;2.85;1.86;0.51
17/05/24   ;14:00;0.19;13.4;18.8;0.19;1199;0;-0.12;0.13;0.04;184;0.1;0.01;0.21;0.15;0.04;1.62;0.44;3.03;1.91;0.56
17/05/24   ;15:00;0.33;13.4;19.4;0.33;1200;0;-0.14;0.17;0.04;196;0.11;0.02;0.27;0.16;0.05;1.51;0.27;3.2;1.84;0.57
17/05/24   ;16:00;0.48;13.3;19.5;0.48;1200;0;-0.13;0.15;0.04;216;0.09;0.01;0.25;0.14;0.04;1.38;0.4;3.34;1.53;0.49
17/05/24   ;17:00;0.65;13.4;19.1;0.65;1200;0;-0.14;0.15;0.05;201;0.11;0.02;0.25;0.17;0.05;1.49;0.27;3.02;1.79;0.54
17/05/24   ;18:00;0.79;13.4;18.5;0.79;1200;0;-0.14;0.19;0.05;203;0.12;0.02;0.31;0.19;0.06;1.47;0.41;3.99;1.78;0.55
17/05/24   ;19:00;0.87;13.4;18.5;0.87;1200;0;-0.14;0.17;0.05;181;0.11;0.02;0.32;0.18;0.05;1.64;0.41;3.57;1.96;0.57
17/05/24   ;20:00;0.87;13.3;18.2;0.87;1193;0;-0.14;0.17;0.04;182;0.1;0.01;0.28;0.16;0.05;1.63;0.26;4.23;2.01;0.68
17/05/24   ;21:00;0.81;13.3;18.3;0.81;1200;0;-0.17;0.13;0.04;165;0.09;0.01;0.29;0.14;0.04;1.8;0.28;3.47;2.13;0.69
17/05/24   ;22:00;0.66;13.3;18.4;0.66;1199;0;-0.1;0.09;0.03;173;0.07;0.01;0.16;0.11;0.03;1.72;0.43;3.43;2.07;0.66
17/05/24   ;23:00;0.5;13.3;19;0.5;1200;0;-0.15;0.14;0.04;148;0.09;0.03;0.28;0.13;0.04;2.01;0.37;3.96;2.36;0.72
18/05/24   ;00:00;0.35;13.3;19;0.35;1199;0;-0.12;0.11;0.03;139;0.08;0.02;0.2;0.12;0.04;2.14;0.37;3.93;2.47;0.79
18/05/24   ;01:00;0.21;13.4;19.2;0.21;1199;0;-0.07;0.06;0.02;134;0.05;0.01;0.12;0.08;0.03;2.21;0.4;4.01;2.66;0.8
18/05/24   ;02:00;0.11;13.3;18.9;0.11;1196;0;-0.06;0.05;0.02;146;0.03;0;0.11;0.06;0.02;2.03;0.68;4.04;2.79;0.85
18/05/24   ;03:00;0.1;13.3;18.8;0.1;1200;0;-0.05;0.05;0.02;144;0.04;0;0.09;0.06;0.02;2.07;0.27;3.88;2.7;0.83
18/05/24   ;04:00;0.13;13.3;18.5;0.13;1198;0;-0.11;0.1;0.03;125;0.07;0.01;0.19;0.11;0.04;2.35;0.33;4.15;2.83;0.86
18/05/24   ;05:00;0.21;13.3;19;0.21;1196;0;-0.08;0.07;0.02;167;0.05;0.01;0.14;0.08;0.03;1.78;0.31;4.4;2.13;0.71
18/05/24   ;06:00;0.29;13.3;19;0.29;1197;0;-0.14;0.13;0.04;188;0.08;0.01;0.24;0.13;0.04;1.59;0.33;3.86;1.94;0.65
18/05/24   ;07:00;0.34;13.4;19.2;0.34;1200;0;-0.11;0.15;0.04;167;0.09;0.01;0.24;0.14;0.04;1.78;0.26;4.19;2.14;0.74
18/05/24   ;08:00;0.35;13.3;19.1;0.35;1200;0;-0.1;0.12;0.04;184;0.09;0.01;0.22;0.14;0.04;1.61;0.43;3.61;1.83;0.57
18/05/24   ;09:00;0.32;13.4;19.1;0.31;1199;0;-0.1;0.12;0.04;167;0.09;0.01;0.19;0.13;0.04;1.78;0.38;3.73;2.11;0.72
18/05/24   ;10:00;0.25;13.4;19.5;0.25;1186;0;-0.13;0.16;0.04;168;0.11;0.02;0.25;0.16;0.05;1.76;0.38;3.88;2.04;0.67
18/05/24   ;11:00;0.18;13.4;19.3;0.18;1197;0;-0.11;0.13;0.04;177;0.09;0.01;0.24;0.14;0.04;1.68;0.53;3.7;2.05;0.59
18/05/24   ;12:00;0.13;13.4;19.3;0.12;1200;0;-0.13;0.13;0.04;175;0.1;0.01;0.21;0.15;0.04;1.7;0.56;3.45;2.02;0.57
18/05/24   ;13:00;0.14;13.4;19.7;0.14;1198;0;-0.14;0.17;0.04;185;0.1;0.01;0.27;0.16;0.05;1.61;0.32;3.96;1.94;0.6
18/05/24   ;14:00;0.2;13.3;19.5;0.2;1202;0;-0.16;0.16;0.05;185;0.11;0.02;0.28;0.17;0.05;1.61;0.32;3.33;1.92;0.57
18/05/24   ;15:00;0.31;13.4;19.9;0.31;1199;0;-0.12;0.16;0.04;187;0.1;0.02;0.23;0.15;0.04;1.59;0.33;3.29;1.85;0.54
18/05/24   ;16:00;0.46;13.4;20.2;0.47;1201;0;-0.13;0.2;0.05;193;0.11;0.01;0.32;0.17;0.05;1.54;0.35;3.45;1.77;0.57
18/05/24   ;17:00;0.6;13.4;19.9;0.6;1196;0;-0.15;0.17;0.05;191;0.12;0.02;0.27;0.18;0.05;1.56;0.33;3.17;1.78;0.52
18/05/24   ;18:00;0.73;13.4;19;0.73;1198;0;-0.14;0.13;0.04;198;0.11;0.01;0.22;0.16;0.05;1.5;0.28;3.59;1.85;0.59
18/05/24   ;19:00;0.8;13.3;19.6;0.8;1196;0;-0.13;0.14;0.04;203;0.09;0.01;0.24;0.15;0.05;1.47;0.32;3.12;1.75;0.51
18/05/24   ;20:00;0.81;13.4;19.4;0.81;1195;0;-0.12;0.13;0.04;162;0.09;0.01;0.25;0.13;0.04;1.83;0.59;3.63;2.2;0.68
18/05/24   ;21:00;0.78;13.4;19.2;0.78;1200;0;-0.13;0.16;0.04;176;0.09;0.01;0.23;0.15;0.05;1.69;0.57;3.72;1.99;0.6
18/05/24   ;22:00;0.64;13.3;19.6;0.64;1196;0;-0.12;0.15;0.04;172;0.09;0.01;0.24;0.14;0.05;1.72;0.37;4.1;2.1;0.65
18/05/24   ;23:00;0.48;13.4;19.4;0.48;1197;0;-0.11;0.12;0.03;164;0.08;0.02;0.22;0.13;0.04;1.81;0.43;3.78;2.16;0.64
19/05/24   ;00:00;0.33;13.3;19.5;0.32;1184;0;-0.14;0.16;0.04;152;0.08;0.01;0.24;0.15;0.05;1.92;0.3;4.04;2.44;0.81
19/05/24   ;01:00;0.15;13.3;19.4;0.15;1200;0;-0.09;0.09;0.02;148;0.06;0.01;0.16;0.09;0.03;2.02;0.37;3.87;2.51;0.78
19/05/24   ;02:00;0.03;13.3;19.2;0.03;1197;0;-0.05;0.05;0.01;137;0.04;0;0.08;0.06;0.02;2.17;0.42;3.98;2.97;0.95
19/05/24   ;03:00;-0.03;13.4;19.6;-0.03;1198;0;-0.08;0.09;0.02;176;0.03;0;0.17;0.05;0.02;1.69;0.28;3.97;2.16;0.71
19/05/24   ;04:00;0.01;13.4;19.7;0.01;1207;0;-0.08;0.07;0.02;167;0.03;0;0.14;0.06;0.02;1.79;0.29;3.36;2.16;0.71
19/05/24   ;05:00;0.12;13.3;19.4;0.12;1197;0;-0.06;0.06;0.02;178;0.04;0.01;0.12;0.06;0.02;1.67;0.37;4.35;2.08;0.73
19/05/24   ;06:00;0.29;13.3;20.1;0.29;1198;0;-0.17;0.18;0.04;165;0.09;0.01;0.35;0.14;0.05;1.79;0.41;3.75;2.11;0.71
19/05/24   ;07:00;0.41;13.3;19.3;0.41;1200;0;-0.09;0.11;0.03;200;0.07;0.01;0.16;0.11;0.03;1.49;0.28;3.66;1.88;0.62
19/05/24   ;08:00;0.49;13.3;19.5;0.49;1195;0;-0.04;0.06;0.01;198;0.04;0;0.08;0.05;0.01;1.5;0.29;3.73;1.86;0.69
19/05/24   ;09:00;0.5;13.4;20.1;0.49;1200;0;-0.09;0.09;0.03;197;0.06;0;0.17;0.1;0.03;1.51;0.34;3.3;1.84;0.63
19/05/24   ;10:00;0.45;13.4;20.3;0.45;1200;0;-0.12;0.15;0.04;166;0.11;0.01;0.26;0.16;0.05;1.8;0.35;3.96;2.34;0.7
19/05/24   ;11:00;0.37;13.3;19.6;0.37;1197;0;-0.09;0.11;0.03;158;0.07;0.02;0.2;0.11;0.03;1.88;0.48;3.79;2.13;0.73
19/05/24   ;12:00;0.27;13.3;20;0.27;1200;0;-0.1;0.12;0.03;165;0.08;0.02;0.2;0.12;0.04;1.81;0.6;4.16;2.05;0.67
19/05/24   ;13:00;0.2;13.4;20.2;0.2;1200;0;-0.09;0.09;0.03;176;0.07;0.01;0.17;0.1;0.03;1.7;0.32;3.4;2.13;0.65
19/05/24   ;14:00;0.21;13.4;20.1;0.21;1192;0;-0.11;0.18;0.04;174;0.08;0.01;0.21;0.12;0.04;1.71;0.3;6.63;2.12;0.71
19/05/24   ;15:00;0.28;13.4;20.6;0.28;1200;0;-0.1;0.12;0.04;182;0.09;0.01;0.2;0.13;0.04;1.64;0.34;2.92;1.88;0.55
19/05/24   ;16:00;0.41;13.4;20.2;0.41;1200;0;-0.16;0.17;0.05;183;0.12;0.01;0.32;0.19;0.06;1.62;0.36;3.63;1.82;0.57
19/05/24   ;17:00;0.54;13.3;21.1;0.54;1193;0;-0.14;0.16;0.05;192;0.11;0.01;0.26;0.17;0.05;1.55;0.31;3.27;1.9;0.57
19/05/24   ;18:00;0.66;13.4;20.4;0.66;1197;0;-0.16;0.2;0.05;183;0.13;0.03;0.32;0.19;0.06;1.63;0.39;3.33;1.83;0.57
19/05/24   ;19:00;0.75;13.4;20.2;0.75;1194;0;-0.13;0.14;0.04;199;0.09;0.01;0.25;0.14;0.04;1.49;0.34;3.65;1.77;0.62
19/05/24   ;20:00;0.77;13.4;19.8;0.77;1200;0;-0.09;0.11;0.03;172;0.08;0.01;0.21;0.12;0.04;1.72;0.42;3.77;2.17;0.7
19/05/24   ;21:00;0.76;13.4;20.1;0.76;1198;0;-0.11;0.16;0.04;175;0.1;0.01;0.24;0.15;0.04;1.7;0.39;3.71;2.1;0.64
19/05/24   ;22:00;0.65;13.3;20.6;0.65;1200;0;-0.09;0.1;0.03;172;0.07;0.01;0.16;0.11;0.03;1.74;0.34;3.89;2.17;0.7
19/05/24   ;23:00;0.49;13.4;20.4;0.49;1200;0;-0.1;0.15;0.03;168;0.07;0.01;0.21;0.11;0.04;1.77;0.32;4.43;2.22;0.7
20/05/24   ;00:00;0.31;13.3;20.8;0.31;1200;0;-0.11;0.11;0.03;139;0.08;0.01;0.19;0.13;0.04;2.15;0.36;5.34;2.65;0.91
20/05/24   ;01:00;0.13;13.4;20;0.13;1200;0;-0.06;0.05;0.02;119;0.05;0.01;0.1;0.07;0.02;2.51;0.46;4.22;3.07;0.91
20/05/24   ;02:00;-0.01;13.4;20.7;-0.01;1192;0;-0.07;0.07;0.02;139;0.05;0.01;0.13;0.08;0.03;2.13;0.3;3.53;2.58;0.7
20/05/24   ;03:00;-0.08;13.3;20.7;-0.08;1200;0;-0.05;0.05;0.02;155;0.03;0;0.09;0.06;0.02;1.91;0.29;4.03;2.83;0.99
20/05/24   ;04:00;-0.06;13.3;20.1;-0.06;1196;0;-0.05;0.04;0.01;165;0.03;0;0.09;0.05;0.02;1.81;0.41;3.67;2.33;0.76
20/05/24   ;05:00;0.07;13.4;20;0.07;1192;0;-0.19;0.18;0.04;153;0.08;0.01;0.37;0.14;0.05;1.93;0.34;3.88;2.34;0.71
20/05/24   ;06:00;0.26;13.3;20;0.26;1200;0;-0.1;0.12;0.04;159;0.09;0.01;0.2;0.13;0.04;1.88;0.33;3.69;2.27;0.69
20/05/24   ;07:00;0.41;13.4;20.1;0.41;1200;0;-0.14;0.16;0.05;182;0.11;0.01;0.28;0.17;0.05;1.64;0.43;4.7;1.82;0.64
20/05/24   ;08:00;0.51;13.3;20.6;0.51;1200;0;-0.21;0.24;0.06;186;0.14;0.01;0.39;0.21;0.07;1.6;0.43;3.3;1.86;0.5
20/05/24   ;09:00;0.56;13.3;20.3;0.56;1200;0;-0.13;0.17;0.05;185;0.12;0.02;0.26;0.17;0.05;1.61;0.27;3.41;1.88;0.6
20/05/24   ;10:00;0.55;13.4;20.3;0.55;1217;0;-0.12;0.15;0.04;179;0.11;0.01;0.23;0.16;0.05;1.69;0.29;3.67;2.03;0.6
20/05/24   ;11:00;0.48;13.4;20.5;0.48;1199;0;-0.15;0.17;0.04;184;0.1;0.01;0.28;0.16;0.05;1.62;0.28;3.27;1.9;0.57
20/05/24   ;12:00;0.37;13.4;20.8;0.37;1196;0;-0.13;0.14;0.04;162;0.11;0.01;0.24;0.16;0.05;1.83;0.35;4.31;2.2;0.71
20/05/24   ;13:00;0.28;13.3;20.9;0.28;1200;0;-0.16;0.21;0.05;161;0.12;0.02;0.38;0.18;0.06;1.85;0.54;4.26;2.16;0.67
20/05/24   ;14:00;0.22;13.3;20.9;0.22;1196;0;-0.15;0.12;0.04;173;0.1;0.02;0.25;0.16;0.05;1.72;0.58;3.93;2.02;0.64
20/05/24   ;15:00;0.22;13.3;20.9;0.22;1200;0;-0.18;0.19;0.04;198;0.1;0.01;0.27;0.15;0.05;1.51;0.3;3.8;1.83;0.57
20/05/24   ;16:00;0.31;13.4;20.3;0.31;1195;0;-0.13;0.15;0.04;187;0.1;0.02;0.23;0.16;0.05;1.59;0.34;3.22;1.82;0.56
20/05/24   ;17:00;0.44;13.4;21.4;0.44;1198;0;-0.13;0.16;0.05;197;0.11;0.01;0.25;0.17;0.05;1.51;0.34;3.43;1.74;0.5
20/05/24   ;18:00;0.59;13.4;20.6;0.59;1194;0;-0.16;0.19;0.04;188;0.1;0.01;0.27;0.16;0.05;1.58;0.45;3.43;1.9;0.6
20/05/24   ;19:00;0.71;13.3;20.6;0.71;1200;0;-0.12;0.15;0.04;192;0.1;0.01;0.27;0.15;0.05;1.56;0.3;3.52;1.87;0.59
20/05/24   ;20:00;0.79;13.3;19.8;0.79;1200;0;-0.17;0.14;0.04;175;0.1;0.02;0.26;0.15;0.05;1.71;0.38;4.18;2.09;0.65
20/05/24   ;21:00;0.79;13.4;19.7;0.79;1198;0;-0.08;0.08;0.02;176;0.06;0.01;0.16;0.09;0.03;1.69;0.26;4.97;2.1;0.7
20/05/24   ;22:00;0.74;13.4;20.2;0.74;1200;0;-0.11;0.14;0.03;184;0.07;0.01;0.23;0.11;0.04;1.62;0.39;3.83;1.8;0.54
20/05/24   ;23:00;0.57;13.4;20.3;0.57;1200;0;-0.14;0.15;0.03;166;0.07;0.01;0.29;0.12;0.04;1.79;0.41;4.22;2.12;0.66
21/05/24   ;00:00;0.39;13.4;20.6;0.38;1198;0;-0.08;0.08;0.03;146;0.06;0.01;0.15;0.1;0.03;2.04;0.36;5.42;2.71;0.93
21/05/24   ;01:00;0.22;13.3;20.7;0.22;1196;0;-0.05;0.04;0.01;178;0.03;0;0.08;0.05;0.02;1.67;0.27;4.08;2.39;0.82
21/05/24   ;02:00;0.08;13.4;20.7;0.08;1196;0;-0.08;0.09;0.02;164;0.06;0.01;0.16;0.09;0.03;1.81;0.34;3.72;2.26;0.72
21/05/24   ;03:00;-0.01;13.4;20.7;-0.01;1180;0;-0.06;0.09;0.02;182;0.04;0.01;0.14;0.07;0.02;1.62;0.37;4.04;2.02;0.69
21/05/24   ;04:00;0.03;13.3;20.6;0.03;1200;0;-0.06;0.06;0.02;191;0.05;0.01;0.1;0.07;0.02;1.56;0.41;3.66;2.04;0.7
21/05/24   ;05:00;0.16;13.4;20.5;0.17;1200;0;-0.1;0.11;0.03;202;0.08;0.01;0.2;0.12;0.04;1.47;0.38;3.33;1.95;0.63
21/05/24   ;06:00;0.33;13.3;20.5;0.32;1200;0;-0.14;0.18;0.05;186;0.11;0.03;0.28;0.17;0.05;1.6;0.5;3.35;1.86;0.58
21/05/24   ;07:00;0.51;13.3;20.4;0.51;1196;0;-0.15;0.2;0.05;186;0.13;0.01;0.32;0.2;0.06;1.59;0.36;3.4;1.89;0.59
21/05/24   ;08:00;0.62;13.4;20.3;0.63;1197;0;-0.13;0.14;0.05;190;0.11;0.03;0.24;0.17;0.05;1.56;0.49;3.13;1.8;0.54
21/05/24   ;09:00;0.75;13.3;20.2;0.75;1199;0;-0.18;0.21;0.05;200;0.13;0.02;0.4;0.2;0.07;1.49;0.3;2.99;1.78;0.49
21/05/24   ;10:00;0.78;13.3;20;0.78;1200;0;-0.16;0.18;0.05;192;0.12;0.03;0.3;0.18;0.05;1.56;0.26;3.21;1.82;0.54
21/05/24   ;11:00;0.72;13.3;20.1;0.72;1197;0;-0.13;0.19;0.04;195;0.1;0.01;0.28;0.16;0.05;1.53;0.32;3.13;1.87;0.54
21/05/24   ;12:00;0.66;13.3;20.2;0.66;1200;0;-0.11;0.15;0.04;171;0.1;0.01;0.22;0.15;0.05;1.74;0.32;3.69;2.13;0.73
21/05/24   ;13:00;0.57;13.3;20.2;0.57;1197;0;-0.14;0.19;0.04;170;0.1;0.01;0.33;0.15;0.05;1.76;0.4;3.6;2.16;0.67
21/05/24   ;14:00;0.44;13.4;20.3;0.44;1200;0;-0.16;0.13;0.04;167;0.1;0.01;0.29;0.15;0.05;1.78;0.37;3.62;2.22;0.69
21/05/24   ;15:00;0.41;13.3;20.4;0.41;1200;0;-0.11;0.13;0.04;177;0.09;0.01;0.2;0.14;0.04;1.69;0.74;3.63;1.92;0.57
21/05/24   ;16:00;0.45;13.4;20.3;0.45;1200;0;-0.12;0.18;0.04;193;0.09;0.01;0.28;0.14;0.04;1.55;0.38;3.24;1.84;0.55
21/05/24   ;17:00;0.54;13.4;20.3;0.54;1200;0;-0.09;0.14;0.03;197;0.08;0.02;0.2;0.12;0.04;1.51;0.41;3.02;1.86;0.57
21/05/24   ;18:00;0.66;13.3;20.4;0.66;1197;0;-0.17;0.18;0.05;172;0.13;0.01;0.35;0.2;0.06;1.73;0.29;4.06;2.09;0.68
21/05/24   ;19:00;0.79;13.4;20.2;0.79;1200;0;-0.13;0.19;0.04;200;0.1;0.02;0.26;0.15;0.05;1.49;0.37;3.28;1.76;0.59
21/05/24   ;20:00;0.86;13.4;20;0.86;1200;0;-0.11;0.13;0.04;195;0.09;0.02;0.22;0.14;0.04;1.52;0.32;3.56;1.76;0.55
21/05/24   ;21:00;0.91;13.4;19.9;0.91;1200;0;-0.1;0.11;0.03;177;0.08;0.01;0.19;0.12;0.04;1.69;0.51;3.24;2.04;0.65
21/05/24   ;22:00;0.84;13.4;20;0.84;1200;0;-0.12;0.12;0.03;160;0.08;0.01;0.24;0.12;0.04;1.86;0.39;4.36;2.14;0.75
21/05/24   ;23:00;0.71;13.3;20;0.71;1194;0;-0.08;0.08;0.02;162;0.05;0.01;0.15;0.08;0.03;1.82;0.26;4.41;2.31;0.74
22/05/24   ;00:00;0.54;13.4;20.1;0.54;1193;0;-0.11;0.12;0.03;144;0.08;0.01;0.21;0.13;0.05;2.06;0.33;3.71;2.37;0.72
22/05/24   ;01:00;0.34;13.4;20.1;0.34;1196;0;-0.06;0.07;0.02;138;0.05;0;0.11;0.08;0.02;2.16;0.32;4.43;2.7;0.91
22/05/24   ;02:00;0.18;13.4;20.1;0.18;1200;0;-0.08;0.08;0.02;131;0.05;0;0.14;0.09;0.03;2.25;0.46;4.68;2.9;0.99
22/05/24   ;03:00;0.07;13.4;20.1;0.07;1196;0;-0.05;0.04;0.01;167;0.03;0;0.08;0.04;0.01;1.76;0.35;3.54;2.12;0.67
22/05/24   ;04:00;-0.01;13.4;20;-0.01;1200;0;-0.08;0.08;0.02;115;0.05;0.01;0.13;0.08;0.03;2.56;0.35;4.75;3.29;1
22/05/24   ;05:00;0.01;13.3;19.9;0.01;1200;0;-0.14;0.13;0.03;137;0.08;0.01;0.21;0.14;0.05;2.16;0.32;3.92;2.61;0.8
22/05/24   ;06:00;0.13;13.3;19.8;0.13;1200;0;-0.12;0.14;0.03;182;0.08;0.01;0.25;0.13;0.05;1.63;0.3;4.01;1.81;0.64
22/05/24   ;07:00;0.32;13.3;19.8;0.32;1200;0;-0.13;0.18;0.04;192;0.1;0.02;0.31;0.16;0.05;1.55;0.34;3.37;1.81;0.55
22/05/24   ;08:00;0.47;13.3;19.8;0.46;1200;0;-0.13;0.15;0.04;202;0.1;0.01;0.25;0.15;0.05;1.47;0.42;3.27;1.74;0.56
22/05/24   ;09:00;0.61;13.3;19.8;0.61;1196;0;-0.18;0.17;0.05;191;0.13;0.02;0.35;0.19;0.06;1.56;0.28;3.19;1.77;0.53
22/05/24   ;10:00;0.69;13.3;19.7;0.7;1200;0;-0.12;0.19;0.04;204;0.1;0.01;0.27;0.16;0.05;1.46;0.28;3.16;1.76;0.55
22/05/24   ;11:00;0.72;13.3;19.6;0.72;1199;0;-0.17;0.15;0.05;179;0.11;0.01;0.28;0.17;0.05;1.65;0.31;3.65;1.98;0.59
22/05/24   ;12:00;0.66;13.4;19.6;0.66;1200;0;-0.16;0.23;0.05;183;0.11;0.01;0.32;0.17;0.05;1.61;0.29;3.16;1.95;0.6
22/05/24   ;13:00;0.55;13.3;19.8;0.54;1198;0;-0.11;0.15;0.04;172;0.1;0.02;0.22;0.14;0.04;1.73;0.36;3.76;2.02;0.68
22/05/24   ;14:00;0.41;13.3;19.9;0.41;1197;0;-0.12;0.12;0.04;159;0.09;0.02;0.23;0.13;0.04;1.87;0.38;4.03;2.24;0.73
22/05/24   ;15:00;0.32;13.3;20;0.32;1200;0;-0.13;0.15;0.03;187;0.08;0.01;0.26;0.13;0.04;1.6;0.29;3.18;1.88;0.57
22/05/24   ;16:00;0.28;13.3;20.1;0.28;1196;0;-0.11;0.14;0.04;185;0.08;0.01;0.23;0.13;0.04;1.61;0.37;3.02;1.76;0.52
22/05/24   ;17:00;0.35;13.3;20.1;0.35;1193;0;-0.14;0.14;0.05;175;0.11;0.01;0.25;0.17;0.05;1.69;0.42;3.24;1.88;0.55
22/05/24   ;18:00;0.48;13.4;19.8;0.48;1200;0;-0.15;0.17;0.04;191;0.1;0.01;0.3;0.16;0.05;1.56;0.33;3.48;1.99;0.6
22/05/24   ;19:00;0.6;13.4;20;0.6;1200;0;-0.14;0.2;0.05;201;0.1;0.01;0.32;0.17;0.06;1.48;0.35;2.98;1.78;0.54
22/05/24   ;20:00;0.77;13.4;19.6;0.77;1200;0;-0.16;0.21;0.04;174;0.11;0.01;0.37;0.16;0.05;1.71;0.55;3.43;1.82;0.6
22/05/24   ;21:00;0.86;13.3;18.8;0.86;1194;0;-0.15;0.15;0.04;187;0.09;0.01;0.24;0.14;0.04;1.59;0.34;3.91;1.9;0.61
22/05/24   ;22:00;0.86;13.4;18.7;0.86;1200;0;-0.11;0.13;0.03;168;0.07;0.02;0.21;0.11;0.04;1.77;0.41;4.39;2.19;0.73
22/05/24   ;23:00;0.76;13.4;18.9;0.76;1197;0;-0.09;0.1;0.03;185;0.06;0.01;0.17;0.1;0.03;1.61;0.31;3.52;1.93;0.63
23/05/24   ;00:00;0.6;13.4;19.1;0.6;1199;0;-0.08;0.09;0.02;160;0.05;0.01;0.15;0.08;0.03;1.86;0.29;4.09;2.18;0.76
23/05/24   ;01:00;0.41;13.4;19.2;0.41;1200;0;-0.05;0.07;0.02;134;0.04;0.01;0.12;0.07;0.02;2.21;0.63;4.1;2.66;0.81
23/05/24   ;02:00;0.21;13.4;19.3;0.2;1200;0;-0.06;0.06;0.02;123;0.03;0;0.11;0.06;0.02;2.41;0.72;4.22;3.16;1.01
23/05/24   ;03:00;0.04;13.3;19.5;0.04;1200;0;-0.03;0.04;0.01;154;0.03;0;0.05;0.04;0.01;1.92;0.42;4.5;2.5;0.84
23/05/24   ;04:00;-0.06;13.4;19.4;-0.06;1200;0;-0.06;0.06;0.02;133;0.04;0.01;0.11;0.07;0.02;2.23;0.66;4.14;2.8;0.91
23/05/24   ;05:00;-0.07;13.4;19.5;-0.07;1198;0;-0.09;0.08;0.02;152;0.06;0;0.16;0.09;0.03;1.95;0.29;5.81;2.26;0.8
23/05/24   ;06:00;-0.02;13.4;19.2;-0.02;1200;0;-0.11;0.12;0.03;165;0.08;0.01;0.19;0.12;0.04;1.81;0.28;3.84;2.11;0.64
23/05/24   ;07:00;0.13;13.4;19.5;0.14;1191;0;-0.19;0.16;0.05;172;0.11;0.01;0.35;0.17;0.06;1.72;0.32;3.39;2.12;0.62
23/05/24   ;08:00;0.31;13.3;19.3;0.31;1208;0;-0.12;0.16;0.04;189;0.11;0.02;0.28;0.16;0.05;1.58;0.3;3.23;1.88;0.56
23/05/24   ;09:00;0.45;13.3;19.3;0.45;1200;0;-0.11;0.15;0.04;193;0.09;0.02;0.21;0.13;0.04;1.54;0.31;3.36;1.76;0.55
23/05/24   ;10:00;0.55;13.3;18.8;0.55;1198;0;-0.14;0.2;0.04;190;0.1;0.01;0.29;0.16;0.05;1.56;0.31;3.84;1.86;0.62
23/05/24   ;11:00;0.62;13.4;19.1;0.62;1206;0;-0.15;0.19;0.04;184;0.1;0.01;0.26;0.15;0.05;1.63;0.33;3.64;2;0.65
23/05/24   ;12:00;0.62;13.3;19.3;0.62;1200;0;-0.12;0.14;0.04;194;0.1;0.02;0.23;0.15;0.05;1.54;0.29;3.23;1.8;0.52
23/05/24   ;13:00;0.55;13.3;19.3;0.55;1189;0;-0.13;0.13;0.04;183;0.09;0;0.21;0.14;0.04;1.62;0.32;3.45;1.87;0.62
23/05/24   ;14:00;0.43;13.3;19.9;0.43;1175;0;-0.1;0.13;0.04;159;0.09;0.01;0.21;0.13;0.04;1.84;0.39;3.96;2.38;0.83
23/05/24   ;15:00;0.35;13.3;20;0.34;1200;0;-0.16;0.13;0.04;170;0.1;0.01;0.24;0.15;0.04;1.75;0.37;3.63;2.04;0.59
23/05/24   ;16:00;0.29;13.4;19.9;0.29;1197;0;-0.11;0.15;0.03;175;0.09;0.01;0.22;0.13;0.04;1.7;0.42;3.91;1.98;0.62
23/05/24   ;17:00;0.34;13.3;20.1;0.34;1200;0;-0.11;0.12;0.04;168;0.1;0.01;0.21;0.15;0.05;1.77;0.31;3.52;2.15;0.75
23/05/24   ;18:00;0.39;13.3;19.8;0.39;1199;0;-0.13;0.18;0.04;184;0.1;0.01;0.29;0.15;0.05;1.62;0.3;3.37;1.99;0.66
23/05/24   ;19:00;0.54;13.3;20;0.54;1200;0;-0.12;0.16;0.05;187;0.11;0.01;0.26;0.17;0.06;1.59;0.38;3.54;1.91;0.6
23/05/24   ;20:00;0.72;13.3;19.7;0.72;1195;0;-0.13;0.18;0.05;184;0.11;0.01;0.29;0.17;0.05;1.61;0.35;3.92;1.82;0.59
23/05/24   ;21:00;0.83;13.4;18.8;0.83;1200;0;-0.17;0.14;0.04;176;0.08;0.01;0.29;0.14;0.05;1.69;0.34;4.97;2.14;0.73
23/05/24   ;22:00;0.88;13.4;18.6;0.88;1196;0;-0.1;0.12;0.03;177;0.08;0.01;0.16;0.12;0.04;1.67;0.28;3.93;2.12;0.63
23/05/24   ;23:00;0.85;13.4;18.8;0.85;1200;0;-0.12;0.1;0.03;171;0.06;0;0.22;0.1;0.03;1.74;0.38;3.92;2.01;0.64
24/05/24   ;00:00;0.7;13.4;19;0.7;1200;0;-0.1;0.15;0.03;140;0.07;0;0.23;0.12;0.04;2.11;0.32;4.34;2.82;0.89
24/05/24   ;01:00;0.5;13.4;19.3;0.5;1197;0;-0.09;0.08;0.03;140;0.06;0.01;0.16;0.1;0.03;2.12;0.33;4.24;2.46;0.76
24/05/24   ;02:00;0.28;13.4;19.4;0.28;1197;0;-0.06;0.06;0.02;163;0.04;0;0.12;0.06;0.02;1.81;0.38;3.79;2.42;0.84
24/05/24   ;03:00;0.07;13.4;19.6;0.07;1200;0;-0.05;0.05;0.02;147;0.04;0;0.11;0.06;0.02;2.03;0.34;4.39;2.59;0.83
24/05/24   ;04:00;-0.09;13.4;19.6;-0.09;1200;0;-0.1;0.12;0.02;141;0.05;0;0.22;0.09;0.03;2.11;0.32;4.42;2.64;0.92
24/05/24   ;05:00;-0.16;13.4;19.5;-0.16;1199;0;-0.1;0.08;0.02;156;0.05;0.01;0.16;0.09;0.03;1.9;0.59;7.06;2.31;0.8
24/05/24   ;06:00;-0.14;13.3;19.4;-0.14;1200;0;-0.1;0.12;0.03;158;0.08;0.01;0.2;0.12;0.04;1.88;0.39;3.75;2.28;0.7
24/05/24   ;07:00;-0.04;13.4;19.5;-0.04;1199;0;-0.11;0.13;0.04;173;0.09;0.01;0.24;0.14;0.04;1.72;0.36;3.78;2.02;0.67
24/05/24   ;08:00;0.14;13.4;19.5;0.14;1199;0;-0.14;0.17;0.05;187;0.11;0.01;0.3;0.17;0.05;1.59;0.4;3.32;1.86;0.56
24/05/24   ;09:00;0.3;13.4;19.7;0.3;1200;0;-0.13;0.19;0.05;188;0.11;0.02;0.28;0.17;0.05;1.59;0.3;3.72;1.9;0.61
24/05/24   ;10:00;0.44;13.4;19.5;0.44;1198;0;-0.16;0.21;0.05;197;0.12;0.01;0.37;0.19;0.06;1.51;0.32;3.46;1.75;0.62
24/05/24   ;11:00;0.53;13.3;19.3;0.53;1200;0;-0.15;0.21;0.04;195;0.1;0.02;0.28;0.16;0.05;1.54;0.34;3.41;1.87;0.55
24/05/24   ;12:00;0.54;13.3;19.7;0.54;1196;0;-0.15;0.14;0.05;173;0.11;0.01;0.27;0.17;0.05;1.71;0.28;3.19;2.08;0.63
24/05/24   ;13:00;0.52;13.3;19.9;0.52;1199;0;-0.13;0.13;0.04;185;0.1;0.01;0.22;0.15;0.04;1.61;0.38;3.04;1.88;0.57
24/05/24   ;14:00;0.45;13.3;20.2;0.44;1200;0;-0.15;0.15;0.04;184;0.1;0.02;0.25;0.15;0.05;1.61;0.36;3.53;1.82;0.63
24/05/24   ;15:00;0.35;13.3;20.3;0.35;1200;0;-0.13;0.19;0.04;182;0.1;0.01;0.31;0.15;0.05;1.63;0.47;3.67;1.98;0.59
24/05/24   ;16:00;0.27;13.4;20.2;0.27;1200;0;-0.13;0.14;0.04;159;0.11;0.02;0.2;0.16;0.04;1.87;0.37;3.75;2.27;0.75
24/05/24   ;17:00;0.29;13.3;20.7;0.29;1193;0;-0.16;0.16;0.04;176;0.1;0.01;0.28;0.15;0.05;1.68;0.28;3.82;1.99;0.6
24/05/24   ;18:00;0.39;13.3;19.4;0.39;1200;0;-0.16;0.18;0.05;173;0.12;0.01;0.26;0.17;0.05;1.72;0.42;4.06;2.04;0.66
24/05/24   ;19:00;0.52;13.3;19.8;0.52;1199;0;-0.14;0.17;0.04;193;0.1;0.01;0.24;0.15;0.05;1.55;0.43;3.28;1.82;0.56
24/05/24   ;20:00;0.67;13.3;19.5;0.67;1199;0;-0.12;0.13;0.04;192;0.09;0.01;0.23;0.14;0.04;1.55;0.36;4.48;1.82;0.58
24/05/24   ;21:00;0.79;13.3;19.7;0.79;1200;0;-0.12;0.15;0.03;171;0.08;0.01;0.27;0.13;0.04;1.75;0.37;4.07;2.1;0.68
24/05/24   ;22:00;0.83;13.3;19.4;0.83;1198;0;-0.24;0.26;0.06;175;0.12;0.01;0.5;0.2;0.07;1.7;0.43;3.83;2.19;0.7
24/05/24   ;23:00;0.82;13.3;19.4;0.82;1200;0;-0.12;0.13;0.04;178;0.1;0.01;0.22;0.15;0.05;1.67;0.27;3.36;1.95;0.61
25/05/24   ;00:00;0.72;13.4;19.2;0.72;1200;0;-0.15;0.17;0.04;140;0.1;0.01;0.29;0.15;0.05;2.14;0.64;4.79;2.54;0.83
25/05/24   ;01:00;0.52;13.4;19.4;0.52;1198;0;-0.12;0.1;0.03;149;0.06;0.01;0.22;0.1;0.03;1.99;0.5;4.07;2.29;0.74
25/05/24   ;02:00;0.32;13.4;19.6;0.32;1200;0;-0.11;0.1;0.02;170;0.04;0;0.2;0.06;0.03;1.75;0.34;4.6;2.16;0.76
25/05/24   ;03:00;0.12;13.4;19.6;0.11;1200;0;-0.05;0.06;0.02;171;0.04;0.01;0.1;0.06;0.02;1.74;0.39;3.7;2.33;0.81
25/05/24   ;04:00;-0.05;13.3;20.1;-0.05;1197;0;-0.06;0.07;0.02;155;0.05;0;0.11;0.07;0.02;1.92;0.42;4.31;2.82;0.99
25/05/24   ;05:00;-0.17;13.4;19.8;-0.17;1194;0;-0.1;0.09;0.02;153;0.05;0;0.17;0.09;0.03;1.91;0.32;4.08;2.36;0.81
25/05/24   ;06:00;-0.21;13.4;19.2;-0.21;1200;0;-0.09;0.11;0.03;170;0.07;0.01;0.2;0.11;0.03;1.75;0.46;3.68;2.24;0.67
25/05/24   ;07:00;-0.15;13.4;20.1;-0.15;1200;0;-0.14;0.14;0.04;168;0.1;0.02;0.25;0.16;0.05;1.78;0.42;3.34;2.07;0.6
25/05/24   ;08:00;0.01;13.4;19.9;0.01;1183;0;-0.13;0.13;0.04;184;0.09;0.01;0.21;0.14;0.04;1.59;0.35;4.31;1.81;0.62
25/05/24   ;09:00;0.2;13.3;19.4;0.2;1198;0;-0.16;0.17;0.05;182;0.12;0.01;0.28;0.18;0.06;1.63;0.29;3.15;1.89;0.59
25/05/24   ;10:00;0.35;13.4;19.9;0.35;1200;0;-0.12;0.15;0.04;199;0.11;0;0.24;0.16;0.05;1.5;0.3;4.29;1.66;0.58
25/05/24   ;11:00;0.45;13.4;19.5;0.45;1200;0;-0.13;0.17;0.04;186;0.1;0.01;0.25;0.16;0.05;1.59;0.44;3.46;1.88;0.58
25/05/24   ;12:00;0.5;13.4;19.3;0.5;1197;0;-0.13;0.16;0.05;184;0.12;0.02;0.29;0.18;0.05;1.62;0.59;3.11;1.89;0.51
25/05/24   ;13:00;0.54;13.4;19.3;0.54;1196;0;-0.13;0.2;0.04;182;0.1;0.01;0.29;0.16;0.05;1.62;0.36;3.68;2.02;0.66
25/05/24   ;14:00;0.52;13.4;19.3;0.52;1200;0;-0.11;0.12;0.04;187;0.09;0.02;0.23;0.14;0.04;1.59;0.58;3.58;1.83;0.52
25/05/24   ;15:00;0.46;13.3;19.8;0.46;1197;0;-0.12;0.15;0.04;176;0.1;0.02;0.22;0.15;0.04;1.68;0.3;4.16;2.05;0.7
25/05/24   ;16:00;0.4;13.3;20.1;0.4;1199;0;-0.11;0.12;0.04;183;0.1;0.02;0.2;0.15;0.04;1.63;0.37;3.22;1.97;0.59
25/05/24   ;17:00;0.36;13.3;19.8;0.36;1195;0;-0.12;0.14;0.04;193;0.09;0.01;0.26;0.13;0.04;1.54;0.3;3.21;1.78;0.53
25/05/24   ;18:00;0.36;13.3;20.2;0.36;1207;0;-0.18;0.19;0.04;185;0.1;0.01;0.28;0.16;0.05;1.62;0.29;3.03;2.04;0.59
25/05/24   ;19:00;0.43;13.4;19.5;0.43;1200;0;-0.15;0.17;0.04;176;0.11;0.02;0.28;0.17;0.05;1.69;0.33;3.42;2.05;0.64
25/05/24   ;20:00;0.52;13.3;19.2;0.52;1194;0;-0.12;0.14;0.04;189;0.09;0.01;0.21;0.14;0.04;1.58;0.31;3.72;1.95;0.65
25/05/24   ;21:00;0.62;13.4;19.6;0.63;1200;0;-0.12;0.15;0.04;173;0.09;0.01;0.23;0.15;0.05;1.72;0.27;3.54;2.07;0.71
25/05/24   ;22:00;0.71;13.3;20.3;0.71;1200;0;-0.14;0.18;0.04;184;0.1;0.01;0.28;0.17;0.05;1.63;0.32;4.25;1.98;0.65
25/05/24   ;23:00;0.74;13.3;19.5;0.74;1200;0;-0.16;0.19;0.04;168;0.1;0.03;0.29;0.16;0.05;1.77;0.5;3.69;2.18;0.66
26/05/24   ;00:00;0.7;13.4;19.9;0.7;1200;0;-0.14;0.15;0.04;167;0.1;0.01;0.26;0.15;0.05;1.79;0.31;3.27;2.12;0.59
26/05/24   ;01:00;0.55;13.3;19.6;0.55;1195;0;-0.11;0.13;0.03;157;0.08;0.01;0.24;0.12;0.04;1.88;0.26;3.52;2.23;0.72
26/05/24   ;02:00;0.36;13.3;20.1;0.36;1200;0;-0.06;0.06;0.02;146;0.05;0;0.11;0.07;0.02;2.05;0.4;4.27;2.5;0.81
26/05/24   ;03:00;0.16;13.3;20.1;0.16;1196;0;-0.08;0.1;0.02;150;0.06;0;0.17;0.09;0.03;1.98;0.38;4.46;2.37;0.81
26/05/24   ;04:00;-0.04;13.4;19.6;-0.04;1188;0;-0.1;0.09;0.03;123;0.07;0.01;0.18;0.12;0.04;2.39;0.54;4.3;2.4;0.83
26/05/24   ;05:00;-0.19;13.4;20.3;-0.19;1198;0;-0.09;0.07;0.02;133;0.05;0.01;0.15;0.08;0.02;2.24;0.41;5.54;2.96;0.91
26/05/24   ;06:00;-0.29;13.4;20.2;-0.29;1198;0;-0.12;0.12;0.03;158;0.07;0.01;0.23;0.12;0.04;1.88;0.45;6.97;2.12;0.73
26/05/24   ;07:00;-0.28;13.3;20.2;-0.28;1200;0;-0.09;0.13;0.03;168;0.08;0.01;0.22;0.12;0.04;1.78;0.4;3.55;2.05;0.62
26/05/24   ;08:00;-0.16;13.3;19.9;-0.16;1200;0;-0.12;0.13;0.04;175;0.09;0.01;0.22;0.14;0.04;1.7;0.5;3.64;1.94;0.61
26/05/24   ;09:00;0.03;13.4;19.2;0.03;1200;0;-0.13;0.14;0.04;193;0.1;0.01;0.25;0.16;0.05;1.55;0.27;3.66;1.87;0.54
26/05/24   ;10:00;0.23;13.4;20.1;0.23;1196;0;-0.14;0.22;0.05;189;0.11;0.02;0.36;0.17;0.05;1.56;0.58;3.52;1.75;0.55
26/05/24   ;11:00;0.4;13.4;19.5;0.4;1200;0;-0.17;0.19;0.05;183;0.12;0.02;0.35;0.17;0.05;1.63;0.32;3.85;1.92;0.64
26/05/24   ;12:00;0.52;13.4;19.8;0.52;1200;0;-0.15;0.18;0.05;198;0.11;0.01;0.31;0.17;0.06;1.51;0.32;3.19;1.86;0.59
26/05/24   ;13:00;0.61;13.3;19.5;0.61;1195;0;-0.16;0.2;0.05;182;0.12;0.01;0.36;0.18;0.06;1.63;0.41;3.63;1.85;0.58
26/05/24   ;14:00;0.64;13.3;20.2;0.64;1200;0;-0.11;0.15;0.04;199;0.09;0.01;0.22;0.13;0.04;1.5;0.26;3.02;1.76;0.52
26/05/24   ;15:00;0.61;13.4;19.5;0.61;1200;0;-0.16;0.17;0.04;186;0.09;0.01;0.28;0.15;0.05;1.59;0.31;3.47;1.85;0.6
26/05/24   ;16:00;0.53;13.4;20.2;0.53;1200;0;-0.15;0.16;0.04;183;0.11;0.01;0.27;0.17;0.05;1.63;0.28;3.26;1.98;0.63
26/05/24   ;17:00;0.44;13.4;20.1;0.44;1197;0;-0.13;0.18;0.05;167;0.12;0.02;0.26;0.18;0.05;1.78;0.37;3.63;1.99;0.59
26/05/24   ;18:00;0.39;13.3;20.1;0.39;1199;0;-0.15;0.15;0.05;157;0.13;0.03;0.28;0.19;0.06;1.89;0.67;3.62;2.28;0.65
26/05/24   ;19:00;0.4;13.3;20.2;0.4;1200;0;-0.14;0.23;0.05;155;0.12;0.01;0.32;0.18;0.06;1.93;0.31;3.75;2.39;0.69
26/05/24   ;20:00;0.48;13.3;19.5;0.47;1192;0;-0.13;0.19;0.04;172;0.1;0.02;0.31;0.15;0.05;1.72;0.3;3.52;2.12;0.66
26/05/24   ;21:00;0.59;13.3;20.5;0.59;1200;0;-0.13;0.13;0.04;183;0.08;0.01;0.26;0.13;0.04;1.62;0.38;4.15;1.94;0.61
26/05/24   ;22:00;0.68;13.4;20;0.68;1196;0;-0.11;0.13;0.04;172;0.08;0.01;0.24;0.13;0.04;1.72;0.27;3.5;2.18;0.7
26/05/24   ;23:00;0.73;13.3;20.8;0.73;1200;0;-0.1;0.13;0.03;180;0.08;0.01;0.19;0.12;0.04;1.65;0.3;3.9;2.02;0.68
27/05/24   ;00:00;0.71;13.3;20;0.71;1197;0;-0.11;0.12;0.03;145;0.08;0.01;0.23;0.12;0.04;2.04;0.47;4.12;2.82;0.85
27/05/24   ;01:00;0.61;13.3;19.5;0.61;1197;0;-0.08;0.08;0.02;180;0.04;0;0.15;0.06;0.02;1.64;0.36;3.94;2.04;0.71
27/05/24   ;02:00;0.46;13.3;19.5;0.46;1199;0;-0.09;0.06;0.02;175;0.04;0.01;0.16;0.06;0.02;1.71;0.33;4.46;1.98;0.69
27/05/24   ;03:00;0.27;13.3;19.5;0.27;1200;0;-0.07;0.06;0.02;175;0.04;0;0.14;0.06;0.02;1.7;0.29;3.58;2.11;0.72
27/05/24   ;04:00;0.08;13.3;20.5;0.08;1200;0;-0.08;0.08;0.02;174;0.04;0;0.16;0.07;0.03;1.72;0.31;4.15;2.26;0.78
27/05/24   ;05:00;-0.08;13.3;19.8;-0.08;1200;0;-0.11;0.13;0.03;139;0.07;0.01;0.21;0.12;0.04;2.15;0.29;4.34;2.84;0.96
27/05/24   ;06:00;-0.19;13.4;20.6;-0.18;1198;0;-0.11;0.15;0.03;143;0.08;0;0.22;0.13;0.04;2.08;0.54;4.54;2.66;0.92
27/05/24   ;07:00;-0.2;13.4;20.7;-0.2;1200;0;-0.11;0.14;0.04;167;0.09;0.01;0.23;0.13;0.04;1.78;0.28;3.56;2.1;0.65
27/05/24   ;08:00;-0.12;13.4;19.7;-0.11;1200;0;-0.1;0.14;0.03;183;0.08;0.01;0.23;0.12;0.04;1.63;0.32;3.38;1.89;0.68
27/05/24   ;09:00;0.04;13.4;20.9;0.04;1198;0;-0.13;0.11;0.03;190;0.09;0.01;0.22;0.13;0.04;1.57;0.55;3.86;1.93;0.63
27/05/24   ;10:00;0.2;13.3;20.8;0.2;1197;0;-0.13;0.14;0.04;187;0.1;0.01;0.24;0.16;0.05;1.59;0.37;3.67;1.96;0.63
27/05/24   ;11:00;0.35;13.4;20.1;0.35;1199;0;-0.11;0.12;0.04;193;0.09;0.01;0.2;0.14;0.04;1.55;0.41;3.53;1.9;0.6
27/05/24   ;12:00;0.49;13.4;20.3;0.49;1199;0;-0.18;0.25;0.05;189;0.12;0.01;0.39;0.19;0.06;1.58;0.36;2.92;1.89;0.56
27/05/24   ;13:00;0.58;13.4;20.7;0.58;1200;0;-0.13;0.2;0.04;190;0.11;0.02;0.33;0.16;0.05;1.56;0.44;3.58;1.93;0.64
27/05/24   ;14:00;0.62;13.4;20.1;0.61;1200;0;-0.17;0.18;0.05;187;0.11;0.01;0.28;0.17;0.05;1.59;0.41;3.49;1.96;0.6
27/05/24   ;15:00;0.61;13.3;21.2;0.61;1192;0;-0.13;0.16;0.04;167;0.11;0.02;0.28;0.17;0.05;1.77;0.34;3.49;2.07;0.63
27/05/24   ;16:00;0.55;13.3;21.1;0.55;1200;0;-0.2;0.16;0.04;177;0.1;0.01;0.32;0.16;0.05;1.69;0.41;3.7;2.13;0.67
27/05/24   ;17:00;0.47;13.4;21.1;0.47;1195;0;-0.12;0.16;0.04;180;0.09;0;0.23;0.14;0.04;1.65;0.27;3.72;1.98;0.65
27/05/24   ;18:00;0.41;13.4;20.6;0.41;1200;0;-0.13;0.13;0.04;175;0.09;0;0.24;0.14;0.04;1.7;0.29;3.66;2.04;0.69
27/05/24   ;19:00;0.39;13.3;20.6;0.39;1196;0;-0.15;0.15;0.04;167;0.09;0;0.25;0.15;0.05;1.77;0.28;3.99;2.14;0.76
27/05/24   ;20:00;0.41;13.3;21.3;0.41;1200;0;-0.14;0.14;0.04;169;0.09;0.02;0.28;0.15;0.05;1.76;0.37;3.29;2.09;0.6
27/05/24   ;21:00;0.49;13.4;21.1;0.49;1200;0;-0.12;0.12;0.03;149;0.08;0.01;0.23;0.13;0.04;1.99;0.28;4.88;2.51;0.87
27/05/24   ;22:00;0.58;13.3;20.4;0.58;1200;0;-0.09;0.1;0.03;186;0.07;0;0.17;0.1;0.03;1.6;0.29;3.32;2.11;0.66
27/05/24   ;23:00;0.65;13.3;20.7;0.65;1196;0;-0.12;0.16;0.03;181;0.08;0.01;0.28;0.13;0.05;1.64;0.43;3.37;2.06;0.65
28/05/24   ;00:00;0.67;13.3;20.8;0.67;1200;0;-0.1;0.11;0.03;134;0.08;0.01;0.2;0.12;0.04;2.2;0.37;4.05;2.94;0.94
28/05/24   ;01:00;0.63;13.3;21;0.63;1199;0;-0.05;0.06;0.02;162;0.04;0.01;0.11;0.06;0.02;1.84;0.32;3.33;2.16;0.59
28/05/24   ;02:00;0.53;13.3;20.9;0.53;1192;0;-0.12;0.06;0.02;163;0.03;0;0.18;0.06;0.02;1.82;0.37;4.32;2.24;0.86
28/05/24   ;03:00;0.38;13.3;21;0.38;1200;0;-0.07;0.08;0.02;170;0.04;0;0.15;0.07;0.03;1.75;0.3;6.49;2.26;0.74
28/05/24   ;04:00;0.23;13.3;20.2;0.23;1195;0;-0.08;0.07;0.02;149;0.05;0.01;0.16;0.09;0.03;1.99;0.47;4.26;2.69;0.91
28/05/24   ;05:00;0.1;13.3;21.5;0.1;1200;0;-0.08;0.07;0.02;142;0.05;0;0.12;0.08;0.03;2.09;0.34;4.12;2.68;0.9
28/05/24   ;06:00;0;13.3;21;0;1195;0;-0.11;0.15;0.04;161;0.09;0;0.24;0.14;0.04;1.85;0.47;4.16;2.15;0.71
28/05/24   ;07:00;-0.06;13.3;21.4;-0.06;1200;0;-0.12;0.12;0.04;156;0.09;0.01;0.22;0.14;0.04;1.9;0.38;4.01;2.21;0.67
28/05/24   ;08:00;-0.05;13.3;21.5;-0.04;1196;0;-0.13;0.12;0.04;163;0.1;0.02;0.22;0.15;0.04;1.83;0.37;3.61;2.06;0.61
28/05/24   ;09:00;0.03;13.4;20.3;0.03;1196;0;-0.11;0.12;0.04;170;0.09;0.01;0.22;0.14;0.04;1.75;0.54;3.55;2.04;0.62
28/05/24   ;10:00;0.17;13.4;21;0.17;1200;0;-0.11;0.14;0.04;198;0.1;0.01;0.22;0.15;0.04;1.51;0.33;3.07;1.67;0.52
28/05/24   ;11:00;0.29;13.4;20.9;0.29;1196;0;-0.13;0.15;0.04;189;0.1;0.02;0.25;0.15;0.04;1.57;0.29;3.4;1.89;0.61
28/05/24   ;12:00;0.4;13.3;20.9;0.4;1200;0;-0.13;0.17;0.04;187;0.1;0.01;0.25;0.16;0.05;1.6;0.34;3.38;1.82;0.59
28/05/24   ;13:00;0.49;13.4;20.8;0.49;1196;0;-0.13;0.11;0.04;178;0.09;0;0.21;0.13;0.04;1.67;0.36;3.9;1.99;0.68
28/05/24   ;14:00;0.54;13.4;20.8;0.54;1200;0;-0.14;0.14;0.05;167;0.11;0.01;0.25;0.17;0.05;1.78;0.35;4.1;2.11;0.69
28/05/24   ;15:00;0.56;13.4;20.5;0.56;1198;0;-0.16;0.18;0.04;199;0.1;0.01;0.29;0.16;0.05;1.49;0.37;3.28;1.71;0.5
28/05/24   ;16:00;0.56;13.4;20.7;0.56;1193;0;-0.11;0.15;0.04;174;0.1;0.02;0.22;0.16;0.04;1.7;0.38;3.46;2.05;0.63
28/05/24   ;17:00;0.53;13.4;21.2;0.53;1200;0;-0.12;0.14;0.04;191;0.1;0.01;0.22;0.15;0.04;1.57;0.34;2.81;1.81;0.52
28/05/24   ;18:00;0.49;13.3;21.3;0.48;1200;0;-0.14;0.17;0.05;166;0.12;0.01;0.29;0.18;0.05;1.78;0.54;3.9;2.15;0.69
28/05/24   ;19:00;0.44;13.4;21.5;0.44;1200;0;-0.1;0.12;0.04;172;0.08;0.01;0.18;0.13;0.04;1.72;0.41;3.24;2.08;0.59
28/05/24   ;20:00;0.44;13.4;21;0.44;1198;0;-0.1;0.11;0.03;158;0.08;0.01;0.19;0.12;0.04;1.88;0.59;3.93;2.15;0.68
28/05/24   ;21:00;0.47;13.4;21.5;0.47;1200;0;-0.13;0.14;0.03;185;0.08;0.01;0.23;0.13;0.04;1.61;0.32;4.71;1.81;0.65
28/05/24   ;22:00;0.48;13.4;20.4;0.48;1200;0;-0.09;0.1;0.03;186;0.06;0.01;0.19;0.1;0.03;1.6;0.31;5.71;2.31;0.85
28/05/24   ;23:00;0.53;13.3;20.5;0.53;1208;0;-0.11;0.11;0.03;172;0.08;0.02;0.2;0.13;0.04;1.72;0.38;3.58;2.08;0.58
29/05/24   ;00:00;0.56;13.3;20.3;0.56;1200;0;-0.12;0.15;0.03;154;0.08;0.01;0.27;0.13;0.04;1.93;0.38;4.14;2.32;0.83
29/05/24   ;01:00;0.56;13.3;21;0.56;1200;0;-0.09;0.07;0.02;171;0.05;0.01;0.15;0.08;0.03;1.75;0.28;3.44;2.16;0.69
29/05/24   ;02:00;0.52;13.4;20.4;0.52;1196;0;-0.08;0.08;0.02;149;0.04;0.01;0.15;0.07;0.02;1.98;0.67;3.63;2.18;0.61
29/05/24   ;03:00;0.45;13.4;21.3;0.45;1203;0;-0.04;0.05;0.01;171;0.03;0;0.08;0.05;0.02;1.75;0.45;3.14;2.1;0.61
29/05/24   ;04:00;0.36;13.3;20.8;0.36;1210;0;-0.1;0.13;0.03;160;0.06;0;0.21;0.1;0.03;1.87;0.32;4.15;2.36;0.81
29/05/24   ;05:00;0.26;13.3;21;0.26;1206;0;-0.1;0.13;0.03;145;0.06;0.01;0.22;0.1;0.04;2.07;0.39;3.88;2.75;0.91
29/05/24   ;06:00;0.16;13.4;20.6;0.16;1202;0;-0.12;0.11;0.03;167;0.08;0.01;0.21;0.12;0.04;1.79;0.32;5.72;2.04;0.71
29/05/24   ;07:00;0.08;13.4;20.9;0.08;1196;0;-0.12;0.17;0.04;169;0.1;0.01;0.28;0.16;0.05;1.76;0.29;3.94;2.08;0.64
29/05/24   ;08:00;0.02;13.4;20.7;0.01;1203;0;-0.15;0.15;0.04;175;0.1;0.01;0.23;0.16;0.05;1.71;0.4;3.87;2.09;0.61
29/05/24   ;09:00;0;13.3;20.5;0;1197;0;-0.12;0.16;0.04;180;0.11;0.01;0.25;0.16;0.05;1.65;0.33;3.26;1.82;0.58
29/05/24   ;10:00;0.04;13.3;21;0.04;1203;0;-0.14;0.17;0.04;168;0.11;0.02;0.25;0.16;0.05;1.77;0.33;3.63;2;0.6
29/05/24   ;11:00;0.09;13.3;20.5;0.09;1198;0;-0.12;0.16;0.04;186;0.1;0.01;0.24;0.14;0.04;1.61;0.28;3.81;1.95;0.6
29/05/24   ;12:00;0.21;13.4;20.5;0.21;1194;0;-0.14;0.23;0.05;184;0.11;0.01;0.35;0.18;0.06;1.62;0.27;3.2;1.9;0.6
29/05/24   ;13:00;0.35;13.4;20.9;0.35;1209;0;-0.15;0.22;0.05;195;0.12;0.01;0.34;0.17;0.05;1.53;0.38;3.25;1.79;0.54
29/05/24   ;14:00;0.47;13.4;21.2;0.47;1197;0;-0.14;0.19;0.05;178;0.11;0.01;0.29;0.16;0.05;1.67;0.34;3.95;1.85;0.68
29/05/24   ;15:00;0.57;13.3;20.7;0.57;1191;0;-0.14;0.16;0.04;190;0.11;0.02;0.27;0.16;0.05;1.55;0.38;3.25;1.84;0.52
29/05/24   ;16:00;0.62;13.3;20.7;0.62;1197;0;-0.15;0.18;0.05;186;0.11;0.02;0.28;0.17;0.05;1.59;0.33;3.24;1.87;0.54
29/05/24   ;17:00;0.64;13.4;21.7;0.64;1200;0;-0.12;0.16;0.04;178;0.11;0;0.26;0.17;0.05;1.67;0.27;3.38;2.03;0.65
29/05/24   ;18:00;0.62;13.4;20.7;0.62;1198;0;-0.12;0.14;0.04;168;0.1;0.01;0.21;0.15;0.05;1.77;0.4;4.16;2.08;0.71
29/05/24   ;19:00;0.56;13.4;21.9;0.55;1193;0;-0.14;0.18;0.05;169;0.11;0.01;0.27;0.17;0.05;1.76;0.57;3.11;2.11;0.59
29/05/24   ;20:00;0.49;13.3;20.8;0.49;1195;0;-0.14;0.16;0.04;159;0.1;0.01;0.24;0.15;0.05;1.87;0.31;4.16;2.35;0.78
29/05/24   ;21:00;0.44;13.4;22;0.44;1198;0;-0.08;0.1;0.03;166;0.07;0.01;0.17;0.1;0.03;1.78;0.51;3.9;2.22;0.69
29/05/24   ;22:00;0.42;13.4;21.5;0.43;1198;0;-0.11;0.15;0.03;173;0.08;0.01;0.25;0.13;0.04;1.72;0.39;3.38;2.01;0.62
29/05/24   ;23:00;0.45;13.4;21.7;0.45;1200;0;-0.09;0.09;0.02;178;0.06;0;0.17;0.09;0.03;1.67;0.42;4.21;2.07;0.65
30/05/24   ;00:00;0.49;13.4;20.5;0.49;1197;0;-0.07;0.07;0.02;164;0.05;0.01;0.14;0.08;0.03;1.82;0.32;6.09;2.64;0.97
30/05/24   ;01:00;0.51;13.3;20.5;0.51;1200;0;-0.08;0.09;0.02;177;0.05;0.01;0.15;0.08;0.03;1.68;0.39;3.52;2.18;0.67
30/05/24   ;02:00;0.52;13.4;21.6;0.52;1199;0;-0.09;0.08;0.02;180;0.04;0;0.16;0.07;0.02;1.65;0.29;4.47;1.99;0.79
30/05/24   ;03:00;0.5;13.4;20.5;0.5;1200;0;-0.05;0.05;0.01;174;0.04;0.01;0.08;0.06;0.02;1.71;0.3;3.34;2.18;0.68
30/05/24   ;04:00;0.45;13.4;21.4;0.45;1217;0;-0.08;0.08;0.02;159;0.06;0.01;0.16;0.09;0.03;1.9;0.35;4.04;2.48;0.79
30/05/24   ;05:00;0.38;13.4;21.4;0.38;1193;0;-0.12;0.1;0.03;156;0.07;0.01;0.22;0.11;0.04;1.91;0.42;3.69;2.22;0.74
30/05/24   ;06:00;0.29;13.3;21.4;0.29;1200;0;-0.11;0.09;0.03;166;0.07;0.01;0.18;0.11;0.03;1.79;0.45;3.46;2.24;0.67
30/05/24   ;07:00;0.21;13.3;21.3;0.22;1200;0;-0.16;0.2;0.04;174;0.11;0.01;0.31;0.17;0.05;1.71;0.39;4.1;1.83;0.58
30/05/24   ;08:00;0.14;13.3;20.9;0.14;1200;0;-0.13;0.16;0.04;171;0.11;0.01;0.28;0.17;0.05;1.74;0.37;4.2;2.04;0.64
30/05/24   ;09:00;0.08;13.3;21.8;0.08;1200;0;-0.14;0.16;0.04;182;0.1;0.01;0.3;0.16;0.05;1.64;0.46;3.4;1.88;0.55
30/05/24   ;10:00;0.08;13.3;21.4;0.08;1200;0;-0.12;0.13;0.04;200;0.08;0;0.22;0.13;0.04;1.49;0.27;3.04;1.84;0.56
30/05/24   ;11:00;0.12;13.4;21.5;0.12;1200;0;-0.12;0.19;0.05;173;0.11;0.01;0.31;0.17;0.05;1.72;0.28;3.72;2.08;0.63
30/05/24   ;12:00;0.22;13.3;21.7;0.22;1200;0;-0.15;0.2;0.05;186;0.11;0.01;0.32;0.17;0.06;1.6;0.55;3.48;1.93;0.59
30/05/24   ;13:00;0.33;13.3;21.6;0.33;1210;0;-0.15;0.21;0.05;186;0.11;0.01;0.33;0.18;0.06;1.61;0.34;3.45;1.8;0.58
30/05/24   ;14:00;0.46;13.3;21.5;0.46;1198;0;-0.13;0.15;0.04;186;0.11;0.02;0.26;0.16;0.05;1.6;0.33;4.57;1.89;0.64
30/05/24   ;15:00;0.57;13.4;21.5;0.57;1196;0;-0.13;0.17;0.05;194;0.11;0.01;0.26;0.17;0.05;1.53;0.4;3.31;1.69;0.55
30/05/24   ;16:00;0.67;13.4;21.1;0.67;1200;0;-0.17;0.16;0.05;186;0.12;0.01;0.31;0.18;0.05;1.6;0.31;3.36;1.97;0.59
30/05/24   ;17:00;0.74;13.4;20.8;0.75;1197;0;-0.16;0.15;0.05;209;0.11;0.02;0.28;0.17;0.05;1.43;0.27;3.06;1.75;0.54
30/05/24   ;18:00;0.78;13.3;20.6;0.78;1200;0;-0.15;0.16;0.05;193;0.11;0.01;0.26;0.17;0.05;1.53;0.32;3.44;2.03;0.68
30/05/24   ;19:00;0.78;13.4;20.6;0.78;1195;0;-0.13;0.18;0.05;195;0.1;0.02;0.3;0.16;0.05;1.53;0.28;3.55;1.94;0.61
30/05/24   ;20:00;0.73;13.4;20.7;0.73;1200;0;-0.1;0.13;0.03;194;0.08;0.01;0.2;0.12;0.03;1.54;0.4;3.64;1.9;0.63
30/05/24   ;21:00;0.65;13.4;21;0.65;1199;0;-0.13;0.13;0.03;159;0.08;0.01;0.24;0.13;0.04;1.86;0.36;3.83;2.2;0.75
30/05/24   ;22:00;0.56;13.4;21.2;0.56;1200;0;-0.12;0.11;0.03;151;0.08;0.01;0.19;0.12;0.04;1.97;0.38;3.79;2.45;0.72
30/05/24   ;23:00;0.5;13.3;21.3;0.5;1200;0;-0.11;0.11;0.03;167;0.08;0.01;0.19;0.13;0.04;1.79;0.37;3.83;2.16;0.68
31/05/24   ;00:00;0.46;13.4;21.2;0.46;1194;0;-0.1;0.12;0.03;147;0.07;0.02;0.19;0.11;0.04;2;0.36;6.42;2.86;1.03
31/05/24   ;01:00;0.47;13.4;21.2;0.47;1200;0;-0.07;0.08;0.02;176;0.05;0.01;0.13;0.08;0.02;1.7;0.31;3.58;2.18;0.77
31/05/24   ;02:00;0.51;13.4;21;0.51;1200;0;-0.05;0.05;0.02;258;0.04;0.01;0.09;0.05;0.02;1.15;0.31;2.74;1.42;0.51
31/05/24   ;03:00;0.51;13.4;21;0.51;1200;0;-0.04;0.06;0.02;189;0.04;0.01;0.09;0.06;0.02;1.58;0.39;3.37;1.98;0.6
31/05/24   ;04:00;0.52;13.4;21;0.52;1200;0;-0.07;0.09;0.02;156;0.05;0.01;0.16;0.08;0.03;1.91;0.28;4.2;2.53;0.89
31/05/24   ;05:00;0.53;13.4;20.9;0.53;1200;0;-0.08;0.09;0.02;180;0.06;0.01;0.15;0.1;0.03;1.66;0.35;3.13;2.03;0.66
31/05/24   ;06:00;0.49;13.4;20.9;0.49;1200;0;-0.14;0.14;0.04;173;0.1;0.01;0.24;0.15;0.04;1.72;0.45;3.24;2;0.53
31/05/24   ;07:00;0.41;13.3;20.8;0.41;1200;0;-0.15;0.2;0.05;182;0.11;0.01;0.31;0.18;0.06;1.64;0.4;3.43;1.97;0.61
31/05/24   ;08:00;0.34;13.3;20.9;0.34;1199;0;-0.1;0.12;0.04;178;0.09;0.01;0.21;0.13;0.04;1.67;0.36;3.81;2.06;0.66
31/05/24   ;09:00;0.27;13.4;21;0.27;1200;0;-0.12;0.11;0.04;184;0.09;0.01;0.19;0.14;0.04;1.61;0.3;3.36;1.86;0.66
31/05/24   ;10:00;0.24;13.4;21.1;0.24;1192;0;-0.11;0.12;0.04;168;0.09;0.01;0.2;0.13;0.04;1.76;0.29;3.77;2.09;0.69
31/05/24   ;11:00;0.17;13.3;21.2;0.17;1194;0;-0.14;0.13;0.04;171;0.09;0.02;0.23;0.14;0.04;1.73;0.64;3.38;2.08;0.68
31/05/24   ;12:00;0.21;13.4;21.2;0.21;1196;0;-0.14;0.12;0.04;180;0.09;0.01;0.23;0.14;0.04;1.65;0.45;3.44;1.89;0.56
31/05/24   ;13:00;0.33;13.3;21.1;0.33;1200;0;-0.11;0.13;0.04;182;0.1;0.01;0.22;0.14;0.04;1.64;0.37;4.06;1.88;0.61
31/05/24   ;14:00;0.46;13.3;21.1;0.46;1200;0;-0.12;0.16;0.04;201;0.1;0.01;0.22;0.15;0.04;1.48;0.29;3.74;1.73;0.59
31/05/24   ;15:00;0.6;13.3;20.9;0.6;1200;0;-0.16;0.16;0.05;199;0.12;0.02;0.28;0.18;0.06;1.5;0.36;3.53;1.73;0.51
31/05/24   ;16:00;0.75;13.3;20.5;0.75;1193;0;-0.12;0.15;0.04;193;0.1;0.01;0.24;0.16;0.05;1.52;0.3;3.26;1.88;0.61
31/05/24   ;17:00;0.8;13.4;20.6;0.8;1200;0;-0.15;0.2;0.05;185;0.12;0.02;0.33;0.18;0.06;1.61;0.32;3.66;1.87;0.63
31/05/24   ;18:00;0.87;13.4;20.5;0.87;1195;0;-0.12;0.15;0.04;197;0.1;0.01;0.27;0.15;0.05;1.51;0.38;3.46;1.77;0.62
31/05/24   ;19:00;0.91;13.4;20.7;0.91;1198;0;-0.14;0.16;0.05;180;0.12;0.01;0.27;0.18;0.05;1.65;0.33;3.28;1.95;0.61
31/05/24   ;20:00;0.84;13.4;20.5;0.84;1200;0;-0.1;0.11;0.04;176;0.08;0.01;0.21;0.13;0.04;1.69;0.31;3.51;2.2;0.68
31/05/24   ;21:00;0.72;13.3;20.4;0.72;1200;0;-0.13;0.13;0.04;165;0.08;0.01;0.23;0.13;0.04;1.81;0.36;4.47;2.25;0.76
31/05/24   ;22:00;0.58;13.4;20.6;0.58;1200;0;-0.1;0.13;0.03;158;0.08;0.01;0.23;0.12;0.04;1.88;0.37;3.74;2.39;0.75
31/05/24   ;23:00;0.45;13.4;21.2;0.45;1200;0;-0.08;0.08;0.03;177;0.06;0;0.16;0.09;0.03;1.68;0.29;3.64;2.07;0.63
01/06/24   ;00:00;0.32;13.4;20.8;0.32;1200;0;-0.13;0.12;0.03;143;0.07;0;0.23;0.11;0.04;2.08;0.52;5.69;2.72;0.92
01/06/24   ;01:00;0.21;13.4;20.8;0.21;1195;0;-0.16;0.16;0.04;142;0.08;0;0.28;0.14;0.05;2.08;0.36;4.21;2.49;0.98
01/06/24   ;02:00;0.21;13.4;20.8;0.21;1200;0;-0.07;0.07;0.02;172;0.04;0;0.13;0.06;0.02;1.73;0.32;4.37;2.23;0.74
01/06/24   ;03:00;0.25;13.3;20.6;0.25;1195;0;-0.04;0.04;0.01;162;0.03;0;0.08;0.05;0.02;1.82;0.32;3.68;2.18;0.65
01/06/24   ;04:00;0.3;13.3;20.5;0.3;1200;0;-0.11;0.09;0.02;170;0.05;0;0.18;0.07;0.03;1.76;0.31;4.09;2.06;0.72
01/06/24   ;05:00;0.35;13.4;20.5;0.35;1199;0;-0.09;0.1;0.03;143;0.06;0.01;0.18;0.11;0.04;2.08;0.29;3.87;2.43;0.81
01/06/24   ;06:00;0.38;13.4;20.5;0.38;1196;0;-0.09;0.08;0.03;160;0.06;0.01;0.17;0.1;0.03;1.84;0.35;4.14;2.3;0.79
01/06/24   ;07:00;0.4;13.3;20.5;0.4;1206;0;-0.14;0.15;0.04;181;0.09;0.01;0.26;0.13;0.04;1.66;0.42;3.41;1.9;0.56
01/06/24   ;08:00;0.37;13.4;20.5;0.37;1195;0;-0.13;0.15;0.04;159;0.1;0.01;0.25;0.15;0.05;1.86;0.36;3.78;2.3;0.71
01/06/24   ;09:00;0.3;13.3;20.6;0.3;1200;0;-0.14;0.12;0.04;172;0.1;0.01;0.26;0.15;0.04;1.74;0.36;3.44;1.99;0.58
01/06/24   ;10:00;0.24;13.3;20.7;0.24;1199;0;-0.15;0.14;0.05;182;0.11;0.01;0.24;0.17;0.05;1.63;0.48;3.36;1.93;0.61
01/06/24   ;11:00;0.19;13.3;20.5;0.19;1194;0;-0.12;0.14;0.04;168;0.1;0.02;0.23;0.15;0.05;1.76;0.3;4.13;2.03;0.74
01/06/24   ;12:00;0.19;13.3;21.3;0.19;1196;0;-0.13;0.17;0.04;182;0.1;0.02;0.26;0.15;0.05;1.62;0.28;3.38;1.92;0.64
01/06/24   ;13:00;0.25;13.3;20.7;0.25;1196;0;-0.16;0.17;0.05;172;0.11;0.02;0.32;0.18;0.06;1.72;0.32;3.45;1.98;0.63
01/06/24   ;14:00;0.36;13.3;21.6;0.36;1198;0;-0.16;0.21;0.05;185;0.12;0.01;0.31;0.18;0.06;1.61;0.31;3.36;1.92;0.6
01/06/24   ;15:00;0.51;13.4;21.8;0.51;1200;0;-0.18;0.19;0.06;189;0.13;0.01;0.34;0.21;0.07;1.58;0.3;3.63;1.88;0.6
01/06/24   ;16:00;0.63;13.3;20.7;0.63;1200;0;-0.16;0.17;0.04;197;0.11;0.01;0.27;0.16;0.05;1.51;0.48;3.29;1.78;0.56
01/06/24   ;17:00;0.78;13.3;20.4;0.78;1195;0;-0.14;0.21;0.05;193;0.12;0.02;0.32;0.18;0.06;1.54;0.26;3.6;1.84;0.57
01/06/24   ;18:00;0.86;13.3;21.2;0.87;1200;0;-0.16;0.24;0.06;193;0.13;0.03;0.35;0.2;0.06;1.55;0.5;3.78;1.88;0.6
01/06/24   ;19:00;0.91;13.3;20.3;0.91;1196;0;-0.11;0.16;0.04;189;0.11;0.02;0.26;0.16;0.05;1.57;0.27;3.14;1.94;0.59
01/06/24   ;20:00;0.89;13.3;20.2;0.89;1198;0;-0.15;0.15;0.04;186;0.11;0.02;0.25;0.16;0.05;1.6;0.32;3.52;1.95;0.6
01/06/24   ;21:00;0.79;13.3;19.9;0.79;1200;0;-0.11;0.13;0.03;177;0.08;0.01;0.22;0.13;0.04;1.68;0.42;3.48;1.98;0.59
01/06/24   ;22:00;0.62;13.4;20.7;0.62;1198;0;-0.09;0.09;0.03;158;0.07;0.01;0.16;0.1;0.03;1.88;0.53;5.1;2.46;0.79
01/06/24   ;23:00;0.44;13.4;20.3;0.44;1200;0;-0.13;0.15;0.04;162;0.09;0.02;0.25;0.15;0.05;1.84;0.3;4.1;2.25;0.73
02/06/24   ;00:00;0.27;13.4;20.8;0.27;1200;0;-0.09;0.1;0.03;138;0.07;0.01;0.17;0.1;0.03;2.16;0.35;4.6;2.8;0.96
02/06/24   ;01:00;0.12;13.3;21.4;0.12;1197;0;-0.08;0.06;0.02;167;0.05;0;0.12;0.08;0.02;1.77;0.29;3.59;2.31;0.74
02/06/24   ;02:00;0.02;13.4;21.7;0.02;1199;0;-0.08;0.09;0.02;162;0.05;0;0.16;0.08;0.03;1.84;0.3;4.57;2.28;0.72
02/06/24   ;03:00;0.01;13.4;21.6;0.01;1200;0;-0.08;0.08;0.02;141;0.05;0.01;0.17;0.08;0.03;2.11;0.29;4.24;2.47;0.94
02/06/24   ;04:00;0.08;13.4;20.7;0.09;1194;0;-0.04;0.05;0.02;168;0.04;0;0.09;0.06;0.02;1.77;0.32;3.56;2.34;0.72
02/06/24   ;05:00;0.23;13.4;20.5;0.23;1200;0;-0.09;0.1;0.03;178;0.06;0.01;0.17;0.1;0.03;1.67;0.44;3.46;2.15;0.7
02/06/24   ;06:00;0.37;13.3;21.1;0.37;1195;0;-0.11;0.11;0.03;179;0.07;0.01;0.2;0.12;0.04;1.66;0.4;3.71;2.09;0.67
02/06/24   ;07:00;0.46;13.4;20.5;0.46;1200;0;-0.11;0.11;0.03;178;0.08;0.02;0.19;0.12;0.04;1.68;0.38;4.75;1.89;0.68
02/06/24   ;08:00;0.49;13.4;21.4;0.49;1194;0;-0.16;0.16;0.04;187;0.11;0;0.31;0.17;0.06;1.58;0.35;3.11;1.81;0.59
02/06/24   ;09:00;0.47;13.4;21.3;0.47;1199;0;-0.14;0.18;0.04;200;0.1;0.01;0.27;0.15;0.05;1.49;0.26;3.01;1.79;0.55
02/06/24   ;10:00;0.38;13.4;21.6;0.38;1197;0;-0.15;0.17;0.05;168;0.11;0.01;0.3;0.18;0.06;1.76;0.27;3.75;2.01;0.67
02/06/24   ;11:00;0.27;13.3;21.7;0.27;1199;0;-0.14;0.16;0.04;171;0.11;0.01;0.26;0.16;0.05;1.72;0.3;3.7;2.14;0.62
02/06/24   ;12:00;0.19;13.3;21.3;0.2;1198;0;-0.13;0.15;0.04;177;0.1;0.01;0.27;0.16;0.05;1.68;0.28;3.22;2.04;0.65
02/06/24   ;13:00;0.18;13.3;21.1;0.18;1200;0;-0.1;0.14;0.04;179;0.1;0.01;0.22;0.15;0.05;1.66;0.29;3.57;1.99;0.64
02/06/24   ;14:00;0.24;13.3;20.7;0.24;1200;0;-0.16;0.19;0.05;176;0.11;0.02;0.32;0.17;0.06;1.7;0.31;3.85;2.06;0.63
02/06/24   ;15:00;0.38;13.4;21.4;0.38;1196;0;-0.16;0.24;0.05;191;0.11;0.02;0.37;0.17;0.06;1.56;0.33;3.77;1.83;0.58
02/06/24   ;16:00;0.54;13.4;21.2;0.54;1191;0;-0.13;0.14;0.05;205;0.11;0.02;0.27;0.18;0.06;1.44;0.38;3.71;1.66;0.5
02/06/24   ;17:00;0.72;13.3;21.6;0.72;1200;0;-0.2;0.24;0.05;205;0.12;0.01;0.32;0.19;0.06;1.45;0.31;3.41;1.7;0.53
02/06/24   ;18:00;0.84;13.3;21.9;0.84;1200;0;-0.2;0.22;0.06;196;0.13;0.01;0.38;0.21;0.07;1.52;0.32;3.28;1.84;0.51
02/06/24   ;19:00;0.91;13.3;21.6;0.91;1193;0;-0.17;0.18;0.05;178;0.13;0.02;0.34;0.19;0.06;1.66;0.41;3.17;1.94;0.65
02/06/24   ;20:00;0.94;13.3;21.1;0.94;1200;0;-0.15;0.17;0.04;181;0.1;0.01;0.28;0.16;0.05;1.64;0.36;4.32;2.04;0.67
02/06/24   ;21:00;0.86;13.4;20.7;0.86;1200;0;-0.15;0.13;0.04;203;0.08;0.01;0.28;0.13;0.04;1.46;0.26;3.37;1.82;0.58
02/06/24   ;22:00;0.71;13.3;20.6;0.71;1200;0;-0.13;0.15;0.04;157;0.1;0.01;0.25;0.16;0.05;1.9;0.41;4;2.39;0.74
02/06/24   ;23:00;0.5;13.3;20.9;0.5;1200;0;-0.13;0.13;0.04;157;0.1;0.01;0.23;0.16;0.05;1.89;0.28;3.9;2.33;0.71
03/06/24   ;00:00;0.28;13.4;21.8;0.28;1198;0;-0.13;0.13;0.04;130;0.09;0.01;0.22;0.13;0.04;2.27;0.34;4.78;2.81;0.94
03/06/24   ;01:00;0.08;13.4;21.2;0.08;1200;0;-0.1;0.13;0.03;128;0.08;0.01;0.23;0.13;0.04;2.33;0.85;4.33;3.11;0.96
03/06/24   ;02:00;-0.06;13.4;21.2;-0.06;1200;0;-0.04;0.04;0.01;111;0.03;0.01;0.08;0.05;0.02;2.68;0.4;7.76;3.08;1.05
03/06/24   ;03:00;-0.15;13.4;21.1;-0.15;1196;0;-0.04;0.04;0.01;143;0.03;0;0.08;0.05;0.01;2.08;0.61;4.06;2.29;0.64
03/06/24   ;04:00;-0.08;13.3;21.1;-0.08;1200;0;-0.11;0.14;0.02;145;0.05;0;0.24;0.09;0.04;2.06;0.32;4.03;2.62;0.85
03/06/24   ;05:00;0.12;13.4;21.4;0.12;1200;0;-0.08;0.11;0.03;176;0.06;0.01;0.18;0.1;0.03;1.7;0.35;3.47;2.15;0.69
03/06/24   ;06:00;0.3;13.4;21.3;0.3;1200;0;-0.11;0.14;0.04;187;0.08;0;0.21;0.13;0.04;1.58;0.29;3.33;1.75;0.62
03/06/24   ;07:00;0.44;13.4;21.3;0.44;1200;0;-0.13;0.19;0.04;189;0.1;0.01;0.31;0.16;0.05;1.58;0.31;3.3;1.9;0.6
03/06/24   ;08:00;0.51;13.4;21.3;0.51;1200;0;-0.15;0.23;0.05;188;0.11;0.01;0.35;0.17;0.06;1.59;0.34;3.81;1.95;0.64
03/06/24   ;09:00;0.53;13.4;21.3;0.52;1200;0;-0.13;0.14;0.04;176;0.1;0.02;0.23;0.14;0.04;1.68;0.31;3.71;2.07;0.69
03/06/24   ;10:00;0.47;13.3;21.3;0.47;1200;0;-0.12;0.14;0.04;183;0.1;0.01;0.26;0.14;0.04;1.63;0.4;3.8;1.86;0.6
03/06/24   ;11:00;0.36;13.4;21.3;0.36;1200;0;-0.13;0.15;0.04;167;0.1;0.01;0.25;0.16;0.05;1.79;0.35;4.48;2.24;0.75
03/06/24   ;12:00;0.26;13.3;21.5;0.26;1200;0;-0.13;0.15;0.04;177;0.1;0.02;0.24;0.15;0.05;1.69;0.4;3.62;1.96;0.61
03/06/24   ;13:00;0.21;13.4;21.8;0.21;1200;0;-0.13;0.14;0.04;154;0.1;0.01;0.24;0.14;0.04;1.93;0.29;3.99;2.35;0.74
03/06/24   ;14:00;0.22;13.3;21.9;0.22;1197;0;-0.12;0.11;0.03;184;0.08;0.02;0.21;0.13;0.04;1.61;0.31;4.75;1.91;0.63
03/06/24   ;15:00;0.31;13.3;21.7;0.32;1189;0;-0.13;0.19;0.05;175;0.11;0.02;0.29;0.17;0.05;1.68;0.44;3.48;1.88;0.53
03/06/24   ;16:00;0.47;13.3;22.1;0.47;1200;0;-0.14;0.18;0.05;184;0.11;0.01;0.28;0.17;0.05;1.61;0.34;3.59;1.99;0.63
03/06/24   ;17:00;0.62;13.3;21.9;0.62;1196;0;-0.14;0.15;0.05;191;0.11;0.02;0.26;0.17;0.05;1.54;0.31;3.25;1.76;0.54
03/06/24   ;18:00;0.73;13.3;21.7;0.73;1200;0;-0.16;0.18;0.05;186;0.12;0.02;0.26;0.18;0.05;1.61;0.48;3.5;1.99;0.61
03/06/24   ;19:00;0.83;13.4;21.4;0.83;1197;0;-0.16;0.17;0.04;196;0.1;0.01;0.31;0.16;0.05;1.51;0.32;3.49;1.78;0.6
03/06/24   ;20:00;0.86;13.3;21.4;0.85;1194;0;-0.12;0.16;0.04;179;0.08;0;0.24;0.13;0.04;1.66;0.28;3.34;2.03;0.64
03/06/24   ;21:00;0.82;13.3;21.4;0.82;1195;0;-0.16;0.14;0.04;178;0.1;0.01;0.29;0.15;0.05;1.66;0.47;3.3;1.88;0.53
03/06/24   ;22:00;0.71;13.3;21.4;0.71;1200;0;-0.09;0.1;0.03;168;0.07;0.01;0.19;0.11;0.04;1.78;0.53;4.07;2.11;0.62
03/06/24   ;23:00;0.53;13.3;21.6;0.53;1199;0;-0.09;0.08;0.03;164;0.07;0.01;0.17;0.1;0.03;1.82;0.3;3.63;2.17;0.72
04/06/24   ;00:00;0.32;13.3;21.7;0.31;1200;0;-0.11;0.14;0.04;123;0.09;0.01;0.23;0.13;0.04;2.42;0.51;4.24;2.81;0.75
04/06/24   ;01:00;0.11;13.3;21.6;0.11;1200;0;-0.05;0.06;0.02;139;0.04;0.01;0.09;0.07;0.02;2.14;0.49;4.25;2.86;0.89
04/06/24   ;02:00;-0.05;13.3;21.6;-0.05;1200;0;-0.03;0.03;0.01;130;0.03;0;0.06;0.04;0.01;2.29;0.39;4.09;2.71;0.83
04/06/24   ;03:00;-0.15;13.4;21.5;-0.15;1200;0;-0.1;0.14;0.03;141;0.05;0;0.25;0.1;0.04;2.11;0.34;6.08;2.57;0.88
04/06/24   ;04:00;-0.14;13.4;21.5;-0.14;1195;0;-0.06;0.05;0.02;144;0.04;0.01;0.11;0.06;0.02;2.07;0.39;5.6;2.66;1.01
04/06/24   ;05:00;-0.01;13.4;21.7;-0.01;1198;0;-0.13;0.13;0.03;157;0.06;0.01;0.26;0.1;0.04;1.89;0.3;4.09;2.18;0.75
04/06/24   ;06:00;0.16;13.4;21.6;0.16;1200;0;-0.11;0.14;0.03;177;0.07;0.01;0.21;0.11;0.04;1.69;0.3;3.48;2.09;0.73
04/06/24   ;07:00;0.33;13.3;21.7;0.33;1194;0;-0.17;0.16;0.04;181;0.11;0.02;0.28;0.17;0.06;1.64;0.32;4.05;1.86;0.6
04/06/24   ;08:00;0.46;13.4;21.7;0.46;1200;0;-0.13;0.17;0.04;198;0.1;0.02;0.26;0.16;0.05;1.5;0.36;2.94;1.72;0.49
04/06/24   ;09:00;0.53;13.4;21.7;0.53;1200;0;-0.13;0.16;0.04;187;0.1;0.01;0.26;0.15;0.05;1.59;0.34;3.36;1.75;0.6
04/06/24   ;10:00;0.56;13.4;21.7;0.56;1200;0;-0.15;0.19;0.05;181;0.11;0;0.26;0.17;0.05;1.65;0.28;3.82;2;0.66
04/06/24   ;11:00;0.51;13.4;21.9;0.51;1200;0;-0.13;0.13;0.04;180;0.1;0.02;0.21;0.14;0.04;1.66;0.34;3.09;1.94;0.59
04/06/24   ;12:00;0.41;13.4;22.1;0.41;1194;0;-0.11;0.12;0.04;186;0.09;0;0.2;0.13;0.04;1.6;0.39;3.12;1.9;0.58
04/06/24   ;13:00;0.31;13.3;22.3;0.31;1197;0;-0.12;0.11;0.04;173;0.09;0.01;0.2;0.13;0.04;1.72;0.31;4.22;2.04;0.63
04/06/24   ;14:00;0.25;13.4;22.5;0.25;1200;0;-0.1;0.14;0.04;174;0.1;0.01;0.24;0.16;0.05;1.72;0.32;3.97;2.1;0.73
04/06/24   ;15:00;0.25;13.4;22.6;0.25;1196;0;-0.12;0.12;0.04;184;0.09;0.02;0.23;0.14;0.04;1.61;0.29;3.95;1.88;0.64
04/06/24   ;16:00;0.32;13.4;22.4;0.32;1200;0;-0.16;0.21;0.05;173;0.12;0.03;0.35;0.18;0.06;1.72;0.29;3.54;1.95;0.57
04/06/24   ;17:00;0.46;13.4;22.3;0.46;1198;0;-0.17;0.16;0.04;179;0.11;0.02;0.27;0.16;0.05;1.66;0.3;3.62;2.01;0.61
04/06/24   ;18:00;0.61;13.3;22.5;0.61;1196;0;-0.15;0.19;0.05;182;0.12;0.02;0.28;0.19;0.06;1.63;0.34;3.17;1.95;0.58
04/06/24   ;19:00;0.73;13.3;22.2;0.73;1196;0;-0.15;0.16;0.04;183;0.09;0.02;0.27;0.15;0.05;1.61;0.54;3.46;1.96;0.58
04/06/24   ;20:00;0.81;13.3;21.6;0.81;1199;0;-0.11;0.18;0.04;191;0.1;0.01;0.28;0.15;0.05;1.56;0.39;3.35;1.79;0.55
04/06/24   ;21:00;0.83;13.3;21.4;0.83;1200;0;-0.07;0.08;0.03;182;0.07;0.02;0.14;0.1;0.03;1.64;0.41;3.68;2;0.6
04/06/24   ;22:00;0.78;13.3;21.5;0.78;1184;0;-0.16;0.19;0.04;160;0.09;0.02;0.35;0.15;0.05;1.83;0.4;3.47;2.29;0.67
04/06/24   ;23:00;0.63;13.3;21.8;0.63;1209;0;-0.11;0.1;0.03;141;0.06;0.01;0.19;0.1;0.04;2.12;0.56;4.33;2.73;0.88
05/06/24   ;00:00;0.45;13.3;22;0.45;1198;0;-0.08;0.07;0.02;145;0.05;0.01;0.14;0.08;0.03;2.04;0.43;4.03;2.65;0.84
05/06/24   ;01:00;0.24;13.3;22.1;0.24;1200;0;-0.05;0.06;0.02;142;0.04;0;0.1;0.06;0.02;2.1;0.29;4.06;2.66;0.8
05/06/24   ;02:00;0.05;13.3;22.2;0.05;1200;0;-0.04;0.04;0.01;141;0.02;0;0.07;0.04;0.01;2.12;0.3;4.54;2.82;0.86
05/06/24   ;03:00;-0.09;13.3;22.1;-0.09;1180;0;-0.04;0.04;0.01;119;0.03;0;0.08;0.05;0.02;2.46;0.68;4.56;3.2;0.93
05/06/24   ;04:00;-0.17;13.3;22.1;-0.17;1200;0;-0.05;0.04;0.01;159;0.03;0;0.08;0.05;0.02;1.88;0.27;4.3;2.44;0.85
05/06/24   ;05:00;-0.14;13.3;22.1;-0.14;1196;0;-0.07;0.08;0.02;167;0.05;0.01;0.15;0.08;0.02;1.77;0.31;4.09;2.34;0.73
05/06/24   ;06:00;-0.01;13.3;22.2;-0.01;1200;0;-0.09;0.09;0.03;165;0.07;0.01;0.16;0.11;0.03;1.8;0.38;3.67;2.18;0.7
05/06/24   ;07:00;0.19;13.4;22.1;0.19;1200;0;-0.13;0.22;0.05;182;0.11;0.02;0.35;0.17;0.05;1.64;0.48;3.85;1.84;0.59
05/06/24   ;08:00;0.36;13.4;22.3;0.36;1200;0;-0.12;0.16;0.04;187;0.1;0.01;0.25;0.16;0.05;1.6;0.55;3.47;1.93;0.59
05/06/24   ;09:00;0.49;13.4;22.2;0.5;1200;0;-0.12;0.16;0.04;187;0.11;0.01;0.26;0.16;0.05;1.59;0.33;3.16;1.84;0.6
05/06/24   ;10:00;0.57;13.4;22.3;0.57;1199;0;-0.15;0.16;0.05;175;0.12;0.01;0.3;0.18;0.05;1.7;0.41;4.07;1.98;0.67
05/06/24   ;11:00;0.59;13.3;22.3;0.59;1199;0;-0.17;0.18;0.06;185;0.13;0.02;0.33;0.2;0.06;1.62;0.54;4.1;1.79;0.57
05/06/24   ;12:00;0.54;13.3;22.5;0.54;1200;0;-0.12;0.16;0.04;167;0.11;0.02;0.24;0.17;0.05;1.78;0.27;3.31;2.13;0.62
05/06/24   ;13:00;0.43;13.4;22.8;0.43;1200;0;-0.12;0.13;0.04;171;0.09;0.01;0.25;0.14;0.04;1.75;0.43;3.58;2.14;0.71
05/06/24   ;14:00;0.32;13.4;22.9;0.32;1199;0;-0.15;0.16;0.05;180;0.11;0.02;0.3;0.17;0.05;1.66;0.45;3.72;1.96;0.58
05/06/24   ;15:00;0.27;13.4;23.1;0.27;1197;0;-0.11;0.13;0.04;184;0.09;0.01;0.21;0.14;0.04;1.61;0.3;3.6;1.86;0.55
05/06/24   ;16:00;0.27;13.3;23.2;0.28;1200;0;-0.13;0.16;0.04;184;0.1;0.01;0.26;0.15;0.05;1.62;0.35;3.51;1.91;0.54
05/06/24   ;17:00;0.37;13.3;23;0.37;1199;0;-0.13;0.14;0.04;177;0.1;0.01;0.25;0.16;0.05;1.68;0.36;3.4;1.98;0.59
05/06/24   ;18:00;0.52;13.4;23.2;0.53;1196;0;-0.15;0.18;0.05;186;0.12;0.01;0.34;0.19;0.06;1.6;0.34;3.07;1.87;0.55
05/06/24   ;19:00;0.69;13.4;23;0.69;1198;0;-0.11;0.14;0.04;202;0.1;0.01;0.24;0.15;0.05;1.47;0.44;3.71;1.74;0.54
05/06/24   ;20:00;0.8;13.4;22.5;0.81;1191;0;-0.11;0.16;0.04;204;0.09;0.01;0.26;0.14;0.04;1.44;0.37;3;1.76;0.55
05/06/24   ;21:00;0.88;13.3;22.2;0.88;1200;0;-0.11;0.14;0.03;196;0.08;0.01;0.23;0.12;0.04;1.52;0.28;3.52;1.86;0.6
05/06/24   ;22:00;0.88;13.3;22.2;0.89;1206;0;-0.12;0.12;0.04;182;0.08;0.01;0.24;0.13;0.04;1.64;0.28;3.51;2.01;0.64
05/06/24   ;23:00;0.79;13.3;22.3;0.79;1200;0;-0.17;0.15;0.04;168;0.08;0.01;0.32;0.13;0.05;1.78;0.33;3.65;2.18;0.64
06/06/24   ;00:00;0.61;13.3;22.6;0.61;1200;0;-0.16;0.16;0.04;134;0.09;0.01;0.28;0.14;0.05;2.22;0.32;4.44;2.82;0.89
06/06/24   ;01:00;0.39;13.3;22.8;0.39;1182;0;-0.08;0.09;0.02;131;0.06;0.01;0.16;0.09;0.03;2.24;0.5;4.34;2.99;0.94
06/06/24   ;02:00;0.17;13.3;22.8;0.17;1197;0;-0.03;0.04;0.01;187;0.03;0;0.06;0.04;0.01;1.58;0.27;3.23;2.05;0.65
06/06/24   ;03:00;-0.02;13.4;22.8;-0.02;1199;0;-0.03;0.03;0.01;141;0.02;0;0.06;0.04;0.01;2.12;0.64;4.5;2.76;0.84
06/06/24   ;04:00;-0.17;13.3;22.8;-0.17;1194;0;-0.09;0.07;0.02;125;0.06;0.01;0.13;0.09;0.03;2.38;0.44;4.41;3.26;1.08
06/06/24   ;05:00;-0.22;13.3;22.8;-0.22;1200;0;-0.08;0.09;0.02;157;0.06;0;0.14;0.09;0.03;1.9;0.46;4.65;2.37;0.76
06/06/24   ;06:00;-0.14;13.3;22.7;-0.14;1196;0;-0.09;0.09;0.03;164;0.06;0.01;0.18;0.1;0.03;1.8;0.31;3.83;2.08;0.62
06/06/24   ;07:00;0.04;13.3;23.1;0.04;1200;0;-0.13;0.16;0.04;176;0.09;0;0.26;0.15;0.05;1.7;0.35;3.82;2.1;0.7
06/06/24   ;08:00;0.25;13.3;23.1;0.25;1198;0;-0.15;0.17;0.04;189;0.1;0.01;0.31;0.16;0.05;1.58;0.33;3.48;1.84;0.55
06/06/24   ;09:00;0.42;13.3;23;0.42;1200;0;-0.12;0.15;0.04;200;0.1;0.02;0.23;0.16;0.05;1.49;0.28;3.25;1.79;0.56
06/06/24   ;10:00;0.37;13.4;23.1;0.38;1200;0;-0.11;0.13;0.04;190;0.08;0.01;0.23;0.13;0.04;1.57;0.4;3.61;1.83;0.62
06/06/24   ;11:00;0.49;13.4;23.3;0.49;1198;0;-0.12;0.17;0.05;181;0.11;0.01;0.27;0.17;0.05;1.64;0.33;3.43;2.07;0.63
06/06/24   ;12:00;0.55;13.4;23.4;0.55;1189;0;-0.14;0.25;0.05;166;0.12;0.02;0.34;0.19;0.06;1.76;0.5;3.3;2.12;0.61
06/06/24   ;13:00;0.5;13.3;23.4;0.5;1195;0;-0.13;0.18;0.05;175;0.11;0.01;0.26;0.16;0.05;1.7;0.4;3.63;2.08;0.64
06/06/24   ;14:00;0.38;13.3;23.7;0.38;1194;0;-0.11;0.11;0.04;160;0.09;0.01;0.19;0.13;0.04;1.85;0.41;3.73;2.18;0.67
06/06/24   ;15:00;0.29;13.4;23.8;0.29;1194;0;-0.12;0.14;0.04;183;0.09;0.01;0.26;0.13;0.04;1.61;0.36;3.06;1.89;0.54
06/06/24   ;16:00;0.27;13.4;24;0.27;1200;0;-0.14;0.2;0.05;175;0.11;0.01;0.34;0.18;0.06;1.71;0.34;3.83;2.02;0.66
06/06/24   ;17:00;0.32;13.4;23.9;0.32;1196;0;-0.13;0.18;0.04;184;0.1;0.01;0.25;0.16;0.05;1.61;0.34;3.17;1.95;0.56
06/06/24   ;18:00;0.44;13.3;24;0.44;1200;0;-0.13;0.14;0.05;179;0.11;0.02;0.23;0.17;0.05;1.67;0.63;3.82;1.84;0.59
06/06/24   ;19:00;0.6;13.3;24.3;0.6;1200;0;-0.15;0.16;0.05;188;0.11;0.01;0.27;0.17;0.05;1.58;0.3;3.2;1.91;0.54
06/06/24   ;20:00;0.72;13.4;23.8;0.73;1199;0;-0.16;0.16;0.05;186;0.11;0.01;0.27;0.17;0.05;1.6;0.34;3.35;1.94;0.61
06/06/24   ;21:00;0.82;13.4;23;0.82;1198;0;-0.14;0.14;0.04;189;0.09;0.01;0.27;0.14;0.04;1.58;0.3;3.37;1.94;0.58
06/06/24   ;22:00;0.86;13.4;22.9;0.86;1200;0;-0.15;0.12;0.04;168;0.08;0.01;0.27;0.14;0.05;1.77;0.29;4.6;2.33;0.83
06/06/24   ;23:00;0.82;13.3;23;0.82;1200;0;-0.11;0.12;0.03;175;0.08;0.01;0.2;0.12;0.04;1.71;0.48;3.78;1.89;0.64
07/06/24   ;00:00;0.67;13.4;23.4;0.67;1200;0;-0.12;0.15;0.04;144;0.1;0;0.25;0.15;0.05;2.07;0.63;3.47;2.41;0.66
07/06/24   ;01:00;0.48;13.4;23.7;0.48;1199;0;-0.09;0.07;0.02;148;0.05;0.01;0.16;0.08;0.03;2.02;0.26;4;2.6;0.79
07/06/24   ;02:00;0.26;13.3;23.8;0.26;1200;0;-0.09;0.09;0.02;165;0.04;0;0.18;0.07;0.03;1.81;0.33;4.15;2.35;0.8
07/06/24   ;03:00;0.06;13.3;23.7;0.06;1194;0;-0.05;0.07;0.01;160;0.03;0;0.12;0.05;0.02;1.84;0.31;4.76;2.43;0.82
07/06/24   ;04:00;-0.12;13.3;23.6;-0.12;1200;0;-0.13;0.13;0.03;136;0.06;0.01;0.26;0.1;0.04;2.19;0.56;4.4;2.72;0.91
07/06/24   ;05:00;-0.23;13.3;23.6;-0.22;1200;0;-0.08;0.08;0.02;166;0.05;0.01;0.15;0.08;0.03;1.8;0.29;4.25;2.25;0.78
07/06/24   ;06:00;-0.21;13.4;23.6;-0.21;1199;0;-0.1;0.11;0.03;150;0.08;0.01;0.21;0.12;0.04;1.98;0.46;3.66;2.29;0.67
07/06/24   ;07:00;-0.08;13.3;24;-0.08;1188;0;-0.1;0.13;0.03;185;0.08;0.01;0.19;0.13;0.04;1.59;0.48;3.44;1.89;0.57
07/06/24   ;08:00;0.11;13.3;23.9;0.11;1200;0;-0.13;0.12;0.04;186;0.1;0.01;0.24;0.15;0.04;1.6;0.41;3.55;1.82;0.51
07/06/24   ;09:00;0.31;13.3;24.1;0.31;1200;0;-0.15;0.16;0.05;183;0.12;0.03;0.28;0.18;0.05;1.63;0.44;3.49;1.79;0.54
07/06/24   ;10:00;0.46;13.3;23.9;0.47;1196;0;-0.12;0.19;0.04;208;0.1;0.02;0.29;0.16;0.05;1.42;0.3;2.8;1.6;0.43
07/06/24   ;11:00;0.56;13.3;23.8;0.56;1200;0;-0.12;0.13;0.04;191;0.1;0.02;0.23;0.14;0.04;1.56;0.42;3.32;1.8;0.53
07/06/24   ;12:00;0.6;13.3;23.7;0.6;1197;0;-0.15;0.12;0.04;176;0.1;0.02;0.25;0.15;0.05;1.69;0.44;4.11;2.04;0.65
07/06/24   ;13:00;0.58;13.4;23.7;0.58;1195;0;-0.14;0.15;0.04;177;0.1;0.02;0.25;0.15;0.04;1.66;0.36;3.13;2;0.6
07/06/24   ;14:00;0.49;13.4;24.2;0.49;1200;0;-0.14;0.13;0.04;171;0.1;0.01;0.25;0.15;0.05;1.74;0.43;3.62;2.03;0.64
07/06/24   ;15:00;0.39;13.3;24.6;0.39;1200;0;-0.15;0.13;0.04;184;0.1;0.01;0.23;0.15;0.05;1.62;0.37;3.16;1.93;0.61
07/06/24   ;16:00;0.32;13.3;24.8;0.31;1198;0;-0.11;0.14;0.04;171;0.1;0.02;0.25;0.14;0.04;1.73;0.64;3.55;1.95;0.59
07/06/24   ;17:00;0.31;13.4;24.9;0.31;1195;0;-0.12;0.1;0.03;188;0.08;0;0.2;0.12;0.04;1.58;0.36;3.33;1.85;0.57
07/06/24   ;18:00;0.37;13.4;24.7;0.37;1200;0;-0.14;0.19;0.05;180;0.11;0.01;0.29;0.18;0.06;1.66;0.35;3.09;1.94;0.6
07/06/24   ;19:00;0.5;13.4;24.3;0.5;1200;0;-0.15;0.21;0.04;189;0.1;0.01;0.33;0.16;0.05;1.58;0.37;3.35;2.09;0.68
07/06/24   ;20:00;0.64;13.3;24.7;0.64;1196;0;-0.13;0.16;0.04;176;0.11;0.01;0.25;0.16;0.05;1.69;0.4;3.78;1.99;0.63
07/06/24   ;21:00;0.76;13.3;23.9;0.76;1199;0;-0.13;0.15;0.04;193;0.09;0.01;0.22;0.14;0.04;1.55;0.29;3.39;1.98;0.61
07/06/24   ;22:00;0.82;13.4;23.5;0.82;1200;0;-0.11;0.12;0.03;173;0.08;0.01;0.2;0.13;0.04;1.72;0.39;3.62;2.07;0.66
07/06/24   ;23:00;0.82;13.4;23.4;0.82;1200;0;-0.09;0.13;0.04;192;0.08;0.01;0.19;0.13;0.04;1.54;0.31;3.76;1.86;0.57
08/06/24   ;00:00;0.73;13.4;23.6;0.73;1200;0;-0.11;0.11;0.03;140;0.08;0.01;0.22;0.12;0.04;2.14;0.34;3.99;2.58;0.86
08/06/24   ;01:00;0.56;13.3;23.9;0.56;1200;0;-0.08;0.11;0.03;156;0.07;0.01;0.16;0.1;0.03;1.9;0.45;3.42;2.14;0.63
08/06/24   ;02:00;0.36;13.3;24.2;0.36;1194;0;-0.07;0.08;0.02;179;0.03;0;0.14;0.06;0.03;1.66;0.28;3.96;2.08;0.68
08/06/24   ;03:00;0.16;13.4;24.4;0.16;1200;0;-0.05;0.06;0.01;157;0.03;0;0.12;0.06;0.02;1.91;0.3;4.71;2.33;0.72
08/06/24   ;04:00;-0.02;13.3;24.4;-0.02;1208;0;-0.06;0.06;0.02;157;0.04;0.01;0.12;0.07;0.02;1.89;0.4;4.52;2.66;0.9
08/06/24   ;05:00;-0.15;13.4;24.4;-0.15;1200;0;-0.08;0.08;0.02;183;0.04;0;0.14;0.07;0.02;1.63;0.27;3.24;2.01;0.63
08/06/24   ;06:00;-0.21;13.3;24.4;-0.21;1200;0;-0.1;0.11;0.03;172;0.06;0.01;0.17;0.1;0.03;1.73;0.4;4.05;2.08;0.65
08/06/24   ;07:00;-0.14;13.3;24.3;-0.14;1194;0;-0.11;0.16;0.04;172;0.09;0.01;0.26;0.14;0.04;1.73;0.39;3.63;2.04;0.6
08/06/24   ;08:00;0.01;13.3;24.4;0.01;1196;0;-0.13;0.17;0.04;174;0.09;0.01;0.3;0.14;0.05;1.7;0.3;4.18;2.04;0.66
08/06/24   ;09:00;0.19;13.4;24.2;0.19;1196;0;-0.14;0.17;0.04;189;0.1;0.01;0.31;0.16;0.05;1.57;0.55;3.01;1.76;0.54
08/06/24   ;10:00;0.35;13.3;24.4;0.35;1200;0;-0.12;0.12;0.04;202;0.09;0.02;0.24;0.14;0.04;1.48;0.38;3.07;1.7;0.52
08/06/24   ;11:00;0.47;13.3;24.3;0.47;1200;0;-0.18;0.13;0.05;184;0.11;0.01;0.27;0.17;0.05;1.63;0.34;3.33;1.94;0.6
08/06/24   ;12:00;0.56;13.3;24.3;0.56;1192;0;-0.13;0.15;0.04;185;0.11;0.02;0.28;0.16;0.05;1.6;0.37;3.24;1.83;0.56
08/06/24   ;13:00;0.6;13.3;24.2;0.6;1198;0;-0.12;0.19;0.04;176;0.11;0.01;0.27;0.16;0.05;1.69;0.36;3.61;2.07;0.69
08/06/24   ;14:00;0.58;13.3;24.3;0.58;1200;0;-0.14;0.22;0.05;185;0.11;0.03;0.34;0.17;0.05;1.62;0.28;3.41;1.86;0.57
08/06/24   ;15:00;0.51;13.3;24.6;0.51;1182;0;-0.12;0.15;0.04;185;0.1;0.01;0.27;0.15;0.05;1.58;0.35;3.23;1.87;0.56
08/06/24   ;16:00;0.41;13.4;24.7;0.42;1196;0;-0.1;0.15;0.04;176;0.09;0;0.2;0.15;0.05;1.68;0.29;3.94;2.03;0.68
08/06/24   ;17:00;0.37;13.4;24.7;0.37;1189;0;-0.14;0.19;0.05;160;0.12;0.01;0.29;0.18;0.05;1.84;0.44;3.9;2.22;0.7
08/06/24   ;18:00;0.39;13.3;24.8;0.39;1186;0;-0.14;0.17;0.05;174;0.11;0.02;0.26;0.17;0.05;1.68;0.35;3.68;1.96;0.58
08/06/24   ;19:00;0.46;13.4;24.3;0.46;1197;0;-0.12;0.15;0.04;178;0.1;0.02;0.26;0.15;0.05;1.68;0.38;4.09;2.01;0.6
08/06/24   ;20:00;0.56;13.4;24.3;0.56;1199;0;-0.15;0.19;0.04;171;0.1;0.02;0.34;0.17;0.06;1.74;0.35;4.27;2.27;0.74
08/06/24   ;21:00;0.69;13.4;24.4;0.69;1198;0;-0.11;0.14;0.04;200;0.1;0.01;0.19;0.14;0.04;1.49;0.33;3.87;1.71;0.56
08/06/24   ;22:00;0.77;13.4;24.2;0.78;1202;0;-0.23;0.18;0.05;180;0.11;0.02;0.41;0.17;0.06;1.65;0.32;4.35;1.88;0.66
08/06/24   ;23:00;0.81;13.3;23.8;0.81;1198;0;-0.13;0.09;0.03;184;0.08;0;0.22;0.12;0.03;1.62;0.27;3.46;1.96;0.63
09/06/24   ;00:00;0.76;13.4;23.8;0.76;1199;0;-0.14;0.12;0.04;152;0.09;0.01;0.21;0.14;0.05;1.96;0.28;4.62;2.54;0.8
09/06/24   ;01:00;0.65;13.4;24;0.65;1192;0;-0.13;0.14;0.03;157;0.07;0;0.23;0.12;0.05;1.89;0.33;3.39;2.31;0.7
09/06/24   ;02:00;0.51;13.4;24.3;0.51;1196;0;-0.11;0.14;0.03;132;0.07;0.01;0.25;0.12;0.04;2.23;0.45;5.75;2.68;0.93
09/06/24   ;03:00;0.31;13.4;24.4;0.31;1200;0;-0.05;0.05;0.01;162;0.03;0;0.09;0.05;0.02;1.83;0.5;3.6;2.32;0.74
09/06/24   ;04:00;0.13;13.3;24.5;0.13;1196;0;-0.04;0.04;0.01;158;0.03;0;0.08;0.04;0.01;1.87;0.33;3.89;2.29;0.78
09/06/24   ;05:00;-0.01;13.3;24.5;-0.01;1202;0;-0.07;0.06;0.02;145;0.04;0;0.13;0.06;0.02;2.05;0.33;4.93;2.53;0.84
09/06/24   ;06:00;-0.12;13.3;24.5;-0.12;1200;0;-0.12;0.17;0.03;162;0.08;0.01;0.29;0.13;0.05;1.84;0.39;4.02;2.26;0.71
09/06/24   ;07:00;-0.13;13.4;24.5;-0.13;1203;0;-0.1;0.17;0.04;157;0.09;0.01;0.24;0.13;0.04;1.9;0.32;4.01;2.25;0.76
09/06/24   ;08:00;-0.03;13.3;24.2;-0.03;1200;0;-0.16;0.24;0.05;171;0.12;0.01;0.38;0.19;0.06;1.74;0.37;3.96;1.98;0.59
09/06/24   ;09:00;0.15;13.3;24.5;0.15;1200;0;-0.13;0.17;0.04;182;0.09;0.02;0.24;0.14;0.04;1.63;0.34;3.75;2.02;0.67
09/06/24   ;10:00;0.32;13.3;24.5;0.32;1196;0;-0.12;0.14;0.04;189;0.09;0.01;0.22;0.14;0.04;1.57;0.31;3.2;1.83;0.57
09/06/24   ;11:00;0.48;13.3;24.3;0.48;1200;0;-0.17;0.19;0.05;193;0.11;0.02;0.3;0.18;0.06;1.54;0.28;3.65;1.87;0.61
09/06/24   ;12:00;0.62;13.4;24.2;0.62;1199;0;-0.13;0.15;0.04;190;0.11;0.01;0.22;0.16;0.05;1.56;0.42;3.31;1.78;0.61
09/06/24   ;13:00;0.69;13.4;23.5;0.69;1208;0;-0.16;0.15;0.04;200;0.1;0.01;0.29;0.16;0.05;1.5;0.28;3.17;1.79;0.53
09/06/24   ;14:00;0.71;13.4;23.7;0.71;1200;0;-0.13;0.16;0.04;182;0.11;0.01;0.26;0.16;0.05;1.64;0.32;3.2;1.93;0.58
09/06/24   ;15:00;0.69;13.3;23.8;0.69;1200;0;-0.14;0.18;0.05;179;0.12;0.01;0.27;0.18;0.05;1.67;0.44;3.32;1.92;0.52
09/06/24   ;16:00;0.65;13.3;24.1;0.65;1195;0;-0.17;0.16;0.04;186;0.1;0.01;0.31;0.16;0.05;1.6;0.39;3.55;1.97;0.63
09/06/24   ;17:00;0.54;13.4;24.2;0.54;1200;0;-0.12;0.13;0.04;179;0.1;0.01;0.21;0.15;0.05;1.67;0.28;3.28;2.12;0.67
09/06/24   ;18:00;0.48;13.3;24.5;0.48;1177;0;-0.16;0.18;0.05;163;0.12;0.02;0.31;0.18;0.05;1.79;0.32;3.38;1.96;0.61
09/06/24   ;19:00;0.51;13.3;24.5;0.51;1200;0;-0.18;0.22;0.05;177;0.11;0.02;0.4;0.18;0.06;1.69;0.38;3.45;1.97;0.62
09/06/24   ;20:00;0.58;13.4;24;0.58;1200;0;-0.12;0.15;0.03;189;0.08;0.01;0.28;0.12;0.04;1.58;0.31;3.46;1.9;0.58
09/06/24   ;21:00;0.7;13.3;24;0.7;1200;0;-0.11;0.12;0.04;194;0.09;0.02;0.23;0.14;0.04;1.53;0.57;3.32;1.64;0.54
09/06/24   ;22:00;0.78;13.4;23.5;0.78;1198;0;-0.12;0.12;0.04;192;0.08;0.02;0.24;0.13;0.04;1.55;0.36;3.48;1.91;0.59
09/06/24   ;23:00;0.83;13.4;23.3;0.83;1201;0;-0.1;0.12;0.03;213;0.08;0.02;0.18;0.13;0.04;1.41;0.35;3.32;1.81;0.58
10/06/24   ;00:00;0.87;13.4;23.1;0.87;1199;0;-0.16;0.17;0.03;178;0.08;0.01;0.27;0.12;0.04;1.67;0.32;3.56;2.29;0.79
10/06/24   ;01:00;0.82;13.4;23.2;0.82;1200;0;-0.06;0.06;0.02;159;0.04;0;0.1;0.06;0.02;1.87;0.27;4.37;2.59;0.83
10/06/24   ;02:00;0.69;13.3;23.4;0.69;1193;0;-0.1;0.09;0.02;156;0.05;0.01;0.17;0.08;0.03;1.91;0.31;3.6;2.47;0.82
10/06/24   ;03:00;0.53;13.3;23.8;0.53;1199;0;-0.04;0.06;0.01;190;0.03;0;0.09;0.05;0.01;1.57;0.4;3.49;2.22;0.72
10/06/24   ;04:00;0.37;13.4;24.1;0.37;1195;0;-0.07;0.08;0.02;177;0.04;0.01;0.12;0.07;0.03;1.67;0.4;4.76;1.98;0.64
10/06/24   ;05:00;0.19;13.4;24.3;0.18;1200;0;-0.08;0.09;0.02;170;0.04;0;0.16;0.06;0.02;1.74;0.38;3.66;1.97;0.59
10/06/24   ;06:00;0.03;13.4;24.3;0.03;1200;0;-0.07;0.08;0.02;165;0.06;0.01;0.13;0.08;0.03;1.81;0.37;4.22;2.23;0.7
10/06/24   ;07:00;0;13.4;24.2;0;1200;0;-0.18;0.15;0.04;154;0.1;0.02;0.32;0.15;0.05;1.92;0.66;3.63;2.23;0.62
10/06/24   ;08:00;0.04;13.3;24;0.04;1196;0;-0.11;0.15;0.04;162;0.09;0.01;0.24;0.15;0.04;1.82;0.36;4.39;2.27;0.79
10/06/24   ;09:00;0.18;13.4;23.8;0.18;1197;0;-0.14;0.14;0.04;189;0.11;0.02;0.28;0.17;0.05;1.57;0.46;3.33;1.75;0.53
10/06/24   ;10:00;0.33;13.3;23.8;0.33;1197;0;-0.14;0.14;0.04;194;0.1;0.01;0.24;0.15;0.05;1.54;0.33;3.26;1.83;0.57
10/06/24   ;11:00;0.47;13.3;24.1;0.47;1197;0;-0.16;0.19;0.05;179;0.11;0.02;0.3;0.17;0.05;1.66;0.37;4.54;2.13;0.69
10/06/24   ;12:00;0.61;13.4;23.2;0.61;1200;0;-0.14;0.17;0.05;190;0.12;0.02;0.31;0.18;0.05;1.57;0.3;3.55;1.75;0.56
10/06/24   ;13:00;0.75;13.3;23.2;0.75;1200;0;-0.17;0.19;0.06;182;0.13;0.02;0.33;0.21;0.07;1.64;0.46;3.56;2.02;0.64
10/06/24   ;14:00;0.8;13.3;24.3;0.79;1200;0;-0.14;0.19;0.05;200;0.11;0.01;0.33;0.17;0.06;1.49;0.34;3.17;1.77;0.56
10/06/24   ;15:00;0.8;13.3;23.2;0.8;1197;0;-0.21;0.22;0.05;190;0.11;0.01;0.35;0.18;0.06;1.56;0.48;3.44;1.9;0.57
10/06/24   ;16:00;0.75;13.3;24.3;0.75;1194;0;-0.14;0.17;0.04;186;0.11;0.02;0.24;0.16;0.05;1.6;0.29;3.62;1.85;0.53
10/06/24   ;17:00;0.66;13.3;24.1;0.66;1194;0;-0.17;0.16;0.05;164;0.12;0.01;0.3;0.19;0.06;1.8;0.31;3.39;2.19;0.69
10/06/24   ;18:00;0.62;13.3;24;0.62;1198;0;-0.15;0.18;0.05;179;0.12;0.01;0.31;0.18;0.06;1.65;0.28;3.11;2.06;0.61
10/06/24   ;19:00;0.58;13.3;24.1;0.58;1198;0;-0.11;0.14;0.04;169;0.09;0.01;0.22;0.15;0.05;1.76;0.31;3.65;2.07;0.67
10/06/24   ;20:00;0.59;13.3;24.1;0.59;1200;0;-0.1;0.1;0.03;178;0.07;0.01;0.18;0.12;0.04;1.67;0.36;3.79;2.08;0.66
10/06/24   ;21:00;0.66;13.3;23.7;0.66;1183;0;-0.14;0.16;0.04;187;0.09;0.01;0.24;0.14;0.05;1.57;0.42;3.26;1.89;0.55
10/06/24   ;22:00;0.75;13.4;23.8;0.75;1197;0;-0.12;0.15;0.04;208;0.09;0.01;0.27;0.13;0.04;1.43;0.34;3.49;1.8;0.64
10/06/24   ;23:00;0.82;13.4;23.8;0.82;1200;0;-0.13;0.18;0.04;180;0.09;0.01;0.27;0.14;0.05;1.64;0.27;3.6;2.08;0.68
11/06/24   ;00:00;0.84;13.3;23.8;0.84;1200;0;-0.15;0.13;0.03;176;0.07;0.01;0.27;0.11;0.04;1.69;0.48;4.08;2.06;0.7
11/06/24   ;01:00;0.77;13.4;23.7;0.77;1208;0;-0.08;0.1;0.02;171;0.06;0.01;0.15;0.09;0.03;1.75;0.34;3.48;2.13;0.66
11/06/24   ;02:00;0.64;13.4;23.8;0.64;1200;0;-0.03;0.04;0.01;210;0.02;0;0.05;0.03;0.01;1.42;0.32;3.42;1.96;0.69
11/06/24   ;03:00;0.51;13.4;23.8;0.51;1200;0;-0.07;0.06;0.01;209;0.03;0;0.13;0.04;0.02;1.43;0.31;3.48;1.8;0.62
11/06/24   ;04:00;0.35;13.4;23.9;0.35;1193;0;-0.07;0.08;0.02;167;0.04;0;0.13;0.07;0.02;1.77;0.32;4.23;2.57;0.9
11/06/24   ;05:00;0.22;13.3;24.1;0.22;1194;0;-0.09;0.09;0.02;166;0.05;0;0.18;0.09;0.03;1.79;0.4;3.56;2.22;0.68
11/06/24   ;06:00;0.1;13.4;24.1;0.1;1199;0;-0.15;0.13;0.04;160;0.09;0.01;0.23;0.15;0.05;1.86;0.35;4.29;2.2;0.73
11/06/24   ;07:00;0.05;13.4;24.1;0.05;1200;0;-0.16;0.16;0.05;166;0.11;0.01;0.27;0.17;0.05;1.8;0.46;3.58;2.1;0.63
11/06/24   ;08:00;0.05;13.4;24.1;0.05;1200;0;-0.12;0.15;0.04;170;0.11;0.01;0.23;0.16;0.05;1.75;0.3;3.96;1.96;0.64
11/06/24   ;09:00;0.12;13.4;23.9;0.12;1198;0;-0.16;0.14;0.04;186;0.1;0;0.26;0.15;0.05;1.6;0.3;3.04;1.99;0.57
11/06/24   ;10:00;0.24;13.4;24;0.25;1200;0;-0.12;0.15;0.04;194;0.09;0.01;0.23;0.14;0.04;1.54;0.3;3.47;1.87;0.64
11/06/24   ;11:00;0.4;13.3;23.9;0.4;1200;0;-0.12;0.22;0.05;194;0.1;0.01;0.31;0.17;0.06;1.54;0.37;3.81;1.86;0.59
11/06/24   ;12:00;0.52;13.4;23.8;0.52;1200;0;-0.15;0.22;0.05;198;0.12;0.02;0.31;0.19;0.06;1.51;0.35;3.66;1.73;0.56
11/06/24   ;13:00;0.61;13.4;23.7;0.61;1193;0;-0.16;0.12;0.04;196;0.1;0.01;0.23;0.16;0.05;1.51;0.45;3.64;1.83;0.57
11/06/24   ;14:00;0.71;13.3;23.8;0.71;1196;0;-0.16;0.25;0.05;198;0.12;0.02;0.29;0.17;0.05;1.5;0.32;3.52;1.83;0.57
11/06/24   ;15:00;0.76;13.3;23.6;0.76;1200;0;-0.15;0.23;0.05;184;0.11;0.01;0.38;0.18;0.06;1.62;0.32;3.15;1.94;0.62
11/06/24   ;16:00;0.75;13.3;23.6;0.74;1200;0;-0.12;0.19;0.05;195;0.11;0.02;0.27;0.17;0.05;1.53;0.26;3.91;1.81;0.64
11/06/24   ;17:00;0.69;13.3;23.7;0.69;1200;0;-0.16;0.14;0.05;178;0.11;0.02;0.28;0.17;0.05;1.68;0.3;3.43;1.94;0.62
11/06/24   ;18:00;0.64;13.3;23.6;0.64;1200;0;-0.13;0.19;0.04;166;0.11;0.01;0.25;0.17;0.05;1.79;0.4;3.55;2.1;0.67
11/06/24   ;19:00;0.6;13.3;23.8;0.6;1194;0;-0.16;0.19;0.05;178;0.12;0.02;0.34;0.18;0.05;1.66;0.39;3.93;2.1;0.69
11/06/24   ;20:00;0.58;13.4;23.9;0.58;1198;0;-0.11;0.14;0.04;182;0.1;0;0.22;0.16;0.05;1.62;0.31;3.18;1.88;0.61
11/06/24   ;21:00;0.58;13.3;23.7;0.58;1182;0;-0.13;0.15;0.04;171;0.09;0.02;0.23;0.15;0.05;1.71;0.4;3.62;2.27;0.71
11/06/24   ;22:00;0.62;13.3;23.6;0.62;1197;0;-0.16;0.17;0.04;197;0.09;0.02;0.26;0.15;0.05;1.51;0.26;3.12;1.82;0.57
11/06/24   ;23:00;0.68;13.3;23.3;0.68;1196;0;-0.14;0.13;0.04;193;0.09;0.01;0.24;0.14;0.05;1.55;0.37;3.14;1.95;0.57
12/06/24   ;00:00;0.73;13.4;23.2;0.73;1200;0;-0.12;0.12;0.03;179;0.08;0.01;0.2;0.12;0.04;1.67;0.41;3.97;2.31;0.82
12/06/24   ;01:00;0.73;13.4;23.2;0.73;1199;0;-0.07;0.09;0.02;250;0.04;0;0.17;0.07;0.02;1.2;0.33;2.69;1.55;0.52
12/06/24   ;02:00;0.69;13.4;23.2;0.69;1204;0;-0.06;0.07;0.02;281;0.05;0.01;0.12;0.07;0.02;1.07;0.33;2.64;1.18;0.35
12/06/24   ;03:00;0.6;13.3;23.1;0.6;1200;0;-0.08;0.09;0.02;185;0.05;0;0.15;0.08;0.03;1.6;0.29;3.49;2.1;0.66
12/06/24   ;04:00;0.48;13.3;23.5;0.48;1198;0;-0.09;0.1;0.03;150;0.06;0.01;0.18;0.1;0.03;1.97;0.27;3.85;2.49;0.79
12/06/24   ;05:00;0.34;13.4;23.3;0.34;1198;0;-0.11;0.11;0.02;169;0.05;0;0.17;0.09;0.04;1.76;0.38;3.74;2.04;0.71
12/06/24   ;06:00;0.23;13.4;23.5;0.23;1200;0;-0.1;0.1;0.03;172;0.07;0.01;0.16;0.1;0.03;1.74;0.32;3.28;2.06;0.63
12/06/24   ;07:00;0.15;13.4;23.5;0.15;1200;0;-0.12;0.14;0.04;166;0.09;0.02;0.22;0.14;0.04;1.79;0.36;4.2;2.31;0.69
12/06/24   ;08:00;0.11;13.4;23.5;0.12;1193;0;-0.13;0.15;0.04;181;0.09;0.01;0.28;0.14;0.05;1.64;0.4;3.9;1.95;0.59
12/06/24   ;09:00;0.14;13.3;23.6;0.14;1200;0;-0.13;0.18;0.04;186;0.09;0.01;0.31;0.14;0.05;1.59;0.4;3.13;1.92;0.59
12/06/24   ;10:00;0.2;13.3;23.6;0.2;1193;0;-0.12;0.13;0.04;192;0.09;0.02;0.22;0.14;0.04;1.54;0.32;3.53;1.83;0.54
12/06/24   ;11:00;0.33;13.4;23.4;0.33;1200;0;-0.16;0.16;0.04;192;0.11;0.01;0.28;0.16;0.05;1.55;0.43;3.3;1.91;0.61
12/06/24   ;12:00;0.46;13.4;23.4;0.46;1193;0;-0.14;0.17;0.05;201;0.12;0.01;0.27;0.17;0.05;1.47;0.43;3.22;1.74;0.5
12/06/24   ;13:00;0.55;13.4;23.3;0.55;1195;0;-0.15;0.16;0.05;196;0.12;0.01;0.27;0.17;0.05;1.52;0.37;3.18;1.75;0.54
12/06/24   ;14:00;0.64;13.4;23.1;0.64;1200;0;-0.16;0.22;0.05;205;0.11;0.02;0.36;0.17;0.06;1.45;0.38;3.64;1.61;0.57
12/06/24   ;15:00;0.71;13.3;23;0.71;1198;0;-0.14;0.17;0.04;192;0.11;0.01;0.26;0.17;0.05;1.55;0.34;3.18;1.87;0.56
12/06/24   ;16:00;0.77;13.4;23.1;0.77;1199;0;-0.12;0.17;0.04;191;0.11;0.01;0.28;0.16;0.05;1.56;0.3;3.39;1.9;0.62
12/06/24   ;17:00;0.77;13.4;23.1;0.77;1191;0;-0.16;0.17;0.05;192;0.13;0.01;0.32;0.19;0.06;1.54;0.32;3.83;1.93;0.59
12/06/24   ;18:00;0.71;13.4;23;0.72;1200;0;-0.14;0.17;0.05;192;0.11;0;0.28;0.17;0.05;1.56;0.31;3.74;1.75;0.55
12/06/24   ;19:00;0.64;13.3;23;0.64;1192;0;-0.12;0.16;0.04;174;0.1;0.01;0.27;0.16;0.05;1.7;0.3;3.84;1.96;0.67
12/06/24   ;20:00;0.55;13.3;23;0.54;1199;0;-0.13;0.19;0.04;189;0.1;0.01;0.31;0.15;0.05;1.58;0.39;3.96;1.93;0.7
12/06/24   ;21:00;0.5;13.3;23;0.5;1200;0;-0.1;0.13;0.03;203;0.08;0.01;0.21;0.12;0.04;1.47;0.47;3.45;1.75;0.55
12/06/24   ;22:00;0.54;13.4;22.9;0.54;1197;0;-0.13;0.14;0.03;234;0.07;0.01;0.26;0.11;0.04;1.27;0.31;2.77;1.5;0.48
12/06/24   ;23:00;0.61;13.4;22.8;0.62;1200;0;-0.12;0.12;0.03;182;0.06;0;0.21;0.11;0.04;1.64;0.3;3.6;2.17;0.73
13/06/24   ;00:00;0.64;13.3;22.8;0.63;1196;0;-0.09;0.1;0.03;184;0.06;0.01;0.15;0.09;0.03;1.62;0.44;3.39;2.11;0.69
13/06/24   ;01:00;0.64;13.3;22.6;0.64;1184;0;-0.07;0.11;0.03;248;0.06;0.01;0.17;0.1;0.03;1.18;0.28;3.1;1.33;0.43
13/06/24   ;02:00;0.61;13.3;22.5;0.61;1199;0;-0.06;0.04;0.01;234;0.03;0;0.09;0.05;0.01;1.27;0.32;3.64;1.59;0.61
13/06/24   ;03:00;0.57;13.3;22.2;0.57;1200;0;-0.09;0.11;0.03;229;0.07;0;0.17;0.11;0.03;1.31;0.29;3.18;1.41;0.43
13/06/24   ;04:00;0.47;13.3;22.5;0.47;1199;0;-0.05;0.06;0.02;180;0.04;0.01;0.1;0.06;0.02;1.65;0.27;3.72;2.23;0.77
13/06/24   ;05:00;0.37;13.4;22.5;0.37;1200;0;-0.11;0.11;0.03;143;0.07;0.01;0.17;0.11;0.04;2.06;0.29;4.06;2.65;0.88
13/06/24   ;06:00;0.26;13.4;22.5;0.26;1200;0;-0.12;0.14;0.04;161;0.08;0.01;0.22;0.13;0.04;1.85;0.38;3.92;2.2;0.69
13/06/24   ;07:00;0.21;13.4;22.4;0.21;1199;0;-0.12;0.13;0.04;165;0.09;0.01;0.22;0.15;0.05;1.8;0.34;3.58;2.06;0.65
13/06/24   ;08:00;0.18;13.4;22.4;0.17;1200;0;-0.13;0.13;0.04;172;0.09;0.01;0.24;0.15;0.05;1.73;0.39;3.41;1.99;0.59
13/06/24   ;09:00;0.16;13.4;22.4;0.16;1199;0;-0.15;0.2;0.05;172;0.11;0.02;0.34;0.17;0.05;1.74;0.33;3.64;2.13;0.64
13/06/24   ;10:00;0.2;13.4;22.6;0.2;1199;0;-0.11;0.14;0.03;182;0.08;0.01;0.21;0.13;0.04;1.62;0.46;3.5;1.87;0.6
13/06/24   ;11:00;0.27;13.4;22.9;0.27;1200;0;-0.13;0.12;0.04;187;0.09;0.01;0.23;0.14;0.04;1.59;0.32;3.36;1.94;0.57
13/06/24   ;12:00;0.37;13.4;22.9;0.37;1192;0;-0.11;0.19;0.04;195;0.1;0.01;0.3;0.15;0.04;1.52;0.38;3.17;1.89;0.54
13/06/24   ;13:00;0.49;13.3;22.7;0.49;1200;0;-0.13;0.16;0.04;202;0.1;0.01;0.28;0.15;0.05;1.48;0.38;3.81;1.7;0.59
13/06/24   ;14:00;0.6;13.4;22.5;0.6;1197;0;-0.14;0.18;0.05;190;0.11;0.02;0.28;0.17;0.05;1.56;0.4;3.86;1.8;0.59
13/06/24   ;15:00;0.68;13.4;22.6;0.68;1200;0;-0.13;0.14;0.04;206;0.09;0.01;0.21;0.15;0.05;1.45;0.3;3.78;1.79;0.57
13/06/24   ;16:00;0.73;13.4;22.6;0.73;1200;0;-0.14;0.14;0.04;207;0.11;0.03;0.26;0.16;0.05;1.44;0.33;3.39;1.67;0.51
13/06/24   ;17:00;0.73;13.4;22.5;0.73;1196;0;-0.16;0.17;0.05;177;0.13;0.02;0.28;0.19;0.05;1.68;0.3;3.93;1.99;0.64
13/06/24   ;18:00;0.67;13.3;22.6;0.67;1198;0;-0.16;0.16;0.05;175;0.12;0.01;0.3;0.19;0.06;1.7;0.42;3.75;2.01;0.62
13/06/24   ;19:00;0.58;13.3;22.7;0.58;1197;0;-0.14;0.21;0.05;181;0.11;0.01;0.34;0.17;0.06;1.64;0.34;3.13;1.92;0.56
13/06/24   ;20:00;0.52;13.3;22.7;0.52;1200;0;-0.2;0.22;0.05;167;0.11;0.01;0.31;0.18;0.06;1.77;0.44;3.93;2.26;0.66
13/06/24   ;21:00;0.51;13.3;22.7;0.51;1208;0;-0.16;0.12;0.04;171;0.1;0.01;0.25;0.15;0.05;1.75;0.37;4.01;2.08;0.68
13/06/24   ;22:00;0.49;13.3;22.6;0.49;1194;0;-0.12;0.13;0.04;172;0.08;0.01;0.21;0.13;0.04;1.72;0.35;5.93;2.23;0.79
13/06/24   ;23:00;0.49;13.3;22.6;0.49;1200;0;-0.14;0.13;0.04;150;0.1;0.01;0.25;0.14;0.04;1.99;0.3;4.06;2.23;0.7
14/06/24   ;00:00;0.49;13.3;22.6;0.49;1193;0;-0.09;0.08;0.03;165;0.07;0.01;0.14;0.1;0.03;1.8;0.34;3.91;2.26;0.74
14/06/24   ;01:00;0.43;13.4;22.4;0.43;1200;0;-0.06;0.07;0.02;180;0.04;0.01;0.1;0.06;0.02;1.65;0.26;3.39;2.09;0.65
14/06/24   ;02:00;0.39;13.3;22.4;0.39;1196;0;-0.1;0.09;0.02;172;0.04;0;0.18;0.07;0.03;1.72;0.3;3.54;1.83;0.65
14/06/24   ;03:00;0.34;13.3;22.3;0.34;1195;0;-0.06;0.05;0.01;194;0.03;0;0.12;0.05;0.02;1.52;0.28;3.15;2.06;0.68
14/06/24   ;04:00;0.32;13.3;22.3;0.32;1195;0;-0.09;0.08;0.03;127;0.06;0.01;0.17;0.1;0.04;2.31;0.29;4.55;3.12;1.05
14/06/24   ;05:00;0.28;13.3;22.2;0.28;1200;0;-0.12;0.13;0.03;169;0.06;0.01;0.21;0.1;0.04;1.77;0.42;4.16;2.16;0.71
14/06/24   ;06:00;0.25;13.3;22.1;0.25;1200;0;-0.12;0.12;0.04;152;0.09;0.01;0.19;0.14;0.04;1.96;0.48;3.98;2.49;0.79
14/06/24   ;07:00;0.2;13.4;22.2;0.2;1200;0;-0.11;0.14;0.04;175;0.09;0.01;0.26;0.14;0.04;1.7;0.27;3.75;2.14;0.67
14/06/24   ;08:00;0.16;13.4;22.2;0.16;1189;0;-0.15;0.15;0.04;182;0.11;0.01;0.3;0.16;0.05;1.62;0.32;3.44;1.95;0.56
14/06/24   ;09:00;0.14;13.4;22.4;0.14;1200;0;-0.13;0.13;0.04;183;0.1;0.01;0.23;0.15;0.05;1.64;0.37;3.35;1.87;0.56
14/06/24   ;10:00;0.16;13.4;22.5;0.16;1199;0;-0.12;0.13;0.04;186;0.1;0.01;0.22;0.15;0.04;1.6;0.36;3.11;1.84;0.56
14/06/24   ;11:00;0.2;13.3;22.7;0.2;1196;0;-0.11;0.15;0.04;172;0.08;0.02;0.25;0.13;0.04;1.73;0.32;3.67;2.02;0.65
14/06/24   ;12:00;0.26;13.4;22.9;0.26;1198;0;-0.12;0.15;0.04;179;0.11;0.02;0.25;0.16;0.05;1.67;0.47;3.43;1.87;0.54
14/06/24   ;13:00;0.37;13.4;22.9;0.37;1200;0;-0.14;0.22;0.05;174;0.12;0.02;0.36;0.19;0.06;1.7;0.29;3.72;1.96;0.63
14/06/24   ;14:00;0.5;13.4;22.7;0.49;1190;0;-0.17;0.18;0.04;183;0.11;0;0.33;0.16;0.05;1.61;0.36;4.35;1.84;0.58
14/06/24   ;15:00;0.6;13.4;22.5;0.6;1200;0;-0.15;0.16;0.04;195;0.1;0.02;0.24;0.16;0.05;1.53;0.35;3.16;1.82;0.56
14/06/24   ;16:00;0.69;13.3;22.5;0.69;1200;0;-0.21;0.15;0.05;180;0.11;0.02;0.28;0.17;0.05;1.65;0.33;4.02;2;0.61
14/06/24   ;17:00;0.75;13.3;22.5;0.75;1199;0;-0.18;0.21;0.05;191;0.12;0.02;0.39;0.18;0.06;1.55;0.55;2.81;1.93;0.53
14/06/24   ;18:00;0.76;13.4;22.4;0.76;1200;0;-0.17;0.18;0.05;162;0.13;0.02;0.35;0.2;0.06;1.84;0.41;4.26;2.28;0.73
14/06/24   ;19:00;0.73;13.4;22.4;0.73;1197;0;-0.17;0.15;0.05;172;0.12;0.02;0.33;0.19;0.06;1.72;0.28;3.21;2.16;0.65
14/06/24   ;20:00;0.68;13.4;22.5;0.68;1197;0;-0.14;0.15;0.04;176;0.09;0.01;0.25;0.14;0.04;1.67;0.29;3.41;2.07;0.67
14/06/24   ;21:00;0.58;13.4;22.5;0.58;1199;0;-0.09;0.11;0.03;174;0.08;0;0.18;0.12;0.03;1.71;0.28;3.63;2.01;0.59
14/06/24   ;22:00;0.49;13.3;22.6;0.49;1200;0;-0.1;0.13;0.03;162;0.08;0.02;0.21;0.13;0.04;1.83;0.33;3.48;2.18;0.68
14/06/24   ;23:00;0.4;13.3;22.6;0.4;1200;0;-0.15;0.15;0.04;156;0.09;0.01;0.24;0.14;0.04;1.91;0.33;3.91;2.24;0.66
15/06/24   ;00:00;0.31;13.3;22.6;0.31;1200;0;-0.11;0.13;0.04;146;0.08;0.02;0.2;0.13;0.04;2.04;0.34;5.19;2.58;0.88
15/06/24   ;01:00;0.26;13.3;22.5;0.26;1197;0;-0.14;0.15;0.03;144;0.08;0.01;0.28;0.13;0.05;2.04;0.31;3.83;2.6;0.81
15/06/24   ;02:00;0.23;13.3;22.4;0.23;1200;0;-0.08;0.07;0.02;158;0.05;0;0.13;0.08;0.03;1.89;0.26;4.33;2.12;0.68
15/06/24   ;03:00;0.23;13.3;22.3;0.23;1199;0;-0.09;0.08;0.02;204;0.04;0;0.14;0.06;0.02;1.46;0.27;2.9;1.76;0.58
15/06/24   ;04:00;0.26;13.3;22.4;0.26;1199;0;-0.09;0.09;0.03;151;0.07;0.02;0.17;0.11;0.03;1.97;0.3;4.02;2.61;0.86
15/06/24   ;05:00;0.3;13.4;22.4;0.3;1195;0;-0.08;0.1;0.03;139;0.06;0.01;0.15;0.1;0.03;2.14;0.34;3.97;2.88;0.9
15/06/24   ;06:00;0.32;13.3;22.5;0.33;1174;0;-0.09;0.15;0.03;148;0.08;0.01;0.23;0.12;0.04;1.96;0.38;3.83;2.43;0.79
15/06/24   ;07:00;0.32;13.3;22.5;0.32;1200;0;-0.16;0.21;0.05;161;0.11;0.02;0.33;0.17;0.06;1.85;0.58;4.45;2.14;0.71
15/06/24   ;08:00;0.28;13.3;22.5;0.28;1200;0;-0.11;0.13;0.04;187;0.09;0.01;0.22;0.13;0.04;1.59;0.32;3.87;1.86;0.59
15/06/24   ;09:00;0.23;13.3;22.5;0.23;1192;0;-0.12;0.14;0.04;182;0.1;0.01;0.23;0.15;0.05;1.63;0.32;3.27;1.89;0.54
15/06/24   ;10:00;0.19;13.3;22.6;0.19;1196;0;-0.13;0.15;0.04;184;0.1;0.02;0.27;0.16;0.05;1.61;0.37;3.62;1.83;0.57
15/06/24   ;11:00;0.17;13.4;22.8;0.17;1200;0;-0.14;0.17;0.04;167;0.11;0.02;0.26;0.16;0.05;1.78;0.4;3.46;2.11;0.61
15/06/24   ;12:00;0.21;13.4;22.9;0.21;1200;0;-0.14;0.17;0.05;179;0.11;0.01;0.27;0.17;0.06;1.67;0.43;3.17;2.06;0.61
15/06/24   ;13:00;0.31;13.4;22.9;0.31;1200;0;-0.15;0.14;0.04;185;0.1;0.01;0.29;0.16;0.05;1.61;0.38;3.23;1.9;0.52
15/06/24   ;14:00;0.44;13.3;23.1;0.44;1200;0;-0.13;0.16;0.04;174;0.11;0.02;0.27;0.16;0.05;1.72;0.33;3.75;2.05;0.7
15/06/24   ;15:00;0.59;13.3;23;0.59;1200;0;-0.14;0.15;0.04;203;0.1;0.02;0.28;0.16;0.05;1.47;0.39;3.12;1.74;0.55
15/06/24   ;16:00;0.72;13.4;22.8;0.72;1200;0;-0.15;0.17;0.05;211;0.12;0.01;0.31;0.18;0.06;1.41;0.3;3;1.65;0.53
15/06/24   ;17:00;0.82;13.4;22.7;0.82;1200;0;-0.13;0.2;0.05;194;0.12;0.01;0.3;0.18;0.05;1.54;0.27;3.33;1.75;0.56
15/06/24   ;18:00;0.85;13.4;22.7;0.85;1195;0;-0.19;0.21;0.05;178;0.13;0.02;0.33;0.2;0.06;1.66;0.38;3.37;2;0.64
15/06/24   ;19:00;0.84;13.3;22.7;0.84;1199;0;-0.14;0.18;0.05;178;0.11;0.01;0.28;0.18;0.05;1.68;0.31;3.26;2.02;0.62
15/06/24   ;20:00;0.77;13.3;22.7;0.77;1197;0;-0.14;0.12;0.04;183;0.09;0.02;0.25;0.13;0.04;1.62;0.29;4.16;1.94;0.65
15/06/24   ;21:00;0.64;13.4;22.8;0.64;1200;0;-0.11;0.13;0.04;165;0.09;0.01;0.23;0.14;0.04;1.81;0.36;3.93;2.12;0.67
15/06/24   ;22:00;0.49;13.4;22.9;0.49;1200;0;-0.12;0.12;0.04;167;0.09;0.01;0.23;0.14;0.05;1.79;0.38;3.33;2.08;0.63
15/06/24   ;23:00;0.38;13.4;22.9;0.38;1200;0;-0.12;0.14;0.04;168;0.09;0.01;0.25;0.14;0.04;1.78;0.49;3.86;2.27;0.72
16/06/24   ;00:00;0.3;13.3;22.9;0.3;1199;0;-0.12;0.13;0.04;141;0.09;0.01;0.21;0.14;0.04;2.11;0.31;4.26;2.58;0.92
16/06/24   ;01:00;0.23;13.3;22.8;0.23;1200;0;-0.06;0.08;0.02;147;0.05;0.01;0.11;0.07;0.02;2.02;0.66;3.94;2.76;0.85
16/06/24   ;02:00;0.2;13.3;22.8;0.2;1206;0;-0.1;0.11;0.03;187;0.06;0;0.17;0.1;0.03;1.6;0.39;3.07;1.81;0.52
16/06/24   ;03:00;0.21;13.3;22.7;0.21;1197;0;-0.06;0.06;0.02;190;0.04;0.01;0.12;0.06;0.02;1.56;0.29;3.29;1.86;0.57
16/06/24   ;04:00;0.27;13.4;23.1;0.27;1200;0;-0.08;0.07;0.02;195;0.05;0;0.13;0.08;0.03;1.52;0.31;3.62;2.4;0.85
16/06/24   ;05:00;0.33;13.4;23.2;0.33;1198;0;-0.13;0.14;0.03;197;0.06;0;0.26;0.11;0.05;1.5;0.35;3.15;1.8;0.59
16/06/24   ;06:00;0.38;13.3;23;0.38;1195;0;-0.08;0.09;0.03;170;0.06;0.01;0.15;0.1;0.03;1.73;0.36;3.58;2.16;0.67
16/06/24   ;07:00;0.38;13.3;23;0.38;1198;0;-0.13;0.13;0.04;179;0.08;0.01;0.22;0.13;0.04;1.66;0.39;3.5;2.03;0.63
16/06/24   ;08:00;0.36;13.3;23;0.37;1200;0;-0.11;0.15;0.04;165;0.09;0.01;0.22;0.14;0.04;1.8;0.38;4.66;2.02;0.72
16/06/24   ;09:00;0.34;13.3;23.1;0.34;1200;0;-0.13;0.15;0.04;171;0.1;0.01;0.27;0.15;0.05;1.71;0.36;3.92;2.12;0.68
16/06/24   ;10:00;0.32;13.3;23.2;0.31;1198;0;-0.14;0.15;0.05;155;0.11;0.02;0.28;0.17;0.05;1.91;0.32;4.13;2.47;0.76
16/06/24   ;11:00;0.29;13.3;23.4;0.29;1196;0;-0.11;0.12;0.04;179;0.09;0;0.21;0.13;0.04;1.65;0.32;3.9;1.93;0.64
16/06/24   ;12:00;0.29;13.3;23.5;0.29;1192;0;-0.13;0.13;0.04;191;0.09;0.02;0.24;0.13;0.04;1.55;0.43;2.98;1.73;0.49
16/06/24   ;13:00;0.35;13.3;23.6;0.35;1200;0;-0.13;0.14;0.04;181;0.09;0.01;0.24;0.14;0.04;1.64;0.34;3.69;1.98;0.65
16/06/24   ;14:00;0.46;13.4;23.6;0.46;1200;0;-0.14;0.15;0.04;173;0.11;0.02;0.26;0.16;0.05;1.72;0.38;4;1.89;0.59
16/06/24   ;15:00;0.59;13.4;23.7;0.59;1197;0;-0.15;0.19;0.04;196;0.11;0.01;0.34;0.17;0.05;1.52;0.32;3.46;1.72;0.56
16/06/24   ;16:00;0.7;13.4;23.5;0.7;1197;0;-0.16;0.16;0.05;204;0.11;0.02;0.27;0.18;0.05;1.46;0.31;2.77;1.67;0.48
16/06/24   ;17:00;0.8;13.3;23.5;0.81;1196;0;-0.18;0.18;0.05;191;0.13;0.01;0.35;0.2;0.06;1.56;0.31;3.26;1.9;0.61
16/06/24   ;18:00;0.86;13.3;23.4;0.86;1199;0;-0.17;0.17;0.05;184;0.12;0.01;0.31;0.19;0.06;1.62;0.42;3.9;1.91;0.6
16/06/24   ;19:00;0.86;13.4;23.4;0.86;1196;0;-0.17;0.13;0.04;178;0.11;0.02;0.27;0.16;0.05;1.66;0.36;3.64;1.91;0.59
16/06/24   ;20:00;0.83;13.4;23.3;0.83;1200;0;-0.13;0.13;0.04;174;0.1;0.01;0.25;0.15;0.04;1.72;0.43;3.67;2.07;0.66
16/06/24   ;21:00;0.72;13.4;23.4;0.72;1197;0;-0.13;0.12;0.04;165;0.09;0;0.22;0.14;0.04;1.8;0.28;3.6;2.15;0.68
16/06/24   ;22:00;0.57;13.3;23.5;0.56;1196;0;-0.09;0.1;0.03;172;0.08;0.01;0.16;0.12;0.03;1.73;0.3;4.19;2.11;0.63
16/06/24   ;23:00;0.42;13.4;23.6;0.42;1200;0;-0.15;0.12;0.04;162;0.08;0.01;0.23;0.14;0.05;1.83;0.39;3.34;2.05;0.6
17/06/24   ;00:00;0.28;13.4;23.6;0.28;1198;0;-0.1;0.13;0.03;147;0.06;0.01;0.23;0.1;0.04;2.01;0.26;5.31;2.75;0.99
17/06/24   ;01:00;0.15;13.4;23.4;0.15;1198;0;-0.13;0.13;0.03;135;0.08;0.01;0.26;0.13;0.04;2.19;0.69;4.44;2.86;0.82
17/06/24   ;02:00;0.08;13.4;23.4;0.08;1200;0;-0.08;0.08;0.02;179;0.04;0;0.16;0.06;0.02;1.65;0.26;3.81;2.26;0.77
17/06/24   ;03:00;0.05;13.3;23.3;0.05;1200;0;-0.1;0.1;0.02;155;0.05;0.01;0.17;0.09;0.03;1.92;0.31;4.48;2.42;0.79
17/06/24   ;04:00;0.09;13.4;23.3;0.09;1195;0;-0.08;0.07;0.02;146;0.06;0.01;0.14;0.09;0.03;2.02;0.3;3.94;2.85;0.99
17/06/24   ;05:00;0.18;13.3;23.6;0.18;1200;0;-0.07;0.08;0.02;175;0.05;0.01;0.13;0.07;0.02;1.7;0.28;3.65;2.06;0.69
17/06/24   ;06:00;0.28;13.3;23.7;0.29;1195;0;-0.11;0.12;0.04;165;0.09;0.01;0.19;0.14;0.04;1.79;0.35;4.03;2.23;0.78
17/06/24   ;07:00;0.38;13.3;23.6;0.38;1200;0;-0.15;0.18;0.04;179;0.1;0.01;0.26;0.16;0.05;1.67;0.37;3.5;2.04;0.64
17/06/24   ;08:00;0.42;13.3;23.5;0.42;1195;0;-0.12;0.15;0.04;185;0.1;0.02;0.24;0.15;0.04;1.6;0.28;3.51;1.79;0.59
17/06/24   ;09:00;0.44;13.3;23.6;0.44;1195;0;-0.1;0.14;0.04;199;0.09;0.01;0.22;0.14;0.04;1.49;0.42;3.19;1.76;0.5
17/06/24   ;10:00;0.42;13.3;23.8;0.42;1196;0;-0.16;0.14;0.04;175;0.1;0.01;0.29;0.15;0.05;1.7;0.48;4.07;2.07;0.66
17/06/24   ;11:00;0.38;13.4;24;0.38;1200;0;-0.13;0.15;0.04;177;0.1;0.01;0.28;0.15;0.05;1.69;0.29;3.85;2.05;0.67
17/06/24   ;12:00;0.34;13.3;24.2;0.34;1200;0;-0.11;0.16;0.04;179;0.09;0.01;0.2;0.14;0.04;1.67;0.27;3.2;1.95;0.55
17/06/24   ;13:00;0.33;13.3;24.4;0.33;1200;0;-0.13;0.16;0.04;178;0.1;0.02;0.25;0.15;0.05;1.67;0.47;3.2;1.95;0.56
17/06/24   ;14:00;0.38;13.3;24.4;0.38;1200;0;-0.14;0.14;0.04;176;0.1;0.01;0.28;0.16;0.05;1.68;0.33;4.02;2.02;0.61
17/06/24   ;15:00;0.46;13.3;24.2;0.46;1200;0;-0.13;0.14;0.04;185;0.1;0.02;0.23;0.15;0.05;1.62;0.47;3.42;1.83;0.54
17/06/24   ;16:00;0.58;13.4;24.5;0.58;1197;0;-0.13;0.2;0.05;187;0.12;0.02;0.29;0.17;0.05;1.58;0.34;4.03;1.79;0.56
17/06/24   ;17:00;0.69;13.4;24.3;0.69;1200;0;-0.14;0.19;0.05;184;0.12;0.02;0.28;0.18;0.05;1.62;0.43;3.84;1.95;0.58
17/06/24   ;18:00;0.77;13.4;24.2;0.77;1200;0;-0.16;0.21;0.05;173;0.12;0.02;0.36;0.19;0.06;1.73;0.32;3.44;2.05;0.66
17/06/24   ;19:00;0.8;13.3;24.1;0.8;1200;0;-0.16;0.18;0.05;174;0.11;0.01;0.3;0.17;0.06;1.72;0.37;3.61;2.07;0.67
17/06/24   ;20:00;0.78;13.3;24.1;0.78;1199;0;-0.12;0.12;0.03;174;0.08;0.01;0.19;0.12;0.04;1.71;0.42;3.79;1.99;0.62
17/06/24   ;21:00;0.69;13.4;24.1;0.69;1200;0;-0.1;0.1;0.03;164;0.07;0.01;0.17;0.11;0.04;1.81;0.33;4.01;2.36;0.84
17/06/24   ;22:00;0.55;13.4;24.3;0.54;1197;0;-0.12;0.15;0.03;153;0.07;0.01;0.26;0.11;0.04;1.93;0.48;4.23;2.58;0.86
17/06/24   ;23:00;0.38;13.3;24.3;0.38;1199;0;-0.11;0.13;0.03;149;0.08;0.01;0.22;0.12;0.04;1.99;0.34;3.96;2.34;0.73
18/06/24   ;00:00;0.21;13.3;24.2;0.21;1199;0;-0.08;0.09;0.03;152;0.06;0;0.17;0.1;0.03;1.96;0.44;4.26;2.39;0.72
18/06/24   ;01:00;0.05;13.4;24.2;0.05;1198;0;-0.05;0.05;0.01;154;0.04;0;0.1;0.06;0.02;1.93;0.35;4.34;2.38;0.84
18/06/24   ;02:00;-0.05;13.4;24.1;-0.05;1200;0;-0.05;0.05;0.02;149;0.04;0;0.08;0.06;0.02;2;0.53;3.36;2.18;0.57
18/06/24   ;03:00;-0.08;13.4;24;-0.08;1199;0;-0.04;0.04;0.01;167;0.03;0;0.07;0.04;0.01;1.78;0.3;3.53;2.24;0.66
18/06/24   ;04:00;-0.04;13.4;24;-0.04;1197;0;-0.06;0.06;0.02;163;0.04;0;0.12;0.06;0.02;1.81;0.31;3.97;2.28;0.77
18/06/24   ;05:00;0.08;13.3;24.3;0.08;1199;0;-0.06;0.07;0.02;157;0.05;0;0.11;0.07;0.02;1.88;0.37;4.42;2.58;0.84
18/06/24   ;06:00;0.24;13.4;24.2;0.23;1200;0;-0.11;0.13;0.03;193;0.08;0.01;0.24;0.12;0.04;1.54;0.29;2.89;1.88;0.59
18/06/24   ;07:00;0.38;13.3;24.3;0.38;1200;0;-0.14;0.15;0.05;190;0.11;0;0.25;0.17;0.05;1.57;0.32;2.87;1.82;0.54
18/06/24   ;08:00;0.47;13.3;24.1;0.48;1198;0;-0.12;0.16;0.04;203;0.1;0.02;0.24;0.15;0.04;1.47;0.35;3.34;1.76;0.54
18/06/24   ;09:00;0.53;13.4;24.2;0.53;1200;0;-0.13;0.12;0.04;194;0.09;0.01;0.24;0.14;0.05;1.53;0.34;3.53;1.87;0.63
18/06/24   ;10:00;0.53;13.3;24.3;0.53;1198;0;-0.16;0.15;0.04;180;0.1;0.01;0.29;0.16;0.05;1.65;0.34;3.63;2.02;0.66
18/06/24   ;11:00;0.48;13.3;24.5;0.48;1200;0;-0.12;0.15;0.04;171;0.1;0.02;0.23;0.15;0.04;1.75;0.34;3.98;1.99;0.63
18/06/24   ;12:00;0.39;13.3;24.6;0.39;1192;0;-0.11;0.14;0.04;179;0.1;0.01;0.23;0.14;0.04;1.66;0.42;4.33;1.9;0.58
18/06/24   ;13:00;0.34;13.4;24.9;0.33;1200;0;-0.11;0.13;0.04;169;0.1;0;0.21;0.15;0.04;1.74;0.43;3.08;2.01;0.58
18/06/24   ;14:00;0.32;13.3;25;0.32;1200;0;-0.13;0.15;0.04;180;0.1;0.01;0.25;0.15;0.05;1.65;0.38;3.28;1.99;0.6
18/06/24   ;15:00;0.36;13.3;25;0.36;1183;0;-0.14;0.19;0.05;172;0.11;0.02;0.31;0.17;0.05;1.71;0.39;4.27;1.93;0.63
18/06/24   ;16:00;0.45;13.3;24.8;0.45;1198;0;-0.13;0.13;0.04;181;0.1;0.01;0.22;0.14;0.04;1.64;0.26;4.12;2;0.63
18/06/24   ;17:00;0.58;13.3;25.1;0.58;1200;0;-0.12;0.15;0.05;191;0.11;0.01;0.25;0.17;0.05;1.56;0.33;3.27;1.89;0.55
18/06/24   ;18:00;0.68;13.4;24.9;0.68;1172;0;-0.13;0.14;0.04;193;0.1;0.02;0.23;0.16;0.05;1.51;0.35;3.54;1.8;0.57
18/06/24   ;19:00;0.75;13.4;24.4;0.75;1194;0;-0.14;0.16;0.04;185;0.1;0.02;0.26;0.15;0.05;1.6;0.29;3.55;2.12;0.68
18/06/24   ;20:00;0.77;13.3;24.4;0.77;1200;0;-0.14;0.14;0.05;160;0.11;0.02;0.21;0.17;0.05;1.87;0.34;3.99;2.36;0.77
18/06/24   ;21:00;0.71;13.3;24.4;0.71;1200;0;-0.12;0.16;0.03;166;0.07;0;0.27;0.11;0.04;1.79;0.3;4.44;2.37;0.81
18/06/24   ;22:00;0.59;13.4;24.7;0.59;1200;0;-0.08;0.08;0.02;170;0.06;0.01;0.15;0.09;0.03;1.75;0.31;4.52;2.3;0.78
18/06/24   ;23:00;0.42;13.4;24.9;0.42;1200;0;-0.1;0.11;0.03;156;0.08;0.01;0.2;0.12;0.04;1.9;0.31;3.93;2.25;0.73
19/06/24   ;00:00;0.24;13.4;24.9;0.24;1200;0;-0.08;0.09;0.02;149;0.06;0;0.16;0.09;0.03;1.99;0.37;4.3;2.56;0.87
19/06/24   ;01:00;0.08;13.3;24.9;0.08;1199;0;-0.04;0.04;0.01;129;0.03;0;0.06;0.05;0.01;2.3;0.48;4.25;3.05;0.91
19/06/24   ;02:00;-0.05;13.3;24.8;-0.05;1195;0;-0.04;0.04;0.01;170;0.02;0;0.06;0.04;0.01;1.75;0.29;3.56;2.24;0.66
19/06/24   ;03:00;-0.11;13.4;24.8;-0.11;1198;0;-0.05;0.04;0.01;176;0.03;0;0.08;0.05;0.02;1.7;0.3;3.38;2.14;0.61
19/06/24   ;04:00;-0.08;13.4;24.7;-0.08;1200;0;-0.07;0.07;0.02;167;0.05;0;0.15;0.08;0.03;1.78;0.33;4.06;2.31;0.75
19/06/24   ;05:00;0.03;13.4;24.8;0.03;1200;0;-0.07;0.08;0.02;174;0.05;0;0.13;0.08;0.03;1.72;0.39;3.66;2.22;0.78
19/06/24   ;06:00;0.18;13.4;24.7;0.18;1200;0;-0.13;0.19;0.04;172;0.1;0.01;0.29;0.16;0.05;1.74;0.36;3.54;1.92;0.66
19/06/24   ;07:00;0.34;13.3;24.9;0.34;1194;0;-0.13;0.19;0.05;196;0.11;0.01;0.32;0.17;0.06;1.51;0.3;3.21;1.73;0.55
19/06/24   ;08:00;0.47;13.4;24.6;0.46;1201;0;-0.16;0.18;0.05;194;0.11;0.02;0.31;0.18;0.06;1.53;0.26;3.3;1.77;0.54
19/06/24   ;09:00;0.56;13.4;24.8;0.56;1179;0;-0.14;0.18;0.05;203;0.11;0.02;0.29;0.17;0.05;1.44;0.37;4.08;1.69;0.59
19/06/24   ;10:00;0.6;13.4;24.9;0.6;1203;0;-0.15;0.16;0.05;185;0.11;0.02;0.25;0.17;0.05;1.61;0.32;3.2;1.88;0.54
19/06/24   ;11:00;0.57;13.3;24.9;0.57;1197;0;-0.13;0.16;0.04;179;0.11;0.02;0.26;0.17;0.05;1.66;0.34;3.83;2.02;0.64
19/06/24   ;12:00;0.51;13.3;25.1;0.51;1198;0;-0.15;0.18;0.05;179;0.12;0.01;0.29;0.18;0.06;1.66;0.36;3.54;1.9;0.52
19/06/24   ;13:00;0.41;13.3;25.3;0.41;1184;0;-0.12;0.11;0.03;170;0.08;0.02;0.19;0.12;0.04;1.73;0.29;3.71;2.09;0.64
19/06/24   ;14:00;0.34;13.3;25.4;0.34;1198;0;-0.12;0.16;0.04;180;0.1;0.02;0.26;0.16;0.05;1.65;0.41;3.35;1.95;0.6
19/06/24   ;15:00;0.34;13.3;25.5;0.34;1198;0;-0.13;0.18;0.04;176;0.1;0.01;0.3;0.15;0.05;1.69;0.28;3.58;1.95;0.61
19/06/24   ;16:00;0.39;13.3;25.4;0.4;1191;0;-0.13;0.13;0.04;185;0.09;0.02;0.25;0.14;0.04;1.61;0.29;3.4;1.91;0.59
19/06/24   ;17:00;0.52;13.3;25.6;0.52;1207;0;-0.17;0.15;0.05;175;0.12;0.01;0.3;0.18;0.06;1.71;0.29;3.62;1.93;0.58
19/06/24   ;18:00;0.65;13.3;25.5;0.65;1197;0;-0.15;0.19;0.05;194;0.11;0.02;0.31;0.17;0.05;1.54;0.35;3.65;1.82;0.6
19/06/24   ;19:00;0.75;13.3;25.2;0.75;1198;0;-0.18;0.23;0.05;197;0.12;0.01;0.4;0.19;0.06;1.51;0.33;3.85;1.9;0.61
19/06/24   ;20:00;0.81;13.3;24.8;0.81;1200;0;-0.1;0.11;0.03;197;0.08;0.01;0.19;0.12;0.04;1.51;0.32;3.67;1.94;0.67
19/06/24   ;21:00;0.79;13.3;24.7;0.79;1194;0;-0.13;0.17;0.04;171;0.11;0.02;0.27;0.16;0.05;1.74;0.58;3.41;2.14;0.69
19/06/24   ;22:00;0.71;13.3;24.9;0.71;1194;0;-0.09;0.11;0.03;169;0.07;0.01;0.17;0.11;0.03;1.75;0.38;4.14;2.16;0.65
19/06/24   ;23:00;0.54;13.3;25.2;0.54;1199;0;-0.08;0.08;0.02;161;0.05;0.01;0.14;0.09;0.03;1.85;0.31;4.6;2.35;0.77
20/06/24   ;00:00;0.36;13.3;25.4;0.36;1198;0;-0.1;0.15;0.04;135;0.09;0.01;0.22;0.14;0.05;2.21;0.38;4.38;3.03;1.02
20/06/24   ;01:00;0.18;13.4;25.4;0.17;1211;0;-0.07;0.07;0.02;159;0.05;0.01;0.13;0.08;0.03;1.89;0.28;3.84;2.38;0.74
20/06/24   ;02:00;0;13.4;25.4;0;1193;0;-0.04;0.04;0.01;139;0.03;0.01;0.06;0.04;0.01;2.14;0.38;3.72;2.49;0.76
20/06/24   ;03:00;-0.13;13.3;25.4;-0.13;1196;0;-0.04;0.04;0.01;162;0.03;0;0.07;0.04;0.01;1.83;0.63;4.2;2.16;0.71
20/06/24   ;04:00;-0.2;13.3;25.4;-0.2;1200;0;-0.08;0.09;0.02;140;0.05;0.01;0.16;0.08;0.03;2.12;0.44;4.14;2.98;0.99
20/06/24   ;05:00;-0.15;13.4;25.4;-0.15;1200;0;-0.07;0.08;0.02;170;0.05;0;0.13;0.07;0.02;1.75;0.36;3.64;2.13;0.64
20/06/24   ;06:00;0.01;13.4;25.5;0.01;1200;0;-0.13;0.16;0.04;153;0.1;0.01;0.27;0.15;0.05;1.94;0.34;4.05;2.36;0.73
20/06/24   ;07:00;0.2;13.4;25.5;0.2;1197;0;-0.13;0.21;0.05;193;0.11;0;0.34;0.17;0.05;1.54;0.35;3.86;1.79;0.58
20/06/24   ;08:00;0.34;13.4;25.6;0.34;1200;0;-0.15;0.22;0.05;206;0.12;0.02;0.34;0.18;0.06;1.44;0.47;3.13;1.68;0.49
20/06/24   ;09:00;0.48;13.3;25.5;0.48;1200;0;-0.14;0.17;0.05;189;0.12;0.02;0.3;0.17;0.05;1.58;0.43;3.49;1.74;0.55
20/06/24   ;10:00;0.57;13.3;25.5;0.57;1197;0;-0.13;0.18;0.04;210;0.09;0.01;0.31;0.14;0.05;1.42;0.34;4.08;1.74;0.55
20/06/24   ;11:00;0.6;13.4;25.1;0.6;1197;0;-0.13;0.14;0.04;192;0.11;0.02;0.25;0.16;0.05;1.55;0.56;3.07;1.8;0.54
20/06/24   ;12:00;0.58;13.4;25.3;0.58;1200;0;-0.21;0.19;0.05;186;0.11;0.02;0.3;0.17;0.05;1.61;0.32;3.59;1.96;0.58
20/06/24   ;13:00;0.48;13.4;25.6;0.48;1195;0;-0.14;0.17;0.04;179;0.11;0.01;0.27;0.16;0.05;1.66;0.35;3.62;1.93;0.65
20/06/24   ;14:00;0.38;13.4;25.9;0.38;1195;0;-0.13;0.15;0.04;178;0.11;0.03;0.26;0.17;0.05;1.67;0.45;5.09;2.03;0.62
20/06/24   ;15:00;0.32;13.3;25.9;0.31;1199;0;-0.11;0.13;0.04;186;0.08;0.01;0.2;0.13;0.04;1.61;0.32;3.96;2.11;0.7
20/06/24   ;16:00;0.3;13.3;25.9;0.3;1200;0;-0.11;0.13;0.04;174;0.09;0.01;0.22;0.13;0.04;1.71;0.4;3.84;2.27;0.75
20/06/24   ;17:00;0.38;13.3;25.5;0.38;1194;0;-0.12;0.17;0.04;185;0.1;0.01;0.23;0.15;0.05;1.61;0.27;4.22;2.02;0.66
20/06/24   ;18:00;0.5;13.4;25.6;0.5;1208;0;-0.13;0.16;0.04;178;0.1;0.02;0.3;0.15;0.05;1.69;0.33;3.68;2.12;0.66
20/06/24   ;19:00;0.61;13.3;25.5;0.61;1199;0;-0.15;0.16;0.04;191;0.1;0.01;0.31;0.15;0.05;1.56;0.27;3.82;1.88;0.64
20/06/24   ;20:00;0.72;13.3;25.3;0.72;1200;0;-0.24;0.2;0.05;197;0.1;0.01;0.44;0.17;0.06;1.51;0.27;3.22;1.92;0.64
20/06/24   ;21:00;0.76;13.3;25.1;0.76;1200;0;-0.12;0.13;0.04;180;0.1;0.01;0.22;0.14;0.04;1.66;0.49;3.45;1.91;0.58
20/06/24   ;22:00;0.75;13.3;25.2;0.75;1200;0;-0.12;0.12;0.03;189;0.08;0.01;0.24;0.13;0.04;1.58;0.56;3.51;1.82;0.56
20/06/24   ;23:00;0.63;13.3;25.2;0.64;1196;0;-0.14;0.14;0.04;163;0.08;0.01;0.26;0.14;0.05;1.81;0.28;4.96;2.15;0.68
21/06/24   ;00:00;0.45;13.3;25.4;0.45;1194;0;-0.1;0.11;0.03;135;0.07;0.01;0.17;0.11;0.04;2.2;0.37;4.31;2.95;0.96
21/06/24   ;01:00;0.25;13.3;25.6;0.25;1200;0;-0.06;0.06;0.02;145;0.04;0;0.1;0.06;0.02;2.04;0.47;3.94;2.49;0.74
21/06/24   ;02:00;0.06;13.3;25.8;0.06;1200;0;-0.04;0.04;0.01;154;0.03;0;0.07;0.05;0.01;1.94;0.32;4.54;2.49;0.83
21/06/24   ;03:00;-0.11;13.3;25.8;-0.11;1195;0;-0.02;0.03;0.01;151;0.02;0;0.04;0.03;0.01;1.97;0.31;4.36;2.49;0.79
21/06/24   ;04:00;-0.22;13.4;25.8;-0.21;1200;0;-0.07;0.07;0.02;122;0.05;0;0.13;0.08;0.03;2.43;0.26;4.65;2.9;0.98
21/06/24   ;05:00;-0.23;13.4;25.7;-0.22;1200;0;-0.08;0.08;0.02;170;0.05;0.01;0.15;0.08;0.03;1.74;0.3;3.73;2.11;0.65
21/06/24   ;06:00;-0.09;13.4;25.6;-0.09;1192;0;-0.15;0.18;0.04;175;0.1;0.01;0.28;0.16;0.05;1.69;0.29;3.36;2.01;0.61
21/06/24   ;07:00;0.11;13.3;25.6;0.11;1207;0;-0.13;0.16;0.04;182;0.1;0.01;0.27;0.15;0.05;1.65;0.35;3.68;2.06;0.61
21/06/24   ;08:00;0.3;13.3;25.8;0.3;1199;0;-0.11;0.14;0.04;185;0.09;0.01;0.24;0.14;0.04;1.61;0.29;3.42;1.91;0.63
21/06/24   ;09:00;0.45;13.4;25.8;0.45;1200;0;-0.15;0.16;0.05;199;0.11;0.01;0.29;0.17;0.05;1.49;0.35;3.43;1.67;0.56
21/06/24   ;10:00;0.58;13.4;25.8;0.58;1200;0;-0.16;0.16;0.05;193;0.12;0.02;0.3;0.18;0.05;1.55;0.28;3.45;1.89;0.59
21/06/24   ;11:00;0.68;13.4;25.2;0.68;1199;0;-0.13;0.16;0.04;191;0.11;0.02;0.25;0.17;0.05;1.56;0.27;3.8;1.81;0.58
21/06/24   ;12:00;0.66;13.4;25.3;0.66;1200;0;-0.15;0.17;0.05;193;0.12;0.01;0.29;0.17;0.05;1.55;0.32;2.96;1.88;0.56
21/06/24   ;13:00;0.58;13.3;25.5;0.58;1195;0;-0.14;0.17;0.05;172;0.12;0.02;0.26;0.18;0.05;1.73;0.39;3.64;2.01;0.57
21/06/24   ;14:00;0.47;13.3;26;0.47;1200;0;-0.12;0.17;0.04;173;0.1;0.02;0.24;0.16;0.05;1.73;0.4;3.57;1.9;0.62
21/06/24   ;15:00;0.36;13.4;26.1;0.36;1197;0;-0.13;0.14;0.04;186;0.09;0.02;0.23;0.14;0.04;1.59;0.33;3.42;1.96;0.61
21/06/24   ;16:00;0.34;13.4;26.2;0.34;1199;0;-0.15;0.12;0.04;186;0.09;0.01;0.24;0.14;0.04;1.6;0.44;3.85;2.08;0.63
21/06/24   ;17:00;0.38;13.4;26.1;0.38;1200;0;-0.16;0.21;0.05;179;0.12;0.01;0.32;0.18;0.06;1.66;0.66;3.77;1.92;0.59
21/06/24   ;18:00;0.48;13.3;25.8;0.48;1200;0;-0.16;0.17;0.05;179;0.11;0.02;0.28;0.18;0.06;1.67;0.37;3.32;1.91;0.66
21/06/24   ;19:00;0.61;13.3;25.5;0.61;1200;0;-0.14;0.16;0.04;192;0.1;0.01;0.23;0.16;0.05;1.55;0.33;3.13;1.89;0.58
21/06/24   ;20:00;0.76;13.4;25.3;0.76;1199;0;-0.14;0.14;0.05;198;0.11;0;0.24;0.17;0.05;1.5;0.31;3.41;1.92;0.64
21/06/24   ;21:00;0.85;13.3;24.8;0.85;1198;0;-0.15;0.19;0.04;167;0.09;0.01;0.29;0.15;0.05;1.78;0.34;3.83;2.27;0.79
21/06/24   ;22:00;0.89;13.3;24.6;0.89;1200;0;-0.14;0.17;0.04;196;0.1;0.01;0.31;0.16;0.05;1.53;0.33;3.13;1.77;0.51
21/06/24   ;23:00;0.83;13.3;24.6;0.83;1207;0;-0.16;0.17;0.04;180;0.09;0.01;0.28;0.15;0.05;1.67;0.27;3.54;2.07;0.64
22/06/24   ;00:00;0.66;13.3;25;0.66;1198;0;-0.12;0.12;0.04;137;0.09;0.01;0.22;0.14;0.05;2.17;0.4;4.48;2.66;0.8
22/06/24   ;01:00;0.45;13.3;25.3;0.45;1200;0;-0.1;0.08;0.03;135;0.06;0.01;0.18;0.1;0.03;2.21;0.33;4.1;2.8;0.87
22/06/24   ;02:00;0.23;13.4;25.5;0.23;1197;0;-0.08;0.09;0.02;145;0.06;0.01;0.14;0.09;0.03;2.05;0.43;4.36;2.55;0.8
22/06/24   ;03:00;0.04;13.4;25.7;0.04;1200;0;-0.04;0.04;0.01;183;0.03;0;0.08;0.05;0.02;1.62;0.27;3.37;1.92;0.6
22/06/24   ;04:00;-0.13;13.3;25.6;-0.13;1195;0;-0.06;0.05;0.02;127;0.04;0.01;0.1;0.07;0.02;2.34;0.38;4.47;2.89;1.04
22/06/24   ;05:00;-0.2;13.3;25.5;-0.2;1195;0;-0.13;0.14;0.04;139;0.08;0.01;0.27;0.14;0.05;2.13;0.32;4.42;2.57;0.88
22/06/24   ;06:00;-0.12;13.3;25.3;-0.12;1200;0;-0.12;0.12;0.04;166;0.1;0.01;0.22;0.15;0.05;1.78;0.42;3.71;2.19;0.59
22/06/24   ;07:00;0.04;13.3;25.4;0.04;1200;0;-0.11;0.13;0.04;179;0.09;0.01;0.24;0.14;0.04;1.67;0.32;3.67;1.81;0.62
22/06/24   ;08:00;0.22;13.4;25.3;0.23;1199;0;-0.13;0.14;0.04;178;0.1;0.01;0.21;0.14;0.04;1.67;0.51;3.34;2.02;0.6
22/06/24   ;09:00;0.38;13.4;25.4;0.38;1200;0;-0.12;0.15;0.04;184;0.1;0.01;0.22;0.15;0.05;1.61;0.39;3.97;1.95;0.63
22/06/24   ;10:00;0.53;13.3;25.3;0.53;1198;0;-0.15;0.18;0.05;193;0.11;0.02;0.33;0.17;0.05;1.54;0.5;3.83;1.78;0.58
22/06/24   ;11:00;0.62;13.3;24.9;0.62;1191;0;-0.13;0.19;0.04;176;0.11;0.02;0.31;0.16;0.05;1.66;0.29;3.54;2.09;0.64
22/06/24   ;12:00;0.65;13.4;25;0.65;1196;0;-0.13;0.14;0.05;191;0.11;0.02;0.25;0.17;0.05;1.56;0.39;3.42;1.8;0.57
22/06/24   ;13:00;0.62;13.4;25;0.62;1200;0;-0.16;0.22;0.05;166;0.13;0.01;0.36;0.2;0.06;1.78;0.47;3.44;2.06;0.61
22/06/24   ;14:00;0.52;13.4;25.4;0.52;1200;0;-0.13;0.14;0.04;185;0.1;0.01;0.24;0.15;0.05;1.62;0.33;3.61;1.91;0.57
22/06/24   ;15:00;0.4;13.4;25.8;0.4;1200;0;-0.12;0.15;0.04;180;0.09;0.02;0.23;0.14;0.04;1.65;0.38;3.39;2.04;0.6
22/06/24   ;16:00;0.33;13.3;26.1;0.33;1200;0;-0.15;0.14;0.04;169;0.11;0.01;0.27;0.17;0.05;1.77;0.57;3.53;1.96;0.54
22/06/24   ;17:00;0.34;13.3;26.2;0.34;1200;0;-0.14;0.16;0.05;183;0.11;0.02;0.3;0.17;0.05;1.62;0.35;3.25;2;0.59
22/06/24   ;18:00;0.42;13.4;25.7;0.42;1199;0;-0.18;0.19;0.05;175;0.13;0.02;0.31;0.2;0.06;1.7;0.4;3.75;1.96;0.61
22/06/24   ;19:00;0.57;13.4;26;0.57;1200;0;-0.16;0.25;0.06;185;0.14;0.01;0.37;0.21;0.06;1.61;0.35;3.24;1.94;0.59
22/06/24   ;20:00;0.72;13.3;25.4;0.72;1200;0;-0.14;0.17;0.05;195;0.12;0;0.29;0.18;0.05;1.53;0.33;3.64;1.74;0.6
22/06/24   ;21:00;0.84;13.3;24.6;0.84;1197;0;-0.13;0.15;0.05;180;0.11;0.01;0.27;0.17;0.05;1.66;0.32;3.66;2.01;0.67
22/06/24   ;22:00;0.92;13.4;23.8;0.92;1200;0;-0.18;0.21;0.04;185;0.1;0.01;0.36;0.16;0.05;1.61;0.42;3.26;1.95;0.62
22/06/24   ;23:00;0.91;13.3;23.8;0.91;1200;0;-0.15;0.19;0.05;166;0.11;0.01;0.33;0.17;0.06;1.79;0.37;3.96;2.07;0.6
23/06/24   ;00:00;0.82;13.4;24.1;0.82;1199;0;-0.12;0.13;0.03;170;0.08;0.01;0.23;0.12;0.04;1.74;0.36;3.8;2.16;0.71
23/06/24   ;01:00;0.64;13.3;24.7;0.64;1200;0;-0.17;0.14;0.03;171;0.07;0;0.31;0.12;0.04;1.73;0.29;3.36;2.03;0.65
23/06/24   ;02:00;0.45;13.3;25;0.44;1200;0;-0.1;0.1;0.03;152;0.08;0;0.2;0.12;0.04;1.95;0.29;4.3;2.07;0.55
23/06/24   ;03:00;0.22;13.3;25.3;0.22;1200;0;-0.12;0.15;0.04;138;0.08;0.01;0.26;0.14;0.05;2.16;0.36;4.2;2.37;0.87
23/06/24   ;04:00;0.02;13.3;25.4;0.02;1196;0;-0.09;0.08;0.02;152;0.05;0.01;0.16;0.09;0.03;1.96;0.3;3.9;2.51;0.83
23/06/24   ;05:00;-0.11;13.3;25.3;-0.1;1200;0;-0.12;0.12;0.03;159;0.07;0.01;0.22;0.12;0.04;1.88;0.26;5.9;2.34;0.95
23/06/24   ;06:00;-0.16;13.3;25.2;-0.16;1200;0;-0.13;0.12;0.04;165;0.09;0.01;0.25;0.14;0.04;1.81;0.32;3.49;2.19;0.67
23/06/24   ;07:00;-0.08;13.3;25.1;-0.08;1200;0;-0.16;0.18;0.04;170;0.1;0.01;0.34;0.17;0.06;1.74;0.38;3.2;1.98;0.58
23/06/24   ;08:00;0.05;13.3;25;0.05;1200;0;-0.14;0.13;0.04;172;0.1;0.02;0.24;0.14;0.04;1.74;0.6;3.78;1.99;0.62
23/06/24   ;09:00;0.24;13.3;24.9;0.24;1200;0;-0.13;0.17;0.04;183;0.1;0.02;0.24;0.15;0.05;1.63;0.32;4.02;1.94;0.65
23/06/24   ;10:00;0.42;13.4;25.1;0.41;1199;0;-0.12;0.18;0.04;199;0.11;0.01;0.26;0.16;0.05;1.49;0.31;3.26;1.62;0.51
23/06/24   ;11:00;0.54;13.3;25;0.54;1200;0;-0.16;0.25;0.05;175;0.12;0.01;0.41;0.19;0.06;1.7;0.41;4.07;1.97;0.67
23/06/24   ;12:00;0.59;13.3;24.8;0.59;1195;0;-0.14;0.17;0.04;190;0.1;0.01;0.26;0.16;0.05;1.56;0.31;3.33;1.88;0.54
23/06/24   ;13:00;0.6;13.3;24.8;0.6;1198;0;-0.15;0.17;0.05;183;0.11;0.01;0.25;0.16;0.05;1.61;0.34;3.42;1.89;0.58
23/06/24   ;14:00;0.55;13.3;24.8;0.55;1200;0;-0.12;0.16;0.04;191;0.09;0.01;0.23;0.14;0.04;1.56;0.39;3.66;1.81;0.58
23/06/24   ;15:00;0.45;13.4;25;0.45;1190;0;-0.15;0.15;0.04;174;0.1;0.01;0.27;0.16;0.05;1.7;0.3;3.81;1.91;0.64
23/06/24   ;16:00;0.35;13.4;25.1;0.35;1200;0;-0.12;0.17;0.04;176;0.1;0.01;0.29;0.15;0.05;1.69;0.26;3.65;2.06;0.65
23/06/24   ;17:00;0.31;13.4;25.1;0.31;1200;0;-0.14;0.15;0.04;175;0.11;0.02;0.25;0.16;0.05;1.69;0.28;3.61;2;0.61
23/06/24   ;18:00;0.35;13.3;25.1;0.35;1192;0;-0.13;0.13;0.04;184;0.1;0.01;0.22;0.14;0.04;1.61;0.33;3.46;1.97;0.62
23/06/24   ;19:00;0.43;13.3;24.7;0.43;1200;0;-0.16;0.18;0.05;183;0.11;0.01;0.28;0.17;0.05;1.63;0.32;3.68;2.04;0.68
23/06/24   ;20:00;0.57;13.4;24.5;0.57;1200;0;-0.14;0.14;0.04;194;0.1;0.01;0.28;0.16;0.05;1.54;0.31;3.34;1.75;0.58
23/06/24   ;21:00;0.72;13.4;24.4;0.72;1200;0;-0.11;0.15;0.03;190;0.08;0;0.26;0.12;0.04;1.57;0.32;3.6;1.96;0.64
23/06/24   ;22:00;0.82;13.4;24.1;0.82;1198;0;-0.13;0.16;0.04;191;0.11;0.01;0.25;0.16;0.05;1.56;0.36;3.39;1.88;0.64
23/06/24   ;23:00;0.87;13.4;24.2;0.87;1195;0;-0.15;0.18;0.05;212;0.11;0.02;0.28;0.17;0.05;1.4;0.39;3.64;1.67;0.52
24/06/24   ;00:00;0.85;13.3;24.6;0.85;1196;0;-0.17;0.16;0.04;165;0.08;0.02;0.31;0.14;0.05;1.8;0.42;4.3;2.43;0.85
24/06/24   ;01:00;0.76;13.4;24.5;0.76;1195;0;-0.13;0.13;0.03;181;0.07;0.01;0.26;0.11;0.04;1.64;0.28;4.01;2.16;0.66
24/06/24   ;02:00;0.56;13.4;24.2;0.55;1200;0;-0.09;0.13;0.03;221;0.08;0.01;0.19;0.12;0.04;1.35;0.32;2.99;1.59;0.46
24/06/24   ;03:00;0.33;13.4;24.3;0.33;1200;0;-0.13;0.14;0.03;207;0.06;0.01;0.24;0.1;0.03;1.44;0.34;3.59;1.72;0.55
24/06/24   ;04:00;0.14;13.3;24.6;0.14;1200;0;-0.12;0.13;0.03;204;0.07;0.01;0.24;0.11;0.04;1.46;0.29;4.22;1.69;0.56
24/06/24   ;05:00;-0.02;13.3;24.7;-0.02;1200;0;-0.1;0.13;0.03;186;0.08;0.01;0.21;0.12;0.04;1.61;0.29;3.5;2.01;0.64
24/06/24   ;06:00;-0.15;13.3;24.6;-0.15;1208;0;-0.12;0.12;0.04;186;0.08;0.01;0.2;0.13;0.04;1.61;0.32;3.77;2.11;0.67
24/06/24   ;07:00;-0.16;13.3;24.5;-0.15;1200;0;-0.15;0.2;0.05;200;0.12;0.02;0.29;0.19;0.06;1.49;0.3;3.55;1.74;0.52
24/06/24   ;08:00;-0.01;13.4;24.2;-0.01;1200;0;-0.15;0.17;0.05;202;0.12;0.01;0.29;0.18;0.06;1.48;0.43;3;1.68;0.53
24/06/24   ;09:00;0.17;13.4;24.1;0.17;1198;0;-0.2;0.23;0.05;186;0.13;0.01;0.39;0.19;0.06;1.6;0.27;3.47;1.89;0.61
24/06/24   ;10:00;0.37;13.3;24.1;0.37;1200;0;-0.13;0.17;0.04;196;0.11;0.01;0.26;0.16;0.05;1.51;0.33;3.32;1.73;0.53
24/06/24   ;11:00;0.52;13.3;24;0.52;1200;0;-0.13;0.23;0.05;198;0.13;0.01;0.31;0.19;0.06;1.5;0.37;3.28;1.67;0.56
24/06/24   ;12:00;0.69;13.3;24;0.69;1200;0;-0.15;0.24;0.06;211;0.14;0.02;0.36;0.2;0.06;1.41;0.29;3.06;1.67;0.51
24/06/24   ;13:00;0.77;13.3;24.3;0.77;1200;0;-0.17;0.25;0.06;213;0.15;0.02;0.36;0.23;0.07;1.4;0.31;3.17;1.66;0.53
24/06/24   ;14:00;0.78;13.3;24.4;0.78;1196;0;-0.18;0.28;0.06;185;0.16;0.02;0.39;0.23;0.07;1.61;0.4;3.55;1.98;0.58
24/06/24   ;15:00;0.72;13.3;24.3;0.72;1200;0;-0.14;0.18;0.05;197;0.13;0.02;0.28;0.19;0.06;1.51;0.36;3.3;1.7;0.52
24/06/24   ;16:00;0.65;13.4;24.1;0.65;1200;0;-0.16;0.21;0.05;203;0.12;0.03;0.34;0.19;0.06;1.47;0.34;3.58;1.79;0.55
24/06/24   ;17:00;0.55;13.3;24.1;0.56;1199;0;-0.18;0.19;0.06;174;0.13;0.02;0.35;0.21;0.06;1.71;0.43;3.79;2.13;0.62
24/06/24   ;18:00;0.53;13.3;24.1;0.53;1194;0;-0.14;0.15;0.04;199;0.1;0.02;0.25;0.16;0.05;1.49;0.42;3.27;1.82;0.56
24/06/24   ;19:00;0.56;13.4;24.2;0.56;1199;0;-0.15;0.18;0.05;197;0.12;0.02;0.28;0.17;0.05;1.51;0.37;3.52;1.8;0.59
24/06/24   ;20:00;0.66;13.4;24.1;0.66;1197;0;-0.16;0.26;0.05;203;0.12;0.01;0.36;0.19;0.06;1.47;0.49;3.51;1.86;0.61
24/06/24   ;21:00;0.76;13.4;24.1;0.77;1200;0;-0.14;0.15;0.04;247;0.1;0.03;0.26;0.15;0.04;1.21;0.3;2.81;1.44;0.48
24/06/24   ;22:00;0.85;13.4;24.2;0.85;1200;0;-0.09;0.14;0.03;224;0.08;0.01;0.2;0.12;0.04;1.34;0.32;3.31;1.62;0.54
24/06/24   ;23:00;0.9;13.3;24.2;0.9;1200;0;-0.11;0.13;0.03;196;0.08;0.01;0.2;0.13;0.04;1.52;0.3;4.16;1.95;0.67
25/06/24   ;00:00;0.89;13.3;24.4;0.89;1194;0;-0.12;0.13;0.03;185;0.08;0.01;0.22;0.12;0.04;1.6;0.3;4.12;2.31;0.89
25/06/24   ;01:00;0.8;13.4;24.1;0.79;1200;0;-0.09;0.09;0.03;234;0.06;0.01;0.17;0.09;0.03;1.27;0.38;2.65;1.52;0.49
25/06/24   ;02:00;0.63;13.4;24.1;0.63;1200;0;-0.09;0.09;0.03;186;0.07;0.01;0.18;0.1;0.03;1.6;0.31;3.67;2.04;0.72
25/06/24   ;03:00;0.43;13.4;24;0.43;1192;0;-0.06;0.05;0.02;202;0.04;0.01;0.09;0.06;0.02;1.47;0.37;3.2;1.77;0.59
25/06/24   ;04:00;0.24;13.4;23.8;0.24;1196;0;-0.1;0.09;0.02;175;0.06;0.01;0.14;0.09;0.03;1.69;0.31;3.9;2.07;0.7
25/06/24   ;05:00;0.06;13.3;23.8;0.06;1200;0;-0.06;0.06;0.02;181;0.05;0.01;0.12;0.08;0.03;1.65;0.37;3.5;2.06;0.72
25/06/24   ;06:00;-0.07;13.4;23.7;-0.07;1197;0;-0.12;0.13;0.04;163;0.09;0.01;0.24;0.14;0.05;1.82;0.37;3.63;2.26;0.73
25/06/24   ;07:00;-0.12;13.3;23.7;-0.12;1199;0;-0.14;0.18;0.05;166;0.11;0.03;0.27;0.17;0.05;1.8;0.3;3.97;2.02;0.65
25/06/24   ;08:00;-0.08;13.3;23.6;-0.08;1196;0;-0.12;0.13;0.04;180;0.1;0.01;0.23;0.15;0.04;1.65;0.4;3.45;1.85;0.58
25/06/24   ;09:00;0.08;13.3;23.7;0.08;1200;0;-0.13;0.15;0.04;198;0.1;0.01;0.24;0.15;0.05;1.51;0.39;3.32;1.87;0.58
25/06/24   ;10:00;0.28;13.3;23.8;0.28;1200;0;-0.12;0.14;0.04;212;0.1;0.02;0.22;0.15;0.05;1.41;0.45;3.2;1.74;0.52
25/06/24   ;11:00;0.44;13.3;23.8;0.44;1200;0;-0.12;0.18;0.04;198;0.1;0.03;0.29;0.16;0.05;1.51;0.36;3.62;1.76;0.55
25/06/24   ;12:00;0.6;13.3;23.7;0.61;1198;0;-0.18;0.2;0.05;195;0.13;0.02;0.34;0.2;0.06;1.53;0.32;3.58;1.75;0.49
25/06/24   ;13:00;0.74;13.4;23.8;0.74;1200;0;-0.18;0.25;0.06;200;0.14;0.03;0.43;0.22;0.07;1.49;0.3;2.87;1.69;0.49
25/06/24   ;14:00;0.81;13.3;24;0.81;1196;0;-0.16;0.17;0.05;203;0.12;0.01;0.28;0.19;0.06;1.46;0.35;2.98;1.71;0.6
25/06/24   ;15:00;0.81;13.3;24.1;0.81;1189;0;-0.12;0.17;0.05;196;0.12;0.01;0.28;0.17;0.05;1.51;0.35;3.26;1.67;0.53
25/06/24   ;16:00;0.75;13.3;24.2;0.75;1196;0;-0.17;0.21;0.05;186;0.12;0.03;0.32;0.18;0.05;1.6;0.35;3.62;1.91;0.64
25/06/24   ;17:00;0.63;13.3;24.2;0.63;1200;0;-0.17;0.17;0.04;194;0.1;0.01;0.31;0.16;0.05;1.54;0.39;3.81;1.94;0.63
25/06/24   ;18:00;0.54;13.3;24.1;0.54;1194;0;-0.15;0.15;0.05;163;0.11;0.02;0.23;0.17;0.05;1.82;0.33;4.11;2.21;0.77
25/06/24   ;19:00;0.47;13.4;24.1;0.47;1200;0;-0.19;0.19;0.05;166;0.12;0.02;0.38;0.18;0.06;1.8;0.44;3.31;2.17;0.62
25/06/24   ;20:00;0.47;13.4;24.1;0.47;1198;0;-0.13;0.14;0.04;172;0.1;0.01;0.23;0.16;0.05;1.74;0.39;3.68;2.09;0.63
25/06/24   ;21:00;0.53;13.4;24;0.53;1200;0;-0.17;0.14;0.04;178;0.08;0.01;0.26;0.13;0.04;1.67;0.3;3.76;2.07;0.68
25/06/24   ;22:00;0.64;13.3;24;0.64;1197;0;-0.11;0.1;0.03;185;0.08;0.01;0.19;0.12;0.04;1.6;0.32;3.12;1.98;0.6
25/06/24   ;23:00;0.68;13.4;24;0.68;1199;0;-0.09;0.1;0.03;161;0.07;0.02;0.16;0.1;0.03;1.84;0.66;4.01;2.38;0.73
26/06/24   ;00:00;0.69;13.4;23.9;0.69;1197;0;-0.08;0.08;0.03;153;0.07;0.01;0.16;0.1;0.03;1.94;0.37;4.65;2.56;0.81
26/06/24   ;01:00;0.65;13.4;23.9;0.65;1200;0;-0.07;0.07;0.02;177;0.05;0.01;0.12;0.08;0.02;1.68;0.42;3.21;2.04;0.6
26/06/24   ;02:00;0.58;13.4;23.7;0.58;1199;0;-0.05;0.05;0.01;208;0.03;0;0.1;0.04;0.01;1.43;0.27;3.05;1.79;0.6
26/06/24   ;03:00;0.42;13.3;23.6;0.42;1200;0;-0.05;0.05;0.01;168;0.03;0.01;0.09;0.05;0.02;1.76;0.28;3.71;2.31;0.77
26/06/24   ;04:00;0.26;13.4;23.7;0.26;1192;0;-0.09;0.13;0.02;141;0.06;0.01;0.22;0.09;0.03;2.1;0.35;4.03;2.48;0.84
26/06/24   ;05:00;0.11;13.4;23.6;0.11;1197;0;-0.09;0.12;0.03;159;0.06;0.01;0.21;0.1;0.03;1.87;0.36;3.62;2.33;0.73
26/06/24   ;06:00;0.01;13.4;23.6;0.01;1200;0;-0.11;0.14;0.04;162;0.09;0.01;0.22;0.14;0.05;1.83;0.37;3.87;2.13;0.65
26/06/24   ;07:00;-0.04;13.4;23.5;-0.04;1196;0;-0.11;0.14;0.04;171;0.1;0.01;0.21;0.14;0.04;1.74;0.29;3.55;2.17;0.63
26/06/24   ;08:00;-0.03;13.3;23.6;-0.03;1201;0;-0.12;0.16;0.04;169;0.11;0.01;0.24;0.17;0.05;1.76;0.41;3.72;2.06;0.63
26/06/24   ;09:00;0.06;13.3;23.7;0.06;1197;0;-0.13;0.14;0.05;181;0.11;0.02;0.26;0.17;0.05;1.64;0.5;3.67;1.98;0.61
26/06/24   ;10:00;0.19;13.3;23.8;0.19;1200;0;-0.19;0.19;0.05;181;0.12;0.01;0.32;0.2;0.06;1.65;0.28;3.51;2.02;0.6
26/06/24   ;11:00;0.35;13.3;23.9;0.35;1194;0;-0.13;0.17;0.04;198;0.1;0.01;0.25;0.15;0.05;1.5;0.3;3.44;1.71;0.55
26/06/24   ;12:00;0.51;13.3;23.9;0.51;1195;0;-0.16;0.18;0.05;191;0.11;0.01;0.27;0.17;0.05;1.55;0.32;3.33;1.75;0.52
26/06/24   ;13:00;0.64;13.3;23.9;0.64;1199;0;-0.17;0.18;0.05;202;0.11;0.01;0.3;0.17;0.05;1.48;0.27;3.18;1.71;0.52
26/06/24   ;14:00;0.75;13.3;24.1;0.75;1200;0;-0.17;0.17;0.05;187;0.12;0.02;0.26;0.18;0.05;1.6;0.58;3.61;1.86;0.57
26/06/24   ;15:00;0.81;13.3;24.3;0.82;1196;0;-0.16;0.18;0.04;202;0.11;0.02;0.26;0.16;0.05;1.46;0.29;2.94;1.78;0.56
26/06/24   ;16:00;0.78;13.3;24.4;0.78;1200;0;-0.14;0.16;0.05;177;0.11;0.01;0.26;0.18;0.06;1.68;0.36;3.81;1.96;0.67
26/06/24   ;17:00;0.71;13.3;24.4;0.71;1199;0;-0.12;0.14;0.04;167;0.1;0.01;0.27;0.16;0.05;1.78;0.37;3.78;2.08;0.66
26/06/24   ;18:00;0.59;13.3;24.3;0.59;1197;0;-0.12;0.13;0.04;175;0.09;0.01;0.23;0.15;0.05;1.7;0.35;3.58;2.01;0.58
26/06/24   ;19:00;0.45;13.3;24.3;0.45;1200;0;-0.16;0.14;0.04;175;0.11;0.02;0.26;0.16;0.05;1.7;0.3;4.07;2.14;0.66
26/06/24   ;20:00;0.36;13.3;24.3;0.36;1195;0;-0.11;0.15;0.04;169;0.08;0.01;0.26;0.13;0.04;1.76;0.35;4.04;2.17;0.73
26/06/24   ;21:00;0.34;13.3;24.2;0.34;1197;0;-0.11;0.11;0.03;166;0.07;0.01;0.2;0.12;0.04;1.78;0.32;3.36;2.15;0.64
26/06/24   ;22:00;0.4;13.4;24.2;0.4;1206;0;-0.13;0.14;0.03;181;0.06;0.01;0.27;0.1;0.03;1.65;0.31;3.67;1.97;0.64
26/06/24   ;23:00;0.49;13.4;24.4;0.49;1197;0;-0.07;0.08;0.03;190;0.07;0.01;0.15;0.1;0.03;1.55;0.39;3.73;1.86;0.53
27/06/24   ;00:00;0.58;13.4;24.3;0.58;1198;0;-0.14;0.14;0.04;158;0.09;0.01;0.28;0.15;0.05;1.87;0.49;4.08;2.19;0.68
27/06/24   ;01:00;0.62;13.3;24.2;0.62;1200;0;-0.05;0.06;0.02;174;0.04;0;0.1;0.06;0.02;1.7;0.26;3.51;2.17;0.67
27/06/24   ;02:00;0.59;13.4;24.2;0.59;1200;0;-0.03;0.03;0.01;175;0.02;0;0.06;0.03;0.01;1.69;0.33;4.19;1.93;0.58
27/06/24   ;03:00;0.48;13.4;24.1;0.48;1200;0;-0.1;0.09;0.02;146;0.05;0.01;0.17;0.08;0.03;2.04;0.44;5.84;2.5;0.75
27/06/24   ;04:00;0.36;13.4;24.1;0.36;1195;0;-0.05;0.06;0.02;151;0.04;0.01;0.1;0.07;0.02;1.96;0.32;4.45;2.44;0.8
27/06/24   ;05:00;0.22;13.4;24;0.22;1200;0;-0.07;0.07;0.02;181;0.05;0.01;0.13;0.07;0.02;1.65;0.36;3.61;2.03;0.64
27/06/24   ;06:00;0.08;13.3;24;0.08;1199;0;-0.11;0.14;0.03;160;0.08;0.01;0.22;0.12;0.04;1.86;0.34;4.13;2.31;0.72
27/06/24   ;07:00;-0.03;13.3;24;-0.02;1194;0;-0.12;0.14;0.04;159;0.1;0.01;0.19;0.15;0.04;1.86;0.35;4.54;2.39;0.78
27/06/24   ;08:00;-0.07;13.4;24;-0.07;1199;0;-0.11;0.13;0.04;182;0.09;0.02;0.23;0.13;0.04;1.64;0.38;3.29;1.88;0.53
27/06/24   ;09:00;-0.01;13.4;24.1;-0.01;1200;0;-0.13;0.13;0.04;185;0.1;0.01;0.22;0.14;0.04;1.62;0.33;3.48;1.89;0.61
27/06/24   ;10:00;0.13;13.4;24.3;0.13;1200;0;-0.12;0.16;0.04;196;0.09;0.01;0.25;0.14;0.04;1.52;0.27;3.31;1.89;0.61
27/06/24   ;11:00;0.29;13.4;24.4;0.29;1199;0;-0.19;0.24;0.05;198;0.12;0.03;0.35;0.18;0.06;1.51;0.46;3.49;1.74;0.51
27/06/24   ;12:00;0.44;13.3;24.8;0.44;1194;0;-0.16;0.23;0.05;191;0.13;0.02;0.37;0.2;0.06;1.55;0.47;3.49;1.79;0.53
27/06/24   ;13:00;0.58;13.3;24.7;0.58;1192;0;-0.16;0.19;0.05;185;0.13;0.01;0.29;0.2;0.06;1.6;0.46;3.24;1.82;0.52
27/06/24   ;14:00;0.69;13.3;24.8;0.69;1198;0;-0.15;0.18;0.05;193;0.12;0.02;0.26;0.18;0.05;1.53;0.42;3.52;1.8;0.58
27/06/24   ;15:00;0.76;13.3;24.9;0.76;1200;0;-0.16;0.19;0.06;189;0.13;0.02;0.3;0.2;0.06;1.57;0.28;3.84;1.94;0.62
27/06/24   ;16:00;0.76;13.3;25;0.76;1200;0;-0.17;0.17;0.05;182;0.12;0.02;0.33;0.19;0.06;1.64;0.5;4.03;2.08;0.65
27/06/24   ;17:00;0.71;13.3;25.1;0.71;1199;0;-0.13;0.14;0.04;182;0.1;0.01;0.24;0.15;0.05;1.63;0.28;3.77;2.04;0.65
27/06/24   ;18:00;0.6;13.3;25.1;0.59;1191;0;-0.14;0.16;0.04;166;0.11;0.02;0.25;0.16;0.05;1.78;0.58;4.24;2.18;0.7
27/06/24   ;19:00;0.48;13.3;25.1;0.48;1188;0;-0.12;0.18;0.04;164;0.1;0.01;0.27;0.15;0.05;1.8;0.54;4.4;2.39;0.77
27/06/24   ;20:00;0.39;13.3;25.1;0.39;1200;0;-0.11;0.13;0.04;166;0.09;0.01;0.23;0.13;0.04;1.8;0.4;3.84;2.25;0.73
27/06/24   ;21:00;0.33;13.3;25.1;0.33;1200;0;-0.14;0.13;0.03;166;0.08;0.01;0.24;0.13;0.04;1.79;0.33;3.44;2.22;0.65
27/06/24   ;22:00;0.32;13.3;25;0.32;1199;0;-0.15;0.16;0.03;186;0.08;0;0.26;0.12;0.04;1.6;0.42;3.52;1.93;0.58
27/06/24   ;23:00;0.35;13.3;25;0.35;1194;0;-0.11;0.1;0.03;163;0.08;0.01;0.19;0.12;0.04;1.8;0.3;3.4;2.07;0.58
28/06/24   ;00:00;0.4;13.4;25;0.4;1195;0;-0.1;0.1;0.03;155;0.08;0.01;0.16;0.12;0.03;1.92;0.48;4.38;2.51;0.79
28/06/24   ;01:00;0.47;13.4;25.1;0.47;1200;0;-0.07;0.07;0.02;185;0.05;0.01;0.12;0.08;0.02;1.61;0.31;3.03;1.91;0.54
28/06/24   ;02:00;0.5;13.3;25.2;0.5;1198;0;-0.05;0.05;0.01;208;0.03;0.01;0.09;0.05;0.01;1.41;0.32;3.15;1.76;0.53
28/06/24   ;03:00;0.48;13.3;25.2;0.48;1203;0;-0.05;0.05;0.01;194;0.03;0;0.1;0.05;0.01;1.54;0.39;2.96;1.86;0.59
28/06/24   ;04:00;0.41;13.4;25;0.41;1200;0;-0.07;0.07;0.02;181;0.04;0.01;0.14;0.06;0.02;1.65;0.31;4.31;2.13;0.74
28/06/24   ;05:00;0.3;13.4;24.8;0.3;1208;0;-0.09;0.11;0.03;145;0.08;0.02;0.21;0.13;0.04;2.06;0.38;4.05;2.48;0.79
28/06/24   ;06:00;0.19;13.4;24.7;0.19;1193;0;-0.14;0.16;0.04;156;0.09;0.01;0.27;0.14;0.05;1.9;0.38;4.27;2.28;0.78
28/06/24   ;07:00;0.1;13.4;24.7;0.1;1186;0;-0.11;0.12;0.04;183;0.09;0.01;0.23;0.13;0.04;1.6;0.36;3.04;1.81;0.57
28/06/24   ;08:00;0.05;13.3;24.7;0.05;1200;0;-0.14;0.18;0.05;163;0.11;0.01;0.28;0.17;0.05;1.83;0.42;3.77;2.24;0.71
28/06/24   ;09:00;0.04;13.3;24.9;0.03;1199;0;-0.11;0.13;0.04;172;0.1;0.01;0.23;0.15;0.05;1.73;0.3;3.7;2.06;0.67
28/06/24   ;10:00;0.07;13.4;24.9;0.07;1199;0;-0.13;0.18;0.05;186;0.11;0.02;0.27;0.17;0.05;1.6;0.46;3.67;1.85;0.57
28/06/24   ;11:00;0.16;13.4;25.4;0.16;1197;0;-0.11;0.12;0.04;182;0.09;0.01;0.2;0.13;0.04;1.63;0.32;3.96;1.9;0.67
28/06/24   ;12:00;0.29;13.4;25.6;0.29;1200;0;-0.14;0.22;0.05;173;0.11;0.01;0.34;0.17;0.06;1.72;0.45;4.05;2.01;0.63
28/06/24   ;13:00;0.43;13.4;25.7;0.43;1200;0;-0.14;0.16;0.05;184;0.13;0.01;0.29;0.18;0.05;1.62;0.45;3.41;1.78;0.51
28/06/24   ;14:00;0.53;13.3;25.9;0.53;1197;0;-0.17;0.24;0.06;188;0.14;0.02;0.4;0.21;0.06;1.59;0.44;3.55;1.69;0.53
28/06/24   ;15:00;0.63;13.3;25.7;0.63;1200;0;-0.13;0.16;0.05;180;0.11;0.02;0.24;0.17;0.05;1.66;0.27;3.35;2.04;0.68
28/06/24   ;16:00;0.7;13.3;25.9;0.7;1200;0;-0.16;0.15;0.04;189;0.1;0.02;0.25;0.16;0.05;1.58;0.37;3.71;1.94;0.72
28/06/24   ;17:00;0.7;13.4;26;0.7;1200;0;-0.11;0.18;0.04;193;0.1;0.01;0.24;0.15;0.05;1.55;0.43;3.89;1.86;0.58
28/06/24   ;18:00;0.63;13.4;26;0.63;1191;0;-0.15;0.19;0.05;159;0.12;0.01;0.27;0.19;0.05;1.86;0.27;3.67;2.28;0.76
28/06/24   ;19:00;0.53;13.3;26;0.53;1198;0;-0.15;0.13;0.04;167;0.1;0.01;0.27;0.16;0.05;1.79;0.35;4.21;2.24;0.74
28/06/24   ;20:00;0.41;13.4;26.1;0.41;1200;0;-0.13;0.11;0.04;170;0.09;0;0.23;0.14;0.04;1.75;0.33;4.29;2.1;0.63
28/06/24   ;21:00;0.28;13.3;26;0.28;1200;0;-0.12;0.14;0.04;160;0.09;0.01;0.23;0.14;0.04;1.87;0.28;3.97;2.26;0.75
28/06/24   ;22:00;0.2;13.4;25.9;0.2;1200;0;-0.12;0.19;0.04;164;0.1;0.01;0.28;0.16;0.05;1.81;0.35;3.49;2.16;0.56
28/06/24   ;23:00;0.17;13.3;25.9;0.17;1196;0;-0.16;0.17;0.04;149;0.1;0.02;0.33;0.16;0.05;1.98;0.36;3.75;2.27;0.65
29/06/24   ;00:00;0.19;13.3;25.8;0.19;1199;0;-0.19;0.17;0.04;151;0.1;0.01;0.37;0.16;0.05;1.98;0.56;3.99;2.39;0.67
29/06/24   ;01:00;0.23;13.4;25.8;0.23;1200;0;-0.1;0.12;0.03;174;0.06;0.01;0.22;0.1;0.04;1.71;0.42;3.37;2.05;0.66
29/06/24   ;02:00;0.29;13.3;26.1;0.29;1196;0;-0.07;0.09;0.02;181;0.04;0.01;0.15;0.07;0.02;1.64;0.38;3.31;1.99;0.63
29/06/24   ;03:00;0.34;13.3;26.2;0.34;1199;0;-0.05;0.06;0.02;162;0.04;0.01;0.1;0.07;0.02;1.84;0.56;4.09;2.15;0.61
29/06/24   ;04:00;0.34;13.3;26.2;0.34;1198;0;-0.05;0.06;0.02;167;0.04;0;0.1;0.06;0.02;1.78;0.34;3.84;2.09;0.63
29/06/24   ;05:00;0.32;13.3;26.2;0.32;1199;0;-0.07;0.07;0.02;169;0.05;0.01;0.13;0.08;0.03;1.76;0.31;3.72;2.17;0.68
29/06/24   ;06:00;0.24;13.3;26;0.24;1195;0;-0.13;0.14;0.04;164;0.09;0.01;0.22;0.14;0.05;1.82;0.33;3.34;2.16;0.69
29/06/24   ;07:00;0.17;13.4;25.8;0.17;1200;0;-0.14;0.17;0.04;179;0.1;0.02;0.26;0.15;0.05;1.67;0.26;3.73;2.09;0.66
29/06/24   ;08:00;0.1;13.4;25.8;0.1;1199;0;-0.13;0.18;0.04;173;0.1;0.01;0.24;0.15;0.05;1.72;0.36;3.39;2.05;0.62
29/06/24   ;09:00;0.06;13.4;25.8;0.06;1194;0;-0.13;0.16;0.05;165;0.11;0.01;0.26;0.17;0.05;1.79;0.27;3.63;2.03;0.62
29/06/24   ;10:00;0.06;13.3;26;0.06;1199;0;-0.11;0.15;0.04;186;0.1;0.01;0.22;0.15;0.05;1.6;0.35;3.46;2.02;0.59
29/06/24   ;11:00;0.11;13.3;26.3;0.11;1194;0;-0.15;0.2;0.05;179;0.12;0.02;0.29;0.17;0.05;1.65;0.45;4.32;1.97;0.64
29/06/24   ;12:00;0.2;13.3;26.5;0.2;1198;0;-0.16;0.22;0.05;182;0.12;0.01;0.34;0.19;0.06;1.63;0.42;3.34;1.88;0.58
29/06/24   ;13:00;0.32;13.4;26.7;0.32;1200;0;-0.19;0.17;0.05;181;0.11;0.01;0.31;0.17;0.05;1.65;0.42;3.35;1.97;0.58
29/06/24   ;14:00;0.45;13.4;26.6;0.45;1200;0;-0.17;0.25;0.05;198;0.13;0.03;0.38;0.19;0.06;1.51;0.6;3.25;1.75;0.49
29/06/24   ;15:00;0.57;13.4;26.7;0.57;1193;0;-0.17;0.24;0.06;180;0.14;0.03;0.35;0.2;0.06;1.65;0.32;3.49;1.81;0.58
29/06/24   ;16:00;0.67;13.3;26.1;0.67;1198;0;-0.14;0.22;0.05;183;0.12;0.01;0.34;0.19;0.06;1.63;0.32;3.4;1.84;0.59
29/06/24   ;17:00;0.73;13.4;26.1;0.73;1200;0;-0.18;0.19;0.05;186;0.12;0.01;0.33;0.19;0.06;1.6;0.42;3.63;1.94;0.59
29/06/24   ;18:00;0.73;13.4;26.2;0.73;1200;0;-0.14;0.23;0.05;175;0.13;0.02;0.35;0.19;0.05;1.71;0.35;3.65;2.12;0.63
29/06/24   ;19:00;0.65;13.4;26.1;0.65;1200;0;-0.14;0.17;0.05;171;0.11;0.02;0.27;0.18;0.06;1.75;0.33;3.88;2.11;0.66
29/06/24   ;20:00;0.53;13.3;26.5;0.53;1198;0;-0.12;0.15;0.04;167;0.1;0.02;0.25;0.15;0.05;1.77;0.35;3.9;2.27;0.67
29/06/24   ;21:00;0.4;13.3;26.6;0.4;1197;0;-0.12;0.13;0.04;168;0.09;0.01;0.21;0.14;0.04;1.77;0.38;3.93;2.11;0.64
29/06/24   ;22:00;0.29;13.4;26.6;0.29;1196;0;-0.15;0.16;0.04;170;0.09;0.01;0.32;0.15;0.06;1.74;0.34;5;2.14;0.7
29/06/24   ;23:00;0.19;13.3;26.6;0.19;1202;0;-0.13;0.14;0.04;153;0.1;0.02;0.25;0.16;0.05;1.95;0.62;3.78;2.24;0.66
30/06/24   ;00:00;0.12;13.3;26.5;0.12;1198;0;-0.11;0.13;0.04;158;0.09;0.01;0.22;0.14;0.04;1.88;0.5;4.58;2.35;0.71
30/06/24   ;01:00;0.12;13.3;26.4;0.12;1198;0;-0.18;0.17;0.05;150;0.11;0.01;0.31;0.18;0.06;1.98;0.32;3.63;2.31;0.64
30/06/24   ;02:00;0.2;13.3;26.3;0.2;1200;0;-0.06;0.06;0.02;199;0.05;0;0.11;0.07;0.02;1.5;0.3;3.19;1.81;0.58
30/06/24   ;03:00;0.28;13.3;26.4;0.28;1199;0;-0.09;0.09;0.02;165;0.06;0;0.18;0.09;0.03;1.8;0.39;3.31;2.01;0.59
30/06/24   ;04:00;0.36;13.3;26.4;0.36;1199;0;-0.08;0.1;0.02;183;0.06;0.01;0.18;0.09;0.03;1.62;0.34;4.05;2.11;0.72
30/06/24   ;05:00;0.42;13.4;26.3;0.42;1198;0;-0.09;0.12;0.03;205;0.06;0.01;0.19;0.1;0.03;1.44;0.32;3.2;1.96;0.68
30/06/24   ;06:00;0.46;13.4;26.2;0.46;1201;0;-0.12;0.14;0.04;170;0.09;0.01;0.21;0.13;0.04;1.75;0.32;3.67;2.2;0.66
30/06/24   ;07:00;0.45;13.3;26.3;0.45;1195;0;-0.15;0.14;0.04;168;0.09;0.02;0.29;0.14;0.05;1.77;0.47;3.87;2.15;0.68
30/06/24   ;08:00;0.38;13.3;26.3;0.38;1192;0;-0.13;0.15;0.04;161;0.11;0.02;0.26;0.16;0.05;1.85;0.43;3.72;2.12;0.66
30/06/24   ;09:00;0.31;13.3;26.4;0.31;1200;0;-0.14;0.21;0.05;157;0.12;0.02;0.34;0.19;0.06;1.9;0.58;3.91;2.25;0.67
30/06/24   ;10:00;0.29;13.4;26.6;0.29;1199;0;-0.12;0.13;0.04;175;0.09;0.02;0.21;0.14;0.04;1.69;0.42;3.73;2.01;0.69
30/06/24   ;11:00;0.27;13.4;26.7;0.27;1199;0;-0.16;0.19;0.05;171;0.12;0.02;0.32;0.18;0.06;1.73;0.51;3.58;2.1;0.63
30/06/24   ;12:00;0.33;13.4;26.7;0.33;1192;0;-0.13;0.16;0.04;179;0.1;0.02;0.26;0.16;0.05;1.66;0.45;3.57;1.94;0.63
30/06/24   ;13:00;0.42;13.3;26.8;0.42;1197;0;-0.12;0.18;0.04;169;0.11;0.02;0.29;0.17;0.05;1.75;0.46;3.83;2.08;0.66
30/06/24   ;14:00;0.53;13.3;26.9;0.53;1200;0;-0.17;0.19;0.05;182;0.11;0.03;0.37;0.18;0.06;1.63;0.33;4.09;1.92;0.6
30/06/24   ;15:00;0.63;13.4;26.8;0.63;1196;0;-0.14;0.17;0.04;180;0.11;0.01;0.24;0.16;0.05;1.65;0.44;4.05;2.05;0.66
30/06/24   ;16:00;0.73;13.4;26.6;0.74;1197;0;-0.19;0.23;0.05;193;0.13;0.02;0.38;0.2;0.06;1.54;0.3;3.21;1.84;0.49
30/06/24   ;17:00;0.8;13.4;26.3;0.8;1196;0;-0.12;0.13;0.04;182;0.1;0.01;0.24;0.15;0.04;1.63;0.41;3.23;1.97;0.64
30/06/24   ;18:00;0.83;13.4;26.2;0.83;1200;0;-0.17;0.21;0.05;185;0.12;0.01;0.31;0.19;0.06;1.61;0.34;3.44;1.96;0.62
30/06/24   ;19:00;0.82;13.3;26.2;0.81;1191;0;-0.16;0.16;0.05;178;0.12;0.02;0.27;0.18;0.06;1.66;0.4;3.53;1.88;0.59
30/06/24   ;20:00;0.74;13.4;26.3;0.74;1196;0;-0.2;0.16;0.04;171;0.1;0.02;0.33;0.16;0.05;1.74;0.33;3.92;2.06;0.67
30/06/24   ;21:00;0.61;13.4;26.6;0.61;1200;0;-0.15;0.14;0.04;153;0.1;0.01;0.27;0.15;0.05;1.95;0.52;3.91;2.33;0.66
30/06/24   ;22:00;0.48;13.4;26.7;0.48;1198;0;-0.1;0.14;0.04;161;0.09;0.01;0.21;0.13;0.04;1.83;0.28;3.8;2.17;0.67
30/06/24   ;23:00;0.33;13.3;26.8;0.33;1200;0;-0.14;0.17;0.04;140;0.08;0.01;0.31;0.13;0.04;2.14;0.5;5.57;2.7;0.9
01/07/24   ;00:00;0.19;13.3;26.7;0.19;1200;0;-0.12;0.12;0.03;144;0.07;0.01;0.24;0.11;0.04;2.08;0.27;4.43;2.56;0.92
01/07/24   ;01:00;0.1;13.3;26.6;0.1;1200;0;-0.07;0.07;0.02;132;0.05;0;0.13;0.09;0.03;2.26;0.3;4.51;2.9;0.95
01/07/24   ;02:00;0.05;13.4;26.5;0.05;1200;0;-0.13;0.14;0.03;155;0.07;0.01;0.25;0.11;0.04;1.92;0.33;4.14;2.39;0.79
01/07/24   ;03:00;0.08;13.3;26.5;0.08;1200;0;-0.06;0.07;0.02;170;0.04;0.01;0.11;0.06;0.02;1.76;0.33;3.81;2.18;0.73
01/07/24   ;04:00;0.16;13.3;26.6;0.16;1200;0;-0.15;0.12;0.03;154;0.06;0.01;0.24;0.09;0.04;1.94;0.4;3.91;2.37;0.76
01/07/24   ;05:00;0.25;13.3;26.7;0.25;1200;0;-0.12;0.12;0.03;170;0.06;0;0.24;0.1;0.04;1.74;0.43;3.33;2.2;0.65
01/07/24   ;06:00;0.33;13.3;26.7;0.33;1200;0;-0.1;0.16;0.04;150;0.09;0.01;0.23;0.14;0.04;1.99;0.47;3.94;2.39;0.85
01/07/24   ;07:00;0.38;13.3;26.6;0.38;1199;0;-0.16;0.18;0.05;171;0.12;0.01;0.31;0.18;0.05;1.73;0.38;3.74;1.93;0.58
01/07/24   ;08:00;0.39;13.3;26.6;0.39;1200;0;-0.13;0.16;0.04;175;0.09;0.01;0.23;0.14;0.04;1.7;0.32;3.44;2.05;0.68
01/07/24   ;09:00;0.39;13.3;26.7;0.39;1196;0;-0.17;0.19;0.05;176;0.11;0.01;0.33;0.18;0.06;1.69;0.3;3.88;1.99;0.67
01/07/24   ;10:00;0.36;13.3;26.8;0.36;1191;0;-0.12;0.14;0.04;187;0.1;0;0.25;0.15;0.04;1.58;0.35;3.32;1.86;0.55
01/07/24   ;11:00;0.33;13.3;27;0.33;1200;0;-0.15;0.16;0.04;177;0.09;0.01;0.24;0.14;0.04;1.69;0.32;4.02;2.06;0.64
01/07/24   ;12:00;0.34;13.3;27.1;0.33;1200;0;-0.18;0.18;0.05;170;0.12;0.01;0.33;0.18;0.05;1.75;0.33;3.83;1.94;0.6
01/07/24   ;13:00;0.38;13.3;27;0.38;1198;0;-0.14;0.14;0.04;175;0.09;0.01;0.26;0.14;0.04;1.7;0.35;3.32;1.9;0.58
01/07/24   ;14:00;0.46;13.4;26.9;0.46;1200;0;-0.15;0.17;0.04;171;0.1;0.01;0.27;0.16;0.05;1.74;0.56;3.91;2.09;0.66
01/07/24   ;15:00;0.55;13.3;27;0.55;1200;0;-0.12;0.17;0.04;187;0.09;0;0.27;0.14;0.05;1.59;0.27;3.37;1.86;0.62
01/07/24   ;16:00;0.66;13.3;26.7;0.66;1196;0;-0.14;0.19;0.05;179;0.12;0.02;0.32;0.18;0.06;1.67;0.42;3.35;2;0.6
01/07/24   ;17:00;0.75;13.4;26.4;0.75;1194;0;-0.19;0.22;0.05;196;0.12;0.01;0.39;0.2;0.07;1.52;0.37;2.93;1.77;0.53
01/07/24   ;18:00;0.81;13.4;26.2;0.81;1200;0;-0.13;0.18;0.05;204;0.11;0.02;0.28;0.16;0.05;1.46;0.33;3.25;1.85;0.62
01/07/24   ;19:00;0.86;13.4;25;0.85;1200;0;-0.16;0.14;0.05;193;0.11;0.01;0.25;0.16;0.05;1.54;0.33;4.13;1.9;0.66
01/07/24   ;20:00;0.82;13.3;25.1;0.81;1197;0;-0.11;0.12;0.04;178;0.09;0;0.21;0.14;0.04;1.66;0.39;3.82;1.95;0.61
01/07/24   ;21:00;0.68;13.4;25.6;0.68;1197;0;-0.1;0.12;0.03;159;0.07;0.01;0.19;0.11;0.04;1.87;0.38;3.98;2.43;0.77
01/07/24   ;22:00;0.51;13.4;26;0.51;1191;0;-0.12;0.13;0.03;171;0.07;0;0.23;0.11;0.04;1.73;0.3;3.93;2.11;0.71
01/07/24   ;23:00;0.35;13.4;26.3;0.35;1200;0;-0.07;0.08;0.02;187;0.05;0;0.14;0.09;0.03;1.6;0.32;3.36;1.96;0.58
02/07/24   ;00:00;0.17;13.4;26.3;0.17;1180;0;-0.11;0.11;0.03;124;0.08;0.01;0.22;0.12;0.04;2.36;0.37;4.92;3.19;1.1
02/07/24   ;01:00;0.02;13.3;26.1;0.02;1195;0;-0.06;0.08;0.02;134;0.06;0.01;0.12;0.09;0.02;2.2;0.69;4.29;2.56;0.8
02/07/24   ;02:00;-0.06;13.3;25.9;-0.06;1200;0;-0.06;0.05;0.01;170;0.03;0;0.11;0.05;0.02;1.75;0.45;3.22;2.03;0.58
02/07/24   ;03:00;-0.05;13.4;25.8;-0.05;1193;0;-0.07;0.07;0.02;175;0.04;0;0.12;0.07;0.02;1.7;0.29;4.04;2.02;0.64
02/07/24   ;04:00;-0.02;13.4;25.7;-0.02;1200;0;-0.08;0.1;0.03;144;0.06;0.01;0.15;0.1;0.03;2.08;0.3;4.37;2.65;0.9
02/07/24   ;05:00;0.07;13.3;25.4;0.07;1195;0;-0.09;0.1;0.02;156;0.05;0.01;0.17;0.09;0.03;1.9;0.31;3.87;2.46;0.72
02/07/24   ;06:00;0.23;13.3;25.2;0.23;1196;0;-0.21;0.2;0.05;161;0.12;0.02;0.38;0.2;0.07;1.84;0.27;3.49;2.35;0.72
02/07/24   ;07:00;0.32;13.3;25.1;0.32;1208;0;-0.14;0.18;0.05;176;0.11;0.01;0.3;0.18;0.06;1.7;0.3;4.21;2.01;0.72
02/07/24   ;08:00;0.39;13.3;25;0.39;1200;0;-0.14;0.17;0.05;177;0.11;0.01;0.28;0.18;0.06;1.68;0.39;3.58;2.04;0.64
02/07/24   ;09:00;0.44;13.3;24.9;0.44;1200;0;-0.14;0.18;0.04;200;0.1;0.01;0.29;0.16;0.05;1.49;0.39;3.75;1.85;0.6
02/07/24   ;10:00;0.45;13.3;25.1;0.45;1196;0;-0.12;0.19;0.04;190;0.09;0.01;0.31;0.14;0.04;1.56;0.33;3.22;1.88;0.57
02/07/24   ;11:00;0.44;13.4;25.1;0.44;1200;0;-0.15;0.15;0.05;182;0.11;0.02;0.3;0.17;0.05;1.64;0.47;3.88;1.83;0.56
02/07/24   ;12:00;0.39;13.3;25.3;0.39;1200;0;-0.18;0.17;0.04;174;0.1;0.01;0.35;0.17;0.06;1.71;0.46;4.36;2.12;0.65
02/07/24   ;13:00;0.4;13.3;25.5;0.4;1198;0;-0.17;0.2;0.05;172;0.11;0.02;0.36;0.17;0.05;1.73;0.31;3.68;2.08;0.61
02/07/24   ;14:00;0.49;13.4;25.2;0.49;1196;0;-0.17;0.15;0.04;177;0.11;0.02;0.29;0.16;0.05;1.68;0.34;3.6;1.93;0.64
02/07/24   ;15:00;0.59;13.3;25.1;0.58;1196;0;-0.15;0.18;0.04;206;0.1;0.02;0.26;0.15;0.05;1.44;0.35;3.69;1.72;0.52
02/07/24   ;16:00;0.7;13.3;25;0.7;1200;0;-0.17;0.21;0.06;181;0.14;0.02;0.36;0.21;0.06;1.65;0.31;3.49;2.08;0.64
02/07/24   ;17:00;0.82;13.4;24.8;0.82;1196;0;-0.16;0.19;0.05;207;0.11;0.02;0.28;0.16;0.05;1.44;0.29;3.45;1.7;0.55
02/07/24   ;18:00;0.86;13.3;24.5;0.86;1192;0;-0.14;0.17;0.05;179;0.12;0.01;0.3;0.19;0.06;1.65;0.29;3.57;2.17;0.72
02/07/24   ;19:00;0.88;13.3;24.4;0.88;1199;0;-0.13;0.15;0.04;182;0.11;0.01;0.24;0.16;0.05;1.63;0.31;3.71;2.01;0.68
02/07/24   ;20:00;0.85;13.4;24.5;0.85;1181;0;-0.13;0.14;0.04;184;0.09;0.01;0.25;0.14;0.04;1.59;0.4;3.41;1.92;0.63
02/07/24   ;21:00;0.76;13.4;24.6;0.76;1207;0;-0.12;0.14;0.04;176;0.09;0.01;0.22;0.14;0.04;1.7;0.35;3.52;1.91;0.61
02/07/24   ;22:00;0.64;13.4;24.8;0.64;1200;0;-0.1;0.11;0.03;178;0.07;0.01;0.2;0.12;0.04;1.67;0.3;4.5;1.99;0.66
02/07/24   ;23:00;0.49;13.3;25;0.49;1200;0;-0.1;0.13;0.03;169;0.08;0.01;0.19;0.12;0.04;1.76;0.45;3.49;2.01;0.55
03/07/24   ;00:00;0.31;13.4;25.2;0.31;1200;0;-0.1;0.25;0.05;130;0.1;0.02;0.34;0.19;0.07;2.28;0.32;4.44;2.43;0.92
03/07/24   ;01:00;0.16;13.4;25.2;0.16;1200;0;-0.05;0.08;0.02;163;0.03;0;0.1;0.06;0.02;1.81;0.35;4.12;2.58;0.88
03/07/24   ;02:00;0;13.4;25;0;1200;0;-0.03;0.03;0.01;138;0.03;0.01;0.05;0.04;0.01;2.15;0.35;3.7;2.52;0.86
03/07/24   ;03:00;-0.1;13.4;24.7;-0.1;1200;0;-0.06;0.05;0.02;184;0.04;0;0.1;0.07;0.02;1.62;0.3;3.44;1.74;0.54
03/07/24   ;04:00;-0.13;13.3;24.7;-0.13;1199;0;-0.05;0.03;0.01;166;0.03;0;0.07;0.04;0.01;1.78;0.39;3.14;2;0.71
03/07/24   ;05:00;-0.03;13.4;24.7;-0.03;1200;0;-0.1;0.13;0.03;155;0.07;0.01;0.23;0.11;0.04;1.91;0.33;3.58;2.3;0.76
03/07/24   ;06:00;0.14;13.4;24.9;0.15;1198;0;-0.2;0.22;0.05;170;0.11;0.01;0.39;0.18;0.07;1.75;0.32;3.62;2.12;0.7
03/07/24   ;07:00;0.3;13.4;24.9;0.3;1199;0;-0.16;0.21;0.05;184;0.11;0;0.32;0.18;0.06;1.62;0.32;3.13;1.89;0.59
03/07/24   ;08:00;0.41;13.4;24.8;0.41;1188;0;-0.15;0.15;0.05;199;0.11;0.01;0.24;0.16;0.05;1.48;0.39;3.17;1.73;0.53
03/07/24   ;09:00;0.51;13.4;24.9;0.51;1195;0;-0.15;0.19;0.05;191;0.11;0.02;0.29;0.18;0.06;1.55;0.36;3.6;1.85;0.57
03/07/24   ;10:00;0.57;13.3;24.9;0.57;1200;0;-0.17;0.19;0.05;196;0.12;0.01;0.35;0.18;0.05;1.52;0.41;3.2;1.77;0.5
03/07/24   ;11:00;0.59;13.3;24.8;0.59;1200;0;-0.14;0.14;0.04;189;0.1;0.02;0.23;0.15;0.04;1.58;0.3;3.69;1.8;0.59
03/07/24   ;12:00;0.6;13.3;24.8;0.59;1199;0;-0.13;0.14;0.04;181;0.1;0.01;0.23;0.16;0.05;1.65;0.41;4.18;1.94;0.67
03/07/24   ;13:00;0.58;13.4;24.8;0.57;1200;0;-0.13;0.2;0.05;177;0.11;0.01;0.3;0.17;0.05;1.69;0.41;3.47;1.98;0.61
03/07/24   ;14:00;0.54;13.4;24.9;0.54;1199;0;-0.15;0.2;0.05;179;0.11;0.01;0.28;0.17;0.05;1.66;0.35;3.85;2.05;0.64
03/07/24   ;15:00;0.53;13.3;24.9;0.53;1200;0;-0.13;0.15;0.04;178;0.11;0.01;0.23;0.16;0.05;1.68;0.39;3.4;1.98;0.61
03/07/24   ;16:00;0.56;13.3;25;0.56;1200;0;-0.15;0.15;0.05;175;0.11;0.03;0.26;0.17;0.05;1.71;0.39;4.15;2.1;0.66
03/07/24   ;17:00;0.62;13.3;24.8;0.62;1198;0;-0.12;0.13;0.04;196;0.1;0.01;0.23;0.15;0.05;1.52;0.41;3.1;1.78;0.54
03/07/24   ;18:00;0.7;13.3;24.7;0.71;1199;0;-0.18;0.17;0.05;178;0.13;0.01;0.27;0.2;0.06;1.67;0.43;3.89;1.98;0.67
03/07/24   ;19:00;0.79;13.4;24.7;0.79;1200;0;-0.14;0.14;0.05;170;0.12;0.02;0.28;0.17;0.05;1.76;0.42;3.47;2.18;0.72
03/07/24   ;20:00;0.83;13.4;24.6;0.83;1200;0;-0.13;0.14;0.04;199;0.09;0.01;0.23;0.14;0.04;1.5;0.41;3.66;1.83;0.56
03/07/24   ;21:00;0.82;13.3;24.6;0.82;1198;0;-0.16;0.14;0.04;165;0.09;0.01;0.27;0.15;0.05;1.81;0.39;3.82;2.19;0.7
03/07/24   ;22:00;0.72;13.4;24.5;0.72;1200;0;-0.14;0.13;0.03;166;0.08;0.01;0.27;0.12;0.04;1.8;0.31;3.82;2.02;0.7
03/07/24   ;23:00;0.59;13.4;24.5;0.59;1200;0;-0.13;0.15;0.04;143;0.1;0.01;0.22;0.15;0.05;2.08;0.56;4.26;2.58;0.86
04/07/24   ;00:00;0.4;13.4;24.5;0.4;1200;0;-0.14;0.15;0.04;139;0.1;0.01;0.25;0.16;0.05;2.14;0.44;4.66;2.73;0.88
04/07/24   ;01:00;0.21;13.4;24.5;0.21;1200;0;-0.08;0.08;0.02;141;0.05;0;0.13;0.07;0.02;2.12;0.33;4.26;2.6;0.86
04/07/24   ;02:00;0.03;13.4;24.4;0.03;1194;0;-0.04;0.06;0.01;152;0.03;0;0.1;0.05;0.02;1.95;0.32;3.97;2.44;0.82
04/07/24   ;03:00;-0.12;13.3;24.3;-0.12;1197;0;-0.05;0.05;0.01;160;0.03;0;0.08;0.05;0.02;1.86;0.3;4.12;2.48;0.81
04/07/24   ;04:00;-0.19;13.4;24.2;-0.19;1200;0;-0.1;0.12;0.02;170;0.05;0;0.21;0.09;0.03;1.74;0.28;4.62;2.2;0.66
04/07/24   ;05:00;-0.14;13.4;24.3;-0.14;1198;0;-0.07;0.07;0.02;163;0.05;0.01;0.12;0.08;0.03;1.83;0.37;4.01;2.2;0.67
04/07/24   ;06:00;0.02;13.4;24.1;0.02;1200;0;-0.11;0.14;0.04;158;0.09;0.01;0.23;0.14;0.04;1.88;0.35;3.93;2.29;0.71
04/07/24   ;07:00;0.23;13.4;24.1;0.23;1200;0;-0.15;0.17;0.04;174;0.1;0.01;0.26;0.16;0.05;1.72;0.36;3.93;1.99;0.71
04/07/24   ;08:00;0.42;13.4;24.1;0.41;1196;0;-0.13;0.22;0.05;187;0.11;0.02;0.31;0.16;0.05;1.58;0.34;4.2;1.81;0.6
04/07/24   ;09:00;0.57;13.3;24.2;0.57;1197;0;-0.14;0.19;0.05;194;0.12;0.02;0.31;0.18;0.06;1.54;0.4;3.55;1.78;0.54
04/07/24   ;10:00;0.68;13.4;24.2;0.68;1199;0;-0.15;0.19;0.05;188;0.12;0.02;0.3;0.17;0.05;1.59;0.37;3.81;1.93;0.6
04/07/24   ;11:00;0.72;13.4;24.3;0.72;1184;0;-0.12;0.15;0.04;176;0.11;0.01;0.23;0.16;0.05;1.67;0.28;3.76;2.16;0.76
04/07/24   ;12:00;0.71;13.3;24.4;0.71;1200;0;-0.16;0.22;0.05;180;0.12;0.01;0.33;0.19;0.06;1.65;0.44;4.29;1.99;0.6
04/07/24   ;13:00;0.63;13.3;24.7;0.63;1192;0;-0.2;0.2;0.05;166;0.12;0.02;0.33;0.19;0.06;1.78;0.53;3.11;2.12;0.59
04/07/24   ;14:00;0.52;13.3;24.8;0.51;1198;0;-0.14;0.12;0.04;166;0.11;0.02;0.24;0.16;0.05;1.79;0.49;3.35;2.15;0.65
04/07/24   ;15:00;0.43;13.3;25;0.43;1200;0;-0.15;0.15;0.04;174;0.11;0.01;0.3;0.16;0.05;1.71;0.54;3.43;2.04;0.58
04/07/24   ;16:00;0.4;13.3;25.1;0.4;1200;0;-0.13;0.19;0.05;161;0.12;0.01;0.28;0.18;0.06;1.84;0.37;4.21;2.17;0.7
04/07/24   ;17:00;0.45;13.3;25.1;0.45;1200;0;-0.15;0.17;0.04;195;0.1;0.02;0.28;0.15;0.05;1.53;0.36;3.37;1.72;0.56
04/07/24   ;18:00;0.56;13.4;24.8;0.56;1198;0;-0.17;0.18;0.05;175;0.13;0.03;0.32;0.2;0.06;1.7;0.44;3.58;1.94;0.55
04/07/24   ;19:00;0.7;13.3;25.1;0.7;1196;0;-0.16;0.21;0.06;189;0.13;0.01;0.36;0.21;0.06;1.57;0.34;3.31;1.92;0.62
04/07/24   ;20:00;0.8;13.3;24.9;0.8;1200;0;-0.17;0.19;0.05;188;0.12;0.01;0.32;0.18;0.06;1.59;0.37;3.42;1.97;0.65
04/07/24   ;21:00;0.84;13.3;25;0.84;1195;0;-0.13;0.16;0.04;195;0.09;0.01;0.29;0.15;0.05;1.52;0.43;3.15;1.77;0.47
04/07/24   ;22:00;0.82;13.3;24.9;0.82;1195;0;-0.11;0.12;0.03;200;0.08;0.01;0.21;0.12;0.04;1.48;0.5;3.99;1.74;0.56
04/07/24   ;23:00;0.71;13.4;24.8;0.71;1200;0;-0.14;0.2;0.05;170;0.11;0.01;0.33;0.17;0.06;1.75;0.35;3.69;2.15;0.69
05/07/24   ;00:00;0.54;13.3;24.7;0.54;1199;0;-0.09;0.09;0.03;157;0.07;0;0.15;0.11;0.03;1.88;0.29;3.98;2.22;0.74
05/07/24   ;01:00;0.33;13.3;24.7;0.33;1196;0;-0.12;0.12;0.03;143;0.07;0.01;0.24;0.11;0.04;2.06;0.38;4.21;2.65;0.88
05/07/24   ;02:00;0.12;13.4;24.7;0.12;1200;0;-0.13;0.09;0.02;155;0.04;0;0.21;0.07;0.03;1.93;0.37;3.95;2.14;0.63
05/07/24   ;03:00;-0.05;13.4;24.6;-0.05;1192;0;-0.08;0.08;0.02;161;0.06;0.01;0.15;0.09;0.03;1.84;0.41;4.1;2.17;0.7
05/07/24   ;04:00;-0.18;13.4;24.6;-0.18;1200;0;-0.08;0.08;0.02;162;0.05;0.01;0.14;0.08;0.03;1.83;0.39;3.95;2.41;0.79
05/07/24   ;05:00;-0.2;13.3;24.6;-0.2;1200;0;-0.1;0.11;0.03;167;0.07;0.01;0.19;0.11;0.03;1.78;0.29;4.83;2.14;0.73
05/07/24   ;06:00;-0.07;13.3;24.8;-0.06;1200;0;-0.12;0.13;0.04;170;0.1;0.01;0.25;0.15;0.05;1.75;0.51;3.66;1.93;0.59
05/07/24   ;07:00;0.16;13.4;24.8;0.16;1200;0;-0.14;0.17;0.05;196;0.11;0.02;0.29;0.17;0.05;1.52;0.32;3.37;1.83;0.56
05/07/24   ;08:00;0.38;13.4;24.9;0.38;1200;0;-0.11;0.12;0.04;183;0.1;0.01;0.21;0.15;0.04;1.62;0.37;3.91;1.92;0.65
05/07/24   ;09:00;0.55;13.4;25;0.55;1199;0;-0.14;0.2;0.05;193;0.11;0.01;0.33;0.17;0.05;1.54;0.3;3.16;1.79;0.52
05/07/24   ;10:00;0.68;13.4;25.2;0.68;1200;0;-0.16;0.16;0.05;187;0.11;0.01;0.29;0.17;0.05;1.59;0.4;3.34;1.94;0.59
05/07/24   ;11:00;0.75;13.3;25;0.75;1200;0;-0.13;0.15;0.05;193;0.11;0.01;0.24;0.17;0.05;1.54;0.34;4.25;1.94;0.66
05/07/24   ;12:00;0.74;13.3;25.2;0.74;1192;0;-0.19;0.21;0.05;177;0.13;0.01;0.34;0.19;0.06;1.68;0.48;3.46;1.94;0.6
05/07/24   ;13:00;0.64;13.4;25.4;0.64;1200;0;-0.16;0.17;0.04;186;0.09;0.02;0.32;0.14;0.04;1.61;0.47;3.3;1.95;0.55
05/07/24   ;14:00;0.51;13.4;25.7;0.51;1197;0;-0.13;0.11;0.03;175;0.08;0.01;0.21;0.13;0.04;1.69;0.29;3.59;2.16;0.68
05/07/24   ;15:00;0.41;13.4;25.8;0.41;1191;0;-0.13;0.13;0.04;158;0.1;0.02;0.23;0.15;0.04;1.87;0.32;4.21;2.37;0.81
05/07/24   ;16:00;0.36;13.3;25.8;0.36;1200;0;-0.12;0.12;0.04;186;0.09;0.01;0.2;0.14;0.04;1.6;0.36;4.35;1.97;0.64
05/07/24   ;17:00;0.38;13.3;25.8;0.38;1200;0;-0.14;0.15;0.04;186;0.1;0.01;0.27;0.15;0.05;1.61;0.33;3.96;1.97;0.59
05/07/24   ;18:00;0.48;13.4;25.5;0.48;1181;0;-0.2;0.21;0.05;179;0.11;0.01;0.41;0.17;0.05;1.64;0.26;3.5;2;0.67
05/07/24   ;19:00;0.61;13.4;25.7;0.61;1188;0;-0.14;0.2;0.05;182;0.11;0.01;0.29;0.17;0.05;1.63;0.45;3.36;2.07;0.63
05/07/24   ;20:00;0.72;13.3;25.7;0.72;1199;0;-0.22;0.21;0.05;191;0.12;0.02;0.35;0.18;0.06;1.56;0.37;3.19;1.84;0.58
05/07/24   ;21:00;0.79;13.3;25.5;0.79;1195;0;-0.11;0.14;0.04;190;0.09;0.01;0.23;0.13;0.04;1.55;0.49;3.71;1.78;0.59
05/07/24   ;22:00;0.81;13.4;25.4;0.81;1200;0;-0.16;0.16;0.04;175;0.09;0.01;0.3;0.15;0.05;1.7;0.27;3.57;1.93;0.63
05/07/24   ;23:00;0.76;13.3;25.4;0.76;1196;0;-0.14;0.15;0.04;167;0.1;0.02;0.24;0.16;0.05;1.78;0.36;3.58;2.14;0.63
06/07/24   ;00:00;0.62;13.3;25.4;0.62;1198;0;-0.16;0.12;0.04;149;0.09;0.02;0.27;0.14;0.04;2;0.34;4.42;2.59;0.87
06/07/24   ;01:00;0.42;13.3;25.5;0.42;1200;0;-0.08;0.06;0.02;139;0.05;0;0.13;0.08;0.03;2.13;0.26;4.16;2.56;0.82
06/07/24   ;02:00;0.23;13.3;25.3;0.23;1196;0;-0.08;0.09;0.02;154;0.06;0.01;0.17;0.09;0.03;1.93;0.31;3.92;2.34;0.66
06/07/24   ;03:00;0.04;13.3;25.3;0.04;1200;0;-0.08;0.08;0.02;163;0.06;0;0.13;0.09;0.03;1.81;0.26;3.44;2.25;0.69
06/07/24   ;04:00;-0.1;13.4;25.3;-0.1;1200;0;-0.07;0.08;0.02;149;0.05;0;0.13;0.09;0.03;1.99;0.38;4.11;2.72;0.89
06/07/24   ;05:00;-0.15;13.4;25.3;-0.15;1205;0;-0.1;0.11;0.03;167;0.07;0.01;0.17;0.12;0.04;1.79;0.34;4.14;2.15;0.73
06/07/24   ;06:00;-0.06;13.4;25.3;-0.07;1197;0;-0.14;0.18;0.04;181;0.09;0.01;0.28;0.15;0.05;1.65;0.25;3.43;1.99;0.66
06/07/24   ;07:00;0.1;13.3;25.5;0.1;1195;0;-0.11;0.14;0.04;171;0.1;0.02;0.23;0.14;0.04;1.74;0.53;3.38;2.01;0.62
06/07/24   ;08:00;0.3;13.3;25.5;0.3;1196;0;-0.14;0.17;0.05;189;0.11;0.02;0.27;0.18;0.05;1.57;0.39;3.48;1.96;0.64
06/07/24   ;09:00;0.48;13.4;25.6;0.48;1194;0;-0.14;0.17;0.05;196;0.12;0.01;0.31;0.18;0.06;1.51;0.33;3.24;1.75;0.6
06/07/24   ;10:00;0.62;13.4;25.7;0.62;1200;0;-0.15;0.21;0.06;190;0.14;0.01;0.36;0.21;0.07;1.57;0.33;3.86;1.91;0.61
06/07/24   ;11:00;0.7;13.4;25.7;0.7;1200;0;-0.15;0.15;0.05;197;0.11;0.01;0.26;0.17;0.05;1.52;0.28;3.67;1.81;0.6
06/07/24   ;12:00;0.72;13.4;25.7;0.72;1200;0;-0.16;0.22;0.05;196;0.12;0.01;0.34;0.18;0.05;1.53;0.38;3.1;1.83;0.53
06/07/24   ;13:00;0.68;13.3;25.9;0.68;1200;0;-0.15;0.14;0.04;182;0.11;0.02;0.28;0.16;0.05;1.63;0.34;3.14;2.01;0.6
06/07/24   ;14:00;0.59;13.4;26.2;0.59;1200;0;-0.12;0.13;0.04;183;0.1;0.01;0.21;0.15;0.04;1.63;0.38;3.44;1.93;0.6
06/07/24   ;15:00;0.47;13.4;26.4;0.47;1200;0;-0.13;0.17;0.04;176;0.09;0.01;0.26;0.14;0.04;1.7;0.38;3.57;1.94;0.67
06/07/24   ;16:00;0.39;13.4;26.4;0.39;1200;0;-0.12;0.16;0.04;187;0.1;0.01;0.25;0.15;0.05;1.6;0.37;3.5;1.87;0.56
06/07/24   ;17:00;0.38;13.4;26.5;0.38;1195;0;-0.11;0.21;0.04;173;0.11;0.01;0.3;0.17;0.05;1.72;0.27;3.67;1.97;0.61
06/07/24   ;18:00;0.44;13.3;26.2;0.44;1200;0;-0.13;0.16;0.04;188;0.11;0.01;0.24;0.16;0.05;1.59;0.38;4;1.92;0.58
06/07/24   ;19:00;0.55;13.4;26.1;0.55;1200;0;-0.17;0.15;0.05;183;0.11;0.01;0.27;0.18;0.05;1.63;0.35;3.51;1.97;0.61
06/07/24   ;20:00;0.69;13.3;26.5;0.69;1197;0;-0.15;0.16;0.05;176;0.12;0;0.26;0.19;0.05;1.69;0.33;3.53;2.06;0.65
06/07/24   ;21:00;0.8;13.3;26;0.8;1192;0;-0.12;0.18;0.04;193;0.1;0.01;0.28;0.15;0.05;1.53;0.32;4.08;1.84;0.59
06/07/24   ;22:00;0.87;13.3;25.8;0.87;1200;0;-0.13;0.14;0.04;187;0.1;0.01;0.25;0.15;0.05;1.59;0.4;3.47;1.93;0.62
06/07/24   ;23:00;0.88;13.3;25.7;0.88;1198;0;-0.13;0.15;0.04;189;0.1;0.01;0.27;0.16;0.05;1.56;0.32;3.55;1.83;0.6
07/07/24   ;00:00;0.81;13.3;25.8;0.81;1194;0;-0.14;0.17;0.04;158;0.09;0.01;0.28;0.15;0.05;1.88;0.39;3.93;2.4;0.8
07/07/24   ;01:00;0.66;13.4;25.9;0.66;1207;0;-0.18;0.16;0.03;167;0.07;0.01;0.33;0.12;0.05;1.78;0.3;3.54;2.17;0.68
07/07/24   ;02:00;0.46;13.4;26;0.46;1200;0;-0.09;0.08;0.03;164;0.06;0.01;0.16;0.09;0.03;1.82;0.41;3.32;2.16;0.64
07/07/24   ;03:00;0.26;13.3;26;0.26;1198;0;-0.07;0.08;0.02;164;0.04;0.01;0.14;0.07;0.02;1.82;0.31;3.47;2.22;0.7
07/07/24   ;04:00;0.08;13.3;26;0.08;1200;0;-0.05;0.06;0.01;174;0.04;0;0.09;0.05;0.02;1.7;0.29;3.22;1.91;0.57
07/07/24   ;05:00;-0.05;13.3;26;-0.05;1194;0;-0.09;0.09;0.03;161;0.06;0.01;0.16;0.1;0.03;1.83;0.3;4.35;2.39;0.9
07/07/24   ;06:00;-0.1;13.3;26;-0.1;1200;0;-0.12;0.11;0.03;146;0.08;0.01;0.23;0.13;0.04;2.03;0.3;4.38;2.5;0.91
07/07/24   ;07:00;-0.02;13.3;25.9;-0.01;1194;0;-0.13;0.16;0.04;172;0.09;0.01;0.25;0.14;0.04;1.73;0.36;3.92;2.19;0.71
07/07/24   ;08:00;0.15;13.4;26.1;0.15;1199;0;-0.12;0.16;0.04;183;0.09;0.01;0.27;0.13;0.04;1.62;0.36;3.49;1.84;0.56
07/07/24   ;09:00;0.34;13.3;26.1;0.34;1194;0;-0.14;0.15;0.04;186;0.11;0.02;0.29;0.17;0.05;1.59;0.35;3.67;1.88;0.6
07/07/24   ;10:00;0.51;13.3;26.2;0.51;1199;0;-0.16;0.23;0.05;184;0.12;0.02;0.39;0.19;0.06;1.62;0.48;4.15;1.94;0.61
07/07/24   ;11:00;0.63;13.4;26.4;0.63;1196;0;-0.14;0.16;0.05;184;0.12;0.02;0.27;0.18;0.05;1.62;0.34;3.46;1.8;0.61
07/07/24   ;12:00;0.71;13.4;26.3;0.7;1200;0;-0.16;0.15;0.05;196;0.11;0.01;0.27;0.16;0.05;1.52;0.35;3.42;1.88;0.64
07/07/24   ;13:00;0.72;13.4;26;0.72;1200;0;-0.16;0.16;0.05;191;0.12;0.02;0.3;0.19;0.06;1.56;0.28;3.69;1.78;0.53
07/07/24   ;14:00;0.66;13.4;26.2;0.65;1200;0;-0.18;0.14;0.05;174;0.11;0.02;0.3;0.17;0.05;1.72;0.27;3.51;1.97;0.6
07/07/24   ;15:00;0.54;13.3;26.4;0.54;1196;0;-0.12;0.2;0.04;176;0.1;0.01;0.32;0.16;0.05;1.69;0.34;4.05;2.15;0.68
07/07/24   ;16:00;0.44;13.4;26.5;0.44;1200;0;-0.15;0.14;0.04;167;0.1;0.01;0.24;0.16;0.05;1.79;0.36;4.86;2.18;0.78
07/07/24   ;17:00;0.37;13.4;26.5;0.37;1200;0;-0.13;0.15;0.04;154;0.11;0.03;0.27;0.16;0.05;1.94;0.56;3.88;2.19;0.7
07/07/24   ;18:00;0.37;13.4;26.5;0.37;1200;0;-0.17;0.15;0.05;172;0.11;0.01;0.26;0.17;0.05;1.73;0.43;3.61;2.06;0.66
07/07/24   ;19:00;0.46;13.4;26.3;0.46;1194;0;-0.16;0.17;0.05;190;0.1;0.01;0.34;0.17;0.06;1.55;0.35;3.36;1.86;0.59
07/07/24   ;20:00;0.6;13.3;26.3;0.6;1200;0;-0.13;0.14;0.04;186;0.1;0.01;0.25;0.15;0.05;1.6;0.33;3.36;1.87;0.57
07/07/24   ;21:00;0.73;13.4;26.1;0.73;1199;0;-0.18;0.17;0.04;196;0.1;0.02;0.34;0.16;0.05;1.52;0.37;3.34;1.79;0.52
07/07/24   ;22:00;0.81;13.4;25.9;0.81;1200;0;-0.1;0.13;0.04;177;0.08;0.01;0.2;0.13;0.04;1.67;0.32;3.72;2.14;0.72
07/07/24   ;23:00;0.86;13.3;25.8;0.86;1200;0;-0.12;0.15;0.04;192;0.09;0.01;0.23;0.14;0.04;1.56;0.45;3.2;1.86;0.57
08/07/24   ;00:00;0.81;13.3;25.7;0.81;1196;0;-0.1;0.12;0.03;171;0.07;0.02;0.22;0.11;0.03;1.74;0.5;3.78;2.13;0.65
08/07/24   ;01:00;0.65;13.3;25.8;0.65;1200;0;-0.07;0.08;0.02;162;0.06;0.01;0.13;0.09;0.03;1.83;0.51;4.07;2.16;0.67
08/07/24   ;02:00;0.46;13.3;26;0.46;1193;0;-0.04;0.04;0.01;208;0.02;0;0.07;0.04;0.01;1.42;0.32;3.27;1.89;0.69
08/07/24   ;03:00;0.27;13.3;26;0.27;1185;0;-0.05;0.06;0.02;171;0.04;0.01;0.1;0.06;0.02;1.72;0.35;3.87;2.16;0.75
08/07/24   ;04:00;0.08;13.4;26.1;0.08;1200;0;-0.09;0.09;0.03;150;0.06;0.01;0.15;0.09;0.03;1.99;0.34;4.73;2.63;0.97
08/07/24   ;05:00;-0.07;13.3;26;-0.07;1198;0;-0.12;0.11;0.03;160;0.06;0.01;0.19;0.09;0.03;1.84;0.33;4.15;2.42;0.85
08/07/24   ;06:00;-0.16;13.3;26;-0.16;1200;0;-0.12;0.12;0.04;141;0.1;0.01;0.22;0.15;0.05;2.11;0.58;4.24;2.77;0.84
08/07/24   ;07:00;-0.12;13.3;25.9;-0.12;1194;0;-0.15;0.18;0.05;176;0.12;0.01;0.3;0.18;0.06;1.69;0.55;3.46;1.96;0.6
08/07/24   ;08:00;0.01;13.3;25.9;0.01;1200;0;-0.12;0.12;0.04;182;0.1;0.01;0.22;0.15;0.04;1.63;0.35;3.22;1.84;0.52
08/07/24   ;09:00;0.19;13.3;26;0.19;1195;0;-0.13;0.18;0.05;192;0.12;0.02;0.29;0.18;0.06;1.54;0.37;3.33;1.87;0.54
08/07/24   ;10:00;0.36;13.4;26.1;0.36;1194;0;-0.13;0.12;0.04;180;0.1;0.01;0.25;0.15;0.05;1.65;0.35;3.94;1.93;0.66
08/07/24   ;11:00;0.51;13.4;26.1;0.51;1200;0;-0.13;0.18;0.04;188;0.11;0.02;0.3;0.16;0.05;1.58;0.32;3.35;1.78;0.62
08/07/24   ;12:00;0.61;13.4;26.2;0.61;1200;0;-0.16;0.15;0.04;195;0.11;0.02;0.31;0.16;0.05;1.53;0.39;3.46;1.72;0.53
08/07/24   ;13:00;0.67;13.3;25.9;0.67;1199;0;-0.15;0.17;0.04;196;0.11;0.02;0.29;0.17;0.05;1.52;0.36;3.67;1.85;0.58
08/07/24   ;14:00;0.66;13.3;26.1;0.66;1200;0;-0.14;0.16;0.05;180;0.11;0.01;0.27;0.18;0.06;1.66;0.3;3.46;2.07;0.63
08/07/24   ;15:00;0.59;13.4;26.3;0.59;1199;0;-0.14;0.15;0.05;175;0.11;0.01;0.28;0.17;0.05;1.7;0.5;4;1.97;0.58
08/07/24   ;16:00;0.48;13.4;26.7;0.47;1200;0;-0.13;0.18;0.05;168;0.11;0.01;0.29;0.16;0.05;1.77;0.33;4.06;2.32;0.79
08/07/24   ;17:00;0.38;13.4;26.8;0.38;1195;0;-0.11;0.14;0.04;172;0.1;0.01;0.24;0.16;0.05;1.73;0.52;3.62;2.05;0.64
08/07/24   ;18:00;0.34;13.3;26.8;0.34;1209;0;-0.14;0.15;0.04;161;0.1;0.02;0.25;0.16;0.05;1.86;0.42;4.21;2.36;0.73
08/07/24   ;19:00;0.37;13.3;26.8;0.37;1200;0;-0.21;0.19;0.05;163;0.12;0.02;0.4;0.18;0.06;1.83;0.41;4.63;2.2;0.75
08/07/24   ;20:00;0.46;13.4;26.4;0.46;1200;0;-0.13;1.4;0.08;183;0.11;0.01;0.28;0.17;0.05;1.62;0.45;3.12;1.9;0.54
08/07/24   ;21:00;0.58;13.4;26.7;0.58;1200;0;-0.1;0.11;0.03;188;0.06;0.01;0.19;0.1;0.03;1.59;0.31;3.61;2.09;0.69
08/07/24   ;22:00;0.68;13.3;26.3;0.68;1200;0;-0.11;0.11;0.03;185;0.08;0;0.2;0.12;0.04;1.61;0.28;3.48;1.98;0.63
08/07/24   ;23:00;0.74;13.3;26.3;0.73;1200;0;-0.14;0.16;0.04;186;0.09;0.02;0.28;0.14;0.05;1.61;0.46;3.62;1.84;0.58
09/07/24   ;00:00;0.72;13.4;26.3;0.72;1200;0;-0.09;0.1;0.03;172;0.07;0.01;0.16;0.1;0.03;1.73;0.41;4.06;2.13;0.66
09/07/24   ;01:00;0.62;13.4;26.3;0.62;1199;0;-0.07;0.07;0.02;154;0.05;0.01;0.1;0.07;0.02;1.93;0.54;3.46;2.29;0.67
09/07/24   ;02:00;0.46;13.4;26.4;0.46;1195;0;-0.04;0.05;0.01;151;0.03;0;0.08;0.05;0.01;1.97;0.33;3.97;2.33;0.71
09/07/24   ;03:00;0.28;13.3;26.3;0.28;1199;0;-0.08;0.07;0.02;156;0.04;0.01;0.14;0.07;0.02;1.91;0.32;4.02;2.44;0.72
09/07/24   ;04:00;0.09;13.3;26.4;0.09;1200;0;-0.07;0.06;0.02;150;0.04;0.01;0.09;0.06;0.02;1.99;0.33;4.08;2.62;0.87
09/07/24   ;05:00;-0.07;13.4;26.4;-0.07;1200;0;-0.11;0.13;0.03;141;0.07;0;0.22;0.12;0.04;2.1;0.35;6.6;2.66;0.93
09/07/24   ;06:00;-0.18;13.3;26.3;-0.18;1199;0;-0.15;0.14;0.03;153;0.08;0.01;0.27;0.12;0.04;1.93;0.52;3.84;2.21;0.69
09/07/24   ;07:00;-0.21;13.3;26.3;-0.21;1195;0;-0.12;0.15;0.04;173;0.09;0.01;0.23;0.14;0.05;1.72;0.37;3.72;2.03;0.64
09/07/24   ;08:00;-0.13;13.4;26.3;-0.13;1188;0;-0.11;0.14;0.04;178;0.09;0.01;0.21;0.14;0.04;1.66;0.3;3.26;1.93;0.61
09/07/24   ;09:00;0.03;13.3;26.6;0.03;1194;0;-0.11;0.17;0.04;198;0.1;0.01;0.27;0.15;0.05;1.5;0.33;3.32;1.75;0.54
09/07/24   ;10:00;0.23;13.3;26.7;0.23;1198;0;-0.14;0.15;0.05;185;0.11;0.01;0.25;0.17;0.05;1.61;0.33;3.44;1.91;0.59
09/07/24   ;11:00;0.4;13.3;26.8;0.4;1195;0;-0.12;0.16;0.04;185;0.1;0.02;0.26;0.16;0.05;1.6;0.33;3.73;1.89;0.66
09/07/24   ;12:00;0.52;13.3;27;0.52;1200;0;-0.19;0.24;0.05;189;0.12;0.02;0.36;0.19;0.06;1.58;0.32;3.49;1.77;0.59
09/07/24   ;13:00;0.61;13.3;26.6;0.61;1188;0;-0.17;0.21;0.05;195;0.12;0.01;0.37;0.18;0.06;1.51;0.36;2.88;1.78;0.51
09/07/24   ;14:00;0.64;13.4;26.5;0.64;1191;0;-0.15;0.19;0.05;170;0.12;0.02;0.34;0.19;0.06;1.74;0.38;4.07;2.24;0.76
09/07/24   ;15:00;0.62;13.3;26.7;0.61;1200;0;-0.11;0.18;0.04;177;0.1;0.02;0.28;0.16;0.05;1.67;0.32;4.11;1.95;0.62
09/07/24   ;16:00;0.53;13.3;27.1;0.53;1195;0;-0.15;0.15;0.04;161;0.1;0.01;0.28;0.16;0.05;1.85;0.4;4.1;2.32;0.71
09/07/24   ;17:00;0.43;13.3;27.4;0.42;1200;0;-0.12;0.15;0.04;170;0.1;0.01;0.24;0.14;0.04;1.75;0.72;3.54;2.01;0.58
09/07/24   ;18:00;0.34;13.4;27.5;0.34;1199;0;-0.12;0.16;0.04;166;0.1;0.01;0.23;0.15;0.05;1.8;0.44;3.4;2.12;0.63
09/07/24   ;19:00;0.31;13.4;27.5;0.31;1204;0;-0.15;0.14;0.04;167;0.1;0.02;0.23;0.14;0.04;1.79;0.4;3.56;2.25;0.67
09/07/24   ;20:00;0.34;13.3;27.4;0.34;1199;0;-0.13;0.11;0.04;172;0.09;0;0.22;0.13;0.04;1.73;0.29;3.99;2.26;0.75
09/07/24   ;21:00;0.42;13.4;26.9;0.42;1200;0;-0.11;0.14;0.03;180;0.08;0.01;0.23;0.13;0.04;1.65;0.29;3.28;2;0.6
09/07/24   ;22:00;0.54;13.4;27.2;0.54;1200;0;-0.15;0.13;0.04;180;0.08;0.01;0.28;0.13;0.04;1.65;0.3;3.66;1.98;0.71
09/07/24   ;23:00;0.64;13.3;26.8;0.64;1200;0;-0.1;0.15;0.03;186;0.08;0.01;0.25;0.12;0.04;1.61;0.46;3.43;1.92;0.58
10/07/24   ;00:00;0.67;13.3;27;0.67;1197;0;-0.08;0.11;0.03;162;0.07;0;0.17;0.11;0.03;1.83;0.3;4.47;2.32;0.85
10/07/24   ;01:00;0.65;13.4;26.8;0.65;1196;0;-0.05;0.07;0.02;179;0.04;0;0.12;0.06;0.02;1.66;0.29;3.09;2.08;0.58
10/07/24   ;02:00;0.54;13.4;26.8;0.54;1200;0;-0.03;0.03;0.01;156;0.02;0;0.05;0.04;0.01;1.9;0.32;3.5;2.27;0.71
10/07/24   ;03:00;0.38;13.4;26.9;0.38;1200;0;-0.08;0.08;0.02;154;0.05;0.01;0.16;0.08;0.03;1.92;0.54;4.78;2.28;0.79
10/07/24   ;04:00;0.19;13.3;26.9;0.19;1200;0;-0.06;0.05;0.02;148;0.04;0;0.1;0.06;0.02;2.02;0.32;3.93;3.02;1.06
10/07/24   ;05:00;0.01;13.3;27;0.01;1200;0;-0.11;0.14;0.03;157;0.08;0.01;0.22;0.12;0.04;1.89;0.29;4.63;2.23;0.71
10/07/24   ;06:00;-0.1;13.4;27;-0.1;1200;0;-0.12;0.12;0.04;154;0.09;0.02;0.21;0.14;0.04;1.94;0.62;3.91;2.2;0.64
10/07/24   ;07:00;-0.14;13.4;27;-0.14;1200;0;-0.11;0.13;0.04;174;0.09;0.01;0.24;0.14;0.04;1.72;0.33;3.48;2.08;0.65
10/07/24   ;08:00;-0.1;13.4;27;-0.1;1200;0;-0.11;0.17;0.04;180;0.09;0.01;0.26;0.14;0.04;1.65;0.32;3.39;2;0.62
10/07/24   ;09:00;0.03;13.4;27.3;0.03;1200;0;-0.17;0.21;0.05;176;0.12;0.01;0.39;0.18;0.06;1.7;0.37;3.22;1.98;0.67
10/07/24   ;10:00;0.2;13.4;27.1;0.2;1209;0;-0.13;0.16;0.04;184;0.11;0.01;0.28;0.17;0.05;1.64;0.38;3.81;1.79;0.63
10/07/24   ;11:00;0.37;13.3;27.4;0.37;1199;0;-0.13;0.21;0.04;195;0.1;0.01;0.34;0.15;0.05;1.53;0.43;3.21;1.77;0.54
10/07/24   ;12:00;0.51;13.3;27.2;0.51;1202;0;-0.14;0.2;0.05;200;0.11;0.03;0.31;0.18;0.05;1.5;0.32;3.24;1.74;0.58
10/07/24   ;13:00;0.62;13.3;27.4;0.62;1201;0;-0.15;0.22;0.05;198;0.11;0.01;0.34;0.17;0.05;1.5;0.29;3.67;1.78;0.57
10/07/24   ;14:00;0.68;13.3;27.1;0.68;1199;0;-0.14;0.18;0.05;184;0.11;0.02;0.29;0.17;0.05;1.62;0.37;3.05;1.95;0.54
10/07/24   ;15:00;0.68;13.4;27.2;0.67;1200;0;-0.12;0.15;0.05;181;0.11;0.02;0.27;0.17;0.05;1.65;0.37;2.89;1.85;0.49
10/07/24   ;16:00;0.6;13.4;27.4;0.6;1198;0;-0.16;0.21;0.05;148;0.12;0.02;0.29;0.19;0.06;2;0.47;4.02;2.57;0.85
10/07/24   ;17:00;0.49;13.3;27.7;0.49;1200;0;-0.15;0.18;0.05;162;0.12;0.02;0.33;0.17;0.05;1.83;0.52;3.57;2.17;0.66
10/07/24   ;18:00;0.4;13.3;27.8;0.4;1198;0;-0.13;0.15;0.04;177;0.09;0.01;0.22;0.15;0.05;1.68;0.29;3.73;2.06;0.66
10/07/24   ;19:00;0.32;13.3;27.8;0.32;1197;0;-0.1;0.13;0.03;180;0.08;0.01;0.21;0.12;0.04;1.65;0.34;3.53;2;0.59
10/07/24   ;20:00;0.31;13.3;27.8;0.31;1200;0;-0.11;0.16;0.04;185;0.09;0;0.21;0.13;0.04;1.6;0.34;3;1.91;0.55
10/07/24   ;21:00;0.38;13.3;27.6;0.38;1198;0;-0.12;0.16;0.04;172;0.09;0.01;0.23;0.15;0.05;1.73;0.38;3.6;2.13;0.63
10/07/24   ;22:00;0.49;13.3;27.7;0.49;1202;0;-0.13;0.12;0.03;194;0.07;0.01;0.25;0.1;0.03;1.54;0.36;3.64;1.83;0.6
10/07/24   ;23:00;0.58;13.4;28;0.58;1198;0;-0.09;0.11;0.03;172;0.07;0.01;0.16;0.12;0.04;1.73;0.34;4.04;2.17;0.7
11/07/24   ;00:00;0.63;13.3;27.7;0.63;1197;0;-0.09;0.09;0.03;158;0.07;0.01;0.16;0.11;0.03;1.88;0.33;4.73;2.34;0.85
11/07/24   ;01:00;0.62;13.3;27.7;0.62;1196;0;-0.06;0.08;0.02;187;0.05;0;0.13;0.08;0.03;1.59;0.34;3.08;1.97;0.6
11/07/24   ;02:00;0.54;13.4;27.6;0.54;1188;0;-0.07;0.07;0.02;167;0.04;0;0.13;0.07;0.03;1.77;0.53;3.44;1.93;0.54
11/07/24   ;03:00;0.41;13.4;27.6;0.41;1196;0;-0.06;0.05;0.01;155;0.03;0;0.08;0.05;0.02;1.91;0.46;3.97;2.34;0.72
11/07/24   ;04:00;0.27;13.4;27.5;0.27;1198;0;-0.07;0.07;0.02;148;0.04;0;0.14;0.07;0.02;2.02;0.27;4.26;2.55;0.84
11/07/24   ;05:00;0.11;13.3;27.5;0.11;1197;0;-0.14;0.13;0.04;134;0.09;0.02;0.23;0.14;0.04;2.22;0.65;4.09;2.81;0.88
11/07/24   ;06:00;-0.01;13.3;27.5;-0.01;1200;0;-0.14;0.2;0.04;153;0.1;0.01;0.34;0.15;0.05;1.96;0.64;4.5;2.42;0.8
11/07/24   ;07:00;-0.07;13.4;27.6;-0.07;1201;0;-0.14;0.12;0.04;172;0.09;0.02;0.23;0.13;0.04;1.73;0.33;3.61;1.99;0.61
11/07/24   ;08:00;-0.04;13.4;27.6;-0.04;1200;0;-0.12;0.17;0.04;182;0.1;0.02;0.28;0.15;0.05;1.64;0.36;3.2;1.85;0.52
11/07/24   ;09:00;0.05;13.4;27.8;0.05;1200;0;-0.13;0.14;0.04;184;0.1;0.02;0.26;0.16;0.05;1.62;0.29;4.34;1.94;0.64
11/07/24   ;10:00;0.2;13.4;27.9;0.2;1194;0;-0.14;0.16;0.04;186;0.1;0.02;0.29;0.15;0.05;1.6;0.37;3.32;1.84;0.55
11/07/24   ;11:00;0.36;13.3;28;0.36;1200;0;-0.16;0.19;0.05;188;0.11;0.02;0.33;0.17;0.05;1.57;0.3;3.25;1.88;0.6
11/07/24   ;12:00;0.5;13.3;27.9;0.5;1199;0;-0.12;0.15;0.04;198;0.1;0.01;0.23;0.15;0.05;1.51;0.32;3.97;1.83;0.59
11/07/24   ;13:00;0.6;13.4;28.2;0.6;1185;0;-0.13;0.15;0.05;202;0.12;0.02;0.26;0.19;0.06;1.46;0.47;2.91;1.67;0.48
11/07/24   ;14:00;0.68;13.4;27.9;0.68;1200;0;-0.19;0.19;0.05;176;0.12;0.03;0.31;0.18;0.05;1.69;0.29;3.7;2.01;0.62
11/07/24   ;15:00;0.7;13.3;28.1;0.7;1200;0;-0.15;0.17;0.05;192;0.11;0.01;0.25;0.17;0.05;1.55;0.31;3.29;1.82;0.53
11/07/24   ;16:00;0.65;13.3;28.2;0.65;1196;0;-0.12;0.16;0.04;172;0.1;0.01;0.23;0.15;0.05;1.74;0.29;3.79;2.2;0.72
11/07/24   ;17:00;0.55;13.3;28.5;0.55;1208;0;-0.14;0.16;0.04;187;0.11;0.02;0.28;0.16;0.05;1.6;0.27;3.13;1.95;0.56
11/07/24   ;18:00;0.45;13.3;28.6;0.45;1196;0;-0.14;0.16;0.05;167;0.12;0.01;0.27;0.18;0.06;1.78;0.45;3.7;2.05;0.62
11/07/24   ;19:00;0.37;13.3;28.6;0.37;1199;0;-0.17;0.13;0.04;174;0.1;0.01;0.3;0.15;0.05;1.7;0.37;3.24;2.01;0.62
11/07/24   ;20:00;0.34;13.3;28.6;0.34;1197;0;-0.12;0.14;0.04;164;0.1;0.01;0.23;0.15;0.04;1.81;0.32;3.77;2.11;0.75
11/07/24   ;21:00;0.36;13.3;28.5;0.36;1195;0;-0.13;0.16;0.04;168;0.09;0.01;0.25;0.14;0.05;1.76;0.33;3.76;2.1;0.69
11/07/24   ;22:00;0.4;13.3;28.1;0.4;1200;0;-0.13;0.14;0.04;182;0.09;0.01;0.25;0.14;0.04;1.64;0.41;3.52;2;0.64
11/07/24   ;23:00;0.47;13.3;28.2;0.47;1196;0;-0.14;0.14;0.04;161;0.09;0.01;0.25;0.14;0.04;1.85;0.32;4.78;2.36;0.79
12/07/24   ;00:00;0.53;13.3;28.4;0.53;1200;0;-0.1;0.1;0.03;163;0.07;0.01;0.19;0.1;0.03;1.82;0.42;4.55;2.27;0.76
12/07/24   ;01:00;0.54;13.3;28.5;0.54;1196;0;-0.06;0.07;0.02;193;0.04;0;0.11;0.06;0.02;1.53;0.35;3.22;1.88;0.58
12/07/24   ;02:00;0.5;13.3;28.4;0.5;1200;0;-0.12;0.09;0.02;186;0.04;0.01;0.21;0.07;0.03;1.59;0.28;3.43;1.94;0.61
12/07/24   ;03:00;0.41;13.3;28.1;0.41;1199;0;-0.04;0.04;0.01;150;0.03;0;0.07;0.05;0.01;1.99;0.26;4;2.25;0.65
12/07/24   ;04:00;0.28;13.4;28.1;0.28;1200;0;-0.09;0.09;0.03;142;0.06;0.01;0.17;0.1;0.03;2.09;0.66;4.01;2.57;0.76
12/07/24   ;05:00;0.17;13.3;28.2;0.17;1200;0;-0.16;0.17;0.04;141;0.1;0.02;0.3;0.16;0.06;2.12;0.4;4.07;2.47;0.72
12/07/24   ;06:00;0.08;13.3;28.2;0.08;1200;0;-0.12;0.16;0.03;160;0.07;0.01;0.24;0.12;0.04;1.85;0.28;4.14;2.29;0.79
12/07/24   ;07:00;0.03;13.4;28.2;0.03;1208;0;-0.15;0.16;0.05;169;0.11;0.01;0.28;0.17;0.05;1.77;0.33;4.02;2.23;0.72
12/07/24   ;08:00;0.04;13.4;28.3;0.04;1199;0;-0.1;0.11;0.03;177;0.08;0.01;0.17;0.12;0.03;1.68;0.36;3.66;2.04;0.65
12/07/24   ;09:00;0.1;13.4;28.3;0.1;1197;0;-0.11;0.14;0.04;177;0.1;0.01;0.22;0.15;0.05;1.68;0.32;3.67;1.97;0.64
12/07/24   ;10:00;0.22;13.4;28.6;0.22;1200;0;-0.15;0.19;0.04;189;0.1;0.01;0.27;0.15;0.05;1.58;0.36;3.83;1.86;0.58
12/07/24   ;11:00;0.37;13.3;28.8;0.36;1200;0;-0.16;0.18;0.04;197;0.1;0.01;0.33;0.15;0.05;1.52;0.27;3.75;1.85;0.58
12/07/24   ;12:00;0.5;13.3;28.7;0.5;1199;0;-0.16;0.2;0.05;190;0.12;0.02;0.35;0.19;0.06;1.57;0.4;4.12;1.83;0.61
12/07/24   ;13:00;0.61;13.4;28.7;0.61;1180;0;-0.15;0.15;0.05;203;0.11;0.01;0.3;0.16;0.05;1.45;0.27;3.07;1.67;0.55
12/07/24   ;14:00;0.7;13.4;28.6;0.7;1200;0;-0.16;0.18;0.05;193;0.13;0.01;0.32;0.2;0.06;1.55;0.36;3.25;1.75;0.51
12/07/24   ;15:00;0.72;13.4;28.5;0.72;1197;0;-0.16;0.25;0.05;190;0.12;0.01;0.32;0.19;0.06;1.56;0.33;3.57;1.84;0.58
12/07/24   ;16:00;0.69;13.3;28.6;0.69;1200;0;-0.13;0.15;0.05;182;0.11;0.01;0.26;0.17;0.05;1.64;0.35;3.5;1.91;0.6
12/07/24   ;17:00;0.66;13.3;28.6;0.66;1196;0;-0.16;0.16;0.05;181;0.11;0.01;0.28;0.17;0.05;1.64;0.43;3.45;1.98;0.57
12/07/24   ;18:00;0.56;13.4;28.8;0.56;1200;0;-0.14;0.15;0.04;181;0.11;0.02;0.25;0.16;0.05;1.64;0.39;3.47;1.96;0.62
12/07/24   ;19:00;0.45;13.3;28.9;0.45;1195;0;-0.15;0.19;0.04;159;0.11;0.01;0.31;0.16;0.05;1.87;0.56;3.77;2.3;0.72
12/07/24   ;20:00;0.37;13.3;28.9;0.37;1194;0;-0.12;0.16;0.04;170;0.1;0.01;0.24;0.16;0.05;1.75;0.32;3.67;1.99;0.64
12/07/24   ;21:00;0.35;13.3;28.8;0.35;1197;0;-0.1;0.11;0.03;183;0.07;0.01;0.18;0.11;0.04;1.63;0.29;3.54;2.03;0.64
12/07/24   ;22:00;0.36;13.3;28.7;0.36;1200;0;-0.12;0.15;0.04;170;0.09;0.01;0.27;0.14;0.04;1.74;0.37;3.4;2;0.59
12/07/24   ;23:00;0.38;13.3;28.4;0.38;1199;0;-0.07;0.09;0.03;197;0.06;0.01;0.16;0.09;0.03;1.52;0.3;3.24;1.89;0.57
13/07/24   ;00:00;0.41;13.3;28.2;0.41;1200;0;-0.1;0.14;0.03;159;0.08;0.02;0.21;0.12;0.04;1.87;0.28;3.71;2.32;0.78
13/07/24   ;01:00;0.44;13.3;28.2;0.44;1200;0;-0.08;0.06;0.02;180;0.04;0;0.12;0.06;0.02;1.66;0.25;3.55;2.05;0.69
13/07/24   ;02:00;0.43;13.3;28.1;0.43;1200;0;-0.08;0.08;0.02;167;0.05;0.01;0.16;0.08;0.03;1.79;0.28;3.81;2.21;0.76
13/07/24   ;03:00;0.38;13.3;28;0.38;1200;0;-0.1;0.09;0.03;174;0.06;0.01;0.18;0.1;0.03;1.7;0.3;3.44;1.86;0.61
13/07/24   ;04:00;0.31;13.3;28.2;0.31;1200;0;-0.14;0.13;0.03;128;0.07;0;0.27;0.13;0.05;2.32;0.3;4.66;2.75;0.94
13/07/24   ;05:00;0.24;13.3;28.3;0.24;1200;0;-0.08;0.13;0.03;162;0.06;0.01;0.18;0.1;0.03;1.84;0.4;3.91;2.44;0.8
13/07/24   ;06:00;0.17;13.3;28.2;0.17;1200;0;-0.11;0.13;0.03;163;0.08;0.01;0.22;0.13;0.04;1.83;0.48;4.46;2.18;0.63
13/07/24   ;07:00;0.13;13.3;28.2;0.13;1200;0;-0.11;0.13;0.04;160;0.09;0.01;0.22;0.14;0.04;1.86;0.42;3.97;2.27;0.75
13/07/24   ;08:00;0.12;13.3;28.3;0.12;1200;0;-0.11;0.16;0.04;170;0.1;0.01;0.27;0.14;0.04;1.76;0.43;4.06;2.09;0.6
13/07/24   ;09:00;0.15;13.3;28.4;0.14;1199;0;-0.12;0.15;0.04;171;0.1;0.01;0.26;0.15;0.05;1.75;0.32;4.2;2.01;0.68
13/07/24   ;10:00;0.22;13.4;28.3;0.22;1200;0;-0.14;0.12;0.03;186;0.08;0.01;0.19;0.13;0.04;1.61;0.33;4.08;1.96;0.64
13/07/24   ;11:00;0.33;13.3;28.3;0.33;1200;0;-0.14;0.16;0.04;183;0.11;0.02;0.26;0.16;0.05;1.63;0.26;3.65;1.9;0.63
13/07/24   ;12:00;0.46;13.4;28.3;0.46;1196;0;-0.12;0.14;0.04;191;0.11;0.01;0.27;0.16;0.05;1.56;0.31;3.14;1.83;0.58
13/07/24   ;13:00;0.58;13.3;28.4;0.58;1200;0;-0.14;0.2;0.05;196;0.11;0.01;0.31;0.17;0.05;1.52;0.32;3.34;1.75;0.58
13/07/24   ;14:00;0.67;13.3;28.2;0.68;1198;0;-0.16;0.18;0.05;186;0.12;0.02;0.28;0.19;0.06;1.6;0.38;3.45;1.94;0.69
13/07/24   ;15:00;0.74;13.4;28.2;0.74;1200;0;-0.14;0.15;0.04;194;0.11;0.02;0.28;0.16;0.05;1.53;0.42;3.28;1.77;0.52
13/07/24   ;16:00;0.76;13.4;28.3;0.76;1191;0;-0.14;0.15;0.04;198;0.1;0.02;0.24;0.16;0.05;1.5;0.34;3.66;1.74;0.54
13/07/24   ;17:00;0.73;13.4;28.4;0.73;1200;0;-0.12;0.23;0.05;183;0.11;0;0.32;0.17;0.05;1.63;0.38;3.26;2;0.62
13/07/24   ;18:00;0.64;13.3;28.4;0.64;1200;0;-0.18;0.19;0.05;176;0.12;0.01;0.31;0.18;0.06;1.69;0.26;3.57;2.05;0.65
13/07/24   ;19:00;0.54;13.3;28.5;0.54;1193;0;-0.15;0.14;0.04;179;0.1;0.02;0.25;0.16;0.05;1.66;0.38;3.65;1.94;0.59
13/07/24   ;20:00;0.45;13.4;28.6;0.45;1200;0;-0.14;0.16;0.04;168;0.11;0.02;0.26;0.16;0.05;1.77;0.39;3.86;2.04;0.67
13/07/24   ;21:00;0.36;13.4;28.7;0.36;1198;0;-0.13;0.18;0.04;169;0.1;0.01;0.3;0.16;0.05;1.75;0.66;3.93;1.99;0.63
13/07/24   ;22:00;0.32;13.3;28.7;0.32;1195;0;-0.15;0.15;0.05;165;0.11;0.01;0.29;0.17;0.05;1.8;0.28;4.71;2.18;0.67
13/07/24   ;23:00;0.29;13.3;28.6;0.29;1200;0;-0.11;0.11;0.03;175;0.07;0.01;0.2;0.12;0.04;1.7;0.33;3.66;1.99;0.62
14/07/24   ;00:00;0.3;13.4;28.5;0.3;1190;0;-0.11;0.13;0.04;158;0.1;0.01;0.2;0.15;0.04;1.86;0.3;3.77;2.2;0.65
14/07/24   ;01:00;0.3;13.4;28.5;0.3;1197;0;-0.07;0.06;0.02;178;0.04;0;0.13;0.07;0.02;1.67;0.33;3.47;2.03;0.66
14/07/24   ;02:00;0.32;13.4;28.5;0.32;1200;0;-0.07;0.07;0.02;159;0.05;0.01;0.12;0.08;0.02;1.87;0.43;3.96;2.14;0.61
14/07/24   ;03:00;0.3;13.3;28.5;0.3;1200;0;-0.07;0.08;0.02;189;0.04;0;0.15;0.07;0.03;1.58;0.31;3.54;1.88;0.61
14/07/24   ;04:00;0.28;13.3;28.5;0.28;1199;0;-0.06;0.08;0.02;141;0.05;0;0.14;0.07;0.02;2.1;0.31;3.95;2.76;0.89
14/07/24   ;05:00;0.27;13.3;28.4;0.27;1192;0;-0.08;0.1;0.02;173;0.05;0.01;0.18;0.08;0.03;1.71;0.31;4.02;2.06;0.67
14/07/24   ;06:00;0.25;13.3;28.3;0.25;1200;0;-0.11;0.09;0.03;163;0.08;0.01;0.17;0.12;0.04;1.84;0.32;3.76;2.24;0.7
14/07/24   ;07:00;0.23;13.3;28.4;0.22;1200;0;-0.15;0.19;0.04;167;0.09;0.01;0.33;0.14;0.05;1.78;0.49;3.47;2.18;0.65
14/07/24   ;08:00;0.22;13.4;28.4;0.22;1193;0;-0.11;0.13;0.04;183;0.09;0.01;0.2;0.14;0.04;1.62;0.37;3.43;1.91;0.54
14/07/24   ;09:00;0.22;13.3;28.5;0.22;1201;0;-0.11;0.11;0.04;175;0.09;0.02;0.19;0.13;0.04;1.7;0.31;4.18;1.89;0.63
14/07/24   ;10:00;0.26;13.3;28.7;0.26;1198;0;-0.12;0.13;0.03;171;0.08;0.01;0.2;0.13;0.04;1.74;0.54;3.84;2.19;0.74
14/07/24   ;11:00;0.32;13.3;28.8;0.32;1200;0;-0.11;0.14;0.04;174;0.09;0.01;0.24;0.14;0.04;1.71;0.33;3.82;1.94;0.63
14/07/24   ;12:00;0.4;13.3;28.8;0.41;1200;0;-0.14;0.21;0.04;200;0.1;0.01;0.34;0.16;0.05;1.49;0.36;3.28;1.75;0.53
14/07/24   ;13:00;0.5;13.3;28.8;0.5;1199;0;-0.13;0.18;0.04;190;0.1;0.01;0.3;0.15;0.05;1.57;0.37;3.02;1.94;0.59
14/07/24   ;14:00;0.59;13.3;28.9;0.59;1200;0;-0.13;0.15;0.04;186;0.11;0.01;0.23;0.16;0.04;1.61;0.33;3.54;1.8;0.52
14/07/24   ;15:00;0.66;13.3;29.1;0.66;1200;0;-0.11;0.15;0.05;187;0.11;0.02;0.23;0.17;0.05;1.59;0.32;3.45;1.92;0.61
14/07/24   ;16:00;0.71;13.3;28.8;0.71;1200;0;-0.13;0.17;0.04;193;0.11;0.02;0.28;0.17;0.05;1.55;0.33;4.03;1.76;0.59
14/07/24   ;17:00;0.7;13.4;28.9;0.7;1193;0;-0.15;0.19;0.05;187;0.11;0.01;0.32;0.17;0.05;1.59;0.34;3.42;1.89;0.61
14/07/24   ;18:00;0.65;13.4;28.8;0.65;1200;0;-0.14;0.19;0.05;176;0.11;0.02;0.26;0.18;0.05;1.69;0.37;3.77;2.06;0.6
14/07/24   ;19:00;0.56;13.3;29;0.55;1200;0;-0.12;0.2;0.04;165;0.09;0.01;0.29;0.15;0.05;1.81;0.31;3.94;2.24;0.7
14/07/24   ;20:00;0.46;13.3;28.9;0.46;1199;0;-0.15;0.17;0.04;163;0.1;0;0.26;0.15;0.04;1.83;0.31;3.91;2.13;0.66
14/07/24   ;21:00;0.37;13.4;28.9;0.37;1195;0;-0.09;0.11;0.03;171;0.07;0.01;0.18;0.11;0.03;1.74;0.32;3.44;2.02;0.59
14/07/24   ;22:00;0.29;13.4;28.8;0.29;1200;0;-0.11;0.16;0.04;162;0.08;0.01;0.24;0.13;0.04;1.84;0.3;4.8;2.08;0.76
14/07/24   ;23:00;0.22;13.4;28.7;0.22;1200;0;-0.1;0.11;0.03;157;0.07;0.01;0.2;0.12;0.04;1.9;0.37;4.1;2.42;0.75
15/07/24   ;00:00;0.18;13.3;28.6;0.18;1200;0;-0.1;0.1;0.03;141;0.08;0.01;0.2;0.12;0.04;2.12;0.34;4.66;2.55;0.82
15/07/24   ;01:00;0.16;13.4;28.6;0.16;1199;0;-0.06;0.06;0.02;173;0.04;0.01;0.11;0.06;0.02;1.72;0.35;3.31;1.92;0.59
15/07/24   ;02:00;0.16;13.4;28.6;0.16;1198;0;-0.04;0.04;0.01;201;0.02;0;0.08;0.04;0.01;1.48;0.32;2.87;1.71;0.54
15/07/24   ;03:00;0.18;13.4;28.5;0.18;1200;0;-0.05;0.05;0.01;167;0.03;0;0.1;0.05;0.02;1.79;0.36;3.27;2.17;0.69
15/07/24   ;04:00;0.22;13.3;28.5;0.22;1200;0;-0.06;0.06;0.02;156;0.04;0;0.12;0.07;0.02;1.89;0.31;3.69;2.46;0.8
15/07/24   ;05:00;0.26;13.3;28.4;0.26;1208;0;-0.07;0.08;0.03;159;0.06;0.01;0.15;0.1;0.03;1.89;0.27;4.01;2.46;0.84
15/07/24   ;06:00;0.3;13.4;28.5;0.3;1200;0;-0.12;0.13;0.04;156;0.09;0.02;0.24;0.15;0.05;1.91;0.49;3.58;2.39;0.77
15/07/24   ;07:00;0.3;13.3;28.5;0.3;1192;0;-0.13;0.13;0.04;175;0.1;0.01;0.23;0.15;0.05;1.7;0.54;3.93;2.03;0.6
15/07/24   ;08:00;0.3;13.3;28.5;0.3;1199;0;-0.12;0.14;0.04;191;0.09;0.01;0.24;0.14;0.04;1.56;0.29;3.45;1.86;0.61
15/07/24   ;09:00;0.29;13.3;28.6;0.3;1200;0;-0.14;0.15;0.04;178;0.1;0.01;0.25;0.16;0.05;1.68;0.4;3.47;1.98;0.67
15/07/24   ;10:00;0.29;13.3;28.8;0.29;1194;0;-0.16;0.15;0.04;172;0.11;0.02;0.31;0.17;0.05;1.72;0.49;3.95;2.02;0.66
15/07/24   ;11:00;0.31;13.3;28.8;0.31;1200;0;-0.16;0.16;0.04;181;0.11;0.01;0.3;0.17;0.05;1.64;0.43;3.27;1.87;0.57
15/07/24   ;12:00;0.36;13.4;28.9;0.36;1194;0;-0.15;0.17;0.05;183;0.11;0.01;0.28;0.17;0.06;1.62;0.34;3.8;1.95;0.64
15/07/24   ;13:00;0.42;13.3;29;0.42;1200;0;-0.15;0.14;0.04;191;0.1;0.01;0.27;0.16;0.05;1.56;0.28;3.11;1.86;0.54
15/07/24   ;14:00;0.51;13.3;29;0.51;1200;0;-0.14;0.15;0.04;189;0.1;0.01;0.28;0.15;0.04;1.57;0.39;3.52;1.8;0.53
15/07/24   ;15:00;0.6;13.3;29.1;0.6;1198;0;-0.14;0.15;0.04;196;0.1;0.01;0.26;0.16;0.05;1.52;0.39;2.99;1.82;0.55
15/07/24   ;16:00;0.66;13.3;29;0.66;1198;0;-0.14;0.17;0.05;190;0.12;0.01;0.32;0.19;0.06;1.57;0.29;3.37;1.85;0.52
15/07/24   ;17:00;0.69;13.4;29;0.69;1197;0;-0.13;0.16;0.04;189;0.11;0.01;0.27;0.17;0.05;1.58;0.36;3.46;1.85;0.58
15/07/24   ;18:00;0.69;13.3;29;0.69;1199;0;-0.14;0.16;0.05;156;0.13;0.02;0.25;0.19;0.06;1.92;0.43;3.95;2.34;0.77
15/07/24   ;19:00;0.64;13.3;28.9;0.64;1200;0;-0.21;0.18;0.05;155;0.11;0.02;0.38;0.18;0.06;1.92;0.3;3.89;2.5;0.76
15/07/24   ;20:00;0.55;13.3;29.1;0.55;1198;0;-0.16;0.14;0.04;179;0.09;0.01;0.25;0.15;0.05;1.67;0.37;3.85;1.95;0.6
15/07/24   ;21:00;0.45;13.3;29.1;0.45;1196;0;-0.15;0.16;0.03;171;0.08;0.01;0.29;0.13;0.05;1.73;0.33;3.54;2.05;0.6
15/07/24   ;22:00;0.34;13.4;29;0.33;1200;0;-0.09;0.11;0.03;176;0.07;0.01;0.19;0.11;0.04;1.7;0.32;4.19;2.01;0.73
15/07/24   ;23:00;0.24;13.4;28.9;0.24;1200;0;-0.1;0.1;0.03;144;0.08;0.02;0.18;0.12;0.04;2.07;0.32;4.18;2.46;0.8
16/07/24   ;00:00;0.15;13.3;28.7;0.15;1200;0;-0.1;0.09;0.03;140;0.07;0;0.17;0.11;0.03;2.12;0.29;4.52;2.48;0.87
16/07/24   ;01:00;0.08;13.4;28.6;0.08;1200;0;-0.05;0.05;0.01;161;0.04;0;0.1;0.05;0.02;1.85;0.36;3.69;2.27;0.65
16/07/24   ;02:00;0.08;13.4;28.5;0.08;1200;0;-0.06;0.07;0.02;165;0.04;0.01;0.13;0.07;0.02;1.81;0.4;3.83;1.93;0.57
16/07/24   ;03:00;0.11;13.4;28.5;0.11;1206;0;-0.05;0.06;0.02;158;0.04;0.01;0.09;0.06;0.02;1.89;0.45;3.44;2.29;0.67
16/07/24   ;04:00;0.17;13.4;28.6;0.17;1200;0;-0.08;0.08;0.02;160;0.05;0.01;0.15;0.09;0.03;1.87;0.38;3.83;2.41;0.74
16/07/24   ;05:00;0.26;13.3;28.8;0.26;1200;0;-0.1;0.11;0.03;176;0.06;0.01;0.17;0.1;0.03;1.7;0.32;3.79;2.14;0.7
16/07/24   ;06:00;0.35;13.3;28.6;0.35;1195;0;-0.14;0.15;0.03;170;0.08;0.01;0.25;0.12;0.04;1.75;0.38;3.36;2.14;0.61
16/07/24   ;07:00;0.41;13.4;28.5;0.41;1200;0;-0.14;0.23;0.05;171;0.11;0.02;0.34;0.17;0.05;1.74;0.42;3.8;2.05;0.65
16/07/24   ;08:00;0.44;13.4;28.5;0.44;1189;0;-0.13;0.13;0.04;187;0.09;0.01;0.24;0.15;0.05;1.57;0.34;3.59;1.93;0.68
16/07/24   ;09:00;0.45;13.4;28.6;0.45;1199;0;-0.15;0.19;0.05;181;0.11;0.01;0.29;0.17;0.05;1.64;0.36;3.83;1.98;0.62
16/07/24   ;10:00;0.44;13.4;28.7;0.44;1200;0;-0.14;0.17;0.05;163;0.11;0.01;0.26;0.17;0.05;1.83;0.42;3.86;2.23;0.77
16/07/24   ;11:00;0.41;13.3;28.8;0.41;1200;0;-0.13;0.12;0.04;175;0.09;0.01;0.24;0.14;0.04;1.69;0.55;3.75;1.98;0.63
16/07/24   ;12:00;0.4;13.3;29;0.4;1196;0;-0.16;0.17;0.05;179;0.12;0.02;0.28;0.18;0.05;1.66;0.52;3.89;2.01;0.62
16/07/24   ;13:00;0.42;13.4;29.1;0.42;1190;0;-0.13;0.17;0.04;175;0.1;0.02;0.29;0.15;0.05;1.68;0.28;3.33;1.93;0.58
16/07/24   ;14:00;0.48;13.4;29.1;0.48;1196;0;-0.15;0.17;0.05;160;0.11;0.02;0.25;0.17;0.05;1.85;0.34;4.12;2.26;0.77
16/07/24   ;15:00;0.57;13.3;29;0.57;1200;0;-0.13;0.17;0.05;190;0.11;0.03;0.28;0.17;0.05;1.57;0.31;3.65;1.82;0.56
16/07/24   ;16:00;0.66;13.3;29.2;0.66;1194;0;-0.14;0.16;0.05;195;0.11;0.01;0.28;0.17;0.05;1.53;0.3;3.84;1.86;0.6
16/07/24   ;17:00;0.73;13.3;28.8;0.73;1199;0;-0.16;0.21;0.05;180;0.13;0.01;0.32;0.2;0.06;1.65;0.29;3.17;1.94;0.61
16/07/24   ;18:00;0.76;13.3;28.8;0.76;1200;0;-0.13;0.15;0.05;182;0.11;0.02;0.27;0.17;0.06;1.63;0.28;3.72;1.98;0.64
16/07/24   ;19:00;0.74;13.3;28.9;0.74;1200;0;-0.12;0.14;0.04;175;0.1;0;0.21;0.15;0.05;1.71;0.3;3.94;2.1;0.71
16/07/24   ;20:00;0.67;13.3;28.8;0.67;1199;0;-0.13;0.13;0.04;183;0.09;0.01;0.22;0.14;0.05;1.63;0.46;3.74;1.97;0.61
16/07/24   ;21:00;0.55;13.3;29;0.55;1200;0;-0.11;0.13;0.04;156;0.09;0.01;0.21;0.14;0.04;1.91;0.33;3.42;2.34;0.73
16/07/24   ;22:00;0.42;13.3;29;0.42;1200;0;-0.08;0.1;0.03;158;0.07;0;0.16;0.1;0.03;1.87;0.37;5.07;2.28;0.73
16/07/24   ;23:00;0.29;13.3;29;0.29;1200;0;-0.1;0.09;0.03;158;0.07;0.01;0.19;0.11;0.04;1.89;0.31;4.19;2.27;0.78
17/07/24   ;00:00;0.17;13.3;29;0.17;1197;0;-0.1;0.1;0.03;134;0.08;0.01;0.18;0.12;0.04;2.22;0.48;4.37;3.05;0.98
17/07/24   ;01:00;0.07;13.3;28.9;0.07;1200;0;-0.06;0.07;0.02;170;0.04;0.01;0.12;0.06;0.02;1.76;0.29;3.54;2;0.61
17/07/24   ;02:00;0.02;13.4;28.8;0.02;1196;0;-0.05;0.06;0.01;187;0.03;0;0.1;0.04;0.01;1.58;0.29;3.55;2.09;0.75
17/07/24   ;03:00;0.02;13.4;28.7;0.02;1200;0;-0.04;0.04;0.01;174;0.03;0;0.07;0.04;0.01;1.72;0.35;3.75;2.25;0.77
17/07/24   ;04:00;0.08;13.4;28.8;0.08;1200;0;-0.09;0.11;0.02;154;0.05;0.01;0.17;0.09;0.03;1.94;0.3;3.59;2.33;0.78
17/07/24   ;05:00;0.18;13.3;29;0.18;1199;0;-0.12;0.12;0.03;153;0.07;0.01;0.21;0.12;0.04;1.95;0.49;3.87;2.57;0.84
17/07/24   ;06:00;0.29;13.3;28.8;0.3;1200;0;-0.14;0.17;0.05;175;0.11;0.01;0.29;0.17;0.06;1.7;0.28;3.99;2;0.71
17/07/24   ;07:00;0.39;13.4;28.9;0.39;1182;0;-0.12;0.13;0.04;187;0.09;0.02;0.25;0.14;0.04;1.57;0.37;4.33;1.92;0.6
17/07/24   ;08:00;0.46;13.4;28.8;0.46;1200;0;-0.15;0.22;0.05;192;0.12;0.01;0.33;0.19;0.06;1.55;0.36;3.25;1.76;0.51
17/07/24   ;09:00;0.49;13.4;28.8;0.49;1198;0;-0.12;0.16;0.04;193;0.1;0.01;0.25;0.15;0.05;1.53;0.44;3.5;1.88;0.57
17/07/24   ;10:00;0.48;13.4;29;0.48;1200;0;-0.16;0.15;0.04;192;0.09;0.02;0.28;0.14;0.05;1.55;0.38;3.77;1.83;0.61
17/07/24   ;11:00;0.45;13.4;29;0.45;1199;0;-0.12;0.16;0.04;185;0.11;0.02;0.27;0.16;0.04;1.61;0.61;3.53;1.79;0.52
17/07/24   ;12:00;0.42;13.4;29.2;0.42;1197;0;-0.16;0.2;0.05;176;0.11;0;0.28;0.18;0.05;1.68;0.35;3.64;1.91;0.6
17/07/24   ;13:00;0.41;13.4;29.3;0.41;1199;0;-0.14;0.16;0.04;192;0.1;0.02;0.26;0.16;0.05;1.55;0.3;3.48;1.9;0.56
17/07/24   ;14:00;0.43;13.3;29.5;0.43;1200;0;-0.16;0.17;0.05;173;0.12;0.02;0.32;0.19;0.06;1.72;0.38;3.71;2.02;0.63
17/07/24   ;15:00;0.49;13.3;29.5;0.5;1200;0;-0.15;0.17;0.05;178;0.12;0.01;0.27;0.18;0.06;1.68;0.52;3.6;1.93;0.56
17/07/24   ;16:00;0.58;13.4;29.5;0.58;1200;0;-0.14;0.17;0.05;178;0.11;0.02;0.28;0.17;0.05;1.67;0.35;3.57;1.98;0.65
17/07/24   ;17:00;0.65;13.4;29.6;0.65;1199;0;-0.17;0.17;0.05;190;0.11;0.01;0.32;0.18;0.06;1.56;0.28;3.6;2.01;0.64
17/07/24   ;18:00;0.72;13.4;29.4;0.72;1195;0;-0.15;0.18;0.05;184;0.12;0.02;0.3;0.18;0.05;1.61;0.53;3.33;1.83;0.54
17/07/24   ;19:00;0.74;13.3;29.3;0.74;1194;0;-0.14;0.2;0.05;186;0.12;0.03;0.29;0.18;0.05;1.6;0.31;3.87;1.89;0.62
17/07/24   ;20:00;0.72;13.3;29.3;0.71;1199;0;-0.15;0.13;0.04;173;0.1;0.01;0.22;0.16;0.05;1.73;0.31;4.02;2.18;0.75
17/07/24   ;21:00;0.64;13.3;29.4;0.64;1194;0;-0.15;0.12;0.04;168;0.09;0.01;0.25;0.15;0.05;1.77;0.27;3.97;2.27;0.75
17/07/24   ;22:00;0.52;13.3;29.4;0.52;1200;0;-0.13;0.15;0.04;170;0.09;0.01;0.27;0.15;0.05;1.75;0.39;3.38;2.07;0.61
17/07/24   ;23:00;0.37;13.3;29.4;0.37;1200;0;-0.17;0.16;0.04;154;0.08;0;0.3;0.13;0.05;1.94;0.33;3.82;2.3;0.69
18/07/24   ;00:00;0.23;13.4;29.3;0.23;1206;0;-0.13;0.13;0.03;143;0.07;0;0.24;0.11;0.04;2.09;0.3;4.25;2.67;0.83
18/07/24   ;01:00;0.09;13.4;29.1;0.09;1182;0;-0.07;0.07;0.02;133;0.05;0;0.13;0.09;0.03;2.2;0.34;4.63;2.98;0.97
18/07/24   ;02:00;-0.02;13.3;29.1;-0.02;1200;0;-0.03;0.03;0.01;215;0.02;0;0.05;0.03;0.01;1.39;0.38;3.15;1.81;0.6
18/07/24   ;03:00;-0.07;13.3;29.1;-0.07;1200;0;-0.05;0.04;0.01;228;0.03;0.01;0.07;0.05;0.01;1.31;0.32;3.79;1.75;0.64
18/07/24   ;04:00;-0.05;13.3;28.9;-0.05;1197;0;-0.07;0.08;0.02;186;0.05;0.01;0.15;0.07;0.02;1.6;0.29;3.7;2.01;0.68
18/07/24   ;05:00;0.04;13.3;29.2;0.04;1200;0;-0.09;0.14;0.03;167;0.08;0.01;0.21;0.13;0.04;1.78;0.33;3.94;2.41;0.85
18/07/24   ;06:00;0.16;13.3;29.2;0.17;1200;0;-0.19;0.21;0.05;172;0.11;0.01;0.31;0.19;0.06;1.73;0.41;3.85;2.35;0.76
18/07/24   ;07:00;0.32;13.3;29.3;0.32;1200;0;-0.17;0.18;0.05;189;0.13;0.01;0.33;0.2;0.07;1.58;0.34;3.51;1.9;0.59
18/07/24   ;08:00;0.43;13.3;29.2;0.43;1199;0;-0.12;0.14;0.04;192;0.11;0.03;0.26;0.16;0.05;1.55;0.42;3.38;1.76;0.55
18/07/24   ;09:00;0.52;13.3;29.4;0.52;1196;0;-0.13;0.17;0.05;191;0.12;0.02;0.25;0.17;0.05;1.56;0.27;3.13;1.8;0.53
18/07/24   ;10:00;0.56;13.3;29.4;0.56;1199;0;-0.17;0.13;0.05;191;0.11;0.01;0.24;0.16;0.05;1.56;0.29;4.12;1.88;0.57
18/07/24   ;11:00;0.55;13.4;29.5;0.55;1200;0;-0.13;0.19;0.05;179;0.12;0.02;0.28;0.17;0.05;1.66;0.59;3.51;1.88;0.58
18/07/24   ;12:00;0.51;13.4;29.6;0.51;1199;0;-0.14;0.16;0.05;179;0.12;0.01;0.29;0.18;0.05;1.67;0.33;3.9;1.86;0.6
18/07/24   ;13:00;0.44;13.4;29.7;0.44;1190;0;-0.13;0.14;0.04;174;0.1;0.01;0.24;0.16;0.05;1.7;0.32;3.38;2.06;0.67
18/07/24   ;14:00;0.39;13.4;29.7;0.39;1197;0;-0.14;0.15;0.04;182;0.1;0.01;0.23;0.16;0.04;1.63;0.27;3.67;1.95;0.66
18/07/24   ;15:00;0.39;13.3;29.8;0.39;1199;0;-0.12;0.11;0.04;181;0.1;0.02;0.2;0.15;0.04;1.65;0.37;4.17;2.02;0.61
18/07/24   ;16:00;0.43;13.3;29.8;0.43;1200;0;-0.13;0.15;0.05;153;0.11;0.01;0.26;0.18;0.06;1.95;0.31;3.77;2.62;0.86
18/07/24   ;17:00;0.51;13.4;29.7;0.51;1200;0;-0.12;0.16;0.04;191;0.1;0.01;0.24;0.15;0.04;1.56;0.53;2.93;1.83;0.51
18/07/24   ;18:00;0.62;13.4;29.2;0.62;1198;0;-0.15;0.19;0.05;176;0.12;0.02;0.3;0.18;0.05;1.69;0.39;3.52;1.92;0.65
18/07/24   ;19:00;0.7;13.4;29.2;0.7;1194;0;-0.15;0.21;0.05;180;0.12;0.01;0.31;0.19;0.06;1.65;0.3;3.87;2.02;0.67
18/07/24   ;20:00;0.75;13.3;29;0.75;1196;0;-0.18;0.19;0.05;174;0.11;0.01;0.34;0.17;0.06;1.7;0.29;3.59;1.98;0.63
18/07/24   ;21:00;0.74;13.4;29.1;0.74;1200;0;-0.19;0.18;0.06;162;0.13;0.01;0.32;0.2;0.06;1.84;0.44;3.42;2.19;0.63
18/07/24   ;22:00;0.67;13.4;29;0.67;1200;0;-0.16;0.18;0.05;170;0.1;0.01;0.29;0.17;0.06;1.75;0.38;4.43;2.22;0.68
18/07/24   ;23:00;0.52;13.3;29.2;0.52;1208;0;-0.13;0.14;0.04;172;0.08;0.01;0.25;0.13;0.04;1.75;0.35;3.44;2.04;0.64
19/07/24   ;00:00;0.34;13.3;29.4;0.33;1200;0;-0.15;0.16;0.04;140;0.08;0.01;0.28;0.14;0.05;2.11;0.45;4.2;2.84;0.93
19/07/24   ;01:00;0.15;13.3;29.4;0.15;1198;0;-0.05;0.07;0.02;145;0.04;0;0.12;0.07;0.02;2.05;0.34;4.32;2.8;0.96
19/07/24   ;02:00;-0.02;13.3;29.3;-0.02;1200;0;-0.04;0.04;0.01;194;0.03;0;0.08;0.05;0.01;1.54;0.27;4.14;1.95;0.71
19/07/24   ;03:00;-0.15;13.3;29.2;-0.15;1200;0;-0.04;0.04;0.01;191;0.03;0;0.06;0.04;0.01;1.55;0.33;3.95;2.02;0.73
19/07/24   ;04:00;-0.2;13.4;29.1;-0.2;1192;0;-0.07;0.07;0.02;158;0.04;0;0.12;0.07;0.02;1.87;0.31;3.93;2.48;0.9
19/07/24   ;05:00;-0.13;13.3;29;-0.13;1200;0;-0.09;0.1;0.02;172;0.06;0.01;0.17;0.09;0.03;1.73;0.36;3.63;1.95;0.63
19/07/24   ;06:00;0.02;13.3;29.2;0.02;1200;0;-0.12;0.15;0.04;158;0.1;0.02;0.27;0.16;0.05;1.89;0.42;4.13;2.37;0.78
19/07/24   ;07:00;0.2;13.3;29.2;0.2;1190;0;-0.13;0.19;0.05;168;0.12;0.02;0.28;0.18;0.06;1.75;0.39;3.44;2.19;0.71
19/07/24   ;08:00;0.36;13.3;29.3;0.36;1197;0;-0.16;0.23;0.05;186;0.13;0.02;0.36;0.2;0.06;1.6;0.49;3.05;1.73;0.52
19/07/24   ;09:00;0.5;13.4;29.4;0.5;1197;0;-0.16;0.19;0.05;191;0.11;0.01;0.36;0.17;0.05;1.56;0.37;3.37;1.75;0.56
19/07/24   ;10:00;0.58;13.3;29.4;0.58;1200;0;-0.14;0.18;0.05;202;0.12;0.02;0.28;0.18;0.06;1.47;0.39;3.33;1.63;0.54
19/07/24   ;11:00;0.6;13.3;29.3;0.6;1195;0;-0.14;0.16;0.05;202;0.11;0.01;0.24;0.17;0.05;1.48;0.38;3.56;1.68;0.5
19/07/24   ;12:00;0.56;13.3;29.4;0.56;1195;0;-0.17;0.18;0.04;187;0.11;0.02;0.3;0.16;0.05;1.59;0.43;3.4;1.93;0.6
19/07/24   ;13:00;0.47;13.3;29.6;0.47;1200;0;-0.12;0.12;0.04;184;0.09;0.02;0.23;0.13;0.04;1.62;0.28;4.3;1.85;0.62
19/07/24   ;14:00;0.38;13.4;29.8;0.38;1200;0;-0.14;0.15;0.05;173;0.11;0.01;0.27;0.17;0.05;1.72;0.45;3.41;2.08;0.57
19/07/24   ;15:00;0.33;13.4;29.9;0.33;1200;0;-0.16;0.18;0.04;185;0.1;0.01;0.31;0.16;0.05;1.61;0.27;3.5;1.8;0.54
19/07/24   ;16:00;0.34;13.4;30;0.34;1188;0;-0.12;0.16;0.04;182;0.1;0.01;0.26;0.15;0.05;1.62;0.28;3.78;1.96;0.59
19/07/24   ;17:00;0.42;13.3;29.8;0.42;1199;0;-0.12;0.12;0.04;182;0.09;0.01;0.2;0.14;0.04;1.62;0.28;4.18;2.01;0.65
19/07/24   ;18:00;0.56;13.3;30.1;0.55;1196;0;-0.15;0.17;0.05;180;0.13;0.02;0.29;0.19;0.05;1.64;0.43;3.04;1.84;0.6
19/07/24   ;19:00;0.69;13.4;30;0.69;1199;0;-0.16;0.18;0.05;189;0.12;0.01;0.33;0.19;0.06;1.57;0.32;3.32;1.88;0.58
19/07/24   ;20:00;0.78;13.4;29.6;0.78;1198;0;-0.16;0.18;0.05;198;0.12;0.01;0.29;0.18;0.06;1.5;0.29;3.43;1.77;0.57
19/07/24   ;21:00;0.83;13.3;29.4;0.83;1200;0;-0.13;0.21;0.04;201;0.1;0;0.34;0.16;0.05;1.49;0.32;3.19;1.72;0.56
19/07/24   ;22:00;0.8;13.4;29.4;0.8;1196;0;-0.14;0.15;0.04;191;0.1;0.01;0.26;0.16;0.05;1.55;0.33;3.31;1.91;0.62
19/07/24   ;23:00;0.68;13.4;29.4;0.68;1200;0;-0.13;0.13;0.04;182;0.09;0.01;0.24;0.15;0.05;1.64;0.4;3.19;2.05;0.63
20/07/24   ;00:00;0.49;13.4;29.5;0.49;1188;0;-0.13;0.15;0.03;155;0.07;0.01;0.22;0.11;0.04;1.9;0.52;4.3;2.46;0.75
20/07/24   ;01:00;0.28;13.3;29.6;0.28;1199;0;-0.11;0.1;0.03;138;0.08;0.01;0.18;0.12;0.04;2.14;0.35;4.13;2.76;0.92
20/07/24   ;02:00;0.12;13.4;29.4;0.12;1200;0;-0.12;0.13;0.03;159;0.06;0.01;0.25;0.11;0.05;1.85;0.32;5.03;2.13;0.71
20/07/24   ;03:00;-0.11;13.4;29.2;-0.11;1199;0;-0.09;0.09;0.02;168;0.04;0.01;0.17;0.08;0.03;1.77;0.27;3.64;2.08;0.68
20/07/24   ;04:00;-0.24;13.3;29.1;-0.24;1200;0;-0.05;0.05;0.02;171;0.04;0;0.09;0.06;0.02;1.74;0.33;3.94;2.27;0.76
20/07/24   ;05:00;-0.23;13.4;29;-0.23;1200;0;-0.09;0.08;0.03;161;0.06;0.01;0.14;0.09;0.03;1.84;0.48;4.06;2.38;0.79
20/07/24   ;06:00;-0.05;13.3;29.3;-0.05;1197;0;-0.1;0.12;0.03;159;0.08;0.01;0.21;0.12;0.04;1.88;0.46;3.77;2.29;0.71
20/07/24   ;07:00;0.14;13.3;29.2;0.15;1197;0;-0.18;0.23;0.05;171;0.13;0.02;0.35;0.2;0.07;1.74;0.5;3.58;2.05;0.6
20/07/24   ;08:00;0.31;13.4;29.3;0.31;1200;0;-0.13;0.17;0.04;202;0.09;0.01;0.27;0.14;0.04;1.47;0.35;3.13;1.71;0.5
20/07/24   ;09:00;0.44;13.4;29.3;0.44;1200;0;-0.14;0.23;0.05;189;0.11;0.01;0.36;0.17;0.06;1.58;0.33;3.16;1.83;0.56
20/07/24   ;10:00;0.59;13.3;29.3;0.58;1195;0;-0.17;0.22;0.05;197;0.12;0.01;0.36;0.19;0.06;1.5;0.44;3.46;1.76;0.58
20/07/24   ;11:00;0.63;13.3;29.2;0.63;1194;0;-0.13;0.14;0.04;187;0.11;0.01;0.26;0.16;0.05;1.59;0.58;3.96;1.96;0.66
20/07/24   ;12:00;0.61;13.3;29.3;0.6;1196;0;-0.13;0.14;0.04;197;0.1;0.01;0.26;0.15;0.05;1.51;0.28;3.43;1.87;0.6
20/07/24   ;13:00;0.55;13.3;29.5;0.55;1195;0;-0.12;0.15;0.04;201;0.09;0.02;0.23;0.14;0.04;1.48;0.33;3.19;1.74;0.54
20/07/24   ;14:00;0.48;13.4;29.7;0.48;1200;0;-0.12;0.14;0.04;189;0.09;0.01;0.24;0.14;0.04;1.57;0.28;3.54;1.92;0.58
20/07/24   ;15:00;0.35;13.3;29.8;0.35;1193;0;-0.13;0.15;0.04;179;0.09;0.01;0.25;0.14;0.05;1.65;0.39;3.87;1.98;0.66
20/07/24   ;16:00;0.32;13.4;29.8;0.32;1195;0;-0.13;0.14;0.04;194;0.1;0;0.23;0.15;0.05;1.53;0.4;2.94;1.76;0.49
20/07/24   ;17:00;0.41;13.3;29.7;0.41;1200;0;-0.13;0.13;0.04;199;0.1;0.01;0.24;0.14;0.04;1.5;0.3;2.95;1.79;0.52
20/07/24   ;18:00;0.52;13.3;29.6;0.52;1197;0;-0.15;0.15;0.04;203;0.1;0.01;0.26;0.14;0.04;1.47;0.34;3.69;1.69;0.57
20/07/24   ;19:00;0.66;13.3;29.5;0.66;1195;0;-0.11;0.13;0.03;221;0.08;0.01;0.21;0.12;0.04;1.35;0.4;3.4;1.51;0.52
20/07/24   ;20:00;0.79;13.3;29.4;0.79;1198;0;-0.09;0.11;0.03;222;0.07;0.01;0.19;0.11;0.03;1.34;0.32;3.42;1.57;0.44
20/07/24   ;21:00;0.85;13.3;29.2;0.85;1199;0;-0.08;0.07;0.02;247;0.04;0.01;0.12;0.07;0.02;1.21;0.32;2.55;1.4;0.43
20/07/24   ;22:00;0.85;13.3;29.1;0.85;1200;0;-0.06;0.08;0.02;245;0.05;0;0.14;0.07;0.02;1.22;0.29;2.66;1.4;0.45
20/07/24   ;23:00;0.82;13.4;29;0.82;1199;0;-0.02;0.03;0.01;248;0.02;0;0.05;0.03;0.01;1.2;0.35;3.29;1.41;0.51
21/07/24   ;00:00;0.71;13.4;29.1;0.71;1197;0;-0.15;0.15;0.03;207;0.08;0.01;0.3;0.13;0.04;1.44;0.3;2.65;1.59;0.43
21/07/24   ;01:00;0.52;13.4;29.1;0.52;1200;0;-0.13;0.17;0.04;172;0.1;0.01;0.29;0.16;0.05;1.73;0.36;3.78;2.05;0.66
21/07/24   ;02:00;0.29;13.4;29.1;0.29;1197;0;-0.15;0.19;0.04;143;0.1;0.02;0.3;0.17;0.06;2.09;0.31;3.95;2.41;0.68
21/07/24   ;03:00;0.09;13.3;29;0.09;1198;0;-0.1;0.11;0.03;174;0.06;0.01;0.2;0.1;0.03;1.7;0.3;3.91;1.94;0.63
21/07/24   ;04:00;-0.09;13.3;28.9;-0.09;1200;0;-0.1;0.1;0.03;149;0.08;0.01;0.18;0.12;0.04;2;0.29;4.16;2.52;0.81
21/07/24   ;05:00;-0.2;13.4;28.8;-0.2;1200;0;-0.11;0.15;0.04;168;0.08;0.01;0.25;0.14;0.05;1.78;0.3;4.11;2.29;0.7
21/07/24   ;06:00;-0.15;13.4;28.8;-0.15;1200;0;-0.12;0.13;0.04;159;0.1;0.01;0.24;0.15;0.05;1.87;0.31;3.7;2.32;0.7
21/07/24   ;07:00;0.02;13.4;29;0.02;1199;0;-0.13;0.15;0.04;203;0.09;0.01;0.23;0.13;0.04;1.47;0.35;3.64;1.74;0.55
21/07/24   ;08:00;0.21;13.3;29;0.21;1199;0;-0.14;0.16;0.05;180;0.11;0.02;0.26;0.17;0.05;1.65;0.4;3.3;1.83;0.56
21/07/24   ;09:00;0.39;13.3;29;0.39;1198;0;-0.14;0.18;0.04;190;0.11;0.02;0.31;0.16;0.05;1.57;0.49;3.23;1.87;0.55
21/07/24   ;10:00;0.57;13.4;28.9;0.57;1199;0;-0.14;0.18;0.05;198;0.12;0.02;0.29;0.18;0.05;1.51;0.27;3.43;1.68;0.53
21/07/24   ;11:00;0.68;13.4;28.8;0.68;1198;0;-0.14;0.18;0.05;200;0.11;0.01;0.31;0.17;0.05;1.49;0.38;3.07;1.71;0.53
21/07/24   ;12:00;0.72;13.4;28.8;0.72;1200;0;-0.13;0.17;0.05;202;0.11;0;0.29;0.18;0.05;1.48;0.28;3.17;1.74;0.49
21/07/24   ;13:00;0.69;13.4;29;0.69;1197;0;-0.16;0.17;0.05;178;0.13;0.01;0.28;0.19;0.06;1.68;0.34;3.21;2.02;0.61
21/07/24   ;14:00;0.61;13.3;29.2;0.61;1200;0;-0.16;0.17;0.05;171;0.11;0.02;0.29;0.17;0.05;1.74;0.33;3.8;2.13;0.65
21/07/24   ;15:00;0.49;13.3;29.3;0.49;1199;0;-0.16;0.2;0.04;175;0.11;0.01;0.33;0.17;0.05;1.69;0.27;4;1.82;0.67
21/07/24   ;16:00;0.4;13.3;29.5;0.4;1195;0;-0.18;0.21;0.05;160;0.11;0.01;0.39;0.17;0.05;1.85;0.34;4.01;2.31;0.76
21/07/24   ;17:00;0.38;13.3;29.5;0.38;1200;0;-0.16;0.14;0.04;192;0.1;0.01;0.29;0.15;0.05;1.55;0.37;3.02;1.79;0.52
21/07/24   ;18:00;0.43;13.3;29.3;0.43;1196;0;-0.15;0.18;0.05;186;0.11;0.01;0.3;0.17;0.05;1.6;0.29;3.62;2.06;0.64
21/07/24   ;19:00;0.55;13.3;29.1;0.55;1196;0;-0.18;0.19;0.05;183;0.13;0.03;0.34;0.19;0.06;1.62;0.55;3.27;1.9;0.57
21/07/24   ;20:00;0.7;13.3;29.1;0.7;1195;0;-0.14;0.15;0.05;198;0.11;0.01;0.26;0.16;0.05;1.5;0.41;3.44;1.78;0.53
21/07/24   ;21:00;0.83;13.4;29;0.83;1191;0;-0.14;0.16;0.05;187;0.11;0.01;0.27;0.18;0.06;1.59;0.4;3.04;1.75;0.49
21/07/24   ;22:00;0.91;13.3;29;0.91;1200;0;-0.15;0.16;0.04;197;0.1;0.01;0.29;0.16;0.05;1.51;0.37;3.49;1.73;0.57
21/07/24   ;23:00;0.91;13.3;28.9;0.91;1200;0;-0.09;0.11;0.03;181;0.07;0.01;0.19;0.11;0.03;1.65;0.34;3.65;1.95;0.55
22/07/24   ;00:00;0.8;13.3;28.9;0.8;1199;0;-0.1;0.09;0.03;146;0.07;0;0.19;0.11;0.04;2.04;0.34;6.25;2.52;0.9
22/07/24   ;01:00;0.61;13.3;28.9;0.61;1198;0;-0.08;0.11;0.02;145;0.05;0;0.18;0.09;0.03;2.05;0.32;4.62;2.46;0.78
22/07/24   ;02:00;0.38;13.4;28.9;0.38;1200;0;-0.1;0.08;0.02;157;0.04;0;0.15;0.07;0.03;1.89;0.33;3.11;2.24;0.68
22/07/24   ;03:00;0.15;13.4;29;0.15;1200;0;-0.07;0.08;0.02;173;0.04;0;0.14;0.06;0.02;1.72;0.35;3.95;2.21;0.78
22/07/24   ;04:00;-0.05;13.4;28.9;-0.05;1200;0;-0.06;0.08;0.02;165;0.04;0.01;0.13;0.06;0.02;1.8;0.27;4.36;2.48;0.91
22/07/24   ;05:00;-0.19;13.3;28.9;-0.19;1208;0;-0.14;0.13;0.04;145;0.09;0.01;0.27;0.14;0.05;2.07;0.39;4.26;2.77;0.92
22/07/24   ;06:00;-0.21;13.3;28.8;-0.21;1193;0;-0.11;0.12;0.03;148;0.08;0.01;0.21;0.13;0.04;1.99;0.47;4.11;2.43;0.77
22/07/24   ;07:00;-0.1;13.4;28.9;-0.1;1197;0;-0.14;0.15;0.04;169;0.1;0.01;0.21;0.15;0.05;1.76;0.39;4.23;2.11;0.72
22/07/24   ;08:00;0.1;13.4;29;0.1;1200;0;-0.16;0.16;0.05;196;0.11;0.01;0.27;0.17;0.05;1.52;0.29;3.19;1.8;0.54
22/07/24   ;09:00;0.3;13.4;29;0.3;1200;0;-0.12;0.19;0.04;192;0.11;0.01;0.31;0.16;0.05;1.55;0.46;3.99;1.74;0.62
22/07/24   ;10:00;0.47;13.3;29;0.47;1192;0;-0.12;0.17;0.04;205;0.1;0.02;0.25;0.14;0.04;1.44;0.26;4.12;1.6;0.53
22/07/24   ;11:00;0.61;13.3;29;0.61;1195;0;-0.13;0.19;0.05;202;0.11;0.02;0.29;0.17;0.05;1.47;0.33;3.65;1.66;0.51
22/07/24   ;12:00;0.73;13.4;28.8;0.73;1192;0;-0.14;0.2;0.05;193;0.13;0.02;0.3;0.2;0.06;1.53;0.47;3.17;1.78;0.51
22/07/24   ;13:00;0.78;13.4;28.8;0.78;1188;0;-0.14;0.19;0.05;202;0.11;0.01;0.26;0.18;0.06;1.46;0.31;3.38;1.77;0.54
22/07/24   ;14:00;0.76;13.4;29;0.76;1196;0;-0.16;0.21;0.05;174;0.12;0.02;0.29;0.19;0.06;1.7;0.27;3.85;2.06;0.65
22/07/24   ;15:00;0.66;13.4;29.2;0.66;1200;0;-0.14;0.19;0.04;179;0.11;0.01;0.34;0.17;0.05;1.67;0.54;3.33;1.95;0.57
22/07/24   ;16:00;0.52;13.3;29.4;0.52;1192;0;-0.13;0.13;0.04;156;0.09;0.02;0.22;0.13;0.04;1.91;0.57;4.09;2.35;0.78
22/07/24   ;17:00;0.37;13.3;29.4;0.37;1199;0;-0.16;0.14;0.04;178;0.08;0.01;0.27;0.13;0.04;1.68;0.43;3.78;2;0.65
22/07/24   ;18:00;0.29;13.4;29.4;0.29;1207;0;-0.14;0.17;0.04;166;0.1;0.01;0.24;0.15;0.05;1.81;0.34;4.13;2.09;0.74
22/07/24   ;19:00;0.37;13.3;29.1;0.37;1194;0;-0.18;0.19;0.05;182;0.1;0.02;0.32;0.17;0.06;1.63;0.3;3.5;2.14;0.71
22/07/24   ;20:00;0.5;13.3;29.1;0.5;1199;0;-0.15;0.14;0.04;170;0.1;0.01;0.26;0.15;0.05;1.75;0.35;3.92;2.04;0.73
22/07/24   ;21:00;0.63;13.3;29;0.63;1200;0;-0.12;0.12;0.03;192;0.08;0.01;0.24;0.13;0.04;1.55;0.32;3.66;1.7;0.57
22/07/24   ;22:00;0.76;13.3;29;0.76;1199;0;-0.13;0.15;0.04;193;0.08;0.01;0.28;0.14;0.05;1.54;0.27;4.26;1.92;0.63
22/07/24   ;23:00;0.79;13.3;29;0.79;1198;0;-0.13;0.14;0.04;169;0.09;0.01;0.26;0.15;0.05;1.76;0.27;3.45;2.24;0.71
23/07/24   ;00:00;0.73;13.3;28.9;0.73;1199;0;-0.09;0.12;0.03;151;0.07;0.01;0.21;0.11;0.04;1.98;0.33;3.94;2.79;0.96
23/07/24   ;01:00;0.61;13.3;28.8;0.61;1180;0;-0.05;0.06;0.01;172;0.03;0.01;0.1;0.05;0.02;1.7;0.27;2.77;2.11;0.58
23/07/24   ;02:00;0.44;13.3;28.8;0.44;1195;0;-0.05;0.07;0.02;165;0.03;0;0.1;0.06;0.02;1.79;0.33;4.3;2.21;0.74
23/07/24   ;03:00;0.23;13.3;28.7;0.23;1199;0;-0.07;0.08;0.02;160;0.04;0.01;0.15;0.07;0.02;1.86;0.35;4;2.5;0.83
23/07/24   ;04:00;-0.01;13.3;28.7;-0.01;1200;0;-0.09;0.08;0.02;151;0.05;0.01;0.15;0.08;0.03;1.95;0.27;4.27;2.71;0.96
23/07/24   ;05:00;-0.2;13.3;28.7;-0.2;1200;0;-0.09;0.09;0.03;159;0.06;0.01;0.16;0.1;0.03;1.87;0.29;4.01;2.38;0.81
23/07/24   ;06:00;-0.29;13.4;28.6;-0.29;1200;0;-0.09;0.12;0.03;158;0.07;0.01;0.21;0.11;0.04;1.87;0.38;4.54;2.3;0.71
23/07/24   ;07:00;-0.25;13.4;28.6;-0.25;1199;0;-0.15;0.15;0.04;184;0.1;0.01;0.3;0.15;0.05;1.62;0.36;3.61;1.91;0.61
23/07/24   ;08:00;-0.06;13.3;28.7;-0.06;1200;0;-0.15;0.21;0.04;187;0.11;0.02;0.27;0.17;0.05;1.6;0.51;3.6;1.87;0.56
23/07/24   ;09:00;0.18;13.3;28.6;0.18;1199;0;-0.16;0.22;0.05;194;0.11;0.02;0.37;0.17;0.06;1.53;0.32;2.95;1.73;0.52
23/07/24   ;10:00;0.39;13.4;28.6;0.39;1195;0;-0.13;0.18;0.05;201;0.11;0.02;0.27;0.18;0.05;1.48;0.31;3.68;1.66;0.54
23/07/24   ;11:00;0.41;13.4;28.6;0.41;1199;0;-0.17;0.15;0.04;193;0.11;0.01;0.31;0.17;0.05;1.54;0.29;3.91;1.85;0.6
23/07/24   ;12:00;0.52;13.4;28.7;0.52;1198;0;-0.18;0.14;0.04;178;0.1;0.01;0.32;0.15;0.05;1.67;0.36;3.74;2.06;0.67
23/07/24   ;13:00;0.6;13.4;28.8;0.6;1200;0;-0.12;0.13;0.04;171;0.11;0.01;0.23;0.16;0.05;1.73;0.35;3.29;2.15;0.65
23/07/24   ;14:00;0.68;13.3;28.9;0.68;1200;0;-0.14;0.16;0.04;178;0.11;0.01;0.26;0.16;0.05;1.68;0.39;4.1;2.01;0.63
23/07/24   ;15:00;0.63;13.3;28.9;0.63;1199;0;-0.15;0.19;0.05;193;0.11;0.01;0.33;0.17;0.06;1.55;0.31;3.32;1.89;0.56
23/07/24   ;16:00;0.49;13.4;29;0.49;1198;0;-0.17;0.18;0.05;175;0.11;0.02;0.3;0.18;0.06;1.7;0.33;3.87;2.13;0.73
23/07/24   ;17:00;0.35;13.4;29;0.35;1195;0;-0.11;0.13;0.04;163;0.1;0.02;0.19;0.14;0.04;1.81;0.62;3.92;2.15;0.65
23/07/24   ;18:00;0.26;13.4;29;0.26;1200;0;-0.13;0.15;0.04;168;0.1;0.01;0.28;0.15;0.05;1.77;0.3;4.65;2.11;0.71
23/07/24   ;19:00;0.25;13.3;29;0.25;1200;0;-0.13;0.19;0.04;173;0.11;0.01;0.31;0.16;0.05;1.73;0.34;3.39;1.98;0.58
23/07/24   ;20:00;0.31;13.3;28.9;0.31;1200;0;-0.12;0.14;0.04;171;0.1;0.01;0.22;0.15;0.04;1.74;0.43;3.8;2.17;0.68
23/07/24   ;21:00;0.44;13.4;29.1;0.44;1197;0;-0.12;0.14;0.04;178;0.09;0.01;0.23;0.14;0.04;1.67;0.38;3.65;2.06;0.65
23/07/24   ;22:00;0.58;13.4;29;0.58;1199;0;-0.14;0.17;0.04;181;0.09;0.01;0.31;0.15;0.05;1.65;0.39;3.65;1.97;0.64
23/07/24   ;23:00;0.69;13.3;29;0.69;1197;0;-0.1;0.09;0.03;188;0.08;0.01;0.16;0.11;0.03;1.58;0.28;3.65;1.92;0.63
24/07/24   ;00:00;0.72;13.3;29;0.72;1200;0;-0.1;0.14;0.03;167;0.08;0.01;0.24;0.12;0.04;1.79;0.33;3.76;2.36;0.79
24/07/24   ;01:00;0.64;13.3;28.9;0.64;1196;0;-0.06;0.05;0.02;178;0.04;0.01;0.1;0.06;0.02;1.66;0.34;3.57;2.14;0.66
24/07/24   ;02:00;0.48;13.3;28.8;0.48;1196;0;-0.06;0.07;0.02;165;0.05;0;0.12;0.07;0.02;1.79;0.42;3.55;2.26;0.8
24/07/24   ;03:00;0.27;13.4;28.7;0.27;1200;0;-0.07;0.07;0.02;152;0.04;0.01;0.13;0.06;0.02;1.96;0.39;4.03;2.32;0.73
24/07/24   ;04:00;0.06;13.3;28.5;0.06;1199;0;-0.07;0.1;0.03;115;0.07;0.01;0.15;0.11;0.03;2.56;0.29;4.64;3.61;1.18
24/07/24   ;05:00;-0.13;13.3;28.4;-0.13;1200;0;-0.11;0.14;0.03;147;0.08;0.01;0.24;0.13;0.05;2.03;0.45;4.32;2.55;0.82
24/07/24   ;06:00;-0.23;13.3;28.3;-0.23;1194;0;-0.13;0.16;0.03;153;0.08;0.01;0.23;0.13;0.04;1.94;0.28;4.51;2.37;0.75
24/07/24   ;07:00;-0.22;13.4;28.2;-0.22;1200;0;-0.12;0.16;0.04;181;0.1;0.02;0.23;0.15;0.04;1.65;0.38;3.58;1.88;0.56
24/07/24   ;08:00;-0.07;13.4;28.7;-0.07;1196;0;-0.12;0.17;0.04;185;0.1;0.01;0.28;0.15;0.05;1.61;0.34;4.05;1.86;0.61
24/07/24   ;09:00;0.15;13.3;28.7;0.15;1200;0;-0.15;0.16;0.05;187;0.11;0.02;0.29;0.17;0.05;1.59;0.53;3.18;1.8;0.52
24/07/24   ;10:00;0.31;13.4;28.7;0.31;1193;0;-0.11;0.15;0.04;197;0.09;0.01;0.24;0.14;0.04;1.5;0.31;3.17;1.69;0.53
24/07/24   ;11:00;0.41;13.3;28.7;0.41;1200;0;-0.13;0.2;0.04;217;0.1;0.01;0.31;0.16;0.05;1.37;0.28;3.66;1.56;0.51
24/07/24   ;12:00;0.61;13.3;28.2;0.61;1191;0;-0.13;0.17;0.05;197;0.12;0.02;0.29;0.18;0.05;1.51;0.31;3.94;1.69;0.54
24/07/24   ;13:00;0.77;13.4;28.1;0.77;1196;0;-0.15;0.19;0.05;202;0.13;0.02;0.31;0.2;0.06;1.47;0.34;3.27;1.72;0.52
24/07/24   ;14:00;0.81;13.4;28.1;0.81;1199;0;-0.13;0.24;0.05;196;0.12;0.02;0.34;0.19;0.06;1.52;0.29;3.48;1.64;0.53
24/07/24   ;15:00;0.76;13.4;28.2;0.76;1200;0;-0.15;0.17;0.05;194;0.11;0.02;0.3;0.17;0.05;1.53;0.35;3.61;1.81;0.57
24/07/24   ;16:00;0.62;13.3;28.3;0.62;1199;0;-0.12;0.15;0.04;178;0.1;0.01;0.25;0.16;0.05;1.68;0.31;3.38;2.11;0.68
24/07/24   ;17:00;0.46;13.3;28.5;0.46;1198;0;-0.15;0.15;0.05;173;0.12;0.01;0.29;0.18;0.05;1.72;0.32;3.5;2.06;0.63
24/07/24   ;18:00;0.31;13.4;28.7;0.31;1200;0;-0.16;0.13;0.04;165;0.1;0.02;0.27;0.16;0.05;1.8;0.53;4.49;2.27;0.73
24/07/24   ;19:00;0.2;13.4;28.7;0.2;1194;0;-0.15;0.18;0.04;158;0.11;0.01;0.26;0.17;0.05;1.88;0.48;3.92;2.12;0.69
24/07/24   ;20:00;0.19;13.4;28.7;0.19;1198;0;-0.13;0.14;0.04;167;0.11;0.01;0.26;0.17;0.05;1.78;0.38;4.32;2.08;0.64
24/07/24   ;21:00;0.29;13.3;28.5;0.29;1197;0;-0.11;0.12;0.04;175;0.09;0.01;0.21;0.14;0.04;1.7;0.3;3.93;2;0.67
24/07/24   ;22:00;0.44;13.3;28.6;0.44;1199;0;-0.17;0.14;0.04;172;0.09;0.01;0.25;0.15;0.05;1.73;0.45;3.98;2.12;0.68
24/07/24   ;23:00;0.59;13.4;28.5;0.59;1200;0;-0.11;0.13;0.03;190;0.07;0.01;0.19;0.11;0.04;1.57;0.36;3.74;1.9;0.64
25/07/24   ;00:00;0.69;13.4;28.5;0.69;1199;0;-0.14;0.14;0.04;175;0.09;0.02;0.23;0.14;0.04;1.7;0.38;3.76;1.93;0.61
25/07/24   ;01:00;0.71;13.3;28.4;0.71;1200;0;-0.11;0.11;0.03;198;0.06;0.01;0.19;0.1;0.03;1.51;0.32;3.79;1.93;0.65
25/07/24   ;02:00;0.63;13.3;28.3;0.63;1208;0;-0.11;0.1;0.02;227;0.05;0.01;0.2;0.07;0.03;1.32;0.34;3.19;1.68;0.6
25/07/24   ;03:00;0.46;13.3;28.3;0.46;1200;0;-0.07;0.07;0.02;187;0.04;0.01;0.14;0.07;0.02;1.59;0.35;3.01;2;0.64
25/07/24   ;04:00;0.26;13.4;28.2;0.26;1206;0;-0.1;0.11;0.03;152;0.06;0.01;0.17;0.09;0.03;1.97;0.3;4.23;2.85;0.94
25/07/24   ;05:00;0.08;13.3;28.1;0.08;1196;0;-0.1;0.1;0.03;132;0.07;0.01;0.19;0.11;0.04;2.24;0.46;4.23;2.99;1.05
25/07/24   ;06:00;-0.05;13.4;28.1;-0.05;1193;0;-0.11;0.14;0.04;149;0.09;0.02;0.21;0.14;0.04;1.99;0.42;4.29;2.52;0.84
25/07/24   ;07:00;-0.08;13.4;28;-0.08;1189;0;-0.16;0.16;0.05;174;0.11;0.02;0.26;0.18;0.06;1.7;0.31;3.69;2.05;0.63
25/07/24   ;08:00;0.01;13.3;28.1;0.01;1194;0;-0.14;0.17;0.05;182;0.12;0.02;0.31;0.18;0.05;1.63;0.42;3.82;1.91;0.59
25/07/24   ;09:00;0.17;13.3;28.1;0.17;1196;0;-0.11;0.15;0.04;188;0.1;0.01;0.24;0.15;0.04;1.58;0.28;3.12;1.9;0.62
25/07/24   ;10:00;0.35;13.3;28.2;0.35;1200;0;-0.14;0.18;0.04;201;0.1;0.01;0.27;0.16;0.05;1.48;0.35;3.03;1.76;0.52
25/07/24   ;11:00;0.54;13.3;28.1;0.54;1200;0;-0.14;0.15;0.05;201;0.11;0.01;0.27;0.17;0.05;1.48;0.4;3.51;1.76;0.53
25/07/24   ;12:00;0.7;13.3;28.2;0.7;1200;0;-0.15;0.21;0.05;209;0.11;0.02;0.33;0.17;0.06;1.43;0.31;3.98;1.75;0.59
25/07/24   ;13:00;0.8;13.4;28.1;0.8;1200;0;-0.17;0.19;0.05;193;0.12;0.02;0.35;0.19;0.06;1.55;0.32;3.36;1.86;0.61
25/07/24   ;14:00;0.82;13.3;28;0.83;1200;0;-0.14;0.18;0.05;189;0.11;0.02;0.32;0.18;0.06;1.56;0.35;3.93;2.05;0.7
25/07/24   ;15:00;0.8;13.3;28.2;0.79;1194;0;-0.15;0.2;0.05;170;0.11;0.02;0.34;0.17;0.05;1.75;0.34;3.76;2.15;0.8
25/07/24   ;16:00;0.66;13.4;28.3;0.66;1210;0;-0.11;0.17;0.04;194;0.09;0.01;0.27;0.14;0.05;1.55;0.28;3.3;1.81;0.58
25/07/24   ;17:00;0.5;13.4;28.5;0.5;1202;0;-0.12;0.11;0.03;167;0.09;0.01;0.2;0.13;0.04;1.78;0.32;3.52;2.15;0.67
25/07/24   ;18:00;0.35;13.4;28.5;0.35;1197;0;-0.14;0.18;0.04;164;0.1;0.01;0.3;0.16;0.06;1.81;0.41;3.84;2.24;0.75
25/07/24   ;19:00;0.24;13.3;28.4;0.24;1197;0;-0.14;0.13;0.04;166;0.09;0.01;0.23;0.14;0.04;1.8;0.39;3.91;2.26;0.73
25/07/24   ;20:00;0.18;13.4;28.4;0.18;1200;0;-0.12;0.12;0.04;164;0.1;0.01;0.23;0.14;0.04;1.82;0.33;3.98;2.21;0.76
25/07/24   ;21:00;0.2;13.4;28.3;0.2;1200;0;-0.13;0.15;0.03;175;0.08;0.01;0.25;0.13;0.04;1.7;0.57;3.41;1.9;0.61
25/07/24   ;22:00;0.3;13.4;28.5;0.3;1200;0;-0.11;0.12;0.04;183;0.09;0.01;0.2;0.13;0.04;1.63;0.27;3.72;1.96;0.61
25/07/24   ;23:00;0.43;13.3;28.5;0.43;1198;0;-0.13;0.17;0.04;172;0.1;0.01;0.27;0.16;0.05;1.73;0.33;3.63;2.16;0.68
26/07/24   ;00:00;0.53;13.3;28.4;0.53;1197;0;-0.13;0.14;0.04;170;0.09;0.01;0.25;0.14;0.05;1.74;0.28;3.91;2.04;0.69
26/07/24   ;01:00;0.57;13.4;28.3;0.57;1201;0;-0.1;0.07;0.02;198;0.04;0;0.15;0.07;0.02;1.51;0.3;3.33;1.9;0.62
26/07/24   ;02:00;0.54;13.4;28.3;0.54;1197;0;-0.05;0.04;0.01;183;0.03;0.01;0.07;0.04;0.01;1.61;0.42;3.89;1.93;0.63
26/07/24   ;03:00;0.45;13.4;28.2;0.45;1200;0;-0.08;0.06;0.02;171;0.04;0.01;0.14;0.07;0.02;1.73;0.36;3.17;2.05;0.66
26/07/24   ;04:00;0.31;13.4;28.2;0.31;1197;0;-0.1;0.09;0.02;143;0.06;0.01;0.19;0.09;0.03;2.08;0.47;4.26;2.63;0.89
26/07/24   ;05:00;0.18;13.3;28;0.18;1201;0;-0.12;0.13;0.04;147;0.09;0.01;0.21;0.14;0.05;2.02;0.29;4.04;2.74;0.93
26/07/24   ;06:00;0.08;13.3;27.9;0.08;1194;0;-0.11;0.13;0.04;156;0.09;0.01;0.22;0.13;0.04;1.9;0.43;4.01;2.31;0.76
26/07/24   ;07:00;0.03;13.3;27.8;0.03;1198;0;-0.11;0.15;0.04;170;0.09;0.01;0.24;0.13;0.04;1.75;0.51;3.73;2.13;0.68
26/07/24   ;08:00;0.05;13.3;27.8;0.05;1201;0;-0.16;0.15;0.05;169;0.11;0.01;0.27;0.17;0.05;1.77;0.37;3.34;2.14;0.68
26/07/24   ;09:00;0.17;13.3;28.3;0.17;1198;0;-0.15;0.19;0.05;179;0.12;0.02;0.29;0.19;0.06;1.67;0.35;3.85;1.96;0.7
26/07/24   ;10:00;0.33;13.3;28.4;0.33;1201;0;-0.15;0.19;0.05;188;0.13;0.02;0.34;0.19;0.06;1.59;0.32;2.98;1.78;0.53
26/07/24   ;11:00;0.49;13.3;28.3;0.49;1195;0;-0.17;0.22;0.05;200;0.12;0.02;0.36;0.18;0.06;1.48;0.39;3.14;1.7;0.53
26/07/24   ;12:00;0.61;13.3;28.3;0.62;1200;0;-0.13;0.2;0.05;197;0.11;0.02;0.29;0.18;0.06;1.51;0.39;3.41;1.84;0.57
26/07/24   ;13:00;0.72;13.3;28.3;0.72;1199;0;-0.14;0.21;0.05;205;0.11;0.01;0.29;0.16;0.05;1.45;0.38;2.77;1.76;0.54
26/07/24   ;14:00;0.8;13.3;28.2;0.8;1200;0;-0.14;0.18;0.05;203;0.11;0.01;0.3;0.17;0.06;1.47;0.33;2.98;1.78;0.57
26/07/24   ;15:00;0.8;13.3;28.3;0.8;1196;0;-0.13;0.16;0.05;193;0.11;0.01;0.27;0.17;0.05;1.54;0.33;3.39;1.93;0.59
26/07/24   ;16:00;0.74;13.3;28.4;0.74;1199;0;-0.15;0.17;0.04;175;0.11;0.02;0.29;0.17;0.05;1.71;0.35;3.36;2;0.6
26/07/24   ;17:00;0.62;13.3;28.5;0.62;1200;0;-0.12;0.12;0.04;181;0.1;0.01;0.22;0.15;0.04;1.65;0.29;3.28;2;0.63
26/07/24   ;18:00;0.47;13.3;28.6;0.47;1199;0;-0.13;0.18;0.05;169;0.11;0.01;0.26;0.17;0.05;1.76;0.46;3.98;2.02;0.58
26/07/24   ;19:00;0.33;13.4;28.6;0.33;1197;0;-0.18;0.23;0.05;170;0.12;0.01;0.36;0.2;0.07;1.75;0.3;4.22;2.01;0.68
26/07/24   ;20:00;0.23;13.4;28.6;0.23;1200;0;-0.13;0.11;0.04;164;0.09;0.01;0.19;0.13;0.04;1.81;0.6;4.21;2.32;0.75
26/07/24   ;21:00;0.17;13.3;28.4;0.17;1200;0;-0.14;0.13;0.04;171;0.09;0.01;0.27;0.14;0.04;1.75;0.44;3.46;2.04;0.59
26/07/24   ;22:00;0.18;13.3;28.3;0.18;1199;0;-0.11;0.13;0.04;168;0.09;0.01;0.2;0.13;0.04;1.77;0.29;4.41;2.05;0.67
26/07/24   ;23:00;0.25;13.4;28.4;0.25;1195;0;-0.11;0.14;0.04;173;0.09;0.01;0.25;0.14;0.04;1.71;0.41;3.37;1.94;0.56
27/07/24   ;00:00;0.35;13.4;28.6;0.35;1199;0;-0.13;0.12;0.04;147;0.09;0.01;0.22;0.14;0.05;2.01;0.33;3.75;2.56;0.75
27/07/24   ;01:00;0.44;13.4;28.5;0.44;1192;0;-0.1;0.1;0.03;166;0.06;0.01;0.18;0.1;0.04;1.78;0.28;3.74;2.15;0.68
27/07/24   ;02:00;0.48;13.3;28.5;0.48;1200;0;-0.12;0.12;0.02;176;0.05;0.01;0.24;0.09;0.03;1.7;0.37;2.9;1.93;0.56
27/07/24   ;03:00;0.47;13.3;28.4;0.47;1200;0;-0.06;0.05;0.02;188;0.04;0;0.1;0.06;0.02;1.59;0.37;3.29;1.91;0.57
27/07/24   ;04:00;0.4;13.4;28.4;0.4;1197;0;-0.07;0.06;0.02;180;0.05;0.01;0.11;0.08;0.02;1.65;0.34;3.36;2.02;0.63
27/07/24   ;05:00;0.3;13.4;28.3;0.3;1200;0;-0.12;0.13;0.03;152;0.08;0.01;0.2;0.13;0.04;1.95;0.45;4.02;2.74;0.92
27/07/24   ;06:00;0.21;13.4;28.1;0.2;1190;0;-0.11;0.13;0.04;155;0.08;0;0.22;0.13;0.04;1.9;0.31;3.93;2.35;0.77
27/07/24   ;07:00;0.14;13.3;28;0.13;1200;0;-0.16;0.16;0.04;177;0.1;0.01;0.29;0.16;0.05;1.69;0.36;3.87;2.14;0.67
27/07/24   ;08:00;0.12;13.3;28;0.12;1200;0;-0.16;0.19;0.05;165;0.11;0.02;0.29;0.17;0.05;1.8;0.33;3.81;2.21;0.73
27/07/24   ;09:00;0.18;13.3;28.2;0.17;1208;0;-0.15;0.18;0.04;188;0.1;0.01;0.29;0.17;0.06;1.59;0.3;3.9;1.91;0.62
27/07/24   ;10:00;0.28;13.4;28.6;0.28;1181;0;-0.15;0.2;0.05;175;0.12;0.02;0.3;0.2;0.06;1.68;0.35;3.96;2.12;0.69
27/07/24   ;11:00;0.41;13.3;28.7;0.41;1200;0;-0.16;0.2;0.05;179;0.11;0.02;0.29;0.17;0.05;1.67;0.53;3.57;2.03;0.63
27/07/24   ;12:00;0.54;13.3;28.6;0.54;1194;0;-0.16;0.18;0.05;184;0.13;0.02;0.32;0.2;0.06;1.61;0.32;3.32;1.74;0.57
27/07/24   ;13:00;0.65;13.3;28.7;0.65;1200;0;-0.13;0.17;0.05;203;0.11;0.01;0.28;0.16;0.05;1.47;0.26;3.14;1.8;0.57
27/07/24   ;14:00;0.73;13.3;28.6;0.73;1200;0;-0.17;0.19;0.05;182;0.13;0.02;0.33;0.19;0.06;1.62;0.37;4.05;1.93;0.64
27/07/24   ;15:00;0.78;13.3;28.6;0.78;1200;0;-0.13;0.15;0.04;197;0.1;0;0.22;0.15;0.05;1.51;0.3;3.2;1.81;0.58
27/07/24   ;16:00;0.77;13.3;28.7;0.77;1198;0;-0.14;0.23;0.05;190;0.12;0.02;0.37;0.19;0.06;1.56;0.3;3.1;1.92;0.59
27/07/24   ;17:00;0.68;13.3;28.8;0.68;1200;0;-0.17;0.17;0.05;182;0.11;0.02;0.33;0.16;0.05;1.65;0.33;3.16;1.84;0.57
27/07/24   ;18:00;0.55;13.3;28.9;0.55;1200;0;-0.16;0.17;0.04;157;0.11;0.01;0.28;0.16;0.05;1.9;0.31;3.61;2.46;0.7
27/07/24   ;19:00;0.42;13.3;28.9;0.41;1199;0;-0.13;0.14;0.04;166;0.1;0.02;0.23;0.15;0.05;1.79;0.35;3.38;2.03;0.62
27/07/24   ;20:00;0.29;13.4;28.9;0.29;1217;0;-0.15;0.14;0.04;163;0.1;0.02;0.29;0.14;0.04;1.86;0.63;4.2;2.15;0.7
27/07/24   ;21:00;0.2;13.3;28.7;0.2;1200;0;-0.11;0.16;0.04;179;0.08;0;0.24;0.13;0.04;1.67;0.36;3.43;1.91;0.61
27/07/24   ;22:00;0.16;13.3;28.6;0.16;1200;0;-0.11;0.13;0.04;170;0.09;0.01;0.22;0.13;0.04;1.74;0.35;3.65;2.03;0.59
27/07/24   ;23:00;0.19;13.3;28.6;0.19;1200;0;-0.16;0.14;0.03;174;0.08;0.01;0.29;0.13;0.04;1.72;0.28;3.22;2.02;0.62
28/07/24   ;00:00;0.26;13.3;28.6;0.26;1195;0;-0.14;0.18;0.04;146;0.09;0;0.27;0.14;0.05;2.04;0.32;4.88;2.55;0.89
28/07/24   ;01:00;0.34;13.4;28.9;0.34;1200;0;-0.16;0.15;0.04;140;0.09;0.02;0.31;0.14;0.05;2.13;0.45;4.21;2.53;0.86
28/07/24   ;02:00;0.41;13.4;28.8;0.41;1200;0;-0.07;0.07;0.02;193;0.05;0.01;0.12;0.07;0.02;1.55;0.33;3.12;1.69;0.47
28/07/24   ;03:00;0.44;13.3;28.8;0.44;1200;0;-0.05;0.07;0.02;161;0.04;0;0.1;0.06;0.02;1.85;0.26;3.71;2.41;0.81
28/07/24   ;04:00;0.43;13.3;28.8;0.43;1200;0;-0.09;0.08;0.03;129;0.08;0.01;0.15;0.12;0.04;2.31;0.32;4.18;2.88;0.89
28/07/24   ;05:00;0.38;13.4;28.7;0.38;1184;0;-0.11;0.15;0.03;148;0.07;0.01;0.22;0.12;0.04;1.99;0.39;4.47;2.47;0.86
28/07/24   ;06:00;0.31;13.4;28.6;0.31;1195;0;-0.1;0.1;0.03;167;0.07;0.01;0.17;0.11;0.03;1.77;0.45;3.56;2.14;0.63
28/07/24   ;07:00;0.24;13.4;28.5;0.24;1200;0;-0.11;0.17;0.04;168;0.1;0.02;0.25;0.15;0.05;1.78;0.5;3.42;2.01;0.57
28/07/24   ;08:00;0.2;13.4;28.5;0.2;1194;0;-0.12;0.13;0.04;154;0.09;0.01;0.21;0.15;0.05;1.94;0.49;3.72;2.34;0.72
28/07/24   ;09:00;0.19;13.3;28.6;0.19;1190;0;-0.12;0.14;0.04;176;0.1;0.01;0.22;0.15;0.05;1.67;0.28;3.88;2.05;0.61
28/07/24   ;10:00;0.25;13.3;28.8;0.25;1200;0;-0.12;0.2;0.04;175;0.11;0.02;0.3;0.16;0.05;1.7;0.3;3.96;2.06;0.65
28/07/24   ;11:00;0.35;13.4;29.1;0.35;1200;0;-0.15;0.16;0.05;168;0.13;0.01;0.29;0.19;0.06;1.77;0.37;3.49;2.07;0.65
28/07/24   ;12:00;0.47;13.4;29.2;0.47;1200;0;-0.19;0.17;0.05;179;0.11;0.02;0.36;0.17;0.05;1.67;0.3;3.71;1.92;0.59
28/07/24   ;13:00;0.57;13.4;29.1;0.57;1198;0;-0.15;0.2;0.04;185;0.1;0.01;0.29;0.15;0.05;1.61;0.43;3.93;2.01;0.63
28/07/24   ;14:00;0.66;13.3;29.2;0.66;1200;0;-0.15;0.15;0.05;183;0.12;0.01;0.29;0.18;0.05;1.63;0.35;3.74;1.89;0.62
28/07/24   ;15:00;0.73;13.3;28.9;0.73;1197;0;-0.16;0.16;0.05;187;0.12;0.02;0.25;0.17;0.05;1.59;0.52;3.36;1.92;0.62
28/07/24   ;16:00;0.73;13.3;29.1;0.73;1200;0;-0.14;0.2;0.05;185;0.11;0.01;0.28;0.17;0.05;1.6;0.28;3.12;1.87;0.55
28/07/24   ;17:00;0.7;13.3;29.2;0.71;1200;0;-0.17;0.16;0.05;180;0.12;0.01;0.3;0.18;0.05;1.65;0.43;3.31;1.96;0.56
28/07/24   ;18:00;0.62;13.3;29.4;0.62;1200;0;-0.18;0.15;0.05;160;0.11;0.01;0.33;0.17;0.05;1.85;0.31;3.92;2.24;0.65
28/07/24   ;19:00;0.5;13.3;29.4;0.5;1197;0;-0.2;0.23;0.06;164;0.15;0;0.36;0.23;0.07;1.81;0.3;3.43;2.09;0.64
28/07/24   ;20:00;0.39;13.3;29.4;0.39;1199;0;-0.17;0.2;0.04;167;0.1;0.02;0.29;0.16;0.05;1.78;0.37;3.6;2.28;0.68
28/07/24   ;21:00;0.23;13.3;29.2;0.23;1189;0;-0.14;0.14;0.04;202;0.1;0.03;0.28;0.16;0.05;1.46;0.39;3.2;1.56;0.45
28/07/24   ;22:00;0.19;13.3;29;0.19;1196;0;-0.12;0.12;0.04;173;0.08;0.01;0.24;0.13;0.04;1.71;0.27;3.63;2.05;0.62
28/07/24   ;23:00;0.19;13.3;28.9;0.19;1197;0;-0.11;0.12;0.03;161;0.08;0.02;0.19;0.12;0.04;1.83;0.37;3.37;2.13;0.67
29/07/24   ;00:00;0.13;13.3;28.7;0.13;1200;0;-0.15;0.19;0.04;161;0.1;0.01;0.31;0.16;0.05;1.85;0.37;4.4;2.37;0.73
29/07/24   ;01:00;0.12;13.3;28.7;0.12;1200;0;-0.06;0.06;0.02;170;0.04;0.01;0.1;0.07;0.02;1.75;0.41;3.42;2.1;0.62
29/07/24   ;02:00;0.17;13.4;28.9;0.17;1200;0;-0.04;0.03;0.01;207;0.03;0;0.07;0.04;0.01;1.44;0.28;3.73;2;0.67
29/07/24   ;03:00;0.23;13.4;28.8;0.23;1198;0;-0.07;0.06;0.02;176;0.04;0;0.12;0.06;0.02;1.68;0.3;4.12;2.31;0.77
29/07/24   ;04:00;0.28;13.4;28.8;0.28;1195;0;-0.07;0.07;0.02;137;0.05;0;0.13;0.09;0.03;2.15;0.32;3.83;2.96;1
29/07/24   ;05:00;0.29;13.3;28.6;0.3;1199;0;-0.15;0.13;0.03;180;0.07;0.01;0.27;0.11;0.04;1.66;0.27;3.6;1.89;0.6
29/07/24   ;06:00;0.31;13.4;28.5;0.31;1197;0;-0.18;0.21;0.05;146;0.11;0.01;0.33;0.19;0.06;2.02;0.35;4.15;2.62;0.85
29/07/24   ;07:00;0.28;13.4;28.5;0.28;1200;0;-0.15;0.19;0.05;155;0.12;0.01;0.33;0.18;0.06;1.91;0.7;3.91;2.25;0.7
29/07/24   ;08:00;0.25;13.4;28.6;0.25;1196;0;-0.15;0.22;0.05;191;0.11;0.02;0.3;0.17;0.05;1.56;0.36;3.69;1.86;0.58
29/07/24   ;09:00;0.27;13.4;28.6;0.27;1199;0;-0.17;0.2;0.05;184;0.12;0.03;0.28;0.17;0.05;1.61;0.3;3.06;1.86;0.55
29/07/24   ;10:00;0.3;13.4;28.7;0.3;1199;0;-0.17;0.14;0.05;180;0.11;0.02;0.3;0.17;0.05;1.65;0.39;2.88;2;0.54
29/07/24   ;11:00;0.35;13.3;28.8;0.35;1199;0;-0.15;0.22;0.05;193;0.11;0.02;0.34;0.16;0.05;1.54;0.36;3.7;1.9;0.65
29/07/24   ;12:00;0.42;13.3;28.8;0.42;1200;0;-0.19;0.13;0.04;174;0.11;0.03;0.31;0.16;0.05;1.7;0.37;3.65;2.06;0.65
29/07/24   ;13:00;0.52;13.4;28.9;0.52;1198;0;-0.15;0.2;0.05;191;0.11;0.02;0.34;0.18;0.05;1.56;0.28;3.03;1.92;0.56
29/07/24   ;14:00;0.58;13.4;28.9;0.58;1200;0;-0.16;0.16;0.05;182;0.12;0.01;0.26;0.18;0.05;1.63;0.29;3.96;1.92;0.62
29/07/24   ;15:00;0.64;13.4;28.9;0.64;1199;0;-0.11;0.18;0.04;186;0.1;0.02;0.25;0.15;0.04;1.6;0.34;3.39;1.9;0.63
29/07/24   ;16:00;0.69;13.4;28.9;0.69;1196;0;-0.17;0.18;0.05;181;0.11;0.01;0.32;0.17;0.06;1.63;0.32;4.41;2.09;0.75
29/07/24   ;17:00;0.71;13.3;28.9;0.71;1198;0;-0.15;0.16;0.05;177;0.12;0;0.27;0.19;0.06;1.67;0.26;3.7;2.2;0.68
29/07/24   ;18:00;0.67;13.3;28.9;0.67;1201;0;-0.17;0.2;0.05;157;0.12;0.02;0.36;0.19;0.06;1.89;0.51;3.89;2.26;0.72
29/07/24   ;19:00;0.59;13.3;29;0.59;1200;0;-0.13;0.18;0.04;175;0.1;0.01;0.25;0.16;0.05;1.71;0.42;3.43;2;0.62
29/07/24   ;20:00;0.49;13.3;29;0.49;1198;0;-0.14;0.16;0.04;164;0.1;0.02;0.3;0.15;0.05;1.81;0.4;3.6;2.24;0.67
29/07/24   ;21:00;0.37;13.3;28.9;0.36;1196;0;-0.13;0.13;0.03;174;0.08;0.01;0.24;0.12;0.04;1.71;0.51;3.34;2.04;0.6
29/07/24   ;22:00;0.25;13.3;28.8;0.25;1195;0;-0.08;0.11;0.03;170;0.07;0.01;0.19;0.1;0.03;1.74;0.32;4.57;2.13;0.72
29/07/24   ;23:00;0.15;13.3;28.7;0.15;1197;0;-0.12;0.12;0.04;162;0.09;0.02;0.24;0.13;0.04;1.84;0.31;3.53;2.18;0.6
30/07/24   ;00:00;0.06;13.3;28.7;0.06;1192;0;-0.16;0.18;0.04;132;0.1;0.01;0.34;0.17;0.06;2.25;0.54;4.31;3.04;0.94
30/07/24   ;01:00;0;13.3;28.6;0;1193;0;-0.06;0.06;0.02;157;0.04;0;0.1;0.07;0.02;1.88;0.37;4.18;2.58;0.9
30/07/24   ;02:00;-0.01;13.3;28.5;-0.01;1200;0;-0.08;0.09;0.02;170;0.04;0;0.16;0.07;0.03;1.75;0.27;3.5;2.39;0.75
30/07/24   ;03:00;0.03;13.3;28.7;0.03;1200;0;-0.12;0.12;0.02;180;0.05;0;0.22;0.09;0.04;1.65;0.34;3.63;1.96;0.57
30/07/24   ;04:00;0.1;13.3;28.6;0.1;1200;0;-0.09;0.13;0.03;132;0.06;0.01;0.22;0.1;0.04;2.24;0.31;4.88;2.94;1.09
30/07/24   ;05:00;0.18;13.3;28.8;0.18;1197;0;-0.07;0.1;0.02;201;0.06;0.01;0.14;0.09;0.03;1.48;0.3;4.26;1.9;0.7
30/07/24   ;06:00;0.26;13.4;28.6;0.26;1200;0;-0.18;0.19;0.05;151;0.13;0.02;0.36;0.21;0.07;1.96;0.66;3.76;2.35;0.69
30/07/24   ;07:00;0.32;13.3;28.6;0.33;1200;0;-0.17;0.22;0.05;189;0.11;0.01;0.38;0.18;0.06;1.57;0.32;3.72;1.89;0.61
30/07/24   ;08:00;0.37;13.3;28.6;0.37;1200;0;-0.14;0.16;0.04;182;0.1;0.02;0.26;0.16;0.05;1.63;0.29;3.73;1.78;0.61
30/07/24   ;09:00;0.42;13.4;28.7;0.42;1194;0;-0.14;0.11;0.04;186;0.1;0.01;0.2;0.15;0.04;1.59;0.27;3.52;1.98;0.62
30/07/24   ;10:00;0.43;13.4;28.7;0.43;1205;0;-0.14;0.15;0.04;186;0.11;0.01;0.26;0.16;0.05;1.61;0.39;3.44;1.89;0.64
30/07/24   ;11:00;0.44;13.4;28.8;0.44;1200;0;-0.14;0.15;0.04;180;0.1;0.01;0.26;0.17;0.05;1.66;0.38;3.63;2.03;0.66
30/07/24   ;12:00;0.46;13.4;28.9;0.46;1199;0;-0.15;0.15;0.05;184;0.12;0.02;0.27;0.18;0.05;1.61;0.4;3.58;1.89;0.6
30/07/24   ;13:00;0.5;13.3;29;0.5;1199;0;-0.14;0.17;0.05;186;0.11;0.02;0.29;0.17;0.05;1.59;0.49;3.14;1.92;0.53
30/07/24   ;14:00;0.54;13.3;29;0.54;1191;0;-0.12;0.18;0.04;176;0.1;0.02;0.27;0.16;0.05;1.67;0.31;3.38;2.06;0.66
30/07/24   ;15:00;0.6;13.4;29.1;0.6;1195;0;-0.14;0.15;0.05;180;0.11;0.01;0.26;0.17;0.05;1.64;0.28;3.35;2.06;0.64
30/07/24   ;16:00;0.63;13.4;29.1;0.63;1200;0;-0.21;0.18;0.05;183;0.12;0.02;0.33;0.18;0.05;1.62;0.43;3.82;1.91;0.61
30/07/24   ;17:00;0.66;13.4;29.1;0.66;1200;0;-0.17;0.2;0.05;181;0.12;0.02;0.37;0.19;0.06;1.64;0.35;3.76;2;0.61
30/07/24   ;18:00;0.65;13.4;29;0.65;1196;0;-0.14;0.19;0.05;170;0.11;0.01;0.26;0.17;0.05;1.74;0.3;3.8;2.22;0.69
30/07/24   ;19:00;0.62;13.3;29.1;0.62;1195;0;-0.15;0.14;0.05;167;0.12;0.02;0.28;0.17;0.05;1.77;0.31;4.02;2.19;0.67
30/07/24   ;20:00;0.55;13.4;29.1;0.55;1200;0;-0.14;0.12;0.04;166;0.09;0.01;0.21;0.14;0.04;1.79;0.33;3.86;2.23;0.73
30/07/24   ;21:00;0.45;13.3;29;0.45;1197;0;-0.1;0.12;0.03;142;0.08;0;0.19;0.12;0.04;2.07;0.36;5.06;2.72;0.96
30/07/24   ;22:00;0.32;13.4;28.9;0.32;1200;0;-0.1;0.11;0.03;166;0.08;0.01;0.19;0.13;0.04;1.8;0.39;4.47;1.98;0.67
30/07/24   ;23:00;0.18;13.3;28.8;0.18;1200;0;-0.09;0.09;0.03;154;0.07;0.01;0.17;0.11;0.03;1.94;0.28;4.19;2.51;0.81
31/07/24   ;00:00;0.04;13.3;28.7;0.04;1182;0;-0.12;0.1;0.03;128;0.08;0.01;0.18;0.12;0.04;2.27;0.36;4.64;2.91;0.98
31/07/24   ;01:00;-0.08;13.3;28.6;-0.08;1200;0;-0.07;0.09;0.02;142;0.05;0.01;0.15;0.08;0.03;2.09;0.34;3.82;2.68;0.8
31/07/24   ;02:00;-0.16;13.4;28.5;-0.16;1200;0;-0.02;0.02;0.01;176;0.02;0;0.04;0.02;0.01;1.7;0.39;3.68;2.05;0.63
31/07/24   ;03:00;-0.16;13.3;28.5;-0.16;1200;0;-0.09;0.11;0.02;154;0.05;0.01;0.18;0.09;0.03;1.93;0.3;3.8;2.15;0.63
31/07/24   ;04:00;-0.06;13.3;28.9;-0.06;1199;0;-0.11;0.12;0.03;141;0.07;0.01;0.21;0.12;0.04;2.12;0.43;3.65;2.51;0.81
31/07/24   ;05:00;0.08;13.3;29.1;0.08;1199;0;-0.1;0.12;0.03;174;0.06;0.01;0.23;0.1;0.03;1.71;0.45;3.68;1.96;0.57
31/07/24   ;06:00;0.25;13.3;29;0.25;1199;0;-0.14;0.16;0.04;169;0.1;0.01;0.3;0.15;0.05;1.77;0.3;4.13;2.13;0.75
31/07/24   ;07:00;0.39;13.4;28.9;0.39;1194;0;-0.14;0.15;0.05;193;0.1;0.01;0.27;0.17;0.05;1.54;0.27;3.8;1.87;0.65
31/07/24   ;08:00;0.52;13.4;28.9;0.51;1194;0;-0.17;0.22;0.05;175;0.12;0.01;0.37;0.19;0.06;1.7;0.39;3.49;2.12;0.72
31/07/24   ;09:00;0.59;13.4;29;0.59;1193;0;-0.15;0.22;0.05;196;0.11;0.01;0.32;0.16;0.05;1.51;0.34;3.29;1.85;0.57
31/07/24   ;10:00;0.62;13.3;28.6;0.62;1197;0;-0.15;0.15;0.04;192;0.1;0.01;0.27;0.16;0.05;1.54;0.34;3.83;1.77;0.6
31/07/24   ;11:00;0.62;13.3;28.8;0.62;1199;0;-0.14;0.15;0.04;182;0.1;0.02;0.23;0.15;0.04;1.63;0.29;3.96;2.16;0.69
31/07/24   ;12:00;0.59;13.4;29;0.59;1185;0;-0.15;0.15;0.05;159;0.12;0.02;0.25;0.18;0.05;1.85;0.33;3.85;2.14;0.7
31/07/24   ;13:00;0.55;13.4;29.3;0.55;1199;0;-0.11;0.15;0.04;171;0.1;0.01;0.21;0.15;0.05;1.74;0.39;4.23;2.02;0.69
31/07/24   ;14:00;0.53;13.4;29.4;0.53;1198;0;-0.13;0.17;0.05;178;0.11;0.01;0.28;0.17;0.05;1.68;0.29;3.7;2;0.64
31/07/24   ;15:00;0.53;13.3;29.6;0.53;1200;0;-0.13;0.14;0.04;186;0.11;0.02;0.25;0.16;0.05;1.61;0.44;3.03;1.96;0.55
31/07/24   ;16:00;0.56;13.3;29.5;0.56;1195;0;-0.15;0.19;0.05;180;0.11;0.02;0.3;0.18;0.06;1.64;0.26;3.77;2.12;0.7
31/07/24   ;17:00;0.61;13.4;29.4;0.61;1200;0;-0.12;0.14;0.04;177;0.11;0.01;0.25;0.16;0.05;1.68;0.49;3.59;2.11;0.67
31/07/24   ;18:00;0.65;13.4;29.3;0.65;1200;0;-0.14;0.17;0.05;180;0.12;0.02;0.28;0.19;0.06;1.66;0.27;3.45;2.06;0.62
31/07/24   ;19:00;0.68;13.4;29.3;0.68;1200;0;-0.16;0.15;0.05;168;0.11;0.01;0.28;0.17;0.05;1.77;0.31;4.54;2.32;0.88
31/07/24   ;20:00;0.66;13.3;29.3;0.66;1200;0;-0.1;0.13;0.04;174;0.09;0.01;0.22;0.14;0.04;1.71;0.43;3.66;2.15;0.67
31/07/24   ;21:00;0.59;13.4;29.2;0.59;1198;0;-0.12;0.12;0.03;177;0.08;0.01;0.24;0.12;0.04;1.68;0.27;3.51;1.98;0.62
31/07/24   ;22:00;0.47;13.4;29.4;0.47;1196;0;-0.14;0.18;0.04;164;0.09;0.01;0.27;0.15;0.05;1.81;0.45;3.72;2.19;0.68
31/07/24   ;23:00;0.32;13.4;29.3;0.32;1200;0;-0.08;0.09;0.03;174;0.07;0.01;0.15;0.1;0.03;1.71;0.32;3.37;1.94;0.54
01/08/24   ;00:00;0.16;13.3;29.1;0.16;1200;0;-0.08;0.09;0.03;136;0.07;0.01;0.18;0.1;0.03;2.19;0.4;4.68;2.72;1.01
01/08/24   ;01:00;0.02;13.3;29;0.02;1197;0;-0.07;0.07;0.02;137;0.05;0.01;0.13;0.08;0.03;2.17;0.36;4.04;2.77;0.93
01/08/24   ;02:00;-0.08;13.4;29;-0.08;1200;0;-0.03;0.03;0.01;166;0.02;0;0.06;0.04;0.01;1.79;0.28;4.35;2.17;0.69
01/08/24   ;03:00;-0.12;13.4;28.9;-0.12;1199;0;-0.04;0.04;0.01;164;0.03;0;0.07;0.04;0.01;1.82;0.3;4.24;2.38;0.78
01/08/24   ;04:00;-0.06;13.4;29;-0.06;1190;0;-0.06;0.06;0.02;174;0.04;0;0.12;0.07;0.02;1.7;0.32;4.18;2.3;0.83
01/08/24   ;05:00;0.08;13.3;29.4;0.08;1200;0;-0.08;0.1;0.03;167;0.07;0.01;0.16;0.11;0.03;1.79;0.44;4.23;2.21;0.66
01/08/24   ;06:00;0.26;13.3;29.3;0.26;1199;0;-0.14;0.18;0.05;166;0.11;0.01;0.28;0.17;0.05;1.79;0.28;3.41;2.19;0.69
01/08/24   ;07:00;0.43;13.3;29.4;0.43;1192;0;-0.14;0.14;0.04;188;0.1;0.01;0.24;0.15;0.05;1.58;0.29;3.59;1.87;0.62
01/08/24   ;08:00;0.57;13.3;29.3;0.57;1196;0;-0.13;0.22;0.05;191;0.12;0.02;0.31;0.18;0.05;1.55;0.31;3.5;1.89;0.61
01/08/24   ;09:00;0.69;13.3;29.1;0.69;1199;0;-0.18;0.19;0.05;182;0.13;0.02;0.32;0.2;0.06;1.64;0.33;3.82;2.03;0.59
01/08/24   ;10:00;0.76;13.3;28.6;0.76;1197;0;-0.14;0.25;0.05;183;0.12;0.02;0.38;0.19;0.06;1.61;0.3;3.61;1.99;0.62
01/08/24   ;11:00;0.75;13.3;28.9;0.75;1200;0;-0.15;0.22;0.05;182;0.12;0.01;0.33;0.18;0.05;1.64;0.39;3.21;1.94;0.6
01/08/24   ;12:00;0.69;13.3;29.1;0.69;1201;0;-0.13;0.23;0.05;173;0.12;0.02;0.31;0.18;0.06;1.73;0.46;3.2;2;0.54
01/08/24   ;13:00;0.59;13.4;29.6;0.59;1200;0;-0.15;0.16;0.05;165;0.11;0.02;0.26;0.17;0.05;1.81;0.6;3.61;2.06;0.63
01/08/24   ;14:00;0.5;13.3;29.8;0.5;1198;0;-0.14;0.2;0.04;163;0.1;0.01;0.28;0.15;0.05;1.82;0.35;3.83;2.5;0.86
01/08/24   ;15:00;0.43;13.3;29.9;0.43;1197;0;-0.11;0.14;0.04;177;0.09;0.01;0.21;0.13;0.04;1.68;0.32;3.53;2.15;0.68
01/08/24   ;16:00;0.42;13.3;29.9;0.42;1200;0;-0.22;0.19;0.05;176;0.12;0.02;0.33;0.19;0.06;1.69;0.33;3.53;2.03;0.61
01/08/24   ;17:00;0.48;13.3;29.8;0.48;1183;0;-0.12;0.15;0.04;184;0.1;0.01;0.27;0.16;0.05;1.59;0.34;3.27;1.84;0.55
01/08/24   ;18:00;0.58;13.3;29.8;0.58;1200;0;-0.16;0.22;0.06;174;0.14;0.02;0.36;0.21;0.07;1.72;0.38;4.13;2.17;0.75
01/08/24   ;19:00;0.66;13.4;30;0.66;1200;0;-0.13;0.2;0.05;177;0.12;0.01;0.3;0.18;0.06;1.68;0.47;3.23;2.01;0.62
01/08/24   ;20:00;0.74;13.4;29.4;0.74;1194;0;-0.11;0.14;0.04;192;0.09;0.01;0.25;0.14;0.04;1.55;0.39;3.8;1.88;0.6
01/08/24   ;21:00;0.76;13.3;29.3;0.77;1199;0;-0.13;0.11;0.03;183;0.08;0.02;0.17;0.12;0.04;1.62;0.3;3.38;2.04;0.66
01/08/24   ;22:00;0.74;13.4;29.3;0.75;1198;0;-0.18;0.18;0.05;155;0.14;0.02;0.31;0.21;0.06;1.91;0.6;4.04;2.22;0.77
01/08/24   ;23:00;0.56;13.4;29.4;0.56;1197;0;-0.14;0.13;0.03;161;0.07;0.01;0.22;0.12;0.04;1.85;0.29;4.67;2.13;0.78
02/08/24   ;00:00;0.37;13.4;29.3;0.37;1200;0;-0.13;0.13;0.04;109;0.1;0.01;0.23;0.17;0.06;2.71;0.39;5.63;3.64;1.2
02/08/24   ;01:00;0.18;13.4;29.2;0.18;1200;0;-0.06;0.08;0.02;158;0.05;0.01;0.14;0.08;0.02;1.9;0.26;4.43;2.43;0.82
02/08/24   ;02:00;0.1;13.3;29;0.09;1200;0;-0.02;0.03;0.01;170;0.02;0;0.05;0.03;0.01;1.75;0.4;3.88;2.15;0.65
02/08/24   ;03:00;-0.07;13.4;29;-0.07;1200;0;-0.1;0.09;0.02;148;0.05;0.01;0.2;0.09;0.03;2;0.32;4.32;2.54;0.88
02/08/24   ;04:00;-0.09;13.4;28.9;-0.09;1200;0;-0.08;0.08;0.02;145;0.06;0.01;0.15;0.09;0.03;2.05;0.34;4.03;2.7;0.83
02/08/24   ;05:00;-0.02;13.4;28.9;-0.02;1198;0;-0.09;0.09;0.03;151;0.07;0.02;0.17;0.11;0.03;1.97;0.47;4.1;2.31;0.75
02/08/24   ;06:00;0.15;13.4;29.1;0.15;1200;0;-0.15;0.16;0.05;155;0.12;0.02;0.29;0.18;0.06;1.93;0.37;4.13;2.37;0.75
02/08/24   ;07:00;0.38;13.3;29;0.38;1197;0;-0.12;0.19;0.05;196;0.11;0.02;0.3;0.17;0.06;1.51;0.42;3.48;1.79;0.56
02/08/24   ;08:00;0.52;13.3;29;0.52;1208;0;-0.12;0.18;0.04;203;0.11;0.02;0.26;0.16;0.05;1.48;0.31;3.65;1.75;0.58
02/08/24   ;09:00;0.66;13.4;28.9;0.66;1200;0;-0.18;0.25;0.06;186;0.15;0.01;0.41;0.22;0.07;1.6;0.35;3.45;1.84;0.58
02/08/24   ;10:00;0.75;13.4;28.8;0.75;1200;0;-0.15;0.18;0.05;193;0.12;0.03;0.31;0.18;0.05;1.54;0.39;3.65;1.78;0.54
02/08/24   ;11:00;0.73;13.3;28.9;0.73;1200;0;-0.15;0.17;0.05;167;0.11;0.02;0.27;0.17;0.05;1.78;0.33;3.54;2.1;0.7
02/08/24   ;12:00;0.64;13.3;29.1;0.64;1200;0;-0.17;0.2;0.05;173;0.12;0.01;0.37;0.18;0.06;1.73;0.39;3.32;2.01;0.61
02/08/24   ;13:00;0.51;13.3;29.3;0.51;1200;0;-0.14;0.14;0.04;178;0.11;0.01;0.24;0.16;0.05;1.67;0.57;3.06;1.9;0.53
02/08/24   ;14:00;0.4;13.3;29.5;0.4;1194;0;-0.15;0.13;0.04;162;0.11;0.01;0.22;0.17;0.05;1.83;0.44;4.14;2.16;0.7
02/08/24   ;15:00;0.33;13.3;29.6;0.33;1200;0;-0.11;0.14;0.04;169;0.1;0.02;0.24;0.15;0.04;1.77;0.43;4.33;2.2;0.73
02/08/24   ;16:00;0.31;13.3;29.6;0.31;1200;0;-0.13;0.16;0.04;196;0.09;0;0.27;0.15;0.05;1.52;0.32;3.25;1.81;0.53
02/08/24   ;17:00;0.42;13.3;29.5;0.42;1195;0;-0.12;0.18;0.04;197;0.09;0.01;0.3;0.13;0.04;1.51;0.33;3.46;1.73;0.53
02/08/24   ;18:00;0.55;13.3;29.6;0.55;1200;0;-0.18;0.2;0.06;183;0.14;0.01;0.37;0.22;0.07;1.63;0.31;3.88;1.79;0.6
02/08/24   ;19:00;0.67;13.3;29.4;0.67;1200;0;-0.13;0.16;0.05;199;0.11;0.01;0.27;0.18;0.05;1.5;0.43;3.04;1.77;0.5
02/08/24   ;20:00;0.76;13.3;29.3;0.76;1176;0;-0.15;0.18;0.05;176;0.12;0.02;0.33;0.18;0.05;1.66;0.41;3.52;2.1;0.65
02/08/24   ;21:00;0.8;13.3;29.1;0.8;1200;0;-0.11;0.13;0.04;176;0.09;0.01;0.21;0.14;0.05;1.7;0.39;3.73;2.06;0.65
02/08/24   ;22:00;0.8;13.3;29.2;0.8;1195;0;-0.1;0.1;0.03;201;0.07;0.01;0.17;0.12;0.04;1.47;0.28;3.3;1.89;0.6
02/08/24   ;23:00;0.72;13.3;29.1;0.72;1199;0;-0.1;0.11;0.03;170;0.08;0.02;0.19;0.12;0.04;1.75;0.53;3.71;2.25;0.67
03/08/24   ;00:00;0.55;13.4;29.2;0.55;1193;0;-0.1;0.11;0.03;154;0.07;0.01;0.19;0.11;0.03;1.91;0.45;4.14;2.47;0.78
03/08/24   ;01:00;0.37;13.4;29.2;0.37;1200;0;-0.07;0.05;0.02;160;0.05;0;0.12;0.07;0.02;1.86;0.34;4.88;2.51;0.84
03/08/24   ;02:00;0.17;13.4;29.1;0.17;1200;0;-0.12;0.11;0.02;163;0.05;0.01;0.23;0.08;0.03;1.82;0.34;4.53;2.2;0.77
03/08/24   ;03:00;0.01;13.4;29;0.01;1198;0;-0.08;0.08;0.02;156;0.05;0;0.15;0.07;0.03;1.91;0.33;4.07;2.59;0.85
03/08/24   ;04:00;-0.08;13.3;28.9;-0.08;1195;0;-0.1;0.13;0.03;171;0.06;0.01;0.22;0.09;0.04;1.73;0.25;4.11;2.56;0.95
03/08/24   ;05:00;-0.08;13.4;28.8;-0.08;1200;0;-0.14;0.13;0.03;143;0.07;0.01;0.25;0.12;0.04;2.07;0.67;4.61;2.53;0.8
03/08/24   ;06:00;0.05;13.4;28.9;0.05;1194;0;-0.11;0.15;0.04;166;0.1;0.01;0.24;0.16;0.05;1.79;0.28;4.18;2.07;0.64
03/08/24   ;07:00;0.24;13.4;29.1;0.24;1199;0;-0.18;0.22;0.06;167;0.14;0.02;0.36;0.22;0.07;1.79;0.51;3.81;2.17;0.73
03/08/24   ;08:00;0.42;13.4;29.1;0.41;1181;0;-0.13;0.17;0.05;184;0.11;0.02;0.28;0.17;0.05;1.59;0.37;4.16;1.85;0.64
03/08/24   ;09:00;0.57;13.3;29;0.57;1200;0;-0.16;0.21;0.05;193;0.12;0.02;0.34;0.19;0.06;1.54;0.38;3.46;1.8;0.54
03/08/24   ;10:00;0.69;13.3;28.9;0.69;1200;0;-0.13;0.22;0.05;196;0.11;0.02;0.31;0.18;0.06;1.51;0.28;3.74;1.82;0.62
03/08/24   ;11:00;0.7;13.4;28.6;0.7;1200;0;-0.12;0.15;0.04;188;0.1;0.02;0.22;0.15;0.05;1.59;0.35;3.77;1.9;0.66
03/08/24   ;12:00;0.65;13.4;28.9;0.65;1195;0;-0.17;0.17;0.05;173;0.12;0.02;0.28;0.19;0.06;1.71;0.4;3.61;2.15;0.7
03/08/24   ;13:00;0.56;13.4;29.2;0.56;1197;0;-0.14;0.14;0.04;178;0.11;0.02;0.23;0.16;0.05;1.67;0.4;4.19;1.96;0.66
03/08/24   ;14:00;0.45;13.4;29.4;0.45;1200;0;-0.14;0.19;0.05;175;0.11;0.01;0.28;0.17;0.05;1.7;0.28;4.01;1.97;0.61
03/08/24   ;15:00;0.36;13.3;29.4;0.36;1196;0;-0.13;0.16;0.04;187;0.09;0.01;0.25;0.14;0.04;1.59;0.38;3.48;1.89;0.54
03/08/24   ;16:00;0.31;13.3;29.5;0.31;1199;0;-0.12;0.14;0.04;169;0.09;0.02;0.26;0.14;0.04;1.74;0.36;3.58;2.16;0.73
03/08/24   ;17:00;0.34;13.4;29.4;0.34;1174;0;-0.14;0.14;0.04;175;0.1;0.01;0.23;0.15;0.05;1.67;0.46;3.5;2.09;0.69
03/08/24   ;18:00;0.42;13.3;29.3;0.42;1198;0;-0.12;0.19;0.05;176;0.11;0.02;0.29;0.17;0.05;1.7;0.25;3.73;2.06;0.67
03/08/24   ;19:00;0.56;13.3;29.4;0.56;1200;0;-0.14;0.14;0.04;197;0.1;0.02;0.24;0.15;0.05;1.51;0.37;3.32;1.82;0.56
03/08/24   ;20:00;0.68;13.3;29.1;0.68;1200;0;-0.15;0.19;0.04;186;0.1;0;0.28;0.16;0.05;1.59;0.29;3.11;1.98;0.59
03/08/24   ;21:00;0.78;13.3;28.9;0.77;1200;0;-0.18;0.2;0.04;184;0.1;0.02;0.31;0.16;0.06;1.61;0.38;4.22;2.01;0.63
03/08/24   ;22:00;0.82;13.4;28.6;0.82;1187;0;-0.11;0.12;0.04;183;0.09;0.01;0.2;0.14;0.04;1.61;0.38;3.89;1.94;0.66
03/08/24   ;23:00;0.76;13.3;28.7;0.76;1200;0;-0.12;0.14;0.04;162;0.09;0.01;0.23;0.14;0.05;1.83;0.31;3.83;2.25;0.79
04/08/24   ;00:00;0.61;13.3;28.9;0.61;1189;0;-0.17;0.19;0.04;139;0.1;0.01;0.32;0.17;0.06;2.13;0.33;5.18;2.59;0.9
04/08/24   ;01:00;0.43;13.3;29;0.43;1200;0;-0.07;0.09;0.02;152;0.05;0;0.13;0.08;0.03;1.96;0.26;3.66;2.43;0.79
04/08/24   ;02:00;0.24;13.3;29;0.24;1200;0;-0.07;0.09;0.03;145;0.06;0.01;0.15;0.1;0.03;2.06;0.26;3.81;2.48;0.78
04/08/24   ;03:00;0.03;13.4;28.9;0.03;1200;0;-0.07;0.08;0.02;126;0.06;0.01;0.14;0.09;0.03;2.35;0.53;3.96;3.06;0.88
04/08/24   ;04:00;-0.12;13.4;28.8;-0.12;1200;0;-0.1;0.11;0.03;124;0.07;0.01;0.18;0.12;0.04;2.41;0.34;5.26;3.35;1.06
04/08/24   ;05:00;-0.2;13.4;28.7;-0.2;1200;0;-0.08;0.09;0.02;153;0.05;0.01;0.17;0.08;0.03;1.95;0.44;4.17;2.6;0.95
04/08/24   ;06:00;-0.17;13.3;28.5;-0.17;1200;0;-0.08;0.08;0.03;163;0.07;0.01;0.14;0.11;0.03;1.84;0.27;3.71;2.26;0.7
04/08/24   ;07:00;0.04;13.4;28.9;0.04;1200;0;-0.11;0.16;0.04;182;0.1;0.02;0.23;0.15;0.04;1.64;0.39;3.83;2.01;0.66
04/08/24   ;08:00;0.29;13.4;28.8;0.29;1196;0;-0.12;0.14;0.04;190;0.09;0.01;0.24;0.14;0.04;1.56;0.31;3.32;1.8;0.58
04/08/24   ;09:00;0.48;13.4;28.8;0.48;1192;0;-0.12;0.19;0.04;201;0.1;0.01;0.3;0.16;0.05;1.48;0.28;2.84;1.72;0.49
04/08/24   ;10:00;0.63;13.4;28.5;0.63;1196;0;-0.13;0.15;0.04;203;0.1;0.02;0.24;0.16;0.05;1.46;0.37;3.99;1.67;0.54
04/08/24   ;11:00;0.73;13.4;28.3;0.74;1198;0;-0.13;0.14;0.04;206;0.09;0.01;0.26;0.14;0.04;1.44;0.43;3.33;1.83;0.56
04/08/24   ;12:00;0.75;13.3;28.3;0.75;1194;0;-0.14;0.15;0.05;179;0.11;0.03;0.27;0.17;0.05;1.66;0.48;3.64;2.03;0.62
04/08/24   ;13:00;0.69;13.3;28.6;0.69;1200;0;-0.15;0.14;0.05;185;0.11;0.01;0.29;0.17;0.05;1.61;0.36;3.68;1.89;0.66
04/08/24   ;14:00;0.55;13.4;28.8;0.55;1200;0;-0.15;0.19;0.04;166;0.1;0.02;0.27;0.16;0.05;1.79;0.61;4.53;2.28;0.72
04/08/24   ;15:00;0.42;13.4;29.1;0.42;1200;0;-0.13;0.15;0.04;163;0.09;0.01;0.2;0.14;0.04;1.83;0.44;4.36;2.32;0.74
04/08/24   ;16:00;0.32;13.4;29.2;0.32;1195;0;-0.17;0.19;0.05;181;0.11;0.01;0.33;0.17;0.05;1.64;0.34;3.49;1.97;0.62
04/08/24   ;17:00;0.26;13.3;29.2;0.26;1200;0;-0.17;0.16;0.04;163;0.1;0;0.27;0.15;0.05;1.83;0.3;4.17;2.36;0.81
04/08/24   ;18:00;0.32;13.3;29;0.32;1200;0;-0.15;0.18;0.05;175;0.12;0;0.28;0.19;0.06;1.69;0.39;3.68;2.09;0.65
04/08/24   ;19:00;0.44;13.4;29.1;0.44;1200;0;-0.13;0.17;0.04;189;0.11;0.02;0.29;0.16;0.05;1.58;0.33;3.57;1.93;0.61
04/08/24   ;20:00;0.58;13.4;28.8;0.58;1200;0;-0.17;0.16;0.05;184;0.11;0.03;0.28;0.18;0.05;1.62;0.37;3.5;2.16;0.71
04/08/24   ;21:00;0.71;13.3;28.7;0.71;1194;0;-0.14;0.2;0.04;188;0.11;0.01;0.34;0.16;0.05;1.58;0.35;3.8;1.9;0.66
04/08/24   ;22:00;0.79;13.3;28.6;0.79;1197;0;-0.12;0.14;0.04;177;0.09;0.01;0.21;0.14;0.05;1.68;0.34;3.88;2.28;0.73
04/08/24   ;23:00;0.78;13.3;28.6;0.78;1200;0;-0.09;0.11;0.03;185;0.08;0.01;0.17;0.12;0.04;1.6;0.37;3.74;1.87;0.62
05/08/24   ;00:00;0.68;13.4;28.5;0.68;1181;0;-0.12;0.12;0.04;149;0.09;0.02;0.21;0.13;0.04;1.96;0.35;3.78;2.51;0.75
05/08/24   ;01:00;0.51;13.3;28.6;0.51;1199;0;-0.07;0.08;0.02;171;0.05;0.01;0.15;0.07;0.02;1.74;0.37;3.2;2.09;0.63
05/08/24   ;02:00;0.31;13.4;28.6;0.3;1200;0;-0.06;0.05;0.01;178;0.03;0;0.09;0.05;0.02;1.67;0.29;3.6;2.32;0.75
05/08/24   ;03:00;0.1;13.3;28.6;0.1;1200;0;-0.06;0.07;0.02;183;0.05;0;0.12;0.07;0.02;1.63;0.31;3.93;2.32;0.89
05/08/24   ;04:00;-0.09;13.3;28.5;-0.09;1200;0;-0.13;0.13;0.03;166;0.07;0.01;0.25;0.11;0.04;1.8;0.28;4.41;2.72;1
05/08/24   ;05:00;-0.18;13.4;28.4;-0.18;1197;0;-0.09;0.1;0.03;185;0.06;0;0.13;0.09;0.03;1.6;0.33;3.26;2.12;0.7
05/08/24   ;06:00;-0.15;13.3;28.3;-0.15;1200;0;-0.09;0.13;0.04;147;0.09;0.01;0.21;0.14;0.04;2.03;0.47;4.01;2.63;0.85
05/08/24   ;07:00;-0.01;13.3;28.6;-0.01;1198;0;-0.15;0.16;0.05;165;0.12;0.02;0.3;0.18;0.05;1.81;0.54;4.14;2.04;0.72
05/08/24   ;08:00;0.21;13.3;28.6;0.21;1200;0;-0.11;0.14;0.04;204;0.09;0;0.22;0.14;0.04;1.46;0.3;3.18;1.76;0.53
05/08/24   ;09:00;0.42;13.3;28.4;0.42;1198;0;-0.14;0.14;0.04;180;0.1;0.01;0.26;0.15;0.04;1.65;0.42;3.86;2;0.64
05/08/24   ;10:00;0.6;13.4;28.3;0.6;1200;0;-0.17;0.18;0.05;193;0.13;0.02;0.3;0.19;0.06;1.55;0.33;3.5;1.91;0.61
05/08/24   ;11:00;0.72;13.4;28.2;0.72;1200;0;-0.11;0.18;0.04;191;0.1;0;0.29;0.15;0.05;1.56;0.32;3.53;1.83;0.63
05/08/24   ;12:00;0.78;13.4;28.1;0.78;1199;0;-0.19;0.18;0.05;183;0.12;0.02;0.31;0.18;0.05;1.63;0.33;3.93;1.91;0.65
05/08/24   ;13:00;0.76;13.4;28.2;0.76;1199;0;-0.13;0.18;0.05;185;0.12;0.02;0.27;0.18;0.06;1.61;0.37;3.5;1.89;0.62
05/08/24   ;14:00;0.64;13.3;28.4;0.64;1196;0;-0.13;0.19;0.05;159;0.12;0.01;0.29;0.19;0.06;1.85;0.31;3.7;2.44;0.83
05/08/24   ;15:00;0.5;13.3;28.7;0.5;1200;0;-0.15;0.14;0.04;179;0.1;0;0.24;0.15;0.05;1.66;0.31;3.87;2.05;0.69
05/08/24   ;16:00;0.35;13.4;28.9;0.35;1200;0;-0.12;0.11;0.04;168;0.09;0;0.22;0.15;0.04;1.77;0.31;3.46;2.15;0.7
05/08/24   ;17:00;0.28;13.4;28.9;0.28;1200;0;-0.16;0.18;0.05;161;0.12;0.02;0.3;0.18;0.06;1.85;0.38;3.97;2.21;0.68
05/08/24   ;18:00;0.28;13.4;28.8;0.28;1197;0;-0.14;0.14;0.04;169;0.1;0.02;0.21;0.16;0.04;1.76;0.29;3.65;1.96;0.62
05/08/24   ;19:00;0.37;13.3;28.5;0.37;1203;0;-0.13;0.18;0.04;174;0.11;0.02;0.25;0.16;0.05;1.71;0.29;3.75;1.93;0.62
05/08/24   ;20:00;0.51;13.3;28.7;0.51;1199;0;-0.18;0.15;0.04;175;0.1;0.01;0.31;0.16;0.05;1.7;0.34;3.47;2.26;0.72
05/08/24   ;21:00;0.65;13.4;28.5;0.65;1197;0;-0.09;0.12;0.03;192;0.07;0.01;0.16;0.11;0.03;1.56;0.29;3.36;1.96;0.65
05/08/24   ;22:00;0.75;13.4;28.4;0.75;1195;0;-0.12;0.13;0.04;179;0.09;0.01;0.24;0.14;0.04;1.66;0.39;3.95;2.05;0.67
05/08/24   ;23:00;0.79;13.3;28.3;0.79;1202;0;-0.11;0.15;0.03;170;0.08;0.01;0.24;0.13;0.04;1.75;0.32;3.71;2.1;0.7
06/08/24   ;00:00;0.74;13.3;28.4;0.74;1206;0;-0.13;0.13;0.04;150;0.08;0.01;0.23;0.13;0.05;2;0.31;4.72;2.76;0.91
06/08/24   ;01:00;0.59;13.3;28.4;0.59;1202;0;-0.05;0.06;0.02;158;0.04;0.01;0.1;0.06;0.02;1.87;0.59;3.58;2.33;0.73
06/08/24   ;02:00;0.4;13.3;28.4;0.4;1200;0;-0.06;0.07;0.02;132;0.05;0.01;0.13;0.08;0.03;2.25;0.27;4.35;2.93;1
06/08/24   ;03:00;0.2;13.3;28.4;0.2;1200;0;-0.08;0.06;0.02;147;0.04;0;0.14;0.07;0.02;2.01;0.36;4.29;2.65;0.83
06/08/24   ;04:00;0.01;13.4;28.3;0.01;1194;0;-0.14;0.16;0.04;112;0.1;0.01;0.26;0.16;0.05;2.65;0.4;4.83;3.27;0.96
06/08/24   ;05:00;-0.12;13.3;28.3;-0.12;1192;0;-0.1;0.12;0.03;156;0.07;0.01;0.17;0.1;0.03;1.89;0.31;3.82;2.32;0.71
06/08/24   ;06:00;-0.15;13.3;28.2;-0.15;1206;0;-0.12;0.18;0.04;155;0.1;0.01;0.27;0.16;0.05;1.93;0.37;3.84;2.54;0.79
06/08/24   ;07:00;-0.05;13.4;28.4;-0.05;1201;0;-0.16;0.15;0.05;170;0.11;0.01;0.27;0.17;0.05;1.76;0.37;3.64;2.15;0.71
06/08/24   ;08:00;0.16;13.3;28.5;0.16;1201;0;-0.16;0.15;0.05;186;0.12;0.01;0.29;0.18;0.05;1.61;0.27;3.61;1.86;0.59
06/08/24   ;09:00;0.37;13.3;28.4;0.37;1198;0;-0.11;0.16;0.04;198;0.1;0.01;0.25;0.16;0.05;1.51;0.3;3.54;1.75;0.6
06/08/24   ;10:00;0.55;13.3;28.3;0.55;1189;0;-0.17;0.14;0.05;191;0.12;0.01;0.32;0.17;0.05;1.55;0.35;4.27;1.75;0.57
06/08/24   ;11:00;0.7;13.3;28.3;0.71;1200;0;-0.13;0.19;0.05;202;0.11;0.01;0.27;0.17;0.05;1.48;0.37;3.32;1.69;0.52
06/08/24   ;12:00;0.8;13.3;28;0.8;1198;0;-0.13;0.17;0.04;202;0.11;0.02;0.25;0.17;0.05;1.47;0.28;3.29;1.65;0.54
06/08/24   ;13:00;0.79;13.4;28.1;0.79;1198;0;-0.19;0.19;0.05;159;0.13;0.01;0.35;0.2;0.06;1.87;0.3;3.52;2.17;0.7
06/08/24   ;14:00;0.69;13.4;28.3;0.69;1189;0;-0.13;0.14;0.04;170;0.11;0.02;0.25;0.16;0.05;1.74;0.49;3.81;2.11;0.65
06/08/24   ;15:00;0.53;13.4;28.7;0.53;1200;0;-0.11;0.13;0.04;178;0.09;0.01;0.2;0.14;0.04;1.68;0.32;3.55;2.07;0.62
06/08/24   ;16:00;0.38;13.3;28.9;0.38;1194;0;-0.12;0.12;0.04;166;0.1;0.02;0.21;0.14;0.04;1.78;0.55;3.56;2.14;0.69
06/08/24   ;17:00;0.27;13.3;28.9;0.27;1194;0;-0.11;0.16;0.04;182;0.09;0.01;0.24;0.14;0.05;1.63;0.28;3.67;2.04;0.69
06/08/24   ;18:00;0.23;13.4;28.9;0.23;1183;0;-0.16;0.16;0.05;160;0.12;0.02;0.27;0.17;0.05;1.83;0.3;3.69;2.19;0.66
06/08/24   ;19:00;0.28;13.4;28.8;0.27;1192;0;-0.14;0.17;0.05;174;0.11;0.01;0.25;0.17;0.05;1.7;0.27;3.97;2.11;0.67
06/08/24   ;20:00;0.41;13.3;28.8;0.41;1197;0;-0.15;0.16;0.04;182;0.11;0;0.28;0.16;0.05;1.63;0.27;3.82;1.96;0.63
06/08/24   ;21:00;0.55;13.3;28.6;0.55;1200;0;-0.15;0.19;0.04;177;0.09;0.01;0.28;0.14;0.05;1.68;0.61;3.44;2.06;0.59
06/08/24   ;22:00;0.69;13.4;28.5;0.69;1199;0;-0.18;0.19;0.04;177;0.09;0.01;0.37;0.15;0.05;1.67;0.31;3.75;2.15;0.71
06/08/24   ;23:00;0.76;13.4;28.4;0.76;1200;0;-0.15;0.18;0.04;177;0.09;0.01;0.33;0.14;0.04;1.69;0.38;4.15;2.09;0.67
07/08/24   ;00:00;0.74;13.4;28.4;0.74;1197;0;-0.09;0.1;0.03;155;0.07;0.01;0.16;0.11;0.04;1.91;0.47;3.96;2.46;0.74
07/08/24   ;01:00;0.64;13.3;28.3;0.64;1199;0;-0.09;0.1;0.02;167;0.04;0;0.18;0.07;0.03;1.78;0.31;3.66;2.1;0.64
07/08/24   ;02:00;0.47;13.3;28.4;0.47;1200;0;-0.05;0.05;0.01;178;0.03;0;0.1;0.06;0.02;1.68;0.31;3.84;2.02;0.59
07/08/24   ;03:00;0.27;13.3;28.4;0.27;1194;0;-0.04;0.04;0.01;168;0.03;0;0.07;0.04;0.01;1.76;0.47;3.23;2.22;0.6
07/08/24   ;04:00;0.09;13.4;28.4;0.09;1195;0;-0.1;0.09;0.03;125;0.08;0.02;0.17;0.12;0.04;2.38;0.72;4.9;3.05;0.93
07/08/24   ;05:00;-0.05;13.4;28.4;-0.05;1200;0;-0.15;0.15;0.04;142;0.09;0.01;0.29;0.14;0.05;2.08;0.46;4.02;2.56;0.86
07/08/24   ;06:00;-0.12;13.3;28.3;-0.12;1200;0;-0.1;0.11;0.03;171;0.08;0.01;0.19;0.12;0.04;1.74;0.36;3.56;2.16;0.66
07/08/24   ;07:00;-0.07;13.3;28.3;-0.07;1200;0;-0.14;0.15;0.04;167;0.1;0.01;0.24;0.15;0.04;1.79;0.54;4.07;2.13;0.66
07/08/24   ;08:00;0.11;13.3;28.6;0.11;1196;0;-0.17;0.19;0.05;180;0.13;0.03;0.32;0.19;0.06;1.64;0.32;4.39;2.04;0.66
07/08/24   ;09:00;0.33;13.3;28.5;0.33;1198;0;-0.15;0.16;0.05;192;0.11;0.01;0.29;0.17;0.05;1.55;0.36;3.54;1.85;0.61
07/08/24   ;10:00;0.52;13.4;28.5;0.52;1196;0;-0.12;0.15;0.05;197;0.11;0.01;0.25;0.17;0.05;1.51;0.48;3.18;1.74;0.48
07/08/24   ;11:00;0.68;13.4;28.5;0.68;1207;0;-0.12;0.17;0.05;210;0.11;0.02;0.27;0.16;0.05;1.43;0.3;3.61;1.81;0.54
07/08/24   ;12:00;0.78;13.3;28.4;0.78;1193;0;-0.16;0.18;0.05;185;0.12;0.02;0.31;0.19;0.06;1.6;0.37;3.16;1.89;0.57
07/08/24   ;13:00;0.79;13.3;28.2;0.8;1200;0;-0.14;0.14;0.04;190;0.09;0.02;0.23;0.14;0.04;1.56;0.38;3.81;1.81;0.6
07/08/24   ;14:00;0.72;13.3;28.5;0.72;1200;0;-0.18;0.16;0.05;183;0.12;0.02;0.33;0.18;0.05;1.63;0.31;3.52;1.94;0.6
07/08/24   ;15:00;0.58;13.3;28.9;0.58;1198;0;-0.15;0.18;0.04;180;0.1;0.02;0.27;0.16;0.05;1.64;0.35;3.96;2.06;0.66
07/08/24   ;16:00;0.42;13.3;29;0.42;1199;0;-0.14;0.18;0.04;163;0.1;0.02;0.29;0.15;0.05;1.82;0.42;3.73;2.27;0.76
07/08/24   ;17:00;0.28;13.3;28.8;0.28;1200;0;-0.14;1.39;0.11;112;0.13;0.01;0.64;0.24;0.13;2.63;0.52;12.94;3.06;1.79
07/08/24   ;18:00;0.15;13.3;28.7;0.15;1196;0;-0.14;0.14;0.04;163;0.1;0.02;0.25;0.15;0.05;1.83;0.48;4.55;2.24;0.7
07/08/24   ;19:00;0.18;13.4;28.6;0.18;1195;0;-0.13;0.14;0.04;173;0.1;0.02;0.22;0.15;0.05;1.71;0.64;3.5;2.09;0.63
07/08/24   ;20:00;0.35;13.4;28.6;0.35;1200;0;-0.1;0.13;0.03;175;0.08;0;0.17;0.12;0.04;1.7;0.29;3.46;2.23;0.69
07/08/24   ;21:00;0.44;13.4;28.7;0.44;1197;0;-0.1;0.09;0.03;168;0.08;0.01;0.16;0.12;0.03;1.77;0.45;3.72;2.15;0.7
07/08/24   ;22:00;0.53;13.3;28.5;0.53;1200;0;-0.1;0.1;0.03;174;0.08;0.01;0.18;0.12;0.04;1.71;0.38;3.24;2.1;0.64
07/08/24   ;23:00;0.64;13.4;28.5;0.64;1196;0;-0.13;0.14;0.03;191;0.07;0;0.27;0.11;0.04;1.54;0.6;3.55;1.78;0.55
08/08/24   ;00:00;0.65;13.4;28.5;0.65;1200;0;-0.11;0.13;0.03;157;0.07;0.01;0.22;0.12;0.04;1.9;0.54;4.03;2.29;0.74
08/08/24   ;01:00;0.58;13.4;28.4;0.58;1200;0;-0.09;0.09;0.02;164;0.05;0.01;0.16;0.08;0.03;1.81;0.32;3.59;2.35;0.77
08/08/24   ;02:00;0.42;13.4;28.3;0.42;1200;0;-0.11;0.11;0.02;167;0.05;0.01;0.2;0.08;0.03;1.78;0.26;3.68;2.07;0.62
08/08/24   ;03:00;0.24;13.4;28.1;0.24;1200;0;-0.08;0.06;0.02;135;0.04;0.01;0.1;0.07;0.02;2.2;0.29;4.92;2.94;0.98
08/08/24   ;04:00;0.12;13.3;28;0.12;1199;0;-0.11;0.11;0.03;131;0.07;0.01;0.19;0.12;0.04;2.25;0.48;4.6;2.71;0.9
08/08/24   ;05:00;-0.03;13.4;27.9;-0.03;1200;0;-0.11;0.13;0.03;141;0.07;0.01;0.22;0.12;0.04;2.11;0.54;3.59;2.56;0.67
08/08/24   ;06:00;-0.13;13.4;27.9;-0.13;1200;0;-0.11;0.14;0.04;156;0.1;0.01;0.22;0.16;0.05;1.91;0.36;4.08;2.36;0.76
08/08/24   ;07:00;-0.06;13.4;28;-0.06;1199;0;-0.13;0.18;0.05;156;0.12;0.01;0.28;0.18;0.06;1.9;0.33;4.23;2.37;0.77
08/08/24   ;08:00;0.08;13.4;28.3;0.08;1200;0;-0.17;0.19;0.05;167;0.12;0.01;0.31;0.17;0.05;1.79;0.4;3.98;1.96;0.65
08/08/24   ;09:00;0.23;13.4;28.3;0.23;1200;0;-0.14;0.18;0.04;190;0.11;0.01;0.32;0.17;0.05;1.57;0.32;3.6;1.81;0.57
08/08/24   ;10:00;0.38;13.3;28;0.39;1198;0;-0.1;0.15;0.04;207;0.1;0.01;0.24;0.15;0.04;1.43;0.34;3.22;1.71;0.51
08/08/24   ;11:00;0.52;13.3;28.1;0.52;1195;0;-0.15;0.18;0.05;188;0.11;0.02;0.29;0.18;0.05;1.57;0.34;3.58;1.84;0.63
08/08/24   ;12:00;0.67;13.3;28;0.67;1198;0;-0.19;0.2;0.06;201;0.12;0.01;0.36;0.2;0.07;1.48;0.3;3.48;1.9;0.62
08/08/24   ;13:00;0.67;13.4;28;0.67;1200;0;-0.14;0.14;0.04;177;0.11;0.02;0.24;0.16;0.04;1.69;0.31;3.55;1.96;0.65
08/08/24   ;14:00;0.64;13.3;28.2;0.64;1208;0;-0.13;0.13;0.04;176;0.11;0.01;0.24;0.15;0.04;1.7;0.39;3.75;1.96;0.64
08/08/24   ;15:00;0.6;13.3;28.3;0.59;1200;0;-0.14;0.13;0.04;183;0.1;0.01;0.22;0.15;0.04;1.63;0.49;3.84;1.96;0.59
08/08/24   ;16:00;0.46;13.3;28.5;0.46;1199;0;-0.17;0.17;0.04;173;0.1;0.02;0.31;0.16;0.05;1.73;0.57;3.68;2.06;0.64
08/08/24   ;17:00;0.36;13.3;28.6;0.35;1195;0;-0.13;0.16;0.04;172;0.09;0.01;0.22;0.14;0.04;1.72;0.33;3.83;2.09;0.69
08/08/24   ;18:00;0.21;13.3;28.7;0.21;1196;0;-0.17;0.15;0.05;157;0.11;0.02;0.27;0.17;0.05;1.88;0.51;4.53;2.39;0.83
08/08/24   ;19:00;0.2;13.3;28.7;0.2;1200;0;-0.14;0.19;0.05;169;0.12;0.01;0.29;0.18;0.06;1.76;0.41;4.12;2.16;0.67
08/08/24   ;20:00;0.25;13.3;28.4;0.25;1199;0;-0.13;0.16;0.05;184;0.11;0.02;0.26;0.17;0.05;1.62;0.31;3.23;2.01;0.62
08/08/24   ;21:00;0.32;13.3;28.5;0.32;1199;0;-0.16;0.15;0.04;166;0.1;0.01;0.27;0.16;0.05;1.79;0.32;3.86;2.13;0.71
08/08/24   ;22:00;0.47;13.4;28.6;0.47;1200;0;-0.12;0.15;0.04;180;0.09;0.01;0.26;0.14;0.05;1.66;0.33;4.07;2.01;0.73
08/08/24   ;23:00;0.58;13.4;28.2;0.59;1200;0;-0.12;0.15;0.04;188;0.08;0.01;0.25;0.13;0.04;1.59;0.34;3.66;1.93;0.58
09/08/24   ;00:00;0.59;13.4;28.2;0.59;1200;0;-0.12;0.1;0.03;150;0.08;0.01;0.21;0.12;0.04;1.97;0.31;3.81;2.48;0.87
09/08/24   ;01:00;0.57;13.3;28.2;0.57;1197;0;-0.06;0.07;0.02;162;0.05;0.01;0.11;0.07;0.02;1.83;0.27;3.73;2.17;0.67
09/08/24   ;02:00;0.49;13.4;28.2;0.49;1199;0;-0.06;0.07;0.02;182;0.04;0;0.12;0.06;0.02;1.63;0.33;3.74;1.79;0.53
09/08/24   ;03:00;0.33;13.4;28.3;0.33;1194;0;-0.05;0.04;0.01;186;0.03;0;0.08;0.05;0.01;1.58;0.3;3.09;1.98;0.67
09/08/24   ;04:00;0.19;13.4;28.2;0.19;1197;0;-0.1;0.09;0.02;148;0.05;0;0.17;0.09;0.03;2.01;0.45;3.95;2.53;0.85
09/08/24   ;05:00;0.04;13.4;28.2;0.04;1199;0;-0.11;0.14;0.03;145;0.08;0.01;0.2;0.12;0.04;2.06;0.3;4.84;2.74;0.99
09/08/24   ;06:00;-0.04;13.3;28.1;-0.04;1199;0;-0.14;0.14;0.04;149;0.1;0.01;0.27;0.16;0.05;2;0.32;4.23;2.6;0.81
09/08/24   ;07:00;-0.04;13.3;28;-0.04;1196;0;-0.11;0.12;0.04;173;0.09;0.01;0.21;0.14;0.04;1.72;0.37;3.75;2.11;0.66
09/08/24   ;08:00;0.03;13.4;28.2;0.03;1199;0;-0.19;0.18;0.05;167;0.12;0.02;0.37;0.19;0.06;1.77;0.35;3.43;2.14;0.63
09/08/24   ;09:00;0.19;13.4;28.3;0.19;1200;0;-0.17;0.23;0.05;204;0.11;0;0.4;0.18;0.06;1.46;0.39;3.58;1.72;0.49
09/08/24   ;10:00;0.37;13.4;28.2;0.37;1200;0;-0.13;0.2;0.05;179;0.12;0.02;0.33;0.18;0.06;1.66;0.26;4;1.93;0.66
09/08/24   ;11:00;0.51;13.4;28.2;0.51;1199;0;-0.13;0.16;0.04;183;0.11;0.01;0.25;0.16;0.05;1.61;0.3;3.22;1.85;0.59
09/08/24   ;12:00;0.64;13.3;28.3;0.65;1200;0;-0.14;0.2;0.05;187;0.12;0.02;0.31;0.18;0.05;1.59;0.48;4.06;1.84;0.55
09/08/24   ;13:00;0.73;13.3;28;0.73;1200;0;-0.13;0.17;0.04;193;0.11;0.02;0.29;0.16;0.05;1.54;0.33;3.54;1.71;0.57
09/08/24   ;14:00;0.74;13.3;28.2;0.74;1196;0;-0.16;0.17;0.05;177;0.12;0.01;0.32;0.18;0.06;1.68;0.32;3.66;2.21;0.71
09/08/24   ;15:00;0.68;13.3;28.3;0.68;1196;0;-0.11;0.19;0.04;178;0.1;0.01;0.28;0.15;0.05;1.66;0.3;4.08;2.16;0.74
09/08/24   ;16:00;0.54;13.3;28.6;0.54;1197;0;-0.13;0.15;0.04;160;0.1;0.01;0.25;0.16;0.05;1.85;0.55;4.32;2.47;0.81
09/08/24   ;17:00;0.4;13.3;28.7;0.4;1199;0;-0.15;0.14;0.04;174;0.1;0.01;0.29;0.15;0.04;1.72;0.46;3.56;1.96;0.61
09/08/24   ;18:00;0.27;13.4;28.7;0.27;1196;0;-0.14;0.16;0.05;168;0.11;0.01;0.28;0.17;0.05;1.77;0.32;3.89;2.12;0.72
09/08/24   ;19:00;0.2;13.3;28.7;0.2;1189;0;-0.17;0.17;0.05;165;0.11;0.01;0.29;0.18;0.06;1.78;0.37;3.85;2.24;0.7
09/08/24   ;20:00;0.18;13.4;28.6;0.19;1197;0;-0.12;0.14;0.04;155;0.1;0.01;0.21;0.15;0.05;1.93;0.45;4;2.52;0.82
09/08/24   ;21:00;0.24;13.3;28.5;0.24;1195;0;-0.13;0.13;0.03;183;0.08;0.01;0.26;0.12;0.04;1.61;0.4;3.61;1.82;0.58
09/08/24   ;22:00;0.35;13.3;28.5;0.34;1200;0;-0.1;0.11;0.03;173;0.08;0.01;0.2;0.12;0.04;1.72;0.34;4.08;2.13;0.66
09/08/24   ;23:00;0.44;13.4;28.7;0.44;1200;0;-0.1;0.13;0.03;178;0.08;0.01;0.22;0.12;0.04;1.68;0.42;3.38;1.96;0.57
10/08/24   ;00:00;0.5;13.4;28.5;0.5;1193;0;-0.09;0.11;0.03;137;0.08;0.01;0.18;0.13;0.04;2.16;0.47;4.22;2.8;0.84
10/08/24   ;01:00;0.51;13.4;28.4;0.51;1195;0;-0.09;0.07;0.02;171;0.05;0.01;0.16;0.08;0.02;1.73;0.28;3.65;2.09;0.66
10/08/24   ;02:00;0.45;13.3;28.4;0.45;1200;0;-0.11;0.11;0.02;185;0.05;0;0.21;0.08;0.03;1.6;0.26;3.39;1.96;0.63
10/08/24   ;03:00;0.35;13.3;28.5;0.35;1198;0;-0.06;0.07;0.02;125;0.05;0.01;0.11;0.08;0.02;2.37;0.32;4.77;2.85;0.94
10/08/24   ;04:00;0.22;13.4;28.4;0.22;1200;0;-0.06;0.07;0.02;143;0.05;0;0.11;0.08;0.02;2.08;0.27;3.83;2.79;0.86
10/08/24   ;05:00;0.11;13.4;28.3;0.11;1198;0;-0.11;0.1;0.03;119;0.09;0.01;0.18;0.13;0.04;2.51;0.4;4.39;3.15;0.99
10/08/24   ;06:00;0.05;13.4;28.2;0.05;1196;0;-0.11;0.12;0.03;147;0.08;0.01;0.21;0.13;0.04;2.03;0.33;4.16;2.65;0.85
10/08/24   ;07:00;0.02;13.3;28.2;0.02;1198;0;-0.13;0.15;0.04;162;0.1;0;0.27;0.15;0.05;1.83;0.56;3.52;2.29;0.7
10/08/24   ;08:00;0.07;13.3;28.3;0.07;1200;0;-0.12;0.14;0.04;181;0.1;0.02;0.24;0.15;0.05;1.64;0.47;3.78;1.93;0.6
10/08/24   ;09:00;0.19;13.4;28.6;0.19;1200;0;-0.12;0.14;0.04;190;0.1;0;0.24;0.15;0.05;1.57;0.43;4.1;1.86;0.58
10/08/24   ;10:00;0.35;13.4;28.6;0.35;1200;0;-0.17;0.14;0.05;194;0.12;0.01;0.27;0.18;0.05;1.54;0.36;3.71;1.8;0.6
10/08/24   ;11:00;0.5;13.4;28.7;0.5;1200;0;-0.19;0.18;0.05;190;0.12;0.01;0.37;0.19;0.06;1.57;0.36;3.68;1.88;0.65
10/08/24   ;12:00;0.62;13.4;28.6;0.62;1200;0;-0.17;0.2;0.05;191;0.11;0.01;0.29;0.18;0.06;1.56;0.35;3.47;2.06;0.67
10/08/24   ;13:00;0.7;13.3;28.8;0.7;1200;0;-0.13;0.19;0.05;184;0.12;0.02;0.31;0.18;0.05;1.61;0.43;3.42;1.89;0.59
10/08/24   ;14:00;0.72;13.3;28.8;0.72;1200;0;-0.17;0.19;0.05;186;0.13;0.01;0.31;0.2;0.06;1.59;0.32;3.41;1.97;0.59
10/08/24   ;15:00;0.68;13.4;29;0.68;1191;0;-0.13;0.17;0.05;170;0.12;0.02;0.24;0.17;0.05;1.74;0.36;3.44;2.13;0.65
10/08/24   ;16:00;0.56;13.3;29.1;0.56;1192;0;-0.16;0.18;0.05;168;0.11;0.02;0.25;0.17;0.05;1.77;0.37;3.5;2.17;0.62
10/08/24   ;17:00;0.42;13.4;29.1;0.42;1200;0;-0.14;0.18;0.04;166;0.11;0.01;0.26;0.16;0.05;1.79;0.62;4.69;2.16;0.67
10/08/24   ;18:00;0.28;13.3;29.1;0.28;1200;0;-0.13;0.17;0.05;161;0.12;0.02;0.26;0.18;0.05;1.85;0.35;4.34;2.25;0.72
10/08/24   ;19:00;0.19;13.3;29.1;0.19;1200;0;-0.15;0.17;0.05;156;0.11;0.02;0.26;0.17;0.05;1.91;0.5;3.83;2.34;0.76
10/08/24   ;20:00;0.15;13.3;29.1;0.15;1200;0;-0.15;0.17;0.05;160;0.11;0.01;0.29;0.17;0.06;1.86;0.4;3.64;2.36;0.76
10/08/24   ;21:00;0.16;13.4;29;0.16;1200;0;-0.11;0.12;0.03;170;0.09;0.01;0.2;0.13;0.04;1.75;0.51;3.42;2.11;0.61
10/08/24   ;22:00;0.23;13.3;29;0.23;1214;0;-0.15;0.18;0.04;173;0.09;0.01;0.31;0.14;0.05;1.75;0.47;3.49;2.16;0.64
10/08/24   ;23:00;0.31;13.3;29.3;0.31;1200;0;-0.1;0.1;0.03;171;0.08;0.01;0.18;0.11;0.03;1.74;0.39;3.6;2.05;0.63
11/08/24   ;00:00;0.38;13.3;29.3;0.37;1194;0;-0.16;0.2;0.04;143;0.1;0.01;0.36;0.17;0.06;2.08;0.35;4.81;2.7;0.87
11/08/24   ;01:00;0.4;13.3;29.2;0.4;1200;0;-0.09;0.09;0.02;158;0.05;0.01;0.15;0.08;0.03;1.89;0.34;4.14;2.35;0.75
11/08/24   ;02:00;0.38;13.3;29.2;0.38;1199;0;-0.08;0.1;0.03;145;0.07;0.01;0.17;0.1;0.03;2.04;0.44;3.97;2.42;0.84
11/08/24   ;03:00;0.32;13.3;29.1;0.32;1200;0;-0.04;0.05;0.01;187;0.03;0;0.08;0.05;0.01;1.58;0.3;3.83;1.77;0.56
11/08/24   ;04:00;0.23;13.3;28.9;0.23;1200;0;-0.1;0.1;0.02;144;0.05;0.01;0.2;0.08;0.03;2.07;0.5;4.55;2.66;0.8
11/08/24   ;05:00;0.15;13.4;28.8;0.15;1200;0;-0.09;0.09;0.03;159;0.06;0;0.17;0.1;0.03;1.88;0.28;3.99;2.34;0.72
11/08/24   ;06:00;0.1;13.4;28.7;0.1;1200;0;-0.13;0.15;0.03;170;0.08;0.01;0.22;0.12;0.04;1.76;0.39;3.85;2.22;0.73
11/08/24   ;07:00;0.11;13.3;28.6;0.11;1192;0;-0.13;0.12;0.04;164;0.1;0.01;0.23;0.16;0.05;1.8;0.37;3.77;2.18;0.68
11/08/24   ;08:00;0.17;13.3;29;0.17;1196;0;-0.14;0.16;0.04;182;0.1;0.01;0.26;0.16;0.05;1.63;0.33;3.16;1.96;0.61
11/08/24   ;09:00;0.25;13.3;29.3;0.25;1197;0;-0.13;0.2;0.04;183;0.1;0.02;0.33;0.15;0.05;1.63;0.44;3.43;1.9;0.62
11/08/24   ;10:00;0.37;13.4;29.3;0.37;1195;0;-0.13;0.17;0.04;185;0.1;0.02;0.25;0.16;0.05;1.61;0.37;3.46;1.98;0.65
11/08/24   ;11:00;0.48;13.4;29.3;0.48;1196;0;-0.14;0.17;0.04;179;0.1;0.02;0.25;0.16;0.05;1.66;0.33;3.95;2.06;0.65
11/08/24   ;12:00;0.59;13.4;29.3;0.59;1200;0;-0.15;0.2;0.05;195;0.11;0.01;0.35;0.17;0.06;1.53;0.27;3.29;1.94;0.59
11/08/24   ;13:00;0.66;13.3;29.3;0.66;1200;0;-0.16;0.16;0.04;190;0.1;0.01;0.28;0.16;0.05;1.57;0.28;3.13;1.8;0.63
11/08/24   ;14:00;0.69;13.3;29.4;0.69;1200;0;-0.14;0.16;0.05;186;0.11;0.02;0.24;0.17;0.05;1.6;0.33;3.9;2;0.63
11/08/24   ;15:00;0.67;13.4;29.5;0.67;1200;0;-0.11;0.13;0.04;194;0.09;0.02;0.21;0.13;0.04;1.54;0.31;3.45;2.05;0.65
11/08/24   ;16:00;0.58;13.4;29.6;0.58;1200;0;-0.12;0.14;0.04;170;0.09;0.01;0.23;0.14;0.04;1.76;0.27;3.67;2.35;0.76
11/08/24   ;17:00;0.46;13.4;29.7;0.46;1200;0;-0.16;0.17;0.04;192;0.1;0.02;0.32;0.16;0.05;1.54;0.36;3.05;1.82;0.51
11/08/24   ;18:00;0.34;13.3;29.7;0.34;1200;0;-0.11;0.15;0.04;160;0.1;0.01;0.24;0.16;0.05;1.87;0.28;4;2.22;0.75
11/08/24   ;19:00;0.23;13.3;29.6;0.22;1200;0;-0.15;0.16;0.05;155;0.11;0.02;0.28;0.18;0.06;1.92;0.4;3.94;2.35;0.68
11/08/24   ;20:00;0.15;13.4;29.5;0.15;1200;0;-0.13;0.13;0.04;161;0.1;0.01;0.21;0.15;0.05;1.85;0.3;4.01;2.35;0.73
11/08/24   ;21:00;0.12;13.4;29.3;0.12;1197;0;-0.12;0.12;0.03;163;0.08;0.01;0.22;0.12;0.04;1.82;0.59;3.86;2.12;0.62
11/08/24   ;22:00;0.14;13.3;29.4;0.14;1196;0;-0.11;0.15;0.04;171;0.1;0.02;0.27;0.16;0.05;1.73;0.38;3.94;1.93;0.55
11/08/24   ;23:00;0.2;13.3;29.4;0.2;1200;0;-0.1;0.12;0.03;186;0.07;0;0.2;0.11;0.03;1.6;0.39;3.2;1.87;0.59
12/08/24   ;00:00;0.27;13.4;29.8;0.27;1200;0;-0.13;0.14;0.04;166;0.09;0.01;0.24;0.14;0.04;1.79;0.31;4.07;2.35;0.78
12/08/24   ;01:00;0.31;13.3;29.7;0.31;1199;0;-0.09;0.1;0.02;166;0.05;0.01;0.19;0.08;0.03;1.8;0.3;4;2.33;0.75
12/08/24   ;02:00;0.33;13.4;29.6;0.33;1200;0;-0.06;0.06;0.02;175;0.04;0.01;0.12;0.06;0.02;1.71;0.35;3.45;2.02;0.59
12/08/24   ;03:00;0.31;13.3;29.6;0.31;1198;0;-0.03;0.03;0.01;172;0.02;0;0.06;0.04;0.01;1.72;0.39;3.71;2.14;0.67
12/08/24   ;04:00;0.27;13.3;29.4;0.27;1195;0;-0.06;0.07;0.02;161;0.05;0.01;0.13;0.07;0.02;1.84;0.54;4.52;2.28;0.78
12/08/24   ;05:00;0.23;13.3;29.1;0.23;1200;0;-0.06;0.06;0.02;164;0.05;0.01;0.12;0.07;0.02;1.82;0.64;3.48;2.27;0.66
12/08/24   ;06:00;0.21;13.4;29.1;0.21;1200;0;-0.15;0.15;0.05;136;0.12;0.02;0.25;0.18;0.06;2.19;0.53;3.79;2.75;0.81
12/08/24   ;07:00;0.21;13.3;29.1;0.21;1191;0;-0.11;0.15;0.04;175;0.1;0.01;0.23;0.15;0.05;1.69;0.36;3.54;1.99;0.6
12/08/24   ;08:00;0.23;13.3;29.2;0.23;1200;0;-0.11;0.13;0.04;187;0.1;0.01;0.23;0.15;0.04;1.59;0.34;3.19;1.9;0.55
12/08/24   ;09:00;0.3;13.3;29.5;0.29;1198;0;-0.13;0.16;0.05;169;0.11;0.01;0.26;0.18;0.05;1.76;0.42;4.76;2.17;0.75
12/08/24   ;10:00;0.38;13.3;29.6;0.38;1200;0;-0.14;0.15;0.04;174;0.1;0.01;0.23;0.15;0.05;1.7;0.3;3.69;2.13;0.65
12/08/24   ;11:00;0.47;13.3;29.6;0.48;1200;0;-0.12;0.16;0.04;187;0.1;0.02;0.25;0.15;0.05;1.59;0.34;4.1;1.92;0.69
12/08/24   ;12:00;0.57;13.4;29.7;0.57;1196;0;-0.18;0.24;0.05;170;0.13;0.02;0.37;0.2;0.06;1.74;0.33;3.81;1.94;0.57
12/08/24   ;13:00;0.62;13.4;29.7;0.62;1200;0;-0.15;0.21;0.05;187;0.11;0.01;0.29;0.17;0.06;1.59;0.3;3.76;1.9;0.6
12/08/24   ;14:00;0.66;13.3;29.7;0.66;1200;0;-0.16;0.19;0.05;186;0.12;0.01;0.29;0.18;0.06;1.6;0.46;3.41;1.93;0.58
12/08/24   ;15:00;0.65;13.3;29.8;0.65;1200;0;-0.14;0.18;0.04;174;0.11;0.01;0.27;0.16;0.05;1.71;0.3;3.99;2.07;0.64
12/08/24   ;16:00;0.59;13.4;29.9;0.59;1199;0;-0.12;0.15;0.05;181;0.11;0.01;0.26;0.17;0.05;1.65;0.3;3.46;2.01;0.64
12/08/24   ;17:00;0.51;13.4;30.1;0.5;1200;0;-0.14;0.11;0.04;170;0.1;0.01;0.23;0.15;0.04;1.75;0.32;3.67;2.09;0.67
12/08/24   ;18:00;0.41;13.3;30;0.41;1200;0;-0.14;0.13;0.04;175;0.1;0.01;0.23;0.15;0.05;1.7;0.54;3.72;2.1;0.66
12/08/24   ;19:00;0.33;13.3;30;0.33;1200;0;-0.14;0.15;0.04;180;0.11;0.01;0.23;0.16;0.05;1.65;0.39;3.53;1.91;0.59
12/08/24   ;20:00;0.27;13.4;29.9;0.27;1198;0;-0.12;0.12;0.04;155;0.09;0.01;0.25;0.14;0.05;1.91;0.32;3.99;2.46;0.85
12/08/24   ;21:00;0.23;13.4;29.8;0.24;1200;0;-0.1;0.1;0.03;176;0.08;0.01;0.21;0.12;0.03;1.69;0.34;3.72;1.87;0.6
12/08/24   ;22:00;0.22;13.3;29.7;0.22;1200;0;-0.09;0.12;0.03;158;0.08;0.01;0.17;0.12;0.04;1.88;0.33;4.37;2.33;0.75
12/08/24   ;23:00;0.22;13.3;29.7;0.22;1200;0;-0.11;0.1;0.03;165;0.07;0.01;0.19;0.11;0.03;1.8;0.25;3.83;2.12;0.77
13/08/24   ;00:00;0.24;13.4;29.6;0.24;1200;0;-0.12;0.13;0.03;134;0.09;0.01;0.21;0.13;0.04;2.22;0.39;4.56;2.61;0.79
13/08/24   ;01:00;0.25;13.4;29.6;0.25;1200;0;-0.07;0.07;0.02;159;0.05;0;0.12;0.07;0.02;1.88;0.6;4.05;2.19;0.59
13/08/24   ;02:00;0.26;13.4;29.7;0.26;1200;0;-0.04;0.04;0.01;164;0.03;0.01;0.07;0.04;0.01;1.82;0.72;3.66;2.09;0.59
13/08/24   ;03:00;0.27;13.3;29.5;0.27;1200;0;-0.06;0.08;0.02;170;0.04;0;0.11;0.07;0.02;1.75;0.36;3.32;2.14;0.67
13/08/24   ;04:00;0.28;13.3;29.6;0.28;1197;0;-0.2;0.13;0.03;145;0.05;0.01;0.15;0.09;0.03;2.03;0.38;3.92;2.62;0.82
13/08/24   ;05:00;0.3;13.4;29.6;0.3;1196;0;-0.09;0.09;0.03;160;0.06;0.01;0.16;0.1;0.03;1.86;0.37;3.95;2.38;0.79
13/08/24   ;06:00;0.33;13.4;29.6;0.33;1199;0;-0.14;0.17;0.04;143;0.1;0.01;0.26;0.16;0.05;2.08;0.3;4.01;2.74;0.86
13/08/24   ;07:00;0.35;13.3;29.6;0.35;1200;0;-0.14;0.14;0.04;167;0.1;0.02;0.24;0.15;0.04;1.79;0.32;4.23;2.05;0.7
13/08/24   ;08:00;0.39;13.3;29.7;0.39;1200;0;-0.14;0.19;0.05;178;0.12;0.01;0.3;0.18;0.06;1.66;0.53;3.4;1.95;0.56
13/08/24   ;09:00;0.42;13.3;29.8;0.42;1197;0;-0.13;0.18;0.04;181;0.11;0.01;0.26;0.16;0.05;1.65;0.35;3.44;1.91;0.61
13/08/24   ;10:00;0.46;13.3;30;0.46;1200;0;-0.15;0.16;0.04;174;0.11;0;0.28;0.17;0.05;1.71;0.45;3.46;2.1;0.68
13/08/24   ;11:00;0.48;13.3;30;0.48;1196;0;-0.12;0.2;0.04;177;0.1;0.01;0.27;0.15;0.05;1.68;0.32;3.19;2.02;0.62
13/08/24   ;12:00;0.51;13.4;30.2;0.51;1200;0;-0.14;0.17;0.05;186;0.11;0.02;0.26;0.18;0.06;1.6;0.44;3.57;1.75;0.53
13/08/24   ;13:00;0.54;13.4;30.2;0.54;1192;0;-0.13;0.18;0.04;182;0.1;0.01;0.25;0.16;0.05;1.63;0.28;3.53;1.97;0.6
13/08/24   ;14:00;0.57;13.3;30.4;0.57;1192;0;-0.15;0.16;0.05;182;0.11;0.02;0.28;0.16;0.05;1.62;0.3;3.45;1.88;0.54
13/08/24   ;15:00;0.59;13.3;30.4;0.59;1200;0;-0.17;0.16;0.05;172;0.11;0.02;0.27;0.17;0.06;1.74;0.33;3.33;2.2;0.67
13/08/24   ;16:00;0.61;13.3;30.6;0.61;1200;0;-0.19;0.16;0.05;182;0.11;0.02;0.28;0.17;0.05;1.63;0.34;3.62;1.91;0.59
13/08/24   ;17:00;0.62;13.3;30.5;0.62;1200;0;-0.11;0.14;0.04;186;0.09;0.01;0.21;0.13;0.04;1.61;0.36;3.59;1.93;0.61
13/08/24   ;18:00;0.59;13.4;30.5;0.59;1200;0;-0.12;0.13;0.04;173;0.09;0.01;0.21;0.14;0.04;1.72;0.28;3.76;2.16;0.71
13/08/24   ;19:00;0.53;13.3;30.4;0.53;1200;0;-0.16;0.12;0.04;157;0.11;0.01;0.26;0.17;0.05;1.9;0.28;4.03;2.44;0.82
13/08/24   ;20:00;0.45;13.4;30.3;0.45;1208;0;-0.15;0.17;0.04;156;0.11;0.01;0.25;0.17;0.05;1.92;0.4;4.09;2.28;0.73
13/08/24   ;21:00;0.35;13.4;30.1;0.35;1199;0;-0.12;0.12;0.04;168;0.09;0.01;0.23;0.13;0.04;1.76;0.52;3.34;2.08;0.55
13/08/24   ;22:00;0.26;13.3;30;0.26;1199;0;-0.18;0.18;0.04;160;0.09;0.02;0.29;0.15;0.05;1.86;0.33;3.26;2.11;0.63
13/08/24   ;23:00;0.2;13.3;29.8;0.19;1200;0;-0.13;0.15;0.03;158;0.07;0.01;0.28;0.12;0.04;1.89;0.39;3.75;2.3;0.74
14/08/24   ;00:00;0.16;13.4;29.8;0.16;1196;0;-0.12;0.14;0.04;148;0.09;0.01;0.24;0.14;0.05;1.99;0.37;4.39;2.34;0.79
14/08/24   ;01:00;0.12;13.4;29.7;0.12;1200;0;-0.08;0.07;0.02;163;0.05;0.01;0.16;0.07;0.03;1.82;0.29;3.68;2.23;0.75
14/08/24   ;02:00;0.14;13.4;29.8;0.14;1197;0;-0.05;0.05;0.02;168;0.04;0;0.08;0.05;0.02;1.77;0.29;3.59;2.34;0.72
14/08/24   ;03:00;0.17;13.3;29.8;0.17;1200;0;-0.06;0.05;0.02;159;0.04;0;0.09;0.07;0.02;1.88;0.37;4.79;2.37;0.74
14/08/24   ;04:00;0.25;13.3;29.8;0.25;1197;0;-0.1;0.11;0.02;148;0.06;0.01;0.21;0.09;0.03;2.01;0.37;3.96;2.33;0.79
14/08/24   ;05:00;0.31;13.4;30;0.31;1200;0;-0.1;0.12;0.04;152;0.08;0.01;0.22;0.13;0.04;1.96;0.28;4.76;2.64;0.86
14/08/24   ;06:00;0.37;13.4;29.9;0.37;1196;0;-0.2;0.25;0.06;147;0.13;0.01;0.45;0.21;0.07;2.01;0.35;3.86;2.53;0.83
14/08/24   ;07:00;0.43;13.4;29.9;0.43;1192;0;-0.19;0.18;0.05;165;0.12;0.02;0.31;0.18;0.05;1.79;0.3;3.82;2.14;0.7
14/08/24   ;08:00;0.48;13.3;29.8;0.47;1198;0;-0.12;0.17;0.04;183;0.1;0.01;0.25;0.16;0.05;1.62;0.32;3.93;1.93;0.65
14/08/24   ;09:00;0.48;13.3;29.9;0.48;1196;0;-0.15;0.22;0.05;188;0.11;0.01;0.3;0.17;0.05;1.57;0.28;2.99;1.77;0.54
14/08/24   ;10:00;0.48;13.3;30;0.48;1198;0;-0.15;0.2;0.05;176;0.13;0.02;0.32;0.19;0.05;1.7;0.27;4.16;2.03;0.62
14/08/24   ;11:00;0.47;13.3;30.1;0.47;1200;0;-0.14;0.16;0.04;167;0.11;0.02;0.25;0.15;0.04;1.79;0.43;3.55;2.13;0.67
14/08/24   ;12:00;0.45;13.3;30.3;0.45;1195;0;-0.14;0.17;0.05;183;0.11;0.03;0.29;0.17;0.05;1.63;0.35;3.34;1.88;0.53
14/08/24   ;13:00;0.46;13.3;30.3;0.46;1195;0;-0.2;0.15;0.05;182;0.11;0.01;0.3;0.17;0.05;1.63;0.53;3.54;1.98;0.59
14/08/24   ;14:00;0.51;13.3;30.3;0.51;1182;0;-0.18;0.15;0.05;165;0.13;0.02;0.32;0.2;0.06;1.78;0.46;4.08;2.15;0.7
14/08/24   ;15:00;0.58;13.3;30.2;0.58;1200;0;-0.13;0.14;0.04;195;0.1;0.02;0.24;0.16;0.05;1.53;0.27;3.43;1.83;0.6
14/08/24   ;16:00;0.65;13.3;30;0.65;1197;0;-0.14;0.19;0.05;188;0.12;0.01;0.29;0.19;0.06;1.59;0.35;3.26;1.94;0.59
14/08/24   ;17:00;0.68;13.4;30.3;0.68;1199;0;-0.14;0.16;0.04;183;0.11;0.02;0.24;0.16;0.05;1.63;0.35;3.14;1.95;0.55
14/08/24   ;18:00;0.67;13.3;30.1;0.67;1200;0;-0.16;0.24;0.05;178;0.12;0.02;0.38;0.19;0.06;1.68;0.42;4.11;2.14;0.69
14/08/24   ;19:00;0.63;13.3;29.9;0.63;1195;0;-0.17;0.17;0.04;177;0.11;0.01;0.28;0.16;0.05;1.68;0.38;3.71;2.02;0.68
14/08/24   ;20:00;0.54;13.4;30.1;0.54;1198;0;-0.11;0.15;0.04;161;0.1;0.02;0.22;0.15;0.05;1.84;0.39;3.83;2.23;0.7
14/08/24   ;21:00;0.38;13.3;30.1;0.38;1200;0;-0.11;0.1;0.03;182;0.06;0.01;0.17;0.1;0.03;1.64;0.34;3.92;2.04;0.67
14/08/24   ;22:00;0.27;13.3;30.1;0.27;1200;0;-0.1;0.1;0.03;172;0.07;0;0.18;0.1;0.03;1.73;0.38;3.28;1.89;0.57
14/08/24   ;23:00;0.17;13.3;29.9;0.17;1200;0;-0.11;0.1;0.03;174;0.06;0.01;0.2;0.1;0.03;1.72;0.34;3.56;1.98;0.56
15/08/24   ;00:00;0.09;13.4;29.8;0.09;1200;0;-0.13;0.16;0.03;147;0.07;0.01;0.29;0.13;0.05;2.02;0.38;4.48;2.4;0.87
15/08/24   ;01:00;0.04;13.4;29.7;0.04;1200;0;-0.07;0.06;0.02;149;0.05;0.01;0.11;0.08;0.02;1.99;0.38;3.82;2.56;0.79
15/08/24   ;02:00;0.01;13.4;29.6;0.01;1186;0;-0.05;0.06;0.02;176;0.04;0.01;0.1;0.06;0.02;1.68;0.32;3.62;1.97;0.64
15/08/24   ;03:00;0.01;13.4;29.5;0.01;1199;0;-0.05;0.04;0.01;158;0.03;0.01;0.08;0.05;0.01;1.88;0.29;3.77;2.25;0.72
15/08/24   ;04:00;0.09;13.3;29.5;0.09;1192;0;-0.11;0.14;0.03;143;0.08;0.01;0.24;0.13;0.04;2.06;0.32;4.07;2.53;0.74
15/08/24   ;05:00;0.2;13.4;29.4;0.19;1200;0;-0.1;0.07;0.02;167;0.05;0.01;0.16;0.08;0.03;1.79;0.35;3.83;2.31;0.73
15/08/24   ;06:00;0.29;13.4;29.3;0.29;1200;0;-0.18;0.14;0.04;166;0.08;0.01;0.31;0.14;0.05;1.79;0.41;4.16;2.18;0.75
15/08/24   ;07:00;0.38;13.4;29.3;0.38;1200;0;-0.15;0.15;0.04;181;0.11;0.02;0.26;0.16;0.05;1.65;0.35;3.97;2.1;0.68
15/08/24   ;08:00;0.46;13.4;29.4;0.46;1198;0;-0.17;0.17;0.04;173;0.1;0;0.27;0.17;0.06;1.72;0.34;3.41;2.1;0.7
15/08/24   ;09:00;0.49;13.4;29.4;0.5;1195;0;-0.17;0.16;0.04;174;0.11;0.01;0.31;0.17;0.05;1.71;0.35;4.07;2.11;0.7
15/08/24   ;10:00;0.48;13.3;29.4;0.49;1200;0;-0.12;0.13;0.04;164;0.1;0.01;0.22;0.15;0.05;1.8;0.32;4.51;2.35;0.74
15/08/24   ;11:00;0.45;13.3;29.6;0.45;1200;0;-0.14;0.15;0.04;164;0.1;0.02;0.27;0.15;0.05;1.82;0.31;4.02;2.17;0.76
15/08/24   ;12:00;0.42;13.4;29.6;0.42;1200;0;-0.13;0.15;0.04;175;0.1;0.01;0.25;0.15;0.05;1.7;0.31;3.53;2.12;0.65
15/08/24   ;13:00;0.41;13.4;29.8;0.41;1200;0;-0.15;0.18;0.04;175;0.11;0.01;0.33;0.16;0.05;1.71;0.31;3.57;2.02;0.61
15/08/24   ;14:00;0.42;13.4;29.9;0.42;1193;0;-0.12;0.19;0.04;176;0.1;0.02;0.26;0.16;0.05;1.68;0.35;3.59;2.01;0.65
15/08/24   ;15:00;0.46;13.3;29.7;0.46;1200;0;-0.12;0.17;0.04;192;0.1;0.01;0.25;0.15;0.05;1.55;0.41;3.82;1.84;0.59
15/08/24   ;16:00;0.51;13.3;29.6;0.51;1200;0;-0.14;0.18;0.04;192;0.1;0;0.28;0.15;0.05;1.56;0.39;3.26;1.78;0.54
15/08/24   ;17:00;0.56;13.3;29.6;0.56;1182;0;-0.16;0.14;0.05;166;0.12;0.02;0.29;0.17;0.05;1.76;0.34;3.4;2.01;0.64
15/08/24   ;18:00;0.62;13.3;29.4;0.62;1200;0;-0.14;0.15;0.04;176;0.11;0.01;0.24;0.16;0.05;1.69;0.34;3.56;2.04;0.63
15/08/24   ;19:00;0.65;13.4;29.5;0.65;1200;0;-0.16;0.15;0.05;155;0.11;0.02;0.26;0.17;0.05;1.92;0.34;4.5;2.4;0.75
15/08/24   ;20:00;0.63;13.3;29.5;0.63;1192;0;-0.13;0.14;0.04;155;0.11;0.02;0.23;0.16;0.05;1.9;0.35;4.09;2.21;0.77
15/08/24   ;21:00;0.54;13.3;29.3;0.54;1197;0;-0.12;0.11;0.03;171;0.07;0.01;0.23;0.11;0.04;1.73;0.34;3.94;2.2;0.72
15/08/24   ;22:00;0.4;13.3;29.5;0.4;1199;0;-0.11;0.09;0.03;173;0.07;0.01;0.19;0.11;0.03;1.72;0.37;3.34;2.08;0.64
15/08/24   ;23:00;0.27;13.3;29.5;0.27;1199;0;-0.11;0.12;0.03;170;0.08;0.01;0.23;0.12;0.04;1.75;0.33;3.73;2.08;0.62
16/08/24   ;00:00;0.12;13.3;29.4;0.12;1200;0;-0.11;0.11;0.04;148;0.08;0.01;0.22;0.13;0.04;2;0.4;4.46;2.46;0.76
16/08/24   ;01:00;0.01;13.3;29.4;0.01;1200;0;-0.08;0.08;0.03;139;0.06;0.01;0.16;0.1;0.03;2.15;0.33;3.92;2.66;0.86
16/08/24   ;02:00;-0.06;13.3;29.3;-0.06;1200;0;-0.07;0.06;0.02;174;0.05;0.01;0.12;0.07;0.02;1.71;0.26;3.25;2.01;0.58
16/08/24   ;03:00;-0.1;13.4;29.2;-0.1;1179;0;-0.08;0.08;0.02;170;0.04;0.01;0.15;0.07;0.03;1.72;0.41;4.64;2.13;0.67
16/08/24   ;04:00;-0.07;13.4;29.1;-0.07;1200;0;-0.09;0.11;0.02;143;0.06;0.01;0.15;0.09;0.03;2.09;0.34;3.95;2.57;0.88
16/08/24   ;05:00;0.04;13.4;29.1;0.04;1200;0;-0.08;0.08;0.02;173;0.06;0.01;0.16;0.09;0.03;1.72;0.39;4.27;1.97;0.62
16/08/24   ;06:00;0.17;13.3;29;0.17;1200;0;-0.16;0.17;0.06;132;0.13;0.02;0.32;0.21;0.06;2.26;0.66;3.85;2.82;0.88
16/08/24   ;07:00;0.31;13.3;29;0.31;1200;0;-0.15;0.21;0.05;173;0.12;0.03;0.34;0.17;0.05;1.73;0.31;3.61;2.01;0.66
16/08/24   ;08:00;0.42;13.4;29;0.42;1187;0;-0.13;0.13;0.04;182;0.1;0.02;0.23;0.15;0.05;1.62;0.37;3.45;1.89;0.6
16/08/24   ;09:00;0.5;13.4;29.1;0.51;1200;0;-0.14;0.19;0.05;181;0.11;0.01;0.27;0.17;0.05;1.65;0.62;3.55;1.98;0.63
16/08/24   ;10:00;0.57;13.4;29.2;0.57;1199;0;-0.14;0.15;0.04;191;0.1;0.02;0.23;0.15;0.05;1.56;0.34;3.72;1.88;0.62
16/08/24   ;11:00;0.56;13.4;29.3;0.56;1200;0;-0.15;0.16;0.04;169;0.1;0.02;0.28;0.16;0.05;1.75;0.35;3.69;1.99;0.7
16/08/24   ;12:00;0.5;13.3;29.4;0.5;1200;0;-0.12;1.36;0.06;175;0.1;0;0.23;0.16;0.05;1.71;0.26;3.45;2.03;0.61
16/08/24   ;13:00;0.42;13.3;29.5;0.42;1199;0;-0.14;0.15;0.04;181;0.09;0.01;0.29;0.15;0.05;1.64;0.27;3.66;2.06;0.62
16/08/24   ;14:00;0.34;13.4;29.5;0.34;1199;0;-0.17;0.21;0.05;172;0.11;0.01;0.32;0.17;0.05;1.73;0.38;3.53;2.09;0.65
16/08/24   ;15:00;0.33;13.4;29.5;0.33;1200;0;-0.13;0.14;0.04;177;0.1;0.01;0.22;0.15;0.04;1.68;0.43;4.02;1.97;0.64
16/08/24   ;16:00;0.38;13.4;29.4;0.38;1200;0;-0.12;0.14;0.04;184;0.1;0.01;0.23;0.15;0.04;1.61;0.3;3.32;1.81;0.64
16/08/24   ;17:00;0.47;13.3;29.4;0.47;1200;0;-0.15;0.21;0.05;196;0.11;0.01;0.3;0.17;0.05;1.52;0.26;3.78;1.86;0.61
16/08/24   ;18:00;0.58;13.3;29.5;0.58;1190;0;-0.17;0.19;0.05;176;0.12;0.02;0.31;0.19;0.06;1.68;0.39;3.3;2.09;0.63
16/08/24   ;19:00;0.67;13.4;29.1;0.67;1210;0;-0.18;0.23;0.06;165;0.14;0.01;0.38;0.22;0.07;1.83;0.33;3.6;2.32;0.72
16/08/24   ;20:00;0.71;13.3;29.2;0.71;1193;0;-0.13;0.14;0.04;189;0.11;0.01;0.25;0.16;0.05;1.56;0.34;3.5;1.92;0.66
16/08/24   ;21:00;0.68;13.3;29.1;0.68;1199;0;-0.11;0.11;0.03;185;0.08;0.01;0.19;0.12;0.04;1.61;0.29;3.81;1.96;0.65
16/08/24   ;22:00;0.59;13.3;29;0.59;1193;0;-0.07;0.1;0.02;159;0.06;0.01;0.15;0.09;0.02;1.85;0.51;4.1;2.26;0.65
16/08/24   ;23:00;0.44;13.4;29.2;0.44;1201;0;-0.09;0.09;0.03;174;0.06;0;0.18;0.1;0.03;1.72;0.32;3.41;2.09;0.64
17/08/24   ;00:00;0.27;13.3;29.2;0.27;1205;0;-0.09;0.12;0.03;139;0.07;0.01;0.18;0.11;0.03;2.14;0.36;5.04;2.59;0.86
17/08/24   ;01:00;0.1;13.3;29.2;0.1;1204;0;-0.09;0.08;0.03;136;0.07;0.01;0.16;0.1;0.03;2.2;0.4;4.31;2.36;0.69
17/08/24   ;02:00;-0.07;13.3;29.2;-0.07;1194;0;-0.05;0.05;0.02;160;0.04;0;0.09;0.06;0.02;1.85;0.66;4;1.98;0.61
17/08/24   ;03:00;-0.17;13.3;29.1;-0.17;1203;0;-0.07;0.06;0.02;169;0.04;0.01;0.12;0.07;0.02;1.77;0.3;3.76;2.06;0.68
17/08/24   ;04:00;-0.19;13.4;29.1;-0.19;1198;0;-0.07;0.12;0.02;147;0.05;0.01;0.18;0.09;0.03;2.02;0.43;4.1;2.63;0.84
17/08/24   ;05:00;-0.1;13.3;29;-0.1;1200;0;-0.1;0.13;0.03;154;0.08;0.01;0.23;0.12;0.04;1.94;0.39;4.23;2.53;0.74
17/08/24   ;06:00;0.07;13.3;29;0.07;1198;0;-0.14;0.15;0.04;156;0.1;0.01;0.24;0.16;0.05;1.9;0.28;3.81;2.47;0.83
17/08/24   ;07:00;0.26;13.3;29;0.26;1199;0;-0.15;0.17;0.05;180;0.11;0.01;0.27;0.17;0.05;1.66;0.32;3.6;2.04;0.61
17/08/24   ;08:00;0.43;13.3;29;0.43;1187;0;-0.12;0.13;0.04;172;0.1;0.01;0.25;0.15;0.05;1.71;0.29;3.62;2.1;0.7
17/08/24   ;09:00;0.55;13.3;29.1;0.55;1198;0;-0.14;0.19;0.05;176;0.12;0.01;0.27;0.18;0.06;1.68;0.39;3.98;2.09;0.72
17/08/24   ;10:00;0.62;13.4;28.4;0.62;1203;0;-0.12;0.14;0.04;188;0.1;0.02;0.23;0.15;0.05;1.59;0.36;3.41;2.01;0.65
17/08/24   ;11:00;0.62;13.4;28.6;0.62;1198;0;-0.15;0.16;0.05;174;0.11;0.01;0.31;0.17;0.05;1.7;0.34;3.72;1.98;0.67
17/08/24   ;12:00;0.57;13.4;28.7;0.57;1199;0;-0.13;0.14;0.04;167;0.11;0.02;0.23;0.16;0.05;1.79;0.36;3.45;2.06;0.64
17/08/24   ;13:00;0.46;13.4;29.2;0.46;1199;0;-0.11;0.14;0.04;178;0.09;0;0.21;0.14;0.04;1.67;0.33;3.45;2.03;0.67
17/08/24   ;14:00;0.35;13.3;29.4;0.35;1199;0;-0.12;0.14;0.04;175;0.1;0.02;0.21;0.15;0.05;1.71;0.4;3.34;2.1;0.6
17/08/24   ;15:00;0.29;13.3;29.5;0.29;1200;0;-0.15;0.16;0.04;187;0.11;0.02;0.31;0.16;0.05;1.59;0.4;3.04;1.82;0.54
17/08/24   ;16:00;0.3;13.4;29.5;0.3;1199;0;-0.13;0.17;0.05;181;0.11;0.02;0.27;0.17;0.05;1.65;0.38;3.4;1.93;0.57
17/08/24   ;17:00;0.39;13.4;29.2;0.39;1200;0;-0.16;0.17;0.05;175;0.12;0.02;0.31;0.19;0.06;1.7;0.33;3.46;2.17;0.65
17/08/24   ;18:00;0.53;13.3;29.3;0.53;1196;0;-0.12;0.14;0.04;185;0.1;0.01;0.22;0.15;0.04;1.58;0.35;3.97;1.93;0.63
17/08/24   ;19:00;0.67;13.3;29.2;0.67;1200;0;-0.16;0.14;0.05;181;0.11;0.01;0.24;0.17;0.05;1.65;0.35;3.35;2.05;0.6
17/08/24   ;20:00;0.72;13.4;28.8;0.72;1200;0;-0.15;0.21;0.05;168;0.12;0.02;0.29;0.18;0.05;1.76;0.4;3.74;2.14;0.75
17/08/24   ;21:00;0.77;13.4;28.4;0.77;1196;0;-0.11;0.12;0.03;194;0.08;0.01;0.23;0.12;0.04;1.53;0.36;3.43;1.91;0.62
17/08/24   ;22:00;0.75;13.3;28.4;0.75;1200;0;-0.12;0.17;0.04;167;0.09;0.02;0.26;0.15;0.05;1.79;0.37;3.87;2.21;0.71
17/08/24   ;23:00;0.63;13.3;28.5;0.63;1198;0;-0.09;0.07;0.03;164;0.06;0.01;0.15;0.1;0.03;1.82;0.33;4.13;2.31;0.73
18/08/24   ;00:00;0.43;13.4;28.8;0.43;1200;0;-0.13;0.15;0.04;118;0.09;0.02;0.28;0.15;0.05;2.49;0.45;5.49;3.4;1.16
18/08/24   ;01:00;0.23;13.4;28.9;0.23;1200;0;-0.1;0.1;0.03;146;0.07;0.01;0.18;0.11;0.04;2.04;0.72;4.27;2.25;0.7
18/08/24   ;02:00;0.03;13.4;29;0.03;1200;0;-0.04;0.05;0.02;146;0.04;0;0.08;0.05;0.02;2.04;0.66;3.66;2.52;0.68
18/08/24   ;03:00;-0.15;13.3;29;-0.15;1200;0;-0.04;0.04;0.01;162;0.04;0;0.08;0.05;0.02;1.84;0.27;3.66;2.09;0.6
18/08/24   ;04:00;-0.25;13.3;28.9;-0.25;1194;0;-0.09;0.09;0.03;154;0.06;0.01;0.17;0.1;0.03;1.92;0.41;5.43;2.59;0.91
18/08/24   ;05:00;-0.21;13.3;28.8;-0.21;1200;0;-0.13;0.14;0.03;154;0.07;0.01;0.21;0.11;0.04;1.93;0.34;6.17;2.23;0.81
18/08/24   ;06:00;-0.03;13.3;28.8;-0.03;1200;0;-0.09;0.09;0.03;188;0.07;0.01;0.16;0.1;0.03;1.59;0.31;3.4;1.82;0.58
18/08/24   ;07:00;0.19;13.4;28.6;0.19;1199;0;-0.13;0.16;0.04;170;0.1;0.02;0.29;0.14;0.04;1.74;0.3;3.57;1.99;0.64
18/08/24   ;08:00;0.37;13.3;28.6;0.38;1196;0;-0.12;0.16;0.04;181;0.11;0.01;0.24;0.16;0.05;1.63;0.42;3.74;1.88;0.64
18/08/24   ;09:00;0.56;13.3;28.5;0.56;1200;0;-0.17;0.21;0.05;177;0.12;0.01;0.38;0.19;0.06;1.68;0.38;3.98;1.89;0.7
18/08/24   ;10:00;0.68;13.3;27.8;0.68;1200;0;-0.13;0.15;0.05;182;0.11;0.01;0.28;0.17;0.05;1.64;0.27;3.57;1.99;0.66
18/08/24   ;11:00;0.72;13.3;27.3;0.72;1196;0;-0.14;0.12;0.04;171;0.1;0.01;0.24;0.16;0.05;1.74;0.29;3.59;2.18;0.71
18/08/24   ;12:00;0.69;13.3;27.5;0.69;1195;0;-0.14;0.14;0.04;175;0.1;0.01;0.25;0.15;0.05;1.7;0.29;3.31;2.01;0.61
18/08/24   ;13:00;0.57;13.3;28.2;0.57;1200;0;-0.12;0.14;0.04;163;0.1;0.02;0.22;0.15;0.05;1.82;0.32;3.52;2.24;0.67
18/08/24   ;14:00;0.42;13.4;28.8;0.42;1198;0;-0.11;0.13;0.04;181;0.09;0.01;0.21;0.14;0.04;1.63;0.37;3.07;1.87;0.58
18/08/24   ;15:00;0.3;13.3;28.9;0.3;1194;0;-0.13;0.14;0.04;173;0.11;0.01;0.25;0.16;0.05;1.72;0.45;3.58;1.98;0.61
18/08/24   ;16:00;0.23;13.3;28.9;0.23;1198;0;-0.1;0.15;0.04;190;0.09;0.01;0.21;0.13;0.04;1.57;0.55;3.19;1.89;0.57
18/08/24   ;17:00;0.3;13.4;28.8;0.3;1196;0;-0.13;0.16;0.04;177;0.1;0.01;0.29;0.15;0.05;1.68;0.31;3.78;2.07;0.69
18/08/24   ;18:00;0.4;13.4;28.4;0.4;1209;0;-0.15;0.17;0.05;164;0.12;0.02;0.28;0.19;0.06;1.82;0.41;3.74;2.33;0.71
18/08/24   ;19:00;0.57;13.3;28;0.57;1200;0;-0.13;0.16;0.04;177;0.1;0.01;0.23;0.16;0.05;1.68;0.51;3.61;2.16;0.65
18/08/24   ;20:00;0.69;13.3;27.9;0.69;1200;0;-0.13;0.15;0.05;165;0.11;0.02;0.28;0.17;0.05;1.81;0.37;3.69;2.34;0.77
18/08/24   ;21:00;0.79;13.4;27.5;0.79;1200;0;-0.09;0.08;0.03;204;0.06;0;0.14;0.1;0.03;1.46;0.29;3.43;1.83;0.6
18/08/24   ;22:00;0.83;13.4;27.4;0.83;1199;0;-0.09;0.11;0.03;190;0.07;0.01;0.18;0.11;0.03;1.57;0.33;3.93;1.95;0.65
18/08/24   ;23:00;0.78;13.4;27.4;0.78;1197;0;-0.11;0.1;0.03;163;0.06;0.01;0.17;0.1;0.03;1.82;0.49;3.8;2.18;0.7
19/08/24   ;00:00;0.6;13.3;27.5;0.6;1200;0;-0.11;0.1;0.03;138;0.07;0.01;0.21;0.12;0.04;2.16;0.56;4.46;2.64;0.79
19/08/24   ;01:00;0.36;13.3;27.9;0.36;1198;0;-0.07;0.08;0.02;118;0.06;0.01;0.12;0.09;0.03;2.51;0.37;4.61;3.16;1.02
19/08/24   ;02:00;0.13;13.4;28.1;0.12;1196;0;-0.1;0.09;0.03;127;0.06;0.01;0.18;0.09;0.04;2.33;0.32;4.91;3.39;1.16
19/08/24   ;03:00;-0.09;13.4;28.3;-0.09;1200;0;-0.07;0.09;0.02;141;0.05;0.01;0.16;0.08;0.03;2.1;0.38;4.51;2.69;0.89
19/08/24   ;04:00;-0.23;13.4;28.3;-0.23;1199;0;-0.12;0.11;0.02;163;0.05;0.01;0.23;0.09;0.03;1.82;0.49;4.16;2.39;0.81
19/08/24   ;05:00;-0.27;13.4;28.2;-0.27;1200;0;-0.12;0.09;0.03;161;0.06;0.01;0.16;0.09;0.03;1.85;0.3;6.57;2.37;0.94
19/08/24   ;06:00;-0.15;13.3;27.9;-0.15;1199;0;-0.14;0.18;0.04;151;0.1;0.02;0.32;0.16;0.05;1.97;0.32;4.15;2.4;0.79
19/08/24   ;07:00;0.09;13.3;27.9;0.09;1198;0;-0.19;0.21;0.05;188;0.11;0.02;0.4;0.18;0.06;1.58;0.34;3.55;1.84;0.58
19/08/24   ;08:00;0.33;13.3;27.8;0.33;1200;0;-0.16;0.18;0.05;181;0.11;0.01;0.33;0.17;0.05;1.63;0.38;4.25;2.02;0.63
19/08/24   ;09:00;0.55;13.3;27.7;0.55;1199;0;-0.14;0.18;0.05;185;0.11;0.02;0.26;0.17;0.05;1.61;0.29;3.67;1.98;0.63
19/08/24   ;10:00;0.69;13.4;27.2;0.69;1200;0;-0.16;0.2;0.05;184;0.12;0.02;0.36;0.18;0.06;1.61;0.28;3.79;1.98;0.65
19/08/24   ;11:00;0.78;13.3;26.4;0.78;1199;0;-0.16;0.2;0.05;184;0.13;0.01;0.32;0.19;0.06;1.61;0.32;3.62;1.92;0.62
19/08/24   ;12:00;0.79;13.4;26.1;0.79;1200;0;-0.14;0.15;0.04;199;0.1;0;0.25;0.15;0.04;1.49;0.3;3.13;1.71;0.55
19/08/24   ;13:00;0.71;13.3;26.4;0.71;1185;0;-0.13;0.14;0.04;181;0.1;0.01;0.22;0.16;0.05;1.63;0.36;3.83;2.13;0.67
19/08/24   ;14:00;0.57;13.3;27.1;0.57;1195;0;-0.11;0.13;0.04;175;0.1;0.01;0.21;0.14;0.04;1.7;0.34;3.63;2.01;0.66
19/08/24   ;15:00;0.44;13.3;27.4;0.44;1200;0;-0.15;0.11;0.04;176;0.09;0.01;0.22;0.14;0.04;1.7;0.36;3.93;2.04;0.67
19/08/24   ;16:00;0.36;13.4;27.5;0.36;1195;0;-0.16;0.17;0.05;157;0.12;0.01;0.3;0.19;0.05;1.89;0.42;3.96;2.3;0.68
19/08/24   ;17:00;0.28;13.3;27.5;0.28;1200;0;-0.15;0.16;0.04;159;0.11;0.02;0.26;0.16;0.05;1.88;0.38;4.51;2.17;0.72
19/08/24   ;18:00;0.31;13.3;27.4;0.31;1200;0;-0.15;0.16;0.05;165;0.11;0.02;0.28;0.17;0.05;1.8;0.41;3.69;2.1;0.68
19/08/24   ;19:00;0.45;13.4;27.2;0.45;1200;0;-0.16;0.14;0.05;173;0.1;0.01;0.27;0.16;0.05;1.72;0.42;3.58;2.14;0.73
19/08/24   ;20:00;0.61;13.4;27;0.61;1195;0;-0.16;0.19;0.04;189;0.1;0.01;0.3;0.16;0.05;1.57;0.37;3.3;1.91;0.61
19/08/24   ;21:00;0.74;13.4;26.5;0.74;1200;0;-0.1;0.15;0.03;198;0.07;0.01;0.25;0.11;0.04;1.5;0.36;4.28;1.83;0.63
19/08/24   ;22:00;0.83;13.3;26.2;0.83;1198;0;-0.09;0.12;0.03;204;0.07;0.01;0.2;0.11;0.03;1.46;0.38;3.62;1.85;0.59
19/08/24   ;23:00;0.84;13.3;26.1;0.84;1198;0;-0.09;0.09;0.02;188;0.06;0;0.17;0.08;0.03;1.59;0.45;3.77;1.93;0.64
20/08/24   ;00:00;0.72;13.4;26.2;0.72;1197;0;-0.1;0.11;0.03;139;0.07;0.01;0.2;0.12;0.04;2.13;0.39;4.37;2.72;0.82
20/08/24   ;01:00;0.52;13.4;26.6;0.52;1200;0;-0.09;0.09;0.03;144;0.06;0.01;0.18;0.1;0.03;2.06;0.26;4.46;2.67;0.91
20/08/24   ;02:00;0.29;13.4;26.9;0.29;1200;0;-0.06;0.05;0.01;193;0.04;0.01;0.1;0.06;0.02;1.55;0.37;3.42;1.83;0.6
20/08/24   ;03:00;0.06;13.4;27;0.06;1186;0;-0.05;0.05;0.02;157;0.04;0;0.08;0.06;0.02;1.86;0.29;4.41;2.44;0.86
20/08/24   ;04:00;-0.09;13.3;27;-0.1;1199;0;-0.14;0.16;0.05;157;0.1;0.01;0.28;0.18;0.07;1.9;0.44;3.36;2.42;0.71
20/08/24   ;05:00;-0.19;13.4;26.9;-0.18;1200;0;-0.13;0.11;0.03;171;0.07;0.01;0.24;0.11;0.04;1.73;0.44;4.15;2.17;0.76
20/08/24   ;06:00;-0.11;13.4;26.7;-0.11;1196;0;-0.12;0.14;0.04;178;0.1;0.01;0.26;0.15;0.05;1.66;0.31;3.21;1.96;0.6
20/08/24   ;07:00;0.1;13.4;26.7;0.1;1200;0;-0.13;0.21;0.05;185;0.12;0.01;0.27;0.19;0.06;1.61;0.33;3.75;1.87;0.65
20/08/24   ;08:00;0.32;13.4;26.4;0.32;1198;0;-0.17;0.2;0.05;187;0.12;0.01;0.34;0.18;0.06;1.59;0.52;3.63;1.91;0.59
20/08/24   ;09:00;0.53;13.4;26.3;0.54;1200;0;-0.14;0.18;0.05;204;0.11;0.02;0.29;0.17;0.05;1.46;0.32;3.19;1.69;0.57
20/08/24   ;10:00;0.72;13.3;26.3;0.72;1200;0;-0.18;0.21;0.05;202;0.12;0;0.34;0.19;0.06;1.47;0.31;3.39;1.7;0.52
20/08/24   ;11:00;0.86;13.3;26.4;0.86;1200;0;-0.16;0.17;0.05;189;0.13;0.03;0.32;0.19;0.06;1.58;0.31;3.14;1.84;0.51
20/08/24   ;12:00;0.93;13.4;26.6;0.93;1180;0;-0.16;0.21;0.05;187;0.13;0.02;0.3;0.19;0.06;1.56;0.3;3.42;1.92;0.6
20/08/24   ;13:00;0.9;13.3;26.7;0.9;1200;0;-0.16;0.16;0.04;194;0.11;0.02;0.28;0.16;0.05;1.53;0.28;3.18;1.85;0.55
20/08/24   ;14:00;0.74;13.3;26.7;0.74;1190;0;-0.18;0.23;0.05;163;0.12;0.01;0.37;0.19;0.06;1.81;0.49;3.95;2.27;0.76
20/08/24   ;15:00;0.55;13.4;26.8;0.55;1200;0;-0.12;0.13;0.04;168;0.1;0.01;0.21;0.16;0.05;1.78;0.32;3.84;2.09;0.75
20/08/24   ;16:00;0.37;13.3;26.9;0.37;1200;0;-0.15;0.14;0.05;170;0.12;0.01;0.27;0.17;0.05;1.74;0.42;4.02;2.16;0.69
20/08/24   ;17:00;0.23;13.3;27;0.23;1197;0;-0.12;0.15;0.04;158;0.1;0.01;0.26;0.16;0.05;1.87;0.42;4.02;2.4;0.82
20/08/24   ;18:00;0.19;13.3;27;0.19;1200;0;-0.14;0.17;0.05;149;0.12;0.03;0.25;0.18;0.06;2;0.36;4.17;2.56;0.8
20/08/24   ;19:00;0.26;13.3;26.8;0.26;1200;0;-0.14;0.15;0.05;170;0.11;0.02;0.27;0.17;0.05;1.75;0.28;3.53;2.13;0.7
20/08/24   ;20:00;0.43;13.3;27.2;0.43;1197;0;-0.13;0.18;0.05;173;0.11;0.01;0.26;0.17;0.06;1.71;0.35;3.69;2.3;0.76
20/08/24   ;21:00;0.6;13.3;26.9;0.61;1200;0;-0.14;0.18;0.04;194;0.1;0.02;0.29;0.16;0.05;1.54;0.29;3.45;1.75;0.57
20/08/24   ;22:00;0.76;13.3;27;0.76;1200;0;-0.13;0.16;0.04;193;0.1;0.01;0.28;0.15;0.05;1.55;0.39;3.36;1.83;0.55
20/08/24   ;23:00;0.82;13.4;27.1;0.82;1195;0;-0.11;0.14;0.03;189;0.07;0.01;0.21;0.11;0.04;1.58;0.36;3.97;2.02;0.7
21/08/24   ;00:00;0.77;13.4;27;0.77;1200;0;-0.14;0.11;0.04;164;0.08;0.01;0.22;0.13;0.04;1.8;0.36;4.4;2.33;0.76
21/08/24   ;01:00;0.61;13.3;27;0.6;1200;0;-0.09;0.11;0.03;173;0.06;0;0.17;0.09;0.03;1.73;0.37;4.19;2.05;0.7
21/08/24   ;02:00;0.4;13.3;26.9;0.4;1199;0;-0.12;0.09;0.02;141;0.04;0;0.19;0.06;0.03;2.12;0.28;4.03;2.65;0.97
21/08/24   ;03:00;0.18;13.4;26.8;0.18;1200;0;-0.04;0.05;0.01;167;0.03;0;0.09;0.05;0.02;1.79;0.36;3.91;2.21;0.78
21/08/24   ;04:00;-0.03;13.4;26.8;-0.03;1200;0;-0.09;0.08;0.03;139;0.06;0;0.16;0.1;0.03;2.11;0.35;4.67;2.78;0.93
21/08/24   ;05:00;-0.15;13.4;26.7;-0.15;1198;0;-0.08;0.09;0.02;149;0.06;0.01;0.13;0.09;0.03;2;0.28;3.97;2.51;0.88
21/08/24   ;06:00;-0.19;13.4;26.7;-0.19;1200;0;-0.12;0.13;0.04;143;0.09;0.01;0.22;0.14;0.05;2.08;0.37;3.81;2.76;0.9
21/08/24   ;07:00;-0.07;13.3;26.8;-0.07;1193;0;-0.12;0.17;0.04;169;0.11;0.02;0.24;0.17;0.05;1.75;0.4;3.89;2.1;0.7
21/08/24   ;08:00;0.17;13.3;27;0.17;1194;0;-0.16;0.2;0.05;190;0.12;0.02;0.35;0.18;0.06;1.56;0.47;3.63;1.76;0.58
21/08/24   ;09:00;0.42;13.4;26.9;0.41;1200;0;-0.18;0.17;0.05;182;0.12;0.02;0.34;0.18;0.05;1.64;0.49;3.46;1.9;0.55
21/08/24   ;10:00;0.62;13.4;27;0.62;1195;0;-0.14;0.21;0.05;187;0.12;0.02;0.34;0.19;0.06;1.6;0.33;3.67;1.9;0.63
21/08/24   ;11:00;0.78;13.4;27;0.78;1198;0;-0.19;0.21;0.05;204;0.12;0.02;0.37;0.19;0.06;1.45;0.34;3.34;1.7;0.48
21/08/24   ;12:00;0.87;13.4;27.1;0.87;1197;0;-0.14;0.19;0.05;210;0.11;0.02;0.3;0.17;0.05;1.42;0.32;3.17;1.64;0.49
21/08/24   ;13:00;0.87;13.3;27.2;0.87;1194;0;-0.12;0.16;0.05;195;0.11;0.02;0.27;0.16;0.05;1.52;0.45;3.64;1.8;0.54
21/08/24   ;14:00;0.76;13.3;27.3;0.76;1199;0;-0.13;0.16;0.05;177;0.11;0.02;0.27;0.17;0.05;1.68;0.42;3.85;2.07;0.65
21/08/24   ;15:00;0.56;13.3;27.5;0.56;1195;0;-0.13;0.15;0.04;167;0.11;0.02;0.23;0.16;0.05;1.77;0.27;3.79;2.16;0.71
21/08/24   ;16:00;0.36;13.3;27.6;0.36;1199;0;-0.16;0.19;0.04;180;0.1;0.01;0.28;0.16;0.05;1.66;0.57;4.17;1.9;0.66
21/08/24   ;17:00;0.2;13.3;27.6;0.2;1200;0;-0.15;0.17;0.04;166;0.1;0.02;0.25;0.16;0.05;1.79;0.63;4.02;2.4;0.79
21/08/24   ;18:00;0.1;13.3;27.6;0.1;1199;0;-0.14;0.14;0.05;158;0.11;0.01;0.24;0.18;0.06;1.88;0.39;4.6;2.4;0.81
21/08/24   ;19:00;0.11;13.3;27.5;0.11;1208;0;-0.16;0.18;0.05;173;0.12;0.02;0.32;0.19;0.06;1.73;0.44;3.21;2.02;0.6
21/08/24   ;20:00;0.24;13.4;27.7;0.24;1186;0;-0.17;0.2;0.05;157;0.12;0.02;0.34;0.2;0.06;1.87;0.44;3.89;2.35;0.75
21/08/24   ;21:00;0.42;13.4;27.8;0.42;1207;0;-0.12;0.16;0.04;186;0.09;0.01;0.28;0.14;0.04;1.62;0.38;3.88;2.07;0.69
21/08/24   ;22:00;0.59;13.3;27.8;0.59;1200;0;-0.13;0.15;0.04;195;0.09;0.01;0.22;0.14;0.04;1.54;0.33;3.67;1.9;0.57
21/08/24   ;23:00;0.71;13.3;27.9;0.71;1197;0;-0.13;0.11;0.03;198;0.08;0.01;0.24;0.13;0.04;1.5;0.32;3.21;1.75;0.53
22/08/24   ;00:00;0.76;13.3;27.9;0.77;1200;0;-0.13;0.15;0.04;171;0.09;0.01;0.26;0.14;0.05;1.74;0.31;3.85;2.22;0.77
22/08/24   ;01:00;0.72;13.4;27.9;0.72;1196;0;-0.07;0.09;0.03;190;0.06;0.01;0.15;0.1;0.03;1.56;0.33;3.88;1.89;0.57
22/08/24   ;02:00;0.56;13.4;27.8;0.56;1199;0;-0.06;0.06;0.02;214;0.05;0.01;0.1;0.07;0.02;1.39;0.32;3.19;1.7;0.56
22/08/24   ;03:00;0.33;13.3;27.7;0.33;1198;0;-0.08;0.08;0.02;161;0.05;0;0.14;0.08;0.03;1.84;0.35;3.96;2.23;0.79
22/08/24   ;04:00;0.12;13.3;27.4;0.12;1200;0;-0.15;0.15;0.04;152;0.09;0.01;0.3;0.15;0.05;1.97;0.51;4.26;2.44;0.85
22/08/24   ;05:00;-0.03;13.4;27.3;-0.03;1207;0;-0.15;0.21;0.04;136;0.1;0.01;0.36;0.17;0.06;2.21;0.48;4.08;2.84;0.88
22/08/24   ;06:00;-0.12;13.4;27.2;-0.12;1200;0;-0.17;0.19;0.05;162;0.12;0.02;0.34;0.18;0.06;1.83;0.44;3.84;2.14;0.64
22/08/24   ;07:00;-0.06;13.4;27.3;-0.06;1198;0;-0.14;0.15;0.04;173;0.11;0.02;0.28;0.16;0.05;1.72;0.37;3.23;2.05;0.59
22/08/24   ;08:00;0.11;13.4;27.6;0.12;1200;0;-0.13;0.16;0.05;209;0.11;0.02;0.27;0.17;0.05;1.42;0.31;2.87;1.67;0.49
22/08/24   ;09:00;0.35;13.3;27.6;0.35;1200;0;-0.15;0.21;0.05;187;0.13;0.01;0.33;0.2;0.06;1.59;0.29;3.54;1.87;0.59
22/08/24   ;10:00;0.58;13.3;27.5;0.58;1200;0;-0.14;0.19;0.05;205;0.12;0.02;0.32;0.18;0.05;1.46;0.28;3.38;1.63;0.55
22/08/24   ;11:00;0.76;13.4;27.6;0.76;1198;0;-0.17;0.2;0.06;207;0.13;0.03;0.34;0.2;0.06;1.44;0.31;3.42;1.72;0.5
22/08/24   ;12:00;0.86;13.4;27.5;0.86;1198;0;-0.17;0.17;0.05;199;0.12;0.02;0.3;0.17;0.05;1.5;0.36;3.46;1.57;0.55
22/08/24   ;13:00;0.91;13.4;27.6;0.91;1200;0;-0.17;0.17;0.05;196;0.11;0.01;0.31;0.18;0.06;1.52;0.33;3.9;1.92;0.58
22/08/24   ;14:00;0.83;13.4;27.7;0.83;1195;0;-0.13;0.21;0.05;180;0.12;0.02;0.31;0.18;0.05;1.64;0.38;3.99;1.99;0.61
22/08/24   ;15:00;0.66;13.3;27.8;0.66;1199;0;-0.12;0.13;0.04;177;0.11;0.02;0.21;0.16;0.05;1.69;0.43;3.54;2.15;0.7
22/08/24   ;16:00;0.47;13.3;27.9;0.47;1200;0;-0.15;0.2;0.05;137;0.12;0;0.32;0.18;0.06;2.16;0.3;4.37;2.76;0.95
22/08/24   ;17:00;0.28;13.4;28;0.28;1190;0;-0.15;0.15;0.05;159;0.11;0.02;0.27;0.17;0.05;1.86;0.46;3.93;2.19;0.78
22/08/24   ;18:00;0.13;13.4;27.8;0.13;1200;0;-0.14;0.2;0.05;160;0.11;0;0.31;0.17;0.06;1.86;0.28;3.89;2.44;0.8
22/08/24   ;19:00;0.06;13.3;27.8;0.06;1198;0;-0.14;0.16;0.04;169;0.09;0.01;0.24;0.15;0.05;1.76;0.32;3.9;2.19;0.76
22/08/24   ;20:00;0.11;13.3;27.7;0.11;1200;0;-0.18;0.2;0.04;177;0.1;0.01;0.29;0.16;0.06;1.68;0.36;4.65;2.17;0.74
22/08/24   ;21:00;0.27;13.3;27.9;0.27;1189;0;-0.15;0.16;0.04;171;0.09;0.01;0.29;0.15;0.05;1.73;0.46;3.64;2.09;0.72
22/08/24   ;22:00;0.46;13.3;27.9;0.46;1200;0;-0.13;0.14;0.03;195;0.08;0.01;0.24;0.12;0.04;1.53;0.32;3.46;1.87;0.63
22/08/24   ;23:00;0.61;13.3;28.1;0.61;1200;0;-0.13;0.12;0.03;188;0.08;0.01;0.21;0.13;0.04;1.58;0.3;3.75;1.86;0.6
23/08/24   ;00:00;0.7;13.3;28.1;0.7;1199;0;-0.14;0.14;0.04;165;0.09;0.02;0.23;0.14;0.05;1.79;0.56;4.05;2.13;0.66
23/08/24   ;01:00;0.69;13.3;28;0.69;1188;0;-0.1;0.09;0.03;152;0.07;0.01;0.18;0.11;0.04;1.94;0.41;4.03;2.44;0.74
23/08/24   ;02:00;0.59;13.3;27.9;0.59;1199;0;-0.04;0.03;0.01;177;0.03;0;0.06;0.04;0.01;1.69;0.55;3.07;1.82;0.51
23/08/24   ;03:00;0.41;13.3;27.9;0.41;1195;0;-0.11;0.11;0.02;140;0.06;0;0.22;0.1;0.04;2.11;0.4;4.27;2.43;0.8
23/08/24   ;04:00;0.23;13.4;27.8;0.22;1200;0;-0.12;0.15;0.04;144;0.09;0.01;0.25;0.14;0.05;2.07;0.33;4.33;2.57;0.9
23/08/24   ;05:00;0.06;13.3;27.6;0.06;1200;0;-0.15;0.16;0.04;161;0.09;0.02;0.24;0.14;0.05;1.84;0.5;3.57;2.22;0.71
23/08/24   ;06:00;-0.04;13.3;27.4;-0.04;1195;0;-0.11;0.16;0.04;145;0.1;0.01;0.27;0.15;0.05;2.03;0.3;4.2;2.57;0.85
23/08/24   ;07:00;-0.03;13.3;27.3;-0.02;1194;0;-0.1;0.15;0.04;167;0.1;0.01;0.25;0.15;0.04;1.76;0.37;3.45;2.08;0.65
23/08/24   ;08:00;0.11;13.3;27.9;0.11;1200;0;-0.14;0.2;0.05;190;0.11;0.02;0.29;0.17;0.05;1.58;0.39;3.79;1.94;0.59
23/08/24   ;09:00;0.31;13.4;27.9;0.31;1198;0;-0.12;0.15;0.04;192;0.1;0.02;0.27;0.15;0.04;1.54;0.35;3.4;1.84;0.51
23/08/24   ;10:00;0.51;13.4;27.9;0.51;1192;0;-0.15;0.2;0.05;198;0.11;0.02;0.29;0.17;0.05;1.5;0.37;3.12;1.71;0.53
23/08/24   ;11:00;0.68;13.3;27.9;0.68;1200;0;-0.13;0.17;0.05;178;0.11;0.02;0.24;0.17;0.05;1.68;0.62;3.6;2.03;0.66
23/08/24   ;12:00;0.8;13.3;27.8;0.8;1196;0;-0.18;0.21;0.05;188;0.13;0.02;0.33;0.2;0.06;1.58;0.52;3.24;1.79;0.57
23/08/24   ;13:00;0.85;13.4;27.7;0.85;1200;0;-0.15;0.19;0.05;205;0.11;0.01;0.29;0.18;0.06;1.46;0.34;3.23;1.69;0.52
23/08/24   ;14:00;0.82;13.4;27.9;0.82;1200;0;-0.12;0.14;0.04;180;0.11;0.01;0.25;0.16;0.05;1.65;0.33;3.4;2.03;0.6
23/08/24   ;15:00;0.69;13.4;28.1;0.69;1199;0;-0.18;0.19;0.04;178;0.09;0.01;0.37;0.14;0.05;1.67;0.38;3.95;2.09;0.71
23/08/24   ;16:00;0.51;13.3;28.2;0.51;1200;0;-0.13;0.12;0.04;168;0.1;0.01;0.24;0.14;0.04;1.77;0.41;3.89;2.33;0.74
23/08/24   ;17:00;0.33;13.3;28.2;0.33;1200;0;-0.13;0.2;0.04;169;0.09;0.02;0.29;0.14;0.04;1.75;0.35;3.93;2.11;0.71
23/08/24   ;18:00;0.19;13.4;28.2;0.19;1195;0;-0.15;0.2;0.05;161;0.12;0.01;0.27;0.19;0.06;1.85;0.45;4.24;2.3;0.76
23/08/24   ;19:00;0.1;13.4;28.1;0.1;1200;0;-0.15;0.16;0.05;156;0.12;0.02;0.3;0.19;0.06;1.89;0.42;3.87;2.29;0.71
23/08/24   ;20:00;0.11;13.3;28;0.11;1200;0;-0.16;0.18;0.05;147;0.12;0.01;0.29;0.18;0.06;2.03;0.31;4.03;2.39;0.72
23/08/24   ;21:00;0.21;13.3;28.2;0.21;1200;0;-0.14;0.19;0.04;182;0.1;0.01;0.28;0.15;0.05;1.64;0.3;3.95;1.87;0.62
23/08/24   ;22:00;0.35;13.4;28.4;0.35;1200;0;-0.17;0.23;0.05;173;0.12;0.02;0.4;0.18;0.06;1.71;0.46;3.56;2.06;0.63
23/08/24   ;23:00;0.49;13.4;28.2;0.49;1200;0;-0.14;0.17;0.04;176;0.1;0.02;0.3;0.16;0.05;1.7;0.4;3.88;2.16;0.7
24/08/24   ;00:00;0.58;13.3;28.2;0.58;1200;0;-0.1;0.11;0.03;179;0.07;0.01;0.19;0.11;0.04;1.65;0.29;4.76;2.28;0.79
24/08/24   ;01:00;0.61;13.3;28.2;0.61;1200;0;-0.06;0.06;0.02;174;0.05;0;0.11;0.08;0.02;1.71;0.33;3.63;2.16;0.68
24/08/24   ;02:00;0.55;13.3;28.1;0.55;1200;0;-0.07;0.09;0.02;197;0.05;0.01;0.16;0.08;0.03;1.52;0.32;3.47;1.76;0.57
24/08/24   ;03:00;0.43;13.3;28.1;0.43;1200;0;-0.07;0.1;0.02;169;0.05;0.01;0.17;0.07;0.02;1.77;0.3;3.71;2.21;0.74
24/08/24   ;04:00;0.29;13.3;28.1;0.28;1194;0;-0.08;0.07;0.02;158;0.06;0.01;0.12;0.09;0.03;1.85;0.3;3.79;2.51;0.81
24/08/24   ;05:00;0.16;13.4;27.9;0.16;1200;0;-0.12;0.14;0.03;144;0.08;0.01;0.24;0.12;0.04;2.07;0.45;4.01;2.46;0.78
24/08/24   ;06:00;0.07;13.4;27.8;0.07;1200;0;-0.17;0.16;0.04;173;0.09;0.01;0.32;0.15;0.05;1.71;0.33;3.66;2.1;0.68
24/08/24   ;07:00;0.06;13.3;27.8;0.06;1199;0;-0.14;0.18;0.05;157;0.11;0.02;0.27;0.17;0.05;1.89;0.32;3.94;2.36;0.84
24/08/24   ;08:00;0.14;13.3;28.1;0.13;1198;0;-0.14;0.19;0.04;184;0.1;0.01;0.26;0.16;0.05;1.61;0.39;4.31;1.98;0.63
24/08/24   ;09:00;0.27;13.3;28.2;0.27;1199;0;-0.14;0.23;0.05;195;0.11;0.01;0.31;0.18;0.06;1.53;0.37;3.41;1.75;0.57
24/08/24   ;10:00;0.44;13.3;28.3;0.44;1200;0;-0.16;0.2;0.05;188;0.12;0.02;0.36;0.19;0.06;1.59;0.4;3.69;1.82;0.61
24/08/24   ;11:00;0.59;13.4;28.3;0.59;1200;0;-0.16;0.18;0.05;177;0.13;0.01;0.31;0.19;0.06;1.68;0.32;3.86;1.93;0.7
24/08/24   ;12:00;0.7;13.4;28.2;0.7;1193;0;-0.13;0.18;0.05;196;0.13;0.02;0.29;0.19;0.06;1.51;0.5;3.35;1.69;0.51
24/08/24   ;13:00;0.78;13.3;28.3;0.78;1200;0;-0.16;0.14;0.05;186;0.11;0.02;0.27;0.17;0.05;1.6;0.34;3.73;2;0.65
24/08/24   ;14:00;0.79;13.3;28.3;0.79;1200;0;-0.18;0.18;0.05;188;0.12;0.02;0.33;0.19;0.06;1.58;0.35;3.76;1.86;0.68
24/08/24   ;15:00;0.73;13.4;28.5;0.72;1200;0;-0.12;0.12;0.04;199;0.09;0.02;0.2;0.14;0.04;1.49;0.31;3.18;1.81;0.6
24/08/24   ;16:00;0.58;13.4;28.6;0.58;1198;0;-0.14;0.2;0.04;177;0.1;0.02;0.29;0.15;0.05;1.68;0.31;4.19;2.03;0.71
24/08/24   ;17:00;0.42;13.4;28.6;0.41;1200;0;-0.13;0.15;0.04;181;0.1;0.01;0.25;0.15;0.05;1.64;0.26;3.91;2.04;0.61
24/08/24   ;18:00;0.27;13.3;28.7;0.27;1196;0;-0.13;0.14;0.04;170;0.1;0.01;0.24;0.15;0.05;1.75;0.36;3.6;2.21;0.69
24/08/24   ;19:00;0.16;13.4;28.5;0.15;1200;0;-0.14;0.15;0.05;163;0.11;0.02;0.28;0.17;0.05;1.83;0.29;3.7;2.3;0.66
24/08/24   ;20:00;0.09;13.4;28.4;0.08;1200;0;-0.14;0.17;0.05;141;0.12;0.02;0.27;0.18;0.05;2.1;0.33;3.87;2.41;0.85
24/08/24   ;21:00;0.1;13.4;28.3;0.1;1200;0;-0.09;0.14;0.03;181;0.07;0.02;0.23;0.11;0.03;1.64;0.49;3.3;1.85;0.56
24/08/24   ;22:00;0.18;13.3;28.5;0.18;1200;0;-0.15;0.17;0.04;183;0.09;0.01;0.26;0.14;0.05;1.63;0.29;3.51;2.05;0.66
24/08/24   ;23:00;0.3;13.4;28.9;0.3;1200;0;-0.1;0.12;0.04;183;0.09;0.01;0.2;0.13;0.04;1.63;0.39;3.94;1.95;0.65
25/08/24   ;00:00;0.4;13.4;28.7;0.4;1198;0;-0.12;0.14;0.04;161;0.09;0.01;0.24;0.14;0.05;1.86;0.27;3.79;2.58;0.84
25/08/24   ;01:00;0.46;13.4;28.6;0.46;1197;0;-0.1;0.11;0.03;197;0.06;0.01;0.16;0.1;0.03;1.51;0.29;3.36;1.76;0.53
25/08/24   ;02:00;0.48;13.3;28.6;0.48;1200;0;-0.08;0.11;0.03;172;0.07;0.01;0.18;0.11;0.03;1.73;0.33;3.31;2.1;0.64
25/08/24   ;03:00;0.43;13.3;28.6;0.43;1195;0;-0.11;0.1;0.03;162;0.06;0.01;0.21;0.09;0.03;1.82;0.51;4.07;2.14;0.65
25/08/24   ;04:00;0.34;13.3;28.5;0.34;1196;0;-0.12;0.14;0.03;136;0.08;0.01;0.24;0.14;0.05;2.18;0.36;4.96;2.5;0.8
25/08/24   ;05:00;0.24;13.3;28.4;0.24;1200;0;-0.1;0.11;0.03;163;0.06;0.01;0.21;0.1;0.04;1.81;0.31;3.76;2.36;0.79
25/08/24   ;06:00;0.15;13.3;28.3;0.15;1200;0;-0.14;0.15;0.03;162;0.08;0.01;0.25;0.13;0.04;1.84;0.37;5.95;2.11;0.8
25/08/24   ;07:00;0.13;13.3;28.2;0.13;1192;0;-0.15;0.21;0.04;160;0.1;0;0.32;0.16;0.05;1.84;0.65;3.72;2.25;0.67
25/08/24   ;08:00;0.15;13.3;28.3;0.16;1200;0;-0.1;0.16;0.04;178;0.09;0.01;0.24;0.13;0.04;1.68;0.46;4.12;2.01;0.68
25/08/24   ;09:00;0.24;13.3;28.7;0.24;1195;0;-0.15;0.2;0.05;177;0.13;0.01;0.32;0.19;0.06;1.68;0.34;4.13;1.84;0.59
25/08/24   ;10:00;0.38;13.3;28.7;0.38;1200;0;-0.16;0.18;0.05;180;0.12;0.01;0.27;0.18;0.05;1.65;0.4;3.64;2.01;0.66
25/08/24   ;11:00;0.52;13.3;28.8;0.52;1200;0;-0.18;0.15;0.05;188;0.12;0.01;0.32;0.18;0.06;1.59;0.31;3.31;1.89;0.58
25/08/24   ;12:00;0.62;13.3;28.8;0.62;1197;0;-0.14;0.14;0.04;208;0.1;0.01;0.25;0.16;0.05;1.43;0.37;3.06;1.74;0.53
25/08/24   ;13:00;0.7;13.3;29;0.7;1200;0;-0.13;0.18;0.05;177;0.12;0.01;0.26;0.18;0.05;1.66;0.31;3.78;2.09;0.69
25/08/24   ;14:00;0.72;13.3;28.9;0.71;1199;0;-0.15;0.19;0.05;181;0.11;0.01;0.3;0.17;0.06;1.64;0.31;3.33;1.93;0.59
25/08/24   ;15:00;0.68;13.3;29;0.68;1200;0;-0.14;0.15;0.04;170;0.11;0.02;0.24;0.16;0.05;1.76;0.42;4.16;2.21;0.69
25/08/24   ;16:00;0.58;13.3;29.1;0.58;1200;0;-0.12;0.2;0.05;172;0.11;0.01;0.28;0.17;0.05;1.72;0.33;3.55;2.08;0.67
25/08/24   ;17:00;0.46;13.4;29.1;0.45;1195;0;-0.12;0.17;0.04;178;0.09;0.02;0.23;0.14;0.04;1.66;0.36;3.52;1.94;0.65
25/08/24   ;18:00;0.33;13.3;29.1;0.33;1200;0;-0.17;0.17;0.05;148;0.13;0.01;0.28;0.2;0.06;2.01;0.27;4.5;2.5;0.88
25/08/24   ;19:00;0.22;13.3;29;0.22;1199;0;-0.16;0.18;0.05;164;0.12;0.01;0.34;0.19;0.06;1.82;0.33;4.04;2.24;0.71
25/08/24   ;20:00;0.14;13.4;28.8;0.14;1199;0;-0.17;0.24;0.06;148;0.13;0.01;0.37;0.2;0.06;2.01;0.31;3.97;2.65;0.87
25/08/24   ;21:00;0.11;13.4;28.7;0.1;1199;0;-0.13;0.12;0.04;171;0.09;0.01;0.25;0.14;0.04;1.74;0.4;4.18;2.05;0.64
25/08/24   ;22:00;0.13;13.3;28.7;0.13;1193;0;-0.12;0.12;0.04;176;0.09;0.01;0.24;0.13;0.04;1.68;0.34;3.5;2.04;0.6
25/08/24   ;23:00;0.19;13.3;28.9;0.2;1193;0;-0.07;0.09;0.03;188;0.06;0;0.15;0.1;0.03;1.57;0.27;3.23;1.85;0.53
26/08/24   ;00:00;0.27;13.4;29.2;0.27;1200;0;-0.11;0.11;0.03;159;0.07;0.01;0.22;0.11;0.04;1.86;0.29;4.29;2.44;0.81
26/08/24   ;01:00;0.32;13.4;29.1;0.32;1197;0;-0.07;0.06;0.02;174;0.04;0.01;0.12;0.07;0.02;1.71;0.43;4.07;2.08;0.63
26/08/24   ;02:00;0.35;13.4;29.1;0.35;1199;0;-0.03;0.04;0.01;209;0.03;0;0.07;0.04;0.01;1.42;0.31;3.62;1.74;0.59
26/08/24   ;03:00;0.35;13.3;29;0.35;1200;0;-0.07;0.05;0.02;175;0.04;0;0.11;0.06;0.02;1.7;0.3;3.92;2.04;0.67
26/08/24   ;04:00;0.32;13.3;28.9;0.32;1200;0;-0.13;0.15;0.03;205;0.06;0;0.29;0.11;0.04;1.46;0.3;3.71;2.02;0.77
26/08/24   ;05:00;0.29;13.4;28.7;0.29;1200;0;-0.11;0.13;0.03;209;0.07;0.02;0.22;0.1;0.03;1.43;0.42;3.24;1.8;0.58
26/08/24   ;06:00;0.27;13.4;28.4;0.27;1205;0;-0.11;0.13;0.04;185;0.09;0.01;0.24;0.14;0.04;1.62;0.31;4.02;1.97;0.6
26/08/24   ;07:00;0.26;13.4;28.4;0.26;1197;0;-0.14;0.17;0.05;169;0.12;0.01;0.26;0.18;0.05;1.76;0.35;3.74;2.12;0.69
26/08/24   ;08:00;0.3;13.3;28.5;0.3;1200;0;-0.13;0.14;0.04;190;0.11;0.01;0.24;0.16;0.05;1.57;0.3;3.78;1.91;0.63
26/08/24   ;09:00;0.36;13.3;28.9;0.37;1199;0;-0.16;0.17;0.05;188;0.12;0.02;0.28;0.18;0.06;1.59;0.39;3.12;1.85;0.55
26/08/24   ;10:00;0.45;13.3;28.9;0.45;1199;0;-0.15;0.16;0.05;196;0.11;0.01;0.26;0.17;0.05;1.52;0.41;3.44;1.84;0.6
26/08/24   ;11:00;0.53;13.3;29;0.53;1200;0;-0.14;0.22;0.05;206;0.11;0.02;0.35;0.17;0.05;1.45;0.42;2.77;1.74;0.51
26/08/24   ;12:00;0.6;13.3;29;0.6;1200;0;-0.2;0.19;0.05;190;0.13;0.02;0.32;0.19;0.06;1.57;0.45;3.13;1.82;0.5
26/08/24   ;13:00;0.64;13.3;28.9;0.64;1194;0;-0.16;0.16;0.05;177;0.12;0.01;0.26;0.18;0.05;1.68;0.44;3.56;1.78;0.58
26/08/24   ;14:00;0.66;13.4;28.8;0.66;1194;0;-0.15;0.21;0.05;188;0.11;0.01;0.26;0.17;0.05;1.58;0.33;3.38;1.9;0.65
26/08/24   ;15:00;0.66;13.3;28.8;0.66;1199;0;-0.14;0.17;0.05;184;0.11;0.02;0.28;0.18;0.06;1.61;0.32;3.32;1.95;0.6
26/08/24   ;16:00;0.63;13.3;29;0.64;1200;0;-0.16;0.18;0.05;180;0.12;0.02;0.33;0.19;0.06;1.66;0.49;3.34;2.06;0.59
26/08/24   ;17:00;0.59;13.3;29;0.59;1200;0;-0.14;0.18;0.04;174;0.1;0.01;0.31;0.15;0.05;1.7;0.32;3.38;2.1;0.63
26/08/24   ;18:00;0.5;13.3;29.1;0.5;1200;0;-0.16;0.17;0.04;176;0.11;0.02;0.27;0.16;0.05;1.7;0.4;3.58;2.04;0.62
26/08/24   ;19:00;0.4;13.3;28.9;0.4;1196;0;-0.14;0.18;0.04;154;0.11;0.02;0.32;0.16;0.05;1.94;0.56;3.95;2.38;0.79
26/08/24   ;20:00;0.31;13.3;28.7;0.31;1200;0;-0.16;0.16;0.05;142;0.13;0.02;0.32;0.2;0.06;2.1;0.32;4.28;2.89;0.92
26/08/24   ;21:00;0.23;13.3;28.5;0.23;1200;0;-0.11;0.12;0.03;178;0.08;0.01;0.23;0.12;0.04;1.67;0.31;3.15;1.97;0.54
26/08/24   ;22:00;0.16;13.4;28.3;0.16;1200;0;-0.13;0.14;0.04;160;0.08;0.01;0.26;0.13;0.04;1.85;0.42;4.3;2.46;0.84
26/08/24   ;23:00;0.13;13.4;28.2;0.13;1200;0;-0.13;0.13;0.03;176;0.08;0.01;0.23;0.13;0.04;1.69;0.41;3.67;1.96;0.61
27/08/24   ;00:00;0.14;13.4;28.2;0.15;1200;0;-0.1;0.11;0.03;166;0.08;0;0.17;0.12;0.04;1.8;0.37;4.05;2.37;0.86
27/08/24   ;01:00;0.2;13.3;28.5;0.2;1197;0;-0.07;0.05;0.02;215;0.04;0;0.1;0.06;0.02;1.38;0.28;3.5;1.97;0.7
27/08/24   ;02:00;0.25;13.3;28.6;0.25;1196;0;-0.08;0.09;0.02;195;0.04;0.01;0.16;0.07;0.03;1.52;0.31;3.94;1.93;0.67
27/08/24   ;03:00;0.31;13.4;28.5;0.31;1198;0;-0.04;0.04;0.01;202;0.03;0;0.07;0.04;0.01;1.48;0.34;3.26;2.05;0.66
27/08/24   ;04:00;0.36;13.4;28.4;0.36;1195;0;-0.13;0.12;0.04;142;0.09;0.01;0.23;0.14;0.05;2.08;0.34;3.93;2.81;1.02
27/08/24   ;05:00;0.39;13.4;28.4;0.39;1195;0;-0.12;0.14;0.03;177;0.07;0.01;0.23;0.11;0.04;1.67;0.41;3.69;2.13;0.68
27/08/24   ;06:00;0.41;13.4;28.3;0.41;1200;0;-0.12;0.17;0.04;170;0.1;0.01;0.29;0.15;0.05;1.76;0.34;3.94;2.2;0.7
27/08/24   ;07:00;0.42;13.3;28.3;0.42;1194;0;-0.15;0.19;0.05;164;0.12;0.02;0.32;0.18;0.06;1.81;0.34;3.81;2.33;0.72
27/08/24   ;08:00;0.44;13.3;28.2;0.44;1195;0;-0.14;0.19;0.05;168;0.11;0.02;0.31;0.17;0.05;1.77;0.35;3.57;2.05;0.58
27/08/24   ;09:00;0.47;13.4;28.2;0.47;1197;0;-0.15;0.21;0.06;176;0.13;0.02;0.35;0.2;0.06;1.68;0.34;3.53;2.1;0.69
27/08/24   ;10:00;0.51;13.4;28.3;0.51;1200;0;-0.15;0.18;0.05;191;0.12;0.01;0.28;0.18;0.05;1.57;0.35;3.05;1.81;0.55
27/08/24   ;11:00;0.56;13.4;28.1;0.56;1196;0;-0.16;0.17;0.05;185;0.12;0.02;0.28;0.17;0.05;1.6;0.46;3.9;1.93;0.67
27/08/24   ;12:00;0.61;13.4;28.1;0.61;1200;0;-0.18;0.21;0.05;190;0.12;0.02;0.36;0.19;0.06;1.57;0.43;3.59;1.9;0.57
27/08/24   ;13:00;0.64;13.3;28.2;0.64;1192;0;-0.16;0.18;0.05;191;0.12;0.02;0.34;0.18;0.06;1.55;0.38;3.81;1.88;0.59
27/08/24   ;14:00;0.67;13.3;28.2;0.67;1197;0;-0.18;0.21;0.05;177;0.13;0.01;0.38;0.19;0.06;1.68;0.33;3.46;2.09;0.67
27/08/24   ;15:00;0.66;13.4;28.2;0.66;1199;0;-0.19;0.2;0.06;178;0.13;0.02;0.38;0.2;0.07;1.66;0.34;3.51;2.01;0.65
27/08/24   ;16:00;0.62;13.3;28.3;0.62;1200;0;-0.17;0.17;0.05;171;0.13;0.02;0.28;0.19;0.06;1.74;0.28;3.88;2.17;0.72
27/08/24   ;17:00;0.57;13.3;28.3;0.57;1195;0;-0.16;0.26;0.05;175;0.13;0.01;0.37;0.19;0.06;1.69;0.43;4.02;1.85;0.62
27/08/24   ;18:00;0.52;13.3;28.3;0.52;1197;0;-0.17;0.16;0.05;165;0.13;0.01;0.29;0.2;0.06;1.79;0.47;3.52;2.13;0.67
27/08/24   ;19:00;0.46;13.3;28.4;0.46;1197;0;-0.14;0.18;0.05;145;0.13;0.02;0.31;0.21;0.06;2.05;0.48;3.97;2.56;0.86
27/08/24   ;20:00;0.39;13.3;28.3;0.39;1197;0;-0.13;0.2;0.05;164;0.12;0.01;0.3;0.18;0.06;1.82;0.48;3.92;2.13;0.72
27/08/24   ;21:00;0.32;13.3;28.2;0.32;1197;0;-0.11;0.13;0.04;152;0.09;0.01;0.23;0.14;0.04;1.95;0.37;4.01;2.41;0.78
27/08/24   ;22:00;0.25;13.4;28.1;0.25;1201;0;-0.12;0.13;0.04;164;0.09;0.01;0.22;0.14;0.04;1.8;0.44;3.94;2.23;0.7
27/08/24   ;23:00;0.18;13.3;28;0.18;1199;0;-0.16;0.14;0.04;155;0.1;0.02;0.27;0.16;0.05;1.92;0.26;4.09;2.38;0.71
28/08/24   ;00:00;0.12;13.3;27.9;0.12;1200;0;-0.11;0.11;0.03;149;0.08;0.01;0.21;0.13;0.04;2.01;0.43;3.69;2.36;0.73
28/08/24   ;01:00;0.08;13.3;27.8;0.08;1198;0;-0.12;0.15;0.03;142;0.08;0.01;0.24;0.13;0.05;2.08;0.27;4.23;2.61;0.81
28/08/24   ;02:00;0.07;13.4;27.9;0.07;1210;0;-0.09;0.09;0.02;172;0.05;0;0.17;0.08;0.03;1.75;0.28;3.78;2.25;0.75
28/08/24   ;03:00;0.11;13.4;28.1;0.1;1191;0;-0.07;0.09;0.02;144;0.05;0.01;0.16;0.08;0.03;2.05;0.29;5.1;2.74;1.03
28/08/24   ;04:00;0.17;13.4;28.3;0.17;1198;0;-0.09;0.09;0.03;139;0.06;0.01;0.17;0.11;0.04;2.14;0.61;4.04;2.8;0.9
28/08/24   ;05:00;0.25;13.3;28.3;0.26;1199;0;-0.1;0.09;0.03;162;0.07;0.01;0.17;0.1;0.03;1.84;0.28;3.84;2.31;0.73
28/08/24   ;06:00;0.35;13.4;28.1;0.35;1203;0;-0.12;0.13;0.04;165;0.09;0.02;0.25;0.13;0.04;1.81;0.33;3.79;2.26;0.79
28/08/24   ;07:00;0.44;13.4;28;0.44;1200;0;-0.13;0.12;0.04;187;0.1;0.02;0.22;0.15;0.04;1.59;0.43;3.87;1.91;0.61
28/08/24   ;08:00;0.5;13.4;28;0.51;1198;0;-0.12;0.18;0.05;178;0.12;0.02;0.27;0.18;0.05;1.67;0.45;3.42;1.95;0.57
28/08/24   ;09:00;0.56;13.4;28;0.56;1199;0;-0.14;0.18;0.05;186;0.12;0.01;0.27;0.18;0.05;1.59;0.33;3.08;1.78;0.53
28/08/24   ;10:00;0.59;13.4;28;0.59;1196;0;-0.13;0.22;0.05;189;0.12;0.01;0.34;0.19;0.06;1.57;0.36;3.45;1.93;0.62
28/08/24   ;11:00;0.59;13.3;28;0.59;1198;0;-0.15;0.2;0.05;171;0.13;0.01;0.32;0.2;0.06;1.74;0.34;3.77;2.17;0.72
28/08/24   ;12:00;0.57;13.3;28.1;0.57;1200;0;-0.16;0.14;0.05;188;0.12;0.01;0.29;0.18;0.05;1.58;0.26;3.55;1.86;0.53
28/08/24   ;13:00;0.54;13.4;28.2;0.54;1200;0;-0.16;0.15;0.05;176;0.11;0.02;0.32;0.17;0.06;1.69;0.35;4.26;2.03;0.65
28/08/24   ;14:00;0.52;13.4;28.3;0.52;1199;0;-0.15;0.16;0.05;185;0.12;0;0.3;0.18;0.05;1.61;0.33;4.48;1.87;0.62
28/08/24   ;15:00;0.52;13.3;28.5;0.52;1197;0;-0.13;0.15;0.05;188;0.11;0.01;0.26;0.17;0.05;1.58;0.26;3.59;1.95;0.58
28/08/24   ;16:00;0.53;13.3;28.5;0.53;1196;0;-0.17;0.22;0.05;178;0.12;0.01;0.39;0.18;0.06;1.67;0.3;4.03;2.09;0.73
28/08/24   ;17:00;0.55;13.3;28.4;0.55;1198;0;-0.17;0.18;0.05;182;0.12;0.01;0.31;0.18;0.06;1.63;0.37;3.52;1.84;0.56
28/08/24   ;18:00;0.57;13.3;28.3;0.57;1193;0;-0.14;0.17;0.05;171;0.12;0.01;0.29;0.18;0.05;1.73;0.37;3.76;2.08;0.65
28/08/24   ;19:00;0.57;13.4;28.2;0.57;1199;0;-0.15;0.18;0.05;180;0.11;0.01;0.27;0.16;0.05;1.66;0.29;3.62;1.98;0.67
28/08/24   ;20:00;0.54;13.3;28.3;0.54;1200;0;-0.13;0.18;0.05;178;0.11;0.01;0.25;0.17;0.05;1.68;0.31;3.87;2.1;0.64
28/08/24   ;21:00;0.48;13.3;28.4;0.48;1200;0;-0.14;0.16;0.05;161;0.12;0.01;0.28;0.18;0.06;1.85;0.44;3.56;2.3;0.71
28/08/24   ;22:00;0.38;13.3;28.4;0.38;1199;0;-0.14;0.17;0.04;158;0.1;0.01;0.31;0.16;0.05;1.89;0.28;3.9;2.44;0.81
28/08/24   ;23:00;0.27;13.4;28.2;0.27;1200;0;-0.15;0.15;0.05;166;0.12;0.01;0.26;0.18;0.05;1.8;0.28;4;2.22;0.68
29/08/24   ;00:00;0.16;13.3;28.1;0.16;1199;0;-0.1;0.14;0.04;146;0.1;0.02;0.2;0.14;0.04;2.05;0.55;4.46;2.45;0.77
29/08/24   ;01:00;0.05;13.3;28;0.05;1200;0;-0.1;0.13;0.03;141;0.08;0.02;0.2;0.13;0.04;2.11;0.31;4.71;2.78;0.89
29/08/24   ;02:00;-0.02;13.3;27.9;-0.02;1200;0;-0.08;0.08;0.02;180;0.06;0.01;0.16;0.09;0.03;1.66;0.3;3.42;1.92;0.54
29/08/24   ;03:00;-0.04;13.3;27.8;-0.04;1200;0;-0.08;0.08;0.02;175;0.06;0.01;0.14;0.09;0.03;1.7;0.31;4.6;1.96;0.66
29/08/24   ;04:00;0.03;13.4;28.1;0.03;1200;0;-0.11;0.12;0.03;142;0.08;0.01;0.2;0.12;0.04;2.09;0.37;4.37;2.63;0.87
29/08/24   ;05:00;0.16;13.4;28.4;0.16;1193;0;-0.11;0.13;0.04;167;0.09;0.02;0.19;0.13;0.04;1.75;0.62;3.5;1.93;0.62
29/08/24   ;06:00;0.31;13.3;28.2;0.31;1200;0;-0.14;0.17;0.04;177;0.1;0.01;0.31;0.16;0.05;1.67;0.3;3.6;2.12;0.69
29/08/24   ;07:00;0.44;13.3;28.3;0.44;1193;0;-0.17;0.19;0.05;176;0.11;0.02;0.36;0.18;0.06;1.69;0.34;4.96;1.96;0.65
29/08/24   ;08:00;0.54;13.4;28.2;0.55;1200;0;-0.12;0.16;0.04;188;0.11;0.02;0.25;0.17;0.05;1.59;0.31;3.32;1.79;0.62
29/08/24   ;09:00;0.61;13.4;28.3;0.62;1200;0;-0.14;0.16;0.05;182;0.13;0.02;0.26;0.19;0.06;1.64;0.27;3.31;1.88;0.63
29/08/24   ;10:00;0.65;13.4;28.2;0.65;1196;0;-0.16;0.15;0.05;186;0.12;0.01;0.25;0.18;0.05;1.59;0.3;3.93;1.99;0.64
29/08/24   ;11:00;0.62;13.4;28.4;0.62;1200;0;-0.15;0.19;0.05;171;0.12;0.02;0.3;0.19;0.06;1.73;0.35;4.49;2.05;0.74
29/08/24   ;12:00;0.55;13.3;28.5;0.55;1198;0;-0.13;0.21;0.05;171;0.12;0.01;0.32;0.18;0.06;1.74;0.37;3.88;2.05;0.69
29/08/24   ;13:00;0.46;13.3;28.6;0.46;1198;0;-0.15;0.2;0.05;189;0.11;0.02;0.32;0.18;0.06;1.58;0.28;3.86;1.94;0.65
29/08/24   ;14:00;0.41;13.4;28.6;0.41;1195;0;-0.17;0.21;0.05;172;0.12;0.02;0.31;0.2;0.06;1.72;0.36;3.34;1.96;0.64
29/08/24   ;15:00;0.39;13.4;28.7;0.39;1200;0;-0.15;0.18;0.05;171;0.12;0.02;0.29;0.18;0.05;1.74;0.34;3.87;2.2;0.7
29/08/24   ;16:00;0.41;13.4;28.7;0.41;1200;0;-0.15;0.2;0.05;164;0.13;0.02;0.33;0.19;0.06;1.82;0.55;3.85;2.25;0.74
29/08/24   ;17:00;0.49;13.3;28.6;0.49;1198;0;-0.15;0.19;0.05;184;0.11;0.02;0.34;0.17;0.05;1.62;0.52;3.53;1.99;0.61
29/08/24   ;18:00;0.56;13.3;28.6;0.56;1200;0;-0.16;0.18;0.05;185;0.12;0.02;0.33;0.19;0.06;1.61;0.26;3.08;1.97;0.61
29/08/24   ;19:00;0.62;13.4;28.6;0.62;1200;0;-0.18;0.24;0.06;172;0.14;0.03;0.39;0.22;0.07;1.73;0.38;3.49;2.14;0.68
29/08/24   ;20:00;0.63;13.4;28.8;0.64;1200;0;-0.2;0.24;0.06;178;0.14;0.01;0.39;0.22;0.07;1.67;0.38;3.3;2;0.67
29/08/24   ;21:00;0.61;13.3;28.7;0.61;1200;0;-0.17;0.16;0.05;169;0.11;0.01;0.27;0.17;0.06;1.76;0.31;3.78;2.19;0.69
29/08/24   ;22:00;0.53;13.3;28.5;0.53;1200;0;-0.17;0.2;0.05;163;0.13;0.01;0.28;0.2;0.06;1.83;0.35;3.82;2.24;0.74
29/08/24   ;23:00;0.39;13.3;28.5;0.39;1200;0;-0.14;0.19;0.05;153;0.11;0.02;0.27;0.17;0.05;1.94;0.57;3.82;2.46;0.8
30/08/24   ;00:00;0.24;13.3;28.5;0.24;1197;0;-0.17;0.21;0.06;143;0.14;0.01;0.38;0.22;0.07;2.08;0.54;4.69;2.61;0.86
30/08/24   ;01:00;0.08;13.3;28.3;0.08;1195;0;-0.12;0.11;0.04;154;0.09;0.02;0.22;0.14;0.04;1.92;0.4;4.55;2.34;0.76
30/08/24   ;02:00;-0.04;13.3;28.2;-0.04;1195;0;-0.12;0.15;0.03;172;0.06;0.01;0.24;0.1;0.04;1.72;0.43;3.84;2.05;0.67
30/08/24   ;03:00;-0.12;13.3;28.2;-0.12;1197;0;-0.06;0.06;0.02;180;0.05;0.01;0.11;0.07;0.02;1.65;0.35;3.71;1.77;0.55
30/08/24   ;04:00;-0.11;13.3;28.1;-0.11;1200;0;-0.07;0.06;0.02;151;0.05;0;0.13;0.08;0.02;1.97;0.35;4.42;2.42;0.8
30/08/24   ;05:00;0.03;13.3;28.7;0.03;1180;0;-0.08;0.1;0.03;176;0.07;0.01;0.17;0.11;0.03;1.66;0.35;3.35;1.92;0.63
30/08/24   ;06:00;0.21;13.3;28.6;0.21;1199;0;-0.18;0.17;0.05;175;0.11;0.02;0.32;0.17;0.05;1.7;0.33;3.98;2.13;0.64
30/08/24   ;07:00;0.4;13.3;28.6;0.4;1200;0;-0.19;0.25;0.05;175;0.13;0.02;0.39;0.2;0.06;1.7;0.32;3.67;2.03;0.64
30/08/24   ;08:00;0.56;13.3;28.6;0.56;1206;0;-0.22;0.24;0.06;179;0.14;0.02;0.36;0.2;0.06;1.67;0.42;3.67;1.96;0.59
30/08/24   ;09:00;0.65;13.4;28.6;0.65;1196;0;-0.16;0.15;0.05;194;0.12;0.01;0.29;0.18;0.05;1.53;0.29;3.46;1.83;0.58
30/08/24   ;10:00;0.68;13.4;28.3;0.68;1196;0;-0.17;0.22;0.06;181;0.14;0.02;0.34;0.21;0.07;1.64;0.35;4;2.03;0.71
30/08/24   ;11:00;0.64;13.4;28.5;0.64;1200;0;-0.16;0.18;0.05;170;0.13;0.02;0.34;0.19;0.06;1.75;0.29;3.66;2.25;0.72
30/08/24   ;12:00;0.53;13.4;28.7;0.53;1200;0;-0.19;0.25;0.06;163;0.14;0.02;0.34;0.21;0.06;1.83;0.47;3.56;2;0.56
30/08/24   ;13:00;0.41;13.3;28.9;0.41;1199;0;-0.17;0.18;0.05;168;0.13;0.01;0.31;0.2;0.06;1.77;0.37;3.87;2.13;0.68
30/08/24   ;14:00;0.32;13.3;28.9;0.32;1200;0;-0.14;0.13;0.04;175;0.1;0.01;0.25;0.16;0.05;1.7;0.28;3.79;2.23;0.75
30/08/24   ;15:00;0.27;13.4;29;0.27;1199;0;-0.13;0.14;0.05;178;0.11;0.01;0.25;0.17;0.05;1.68;0.4;3.67;2.18;0.7
30/08/24   ;16:00;0.3;13.4;29;0.3;1200;0;-0.18;0.18;0.06;170;0.14;0;0.36;0.21;0.07;1.75;0.37;3.6;2.09;0.67
30/08/24   ;17:00;0.39;13.3;28.9;0.39;1199;0;-0.14;0.2;0.05;182;0.12;0.02;0.32;0.19;0.06;1.64;0.4;3.56;1.86;0.62
30/08/24   ;18:00;0.5;13.3;29.1;0.5;1195;0;-0.16;0.2;0.05;179;0.13;0.02;0.32;0.19;0.06;1.66;0.36;3.13;1.96;0.62
30/08/24   ;19:00;0.6;13.4;29;0.6;1200;0;-0.18;0.24;0.07;168;0.16;0.02;0.38;0.24;0.08;1.78;0.31;3.87;2.24;0.71
30/08/24   ;20:00;0.66;13.4;28.9;0.66;1200;0;-0.21;0.24;0.06;174;0.14;0.01;0.4;0.23;0.08;1.71;0.28;3.57;2.04;0.64
30/08/24   ;21:00;0.67;13.3;28.8;0.67;1196;0;-0.18;0.23;0.06;157;0.15;0.01;0.31;0.23;0.07;1.88;0.33;4.67;2.33;0.82
30/08/24   ;22:00;0.61;13.3;28.8;0.61;1200;0;-0.17;0.16;0.06;155;0.14;0.02;0.3;0.21;0.06;1.92;0.52;3.81;2.41;0.71
30/08/24   ;23:00;0.47;13.4;28.8;0.47;1196;0;-0.16;0.2;0.05;157;0.13;0.01;0.33;0.21;0.06;1.88;0.28;3.7;2.22;0.69
31/08/24   ;00:00;0.3;13.4;28.8;0.29;1200;0;-0.19;0.21;0.05;148;0.13;0.02;0.36;0.2;0.06;2.02;0.56;4.65;2.48;0.8
31/08/24   ;01:00;0.11;13.4;28.6;0.11;1197;0;-0.15;0.17;0.05;143;0.13;0.02;0.3;0.19;0.06;2.08;0.66;4.1;2.49;0.73
31/08/24   ;02:00;-0.06;13.3;28.5;-0.06;1200;0;-0.16;0.18;0.04;143;0.1;0.01;0.32;0.16;0.05;2.08;0.36;4.49;2.6;0.84
31/08/24   ;03:00;-0.16;13.3;28.5;-0.16;1200;0;-0.13;0.14;0.03;169;0.07;0;0.22;0.11;0.04;1.75;0.35;3.62;2.12;0.67
31/08/24   ;04:00;-0.15;13.4;28.4;-0.15;1197;0;-0.11;0.12;0.03;155;0.07;0.01;0.23;0.12;0.04;1.91;0.27;3.94;2.41;0.76
31/08/24   ;05:00;-0.02;13.3;28.7;-0.02;1200;0;-0.11;0.09;0.03;179;0.06;0.01;0.19;0.09;0.03;1.67;0.38;3.38;2.15;0.7
31/08/24   ;06:00;0.17;13.3;28.9;0.17;1200;0;-0.14;0.21;0.05;172;0.11;0;0.29;0.18;0.06;1.74;0.38;3.9;2.11;0.75
31/08/24   ;07:00;0.36;13.3;28.8;0.36;1196;0;-0.18;0.21;0.06;182;0.14;0.02;0.32;0.22;0.07;1.63;0.33;3.09;1.81;0.57
31/08/24   ;08:00;0.51;13.3;28.8;0.51;1195;0;-0.18;0.24;0.05;184;0.12;0.02;0.42;0.18;0.05;1.61;0.28;3.45;1.77;0.54
31/08/24   ;09:00;0.63;13.3;28.8;0.63;1195;0;-0.14;0.19;0.05;184;0.11;0.01;0.26;0.17;0.05;1.61;0.34;3.58;1.9;0.64
31/08/24   ;10:00;0.69;13.3;28.5;0.69;1192;0;-0.14;0.17;0.05;185;0.11;0.02;0.28;0.18;0.05;1.6;0.35;4.28;2.05;0.68
31/08/24   ;11:00;0.68;13.4;28.6;0.67;1200;0;-0.19;0.16;0.06;153;0.14;0.01;0.33;0.21;0.06;1.95;0.49;3.87;2.46;0.83
31/08/24   ;12:00;0.57;13.3;28.8;0.57;1199;0;-0.14;0.16;0.05;180;0.11;0.01;0.24;0.17;0.05;1.65;0.3;3.92;2.02;0.65
31/08/24   ;13:00;0.43;13.3;29;0.43;1197;0;-0.15;0.18;0.05;166;0.12;0.01;0.27;0.19;0.06;1.79;0.31;3.96;2.18;0.76
31/08/24   ;14:00;0.3;13.3;29.1;0.3;1200;0;-0.16;0.15;0.05;159;0.12;0.02;0.3;0.18;0.05;1.87;0.4;4.65;2.25;0.68
31/08/24   ;15:00;0.21;13.3;29.1;0.21;1198;0;-0.16;0.21;0.05;171;0.12;0.01;0.33;0.19;0.06;1.74;0.34;3.7;2.13;0.72
31/08/24   ;16:00;0.19;13.4;29.1;0.18;1198;0;-0.14;0.16;0.05;179;0.11;0.01;0.3;0.18;0.05;1.66;0.3;3.93;2.02;0.63
31/08/24   ;17:00;0.26;13.4;29.1;0.26;1199;0;-0.17;0.22;0.06;163;0.14;0.02;0.38;0.21;0.07;1.82;0.44;3.81;2.1;0.7
31/08/24   ;18:00;0.39;13.3;29.3;0.38;1200;0;-0.18;0.2;0.06;181;0.13;0.01;0.33;0.2;0.06;1.65;0.5;3.26;1.96;0.57
31/08/24   ;19:00;0.53;13.3;29.1;0.53;1200;0;-0.22;0.25;0.06;178;0.14;0.02;0.48;0.21;0.07;1.66;0.27;3.79;1.95;0.62
31/08/24   ;20:00;0.63;13.4;29;0.63;1196;0;-0.18;0.23;0.06;180;0.15;0.01;0.32;0.22;0.07;1.65;0.42;3.23;1.96;0.63
31/08/24   ;21:00;0.67;13.4;28.9;0.67;1199;0;-0.14;0.16;0.04;176;0.11;0.02;0.26;0.16;0.05;1.7;0.36;3.62;2.07;0.67
31/08/24   ;22:00;0.64;13.3;28.9;0.64;1200;0;-0.15;0.22;0.05;170;0.12;0;0.36;0.19;0.06;1.75;0.34;4.15;2.15;0.68
31/08/24   ;23:00;0.52;13.3;28.9;0.52;1197;0;-0.17;0.19;0.05;161;0.11;0.02;0.35;0.18;0.06;1.85;0.38;4.42;2.32;0.72
01/09/24   ;00:00;0.35;13.4;28.9;0.35;1197;0;-0.17;0.18;0.05;153;0.13;0.02;0.3;0.19;0.06;1.94;0.55;3.96;2.27;0.71
01/09/24   ;01:00;0.18;13.4;28.9;0.18;1200;0;-0.14;0.17;0.05;142;0.11;0.01;0.23;0.17;0.05;2.1;0.36;4.27;2.63;0.8
01/09/24   ;02:00;0;13.4;28.7;0;1200;0;-0.15;0.17;0.05;157;0.11;0.01;0.31;0.18;0.06;1.9;0.36;4.4;2.35;0.74
01/09/24   ;03:00;-0.13;13.3;28.7;-0.13;1200;0;-0.12;0.13;0.04;160;0.09;0.02;0.21;0.14;0.04;1.86;0.64;3.74;2.05;0.57
01/09/24   ;04:00;-0.19;13.3;28.5;-0.19;1197;0;-0.1;0.08;0.03;142;0.07;0;0.15;0.11;0.03;2.09;0.4;4.3;2.88;0.92
01/09/24   ;05:00;-0.12;13.4;28.6;-0.12;1200;0;-0.16;0.18;0.04;149;0.09;0.01;0.31;0.14;0.05;1.99;0.34;3.9;2.26;0.84
01/09/24   ;06:00;0.06;13.4;29.1;0.05;1200;0;-0.11;0.18;0.04;186;0.08;0.01;0.28;0.13;0.04;1.6;0.38;3.55;2;0.65
01/09/24   ;07:00;0.27;13.3;28.9;0.27;1200;0;-0.14;0.17;0.04;177;0.11;0.01;0.29;0.16;0.05;1.68;0.32;3.77;2.02;0.67
01/09/24   ;08:00;0.45;13.3;28.9;0.46;1194;0;-0.17;0.19;0.05;183;0.12;0.02;0.3;0.18;0.06;1.61;0.32;3.42;1.94;0.6
01/09/24   ;09:00;0.6;13.3;28.8;0.6;1199;0;-0.18;0.23;0.05;183;0.13;0.02;0.29;0.19;0.05;1.63;0.34;4.03;1.92;0.58
01/09/24   ;10:00;0.7;13.3;28.5;0.7;1198;0;-0.15;0.24;0.05;178;0.13;0.02;0.38;0.19;0.05;1.67;0.33;4.13;1.99;0.64
01/09/24   ;11:00;0.71;13.3;28.4;0.71;1198;0;-0.15;0.17;0.05;187;0.11;0.02;0.28;0.17;0.05;1.58;0.35;3.04;1.82;0.51
01/09/24   ;12:00;0.63;13.4;28.7;0.63;1195;0;-0.17;0.15;0.05;183;0.11;0.01;0.31;0.17;0.05;1.63;0.34;3.51;1.97;0.63
01/09/24   ;13:00;0.48;13.4;29;0.48;1200;0;-0.12;0.19;0.05;162;0.11;0.01;0.31;0.17;0.05;1.83;0.32;3.53;2.08;0.61
01/09/24   ;14:00;0.32;13.3;29.2;0.32;1197;0;-0.1;0.11;0.03;174;0.07;0.01;0.18;0.11;0.03;1.71;0.32;3.81;2.13;0.69
01/09/24   ;15:00;0.19;13.3;29.2;0.19;1189;0;-0.09;0.1;0.03;158;0.07;0.01;0.16;0.1;0.03;1.87;0.31;4.25;2.29;0.72
01/09/24   ;16:00;0.13;13.3;29.2;0.13;1200;0;-0.08;0.1;0.03;172;0.06;0;0.15;0.1;0.03;1.74;0.36;3.23;2.17;0.63
01/09/24   ;17:00;0.17;13.4;29.2;0.17;1192;0;-0.11;0.13;0.03;169;0.07;0.01;0.24;0.12;0.04;1.75;0.39;3.7;2.05;0.67
01/09/24   ;18:00;0.29;13.3;29.3;0.3;1200;0;-0.13;0.14;0.04;178;0.1;0.01;0.23;0.15;0.04;1.68;0.43;3.86;2.09;0.64
01/09/24   ;19:00;0.45;13.3;29.2;0.45;1199;0;-0.2;0.27;0.07;171;0.16;0.04;0.44;0.25;0.08;1.74;0.4;3.82;2.09;0.71
01/09/24   ;20:00;0.59;13.4;29.1;0.59;1200;0;-0.19;0.26;0.07;168;0.17;0.03;0.39;0.26;0.08;1.78;0.4;4.21;2.11;0.73
01/09/24   ;21:00;0.68;13.4;29;0.68;1200;0;-0.18;0.16;0.05;183;0.12;0.01;0.32;0.18;0.06;1.62;0.38;3.97;1.93;0.63
01/09/24   ;22:00;0.71;13.3;28.8;0.71;1200;0;-0.21;0.28;0.06;177;0.14;0.03;0.39;0.22;0.07;1.67;0.32;3.62;2.03;0.65
01/09/24   ;23:00;0.66;13.3;28.8;0.65;1200;0;-0.17;0.22;0.06;170;0.14;0.02;0.38;0.22;0.07;1.76;0.52;3.78;2.05;0.6
02/09/24   ;00:00;0.5;13.4;28.9;0.5;1197;0;-0.21;0.23;0.06;154;0.15;0.02;0.38;0.24;0.08;1.93;0.43;3.81;2.28;0.69
02/09/24   ;01:00;0.31;13.4;28.9;0.31;1200;0;-0.14;0.16;0.04;145;0.1;0.01;0.27;0.16;0.05;2.04;0.27;4.46;2.5;0.81
02/09/24   ;02:00;0.12;13.4;29;0.12;1180;0;-0.16;0.2;0.04;153;0.1;0.01;0.32;0.17;0.06;1.91;0.38;3.83;2.33;0.72
02/09/24   ;03:00;-0.05;13.3;28.7;-0.05;1198;0;-0.12;0.13;0.03;166;0.08;0.01;0.22;0.12;0.04;1.79;0.41;4.42;2.1;0.62
02/09/24   ;04:00;-0.15;13.3;28.6;-0.15;1200;0;-0.11;0.14;0.04;163;0.09;0.01;0.25;0.14;0.05;1.82;0.32;4.21;2.15;0.76
02/09/24   ;05:00;-0.14;13.4;28.5;-0.14;1200;0;-0.14;0.14;0.03;162;0.07;0.01;0.24;0.11;0.04;1.84;0.31;4.3;2.13;0.75
02/09/24   ;06:00;0;13.4;28.8;0;1198;0;-0.17;0.19;0.05;165;0.11;0.02;0.35;0.18;0.06;1.79;0.28;3.65;2.28;0.75
02/09/24   ;07:00;0.22;13.4;28.9;0.22;1197;0;-0.16;0.18;0.04;189;0.1;0.01;0.31;0.16;0.05;1.57;0.28;3.79;2.03;0.65
02/09/24   ;08:00;0.42;13.4;28.8;0.42;1200;0;-0.18;0.21;0.06;180;0.14;0.02;0.34;0.21;0.06;1.64;0.3;3.97;1.92;0.61
02/09/24   ;09:00;0.59;13.3;28.7;0.59;1199;0;-0.14;0.16;0.05;193;0.12;0.02;0.28;0.17;0.05;1.54;0.6;3.27;1.72;0.54
02/09/24   ;10:00;0.72;13.3;28.6;0.72;1197;0;-0.16;0.18;0.05;198;0.12;0.01;0.32;0.19;0.06;1.5;0.35;3.32;1.69;0.54
02/09/24   ;11:00;0.75;13.4;28.1;0.75;1200;0;-0.16;0.22;0.06;173;0.14;0.02;0.33;0.21;0.06;1.72;0.44;3.41;2.14;0.67
02/09/24   ;12:00;0.7;13.4;28.3;0.7;1200;0;-0.17;0.21;0.05;177;0.13;0.01;0.34;0.19;0.06;1.68;0.32;3.73;2.01;0.63
02/09/24   ;13:00;0.57;13.4;28.7;0.57;1192;0;-0.15;0.2;0.05;168;0.12;0.01;0.32;0.18;0.05;1.76;0.43;4.68;2.03;0.7
02/09/24   ;14:00;0.41;13.4;28.9;0.4;1199;0;-0.18;0.17;0.05;173;0.12;0.01;0.35;0.18;0.05;1.73;0.32;4.06;2.06;0.63
02/09/24   ;15:00;0.26;13.3;29;0.26;1200;0;-0.12;0.17;0.04;175;0.1;0.01;0.28;0.15;0.05;1.7;0.33;3.89;2.01;0.67
02/09/24   ;16:00;0.16;13.3;29;0.16;1195;0;-0.16;0.19;0.05;179;0.12;0.01;0.29;0.18;0.05;1.65;0.35;3.44;1.96;0.6
02/09/24   ;17:00;0.14;13.3;28.9;0.14;1199;0;-0.19;0.22;0.05;174;0.12;0.01;0.38;0.19;0.06;1.71;0.33;4.38;2.17;0.68
02/09/24   ;18:00;0.23;13.3;28.8;0.23;1200;0;-0.16;0.18;0.05;168;0.13;0.02;0.3;0.19;0.06;1.77;0.37;3.83;2.14;0.68
02/09/24   ;19:00;0.37;13.3;29.1;0.37;1197;0;-0.17;0.19;0.06;175;0.14;0.02;0.32;0.21;0.06;1.69;0.56;3.05;1.94;0.57
02/09/24   ;20:00;0.54;13.3;28.8;0.54;1200;0;-0.18;0.2;0.05;174;0.13;0.03;0.37;0.19;0.06;1.71;0.35;3.64;2.16;0.64
02/09/24   ;21:00;0.68;13.3;28.6;0.68;1200;0;-0.18;0.22;0.05;184;0.13;0.02;0.37;0.2;0.06;1.62;0.34;4.13;1.99;0.64
02/09/24   ;22:00;0.74;13.3;28.5;0.75;1194;0;-0.15;0.18;0.05;180;0.12;0.02;0.31;0.18;0.05;1.65;0.48;3.64;2.03;0.64
02/09/24   ;23:00;0.73;13.4;28.4;0.73;1198;0;-0.16;0.17;0.05;162;0.12;0.01;0.29;0.18;0.06;1.83;0.34;4.24;2.17;0.64
03/09/24   ;00:00;0.61;13.3;28.5;0.61;1195;0;-0.14;0.18;0.05;155;0.12;0.01;0.3;0.19;0.06;1.9;0.32;3.58;2.35;0.74
03/09/24   ;01:00;0.41;13.3;28.5;0.41;1200;0;-0.17;0.18;0.04;160;0.1;0;0.28;0.16;0.05;1.85;0.33;3.85;2.14;0.63
03/09/24   ;02:00;0.18;13.3;28.5;0.18;1198;0;-0.12;0.12;0.04;153;0.08;0;0.23;0.13;0.04;1.94;0.28;3.72;2.32;0.75
03/09/24   ;03:00;-0.01;13.4;28.3;-0.01;1200;0;-0.07;0.11;0.02;173;0.06;0.01;0.17;0.09;0.03;1.72;0.3;4.59;2.11;0.71
03/09/24   ;04:00;-0.16;13.4;28.2;-0.16;1200;0;-0.08;0.07;0.02;156;0.06;0.01;0.14;0.09;0.03;1.89;0.34;4.01;2.43;0.83
03/09/24   ;05:00;-0.2;13.4;28.1;-0.2;1196;0;-0.14;0.16;0.04;163;0.09;0.01;0.27;0.15;0.05;1.82;0.36;3.86;2.26;0.67
03/09/24   ;06:00;-0.09;13.3;28.3;-0.09;1200;0;-0.18;0.27;0.05;166;0.12;0;0.36;0.19;0.07;1.79;0.35;3.79;2.37;0.77
03/09/24   ;07:00;0.11;13.4;28.4;0.12;1199;0;-0.16;0.2;0.05;189;0.11;0.02;0.31;0.18;0.05;1.57;0.45;4.39;1.81;0.59
03/09/24   ;08:00;0.33;13.4;28.2;0.33;1196;0;-0.12;0.17;0.05;186;0.11;0.01;0.27;0.17;0.05;1.6;0.36;3.43;1.79;0.56
03/09/24   ;09:00;0.5;13.4;28.2;0.5;1199;0;-0.17;0.24;0.05;187;0.12;0.02;0.38;0.19;0.06;1.6;0.36;3.23;1.92;0.6
03/09/24   ;10:00;0.66;13.4;28;0.66;1200;0;-0.15;0.16;0.05;190;0.13;0.02;0.25;0.19;0.05;1.56;0.43;3.35;1.66;0.56
03/09/24   ;11:00;0.74;13.4;27.7;0.74;1194;0;-0.17;0.19;0.05;182;0.12;0.03;0.35;0.19;0.06;1.63;0.36;3.96;1.91;0.6
03/09/24   ;12:00;0.73;13.3;27.9;0.73;1200;0;-0.18;0.22;0.06;170;0.14;0.02;0.37;0.21;0.07;1.76;0.4;3.84;2.2;0.68
03/09/24   ;13:00;0.62;13.3;28.1;0.62;1198;0;-0.14;0.15;0.04;177;0.1;0.01;0.25;0.16;0.05;1.68;0.33;3.77;1.98;0.65
03/09/24   ;14:00;0.47;13.4;28.5;0.47;1200;0;-0.14;0.16;0.04;171;0.11;0.01;0.3;0.17;0.05;1.74;0.32;3.73;2.24;0.78
03/09/24   ;15:00;0.3;13.4;28.6;0.3;1200;0;-0.15;0.2;0.05;171;0.12;0.01;0.31;0.19;0.06;1.74;0.32;4.53;2.05;0.71
03/09/24   ;16:00;0.16;13.4;28.6;0.17;1195;0;-0.16;0.17;0.05;171;0.12;0.01;0.26;0.19;0.06;1.74;0.28;3.64;2.17;0.7
03/09/24   ;17:00;0.12;13.3;28.6;0.12;1193;0;-0.17;0.19;0.05;171;0.12;0.01;0.31;0.18;0.06;1.73;0.38;3.84;2.17;0.69
03/09/24   ;18:00;0.18;13.3;28.6;0.18;1200;0;-0.19;0.22;0.06;163;0.16;0.02;0.41;0.24;0.07;1.83;0.37;3.88;2.1;0.7
03/09/24   ;19:00;0.31;13.3;28.7;0.32;1198;0;-0.15;0.17;0.05;185;0.13;0.02;0.28;0.19;0.06;1.62;0.34;3.37;1.86;0.59
03/09/24   ;20:00;0.48;13.3;28.6;0.48;1195;0;-0.14;0.2;0.05;192;0.12;0.02;0.29;0.19;0.06;1.55;0.38;3.14;1.84;0.54
03/09/24   ;21:00;0.61;13.3;28.3;0.61;1200;0;-0.22;0.18;0.06;190;0.13;0.02;0.34;0.2;0.06;1.57;0.36;3.15;1.89;0.54
03/09/24   ;22:00;0.69;13.3;28.3;0.69;1199;0;-0.17;0.2;0.05;170;0.13;0.01;0.34;0.2;0.06;1.75;0.35;4.13;2.09;0.71
03/09/24   ;23:00;0.68;13.3;28.2;0.68;1198;0;-0.13;0.17;0.05;175;0.12;0.01;0.28;0.19;0.06;1.7;0.34;3.78;2.11;0.66
04/09/24   ;00:00;0.6;13.3;28.2;0.59;1189;0;-0.19;0.19;0.05;162;0.1;0.02;0.35;0.16;0.06;1.82;0.34;3.57;2.36;0.75
04/09/24   ;01:00;0.43;13.3;28.2;0.43;1200;0;-0.14;0.16;0.04;144;0.09;0.01;0.3;0.14;0.04;2.05;0.3;4.15;2.57;0.78
04/09/24   ;02:00;0.25;13.3;28.2;0.25;1200;0;-0.09;0.09;0.03;169;0.06;0.01;0.17;0.1;0.03;1.77;0.3;3.82;2.11;0.68
04/09/24   ;03:00;0.06;13.3;28.2;0.06;1197;0;-0.07;0.06;0.02;176;0.04;0;0.13;0.06;0.02;1.69;0.29;4.09;2.11;0.72
04/09/24   ;04:00;-0.08;13.4;28.1;-0.08;1200;0;-0.08;0.1;0.02;163;0.05;0.01;0.16;0.08;0.03;1.82;0.45;4.11;2.25;0.76
04/09/24   ;05:00;-0.15;13.3;28.1;-0.15;1199;0;-0.11;0.11;0.03;146;0.08;0;0.21;0.13;0.04;2.05;0.41;4.31;2.37;0.82
04/09/24   ;06:00;-0.11;13.4;28;-0.11;1200;0;-0.11;0.19;0.04;155;0.09;0.02;0.27;0.14;0.04;1.92;0.33;3.95;2.5;0.77
04/09/24   ;07:00;0.06;13.3;28.3;0.06;1200;0;-0.17;0.21;0.05;191;0.13;0.01;0.35;0.19;0.06;1.56;0.38;3.35;1.84;0.54
04/09/24   ;08:00;0.29;13.3;28.2;0.29;1198;0;-0.15;0.18;0.05;185;0.12;0.01;0.33;0.18;0.05;1.62;0.4;4;1.88;0.67
04/09/24   ;09:00;0.48;13.4;28.2;0.48;1199;0;-0.17;0.21;0.05;187;0.12;0.01;0.35;0.18;0.06;1.59;0.27;3.69;1.96;0.67
04/09/24   ;10:00;0.64;13.4;28;0.64;1200;0;-0.19;0.22;0.05;186;0.13;0.01;0.33;0.2;0.06;1.6;0.27;3.89;1.73;0.54
04/09/24   ;11:00;0.74;13.4;27.8;0.74;1195;0;-0.18;0.25;0.06;181;0.13;0.01;0.3;0.2;0.06;1.64;0.37;3.66;1.86;0.66
04/09/24   ;12:00;0.79;13.4;27.6;0.79;1197;0;-0.19;0.18;0.05;172;0.13;0.03;0.36;0.2;0.06;1.72;0.3;3.44;2.06;0.65
04/09/24   ;13:00;0.72;13.3;27.9;0.72;1200;0;-0.15;0.17;0.05;184;0.12;0.01;0.3;0.2;0.06;1.62;0.44;3.44;1.87;0.58
04/09/24   ;14:00;0.56;13.3;28.2;0.56;1200;0;-0.17;0.16;0.05;151;0.13;0.02;0.29;0.2;0.06;1.97;0.32;4.39;2.37;0.85
04/09/24   ;15:00;0.39;13.4;28.4;0.39;1200;0;-0.13;0.14;0.04;171;0.11;0.01;0.22;0.16;0.05;1.74;0.3;4.18;2;0.68
04/09/24   ;16:00;0.24;13.4;28.4;0.24;1199;0;-0.15;0.19;0.05;166;0.11;0.02;0.26;0.16;0.05;1.79;0.31;4.13;2.2;0.74
04/09/24   ;17:00;0.14;13.4;28.4;0.14;1199;0;-0.17;0.21;0.05;168;0.12;0.01;0.38;0.18;0.06;1.77;0.31;3.76;2.15;0.7
04/09/24   ;18:00;0.11;13.3;28.4;0.11;1200;0;-0.22;0.26;0.06;166;0.13;0.01;0.48;0.21;0.07;1.8;0.28;3.93;2.17;0.72
04/09/24   ;19:00;0.18;13.4;28.3;0.19;1199;0;-0.17;0.21;0.06;160;0.14;0.02;0.39;0.23;0.07;1.86;0.46;3.86;2.24;0.72
04/09/24   ;20:00;0.34;13.3;28.6;0.34;1198;0;-0.17;0.19;0.06;161;0.14;0.01;0.34;0.21;0.07;1.85;0.42;3.79;2.25;0.68
04/09/24   ;21:00;0.49;13.3;28.4;0.49;1200;0;-0.19;0.17;0.05;179;0.11;0.02;0.32;0.18;0.06;1.67;0.48;3.3;1.95;0.6
04/09/24   ;22:00;0.62;13.3;28.3;0.62;1199;0;-0.16;0.22;0.05;169;0.12;0.03;0.29;0.18;0.05;1.76;0.57;4.05;2.05;0.66
04/09/24   ;23:00;0.69;13.3;28.2;0.7;1197;0;-0.14;0.14;0.04;167;0.11;0.01;0.28;0.16;0.05;1.79;0.39;3.44;2.12;0.68
05/09/24   ;00:00;0.69;13.3;28.2;0.69;1200;0;-0.16;0.19;0.05;164;0.12;0.01;0.35;0.19;0.06;1.82;0.32;4.07;2.32;0.81
05/09/24   ;01:00;0.56;13.3;28.2;0.56;1195;0;-0.13;0.13;0.03;170;0.08;0.01;0.23;0.13;0.04;1.74;0.37;3.57;2.15;0.71
05/09/24   ;02:00;0.39;13.3;28.2;0.39;1200;0;-0.1;0.1;0.03;160;0.06;0.01;0.19;0.09;0.03;1.85;0.44;3.49;2.35;0.73
05/09/24   ;03:00;0.21;13.3;28.2;0.21;1199;0;-0.06;0.07;0.02;167;0.05;0.01;0.11;0.07;0.02;1.78;0.32;4.33;2.34;0.77
05/09/24   ;04:00;0.05;13.3;28.1;0.04;1197;0;-0.1;0.11;0.03;149;0.07;0;0.19;0.11;0.04;1.99;0.36;4.15;2.82;0.92
05/09/24   ;05:00;-0.05;13.3;28;-0.05;1200;0;-0.1;0.08;0.02;153;0.06;0.01;0.16;0.09;0.03;1.95;0.44;4.83;2.53;0.84
05/09/24   ;06:00;-0.04;13.3;27.9;-0.04;1181;0;-0.14;0.18;0.04;150;0.1;0.01;0.31;0.16;0.05;1.95;0.31;4.07;2.51;0.87
05/09/24   ;07:00;0.11;13.3;28.2;0.11;1195;0;-0.18;0.22;0.06;180;0.13;0.03;0.38;0.21;0.07;1.65;0.49;3.5;1.99;0.6
05/09/24   ;08:00;0.39;13.4;28.2;0.39;1194;0;-0.15;0.2;0.05;178;0.13;0.01;0.29;0.19;0.06;1.67;0.31;3.32;1.92;0.61
05/09/24   ;09:00;0.63;13.3;27.9;0.63;1196;0;-0.17;0.2;0.06;180;0.14;0.01;0.31;0.21;0.06;1.65;0.44;3.87;1.97;0.61
05/09/24   ;10:00;0.7;13.4;27.8;0.7;1200;0;-0.19;0.18;0.05;187;0.13;0.03;0.31;0.2;0.06;1.6;0.27;3.51;1.79;0.6
05/09/24   ;11:00;0.88;13.4;27.7;0.88;1199;0;-0.21;0.27;0.07;209;0.16;0;0.41;0.25;0.08;1.43;0.31;3.39;1.64;0.5
05/09/24   ;12:00;0.97;13.4;27.4;0.97;1197;0;-0.21;0.27;0.06;183;0.15;0.03;0.41;0.23;0.07;1.63;0.3;3.46;1.98;0.63
05/09/24   ;13:00;0.91;13.4;27.5;0.91;1197;0;-0.23;0.22;0.06;171;0.15;0.02;0.38;0.23;0.07;1.74;0.27;3.42;2.08;0.63
05/09/24   ;14:00;0.79;13.3;27.5;0.79;1197;0;-0.2;0.22;0.06;164;0.15;0.01;0.38;0.23;0.07;1.82;0.4;3.78;2.31;0.72
05/09/24   ;15:00;0.62;13.3;27.6;0.62;1196;0;-0.12;0.19;0.05;170;0.11;0.01;0.25;0.17;0.05;1.75;0.33;3.86;2.18;0.77
05/09/24   ;16:00;0.49;13.4;27.5;0.49;1197;0;-0.19;0.2;0.06;162;0.14;0.01;0.39;0.21;0.06;1.83;0.28;4.25;2.21;0.69
05/09/24   ;17:00;0.32;13.4;27.4;0.31;1198;0;-0.21;0.2;0.06;155;0.15;0.02;0.42;0.22;0.07;1.92;0.45;5.04;2.38;0.78
05/09/24   ;18:00;0.2;13.4;27.2;0.2;1193;0;-0.17;0.17;0.05;165;0.12;0.01;0.28;0.19;0.06;1.78;0.28;3.38;2.13;0.65
05/09/24   ;19:00;0.21;13.4;27;0.21;1195;0;-0.19;0.25;0.06;161;0.16;0.03;0.4;0.24;0.07;1.85;0.41;3.82;2.3;0.69
05/09/24   ;20:00;0.41;13.3;27.3;0.41;1200;0;-0.16;0.23;0.06;182;0.13;0.02;0.38;0.21;0.06;1.64;0.34;3.9;2.08;0.7
05/09/24   ;21:00;0.53;13.4;27.4;0.53;1195;0;-0.15;0.15;0.04;173;0.1;0.01;0.26;0.16;0.05;1.72;0.32;3.54;2.02;0.63
05/09/24   ;22:00;0.64;13.4;27;0.64;1195;0;-0.14;0.15;0.04;188;0.09;0.01;0.26;0.15;0.05;1.58;0.35;3.68;1.97;0.62
05/09/24   ;23:00;0.65;13.4;27;0.66;1199;0;-0.19;0.24;0.05;166;0.12;0.02;0.39;0.19;0.07;1.79;0.32;4.67;2.07;0.7
06/09/24   ;00:00;0.67;13.4;27;0.67;1185;0;-0.14;0.15;0.04;164;0.11;0.01;0.25;0.16;0.05;1.78;0.35;4.86;2.12;0.72
06/09/24   ;01:00;0.61;13.3;26.9;0.61;1200;0;-0.09;0.1;0.03;159;0.08;0.01;0.17;0.12;0.03;1.87;0.41;3.72;2.18;0.68
06/09/24   ;02:00;0.41;13.3;26.9;0.41;1200;0;-0.08;0.09;0.02;168;0.04;0;0.16;0.07;0.03;1.78;0.26;3.83;2.13;0.66
06/09/24   ;03:00;0.22;13.3;26.9;0.22;1200;0;-0.05;0.06;0.02;155;0.04;0.01;0.1;0.07;0.02;1.92;0.6;3.76;2.5;0.79
06/09/24   ;04:00;0.06;13.3;26.6;0.06;1199;0;-0.12;0.13;0.03;125;0.07;0.01;0.23;0.12;0.04;2.37;0.29;4.19;2.73;0.85
06/09/24   ;05:00;-0.04;13.3;26.4;-0.04;1200;0;-0.11;0.13;0.03;153;0.07;0.01;0.21;0.11;0.04;1.95;0.42;4.12;2.49;0.84
06/09/24   ;06:00;-0.08;13.3;26.3;-0.08;1197;0;-0.11;0.15;0.04;146;0.1;0.01;0.26;0.16;0.05;2.04;0.38;4.02;2.61;0.85
06/09/24   ;07:00;0.06;13.3;26.7;0.05;1200;0;-0.15;0.17;0.05;188;0.11;0.02;0.3;0.17;0.05;1.59;0.32;3.62;1.96;0.63
06/09/24   ;08:00;0.26;13.3;26.7;0.26;1200;0;-0.15;0.22;0.05;193;0.11;0;0.36;0.18;0.06;1.55;0.27;4.08;1.93;0.68
06/09/24   ;09:00;0.45;13.3;26.2;0.45;1200;0;-0.13;0.15;0.05;187;0.12;0;0.26;0.17;0.05;1.59;0.42;3.64;1.99;0.64
06/09/24   ;10:00;0.61;13.3;26.3;0.61;1200;0;-0.17;0.25;0.05;186;0.13;0.01;0.36;0.2;0.06;1.6;0.29;3.41;1.85;0.61
06/09/24   ;11:00;0.72;13.4;26.1;0.72;1200;0;-0.14;0.25;0.05;195;0.13;0.01;0.36;0.2;0.06;1.53;0.4;3.63;1.81;0.56
06/09/24   ;12:00;0.8;13.3;25.9;0.8;1200;0;-0.18;0.22;0.06;177;0.14;0.02;0.34;0.21;0.06;1.68;0.42;3.56;1.91;0.61
06/09/24   ;13:00;0.82;13.3;26.4;0.82;1199;0;-0.15;0.21;0.05;190;0.12;0.02;0.33;0.18;0.06;1.56;0.36;3.6;1.86;0.57
06/09/24   ;14:00;0.8;13.4;26.2;0.8;1200;0;-0.15;0.19;0.05;177;0.12;0.01;0.29;0.18;0.05;1.68;0.28;3.56;1.93;0.65
06/09/24   ;15:00;0.62;13.4;26.6;0.62;1199;0;-0.12;0.18;0.04;170;0.1;0.02;0.26;0.16;0.05;1.76;0.32;3.65;2.34;0.74
06/09/24   ;16:00;0.45;13.4;26.3;0.46;1196;0;-0.11;0.14;0.04;167;0.09;0.01;0.21;0.13;0.04;1.78;0.33;3.85;2.34;0.73
06/09/24   ;17:00;0.29;13.4;26.9;0.29;1200;0;-0.14;0.17;0.05;168;0.11;0.02;0.25;0.17;0.05;1.77;0.27;4.18;2.29;0.73
06/09/24   ;18:00;0.16;13.3;27.1;0.16;1200;0;-0.16;0.24;0.05;167;0.12;0.03;0.4;0.19;0.06;1.78;0.38;3.74;2.08;0.69
06/09/24   ;19:00;0.11;13.4;27;0.12;1197;0;-0.14;0.17;0.05;171;0.12;0.01;0.27;0.18;0.05;1.74;0.36;3.94;2.13;0.68
06/09/24   ;20:00;0.16;13.4;26;0.17;1194;0;-0.16;0.25;0.05;171;0.13;0.02;0.38;0.19;0.06;1.73;0.39;3.69;2.09;0.68
06/09/24   ;21:00;0.32;13.4;26.9;0.32;1195;0;-0.15;0.15;0.05;172;0.12;0;0.27;0.18;0.05;1.72;0.33;4.28;2.03;0.7
06/09/24   ;22:00;0.45;13.4;26.9;0.45;1197;0;-0.14;0.16;0.04;175;0.1;0.01;0.25;0.16;0.05;1.7;0.38;4.11;2.23;0.74
06/09/24   ;23:00;0.52;13.3;26.7;0.52;1197;0;-0.17;0.19;0.05;164;0.11;0.01;0.32;0.18;0.06;1.81;0.47;3.86;2.22;0.72
07/09/24   ;00:00;0.55;13.4;26.8;0.54;1196;0;-0.19;0.2;0.06;157;0.13;0.01;0.38;0.21;0.07;1.9;0.36;3.98;2.41;0.75
07/09/24   ;01:00;0.48;13.4;26.7;0.48;1190;0;-0.16;0.2;0.04;150;0.09;0.01;0.36;0.15;0.06;1.96;0.35;4.07;2.37;0.74
07/09/24   ;02:00;0.36;13.4;26.8;0.35;1200;0;-0.15;0.13;0.03;157;0.06;0.01;0.27;0.1;0.04;1.89;0.37;3.71;2.48;0.79
07/09/24   ;03:00;0.21;13.4;26.1;0.21;1200;0;-0.1;0.1;0.03;157;0.07;0.01;0.2;0.11;0.04;1.89;0.3;4.17;2.25;0.72
07/09/24   ;04:00;0.1;13.3;26.6;0.1;1197;0;-0.11;0.11;0.03;168;0.07;0.01;0.22;0.11;0.04;1.77;0.37;3.9;2.25;0.73
07/09/24   ;05:00;0.02;13.3;26;0.02;1200;0;-0.11;0.09;0.03;151;0.07;0.01;0.17;0.11;0.03;1.97;0.45;4.48;2.56;0.78
07/09/24   ;06:00;0.01;13.4;26.1;0.01;1200;0;-0.13;0.18;0.04;170;0.09;0.01;0.29;0.15;0.05;1.75;0.46;3.59;2.06;0.62
07/09/24   ;07:00;0.08;13.3;26.5;0.08;1201;0;-0.16;0.2;0.05;166;0.13;0.01;0.32;0.2;0.06;1.79;0.48;3.55;2.16;0.7
07/09/24   ;08:00;0.23;13.3;26.1;0.24;1196;0;-0.15;0.18;0.05;173;0.13;0.01;0.31;0.19;0.06;1.73;0.38;3.81;2.08;0.72
07/09/24   ;09:00;0.41;13.3;26;0.41;1196;0;-0.17;0.19;0.05;181;0.13;0.02;0.29;0.19;0.05;1.64;0.38;3.35;2.02;0.62
07/09/24   ;10:00;0.59;13.3;26.2;0.59;1194;0;-0.15;0.2;0.06;185;0.14;0.02;0.31;0.2;0.06;1.61;0.44;3.26;1.88;0.55
07/09/24   ;11:00;0.75;13.3;26.9;0.75;1197;0;-0.19;0.21;0.06;169;0.14;0.02;0.34;0.2;0.06;1.76;0.38;3.81;2.09;0.67
07/09/24   ;12:00;0.84;13.3;25.8;0.84;1201;0;-0.16;0.21;0.05;191;0.13;0.02;0.35;0.2;0.06;1.56;0.34;3.31;1.87;0.55
07/09/24   ;13:00;0.85;13.3;26.2;0.85;1195;0;-0.2;0.16;0.05;185;0.12;0.02;0.35;0.18;0.06;1.61;0.4;3.14;1.79;0.57
07/09/24   ;14:00;0.77;13.4;27.1;0.77;1203;0;-0.15;0.16;0.05;175;0.13;0.03;0.29;0.19;0.05;1.69;0.47;4.3;2.12;0.7
07/09/24   ;15:00;0.6;13.3;26.7;0.6;1196;0;-0.18;0.2;0.05;167;0.12;0.02;0.36;0.19;0.06;1.77;0.4;3.8;2.34;0.74
07/09/24   ;16:00;0.42;13.3;27;0.42;1201;0;-0.15;0.23;0.05;173;0.12;0.02;0.38;0.18;0.06;1.72;0.29;3.74;2.16;0.71
07/09/24   ;17:00;0.24;13.3;26;0.24;1190;0;-0.15;0.2;0.05;154;0.13;0.01;0.33;0.2;0.06;1.91;0.37;4.25;2.33;0.76
07/09/24   ;18:00;0.11;13.4;27.2;0.11;1200;0;-0.15;0.2;0.06;151;0.14;0.03;0.35;0.21;0.06;1.97;0.44;4.09;2.3;0.76
07/09/24   ;19:00;0.07;13.4;26.6;0.07;1200;0;-0.18;0.15;0.05;163;0.13;0.02;0.29;0.19;0.06;1.83;0.3;4.14;2.17;0.75
07/09/24   ;20:00;0.1;13.3;26.9;0.1;1192;0;-0.2;0.22;0.05;178;0.13;0.02;0.39;0.2;0.06;1.67;0.31;3.56;2.06;0.64
07/09/24   ;21:00;0.21;13.3;26.2;0.21;1200;0;-0.14;0.18;0.05;167;0.11;0.01;0.28;0.17;0.05;1.77;0.39;3.79;2.12;0.68
07/09/24   ;22:00;0.35;13.4;27.2;0.35;1201;0;-0.18;0.16;0.05;175;0.13;0.02;0.31;0.2;0.06;1.71;0.39;3.55;2.05;0.62
07/09/24   ;23:00;0.44;13.4;26.5;0.44;1198;0;-0.15;0.19;0.05;165;0.13;0.02;0.31;0.19;0.06;1.79;0.29;4.03;2.12;0.72
08/09/24   ;00:00;0.49;13.4;26.5;0.5;1194;0;-0.13;0.18;0.05;166;0.1;0.01;0.27;0.17;0.05;1.79;0.41;4;2.33;0.76
08/09/24   ;01:00;0.5;13.3;27;0.5;1198;0;-0.2;0.17;0.04;161;0.09;0.01;0.3;0.14;0.05;1.85;0.31;4.09;2.41;0.74
08/09/24   ;02:00;0.43;13.3;26.4;0.42;1198;0;-0.14;0.18;0.04;153;0.09;0.02;0.25;0.14;0.04;1.95;0.5;4.31;2.09;0.7
08/09/24   ;03:00;0.32;13.4;26.5;0.32;1201;0;-0.17;0.14;0.03;162;0.07;0.01;0.31;0.12;0.04;1.84;0.45;3.96;2.16;0.68
08/09/24   ;04:00;0.21;13.4;26;0.21;1199;0;-0.1;0.13;0.03;171;0.07;0.02;0.23;0.11;0.04;1.73;0.42;3.88;2.27;0.71
08/09/24   ;05:00;0.13;13.4;26;0.13;1200;0;-0.1;0.14;0.03;162;0.08;0.01;0.21;0.12;0.04;1.84;0.35;3.92;2.3;0.74
08/09/24   ;06:00;0.11;13.4;25.9;0.12;1192;0;-0.13;0.16;0.04;164;0.09;0;0.26;0.14;0.05;1.8;0.27;4.03;2.2;0.75
08/09/24   ;07:00;0.19;13.3;26.4;0.19;1197;0;-0.13;0.17;0.05;161;0.11;0.01;0.26;0.17;0.05;1.85;0.39;3.54;2.28;0.71
08/09/24   ;08:00;0.34;13.3;26.9;0.34;1200;0;-0.19;0.2;0.05;179;0.12;0.01;0.34;0.18;0.06;1.67;0.26;3.39;1.9;0.54
08/09/24   ;09:00;0.5;13.3;26;0.5;1195;0;-0.13;0.17;0.04;193;0.1;0.01;0.29;0.15;0.05;1.54;0.39;3.32;1.86;0.59
08/09/24   ;10:00;0.65;13.3;26.9;0.65;1200;0;-0.14;0.21;0.05;203;0.13;0.02;0.32;0.2;0.06;1.47;0.38;3.46;1.72;0.54
08/09/24   ;11:00;0.78;13.3;27.1;0.78;1196;0;-0.16;0.21;0.05;192;0.12;0.01;0.31;0.18;0.06;1.54;0.34;4.26;1.78;0.57
08/09/24   ;12:00;0.85;13.3;26.6;0.85;1197;0;-0.17;0.22;0.06;197;0.14;0.01;0.38;0.21;0.07;1.51;0.31;3.04;1.74;0.52
08/09/24   ;13:00;0.85;13.3;26.6;0.85;1200;0;-0.12;0.2;0.04;198;0.1;0.02;0.33;0.16;0.05;1.51;0.32;3.32;1.8;0.55
08/09/24   ;14:00;0.76;13.4;26.6;0.76;1200;0;-0.15;0.16;0.04;186;0.11;0.02;0.27;0.16;0.05;1.6;0.37;3.58;1.97;0.61
08/09/24   ;15:00;0.64;13.3;26.6;0.64;1200;0;-0.16;0.17;0.05;175;0.11;0.01;0.29;0.18;0.05;1.7;0.29;3.56;2.09;0.65
08/09/24   ;16:00;0.48;13.3;26.6;0.48;1199;0;-0.14;0.21;0.05;173;0.11;0.02;0.33;0.18;0.06;1.72;0.33;3.82;2.15;0.63
08/09/24   ;17:00;0.36;13.3;26.5;0.36;1195;0;-0.15;0.17;0.05;164;0.12;0.02;0.29;0.18;0.05;1.82;0.35;4.27;2.24;0.76
08/09/24   ;18:00;0.25;13.3;26.4;0.25;1200;0;-0.14;0.13;0.04;151;0.11;0.01;0.21;0.16;0.04;1.96;0.47;4.1;2.53;0.8
08/09/24   ;19:00;0.19;13.3;26.3;0.19;1200;0;-0.12;0.19;0.04;166;0.11;0.01;0.31;0.16;0.05;1.8;0.41;4.54;2.17;0.68
08/09/24   ;20:00;0.2;13.4;26.2;0.2;1200;0;-0.16;0.13;0.04;170;0.09;0.01;0.26;0.15;0.05;1.74;0.4;3.44;2.15;0.67
08/09/24   ;21:00;0.26;13.4;26.3;0.26;1194;0;-0.11;0.17;0.04;164;0.09;0;0.28;0.14;0.04;1.81;0.44;3.96;2.12;0.65
08/09/24   ;22:00;0.37;13.4;26.4;0.37;1200;0;-0.12;0.15;0.04;189;0.08;0.01;0.24;0.13;0.04;1.57;0.34;3.41;2.02;0.67
08/09/24   ;23:00;0.53;13.3;26.4;0.53;1200;0;-0.13;0.17;0.04;188;0.1;0.01;0.26;0.16;0.05;1.58;0.47;3.45;1.8;0.59
09/09/24   ;00:00;0.56;13.3;26.4;0.56;1200;0;-0.1;0.12;0.04;134;0.09;0.01;0.22;0.13;0.04;2.21;0.57;4.74;2.87;0.91
09/09/24   ;01:00;0.59;13.4;26.3;0.59;1197;0;-0.11;0.1;0.03;200;0.08;0.01;0.19;0.11;0.03;1.49;0.32;3.23;1.8;0.62
09/09/24   ;02:00;0.54;13.4;26.2;0.54;1200;0;-0.06;0.06;0.02;219;0.05;0.01;0.11;0.07;0.02;1.36;0.31;2.74;1.49;0.45
09/09/24   ;03:00;0.5;13.4;26.2;0.5;1200;0;-0.08;0.09;0.02;202;0.05;0.01;0.17;0.08;0.02;1.47;0.36;3.78;1.8;0.52
09/09/24   ;04:00;0.46;13.4;26;0.46;1200;0;-0.08;0.08;0.02;157;0.06;0.01;0.16;0.09;0.03;1.9;0.35;4.07;2.43;0.83
09/09/24   ;05:00;0.53;13.3;26.1;0.53;1198;0;-0.19;0.23;0.06;200;0.13;0.02;0.33;0.2;0.06;1.48;0.34;3.13;1.67;0.49
09/09/24   ;06:00;0.56;13.4;25.7;0.57;1200;0;-0.14;0.2;0.04;184;0.1;0.01;0.34;0.16;0.06;1.63;0.31;3.94;2.04;0.73
09/09/24   ;07:00;0.62;13.4;25.8;0.62;1199;0;-0.16;0.15;0.05;170;0.11;0.01;0.28;0.19;0.06;1.76;0.27;3.61;2.35;0.75
09/09/24   ;08:00;0.65;13.4;25.9;0.65;1200;0;-0.2;0.18;0.05;178;0.13;0.01;0.33;0.2;0.06;1.67;0.29;3.19;1.91;0.58
09/09/24   ;09:00;0.69;13.4;26;0.69;1200;0;-0.15;0.2;0.05;174;0.12;0.01;0.29;0.19;0.06;1.72;0.44;3.47;2.06;0.66
09/09/24   ;10:00;0.79;13.3;26.3;0.78;1200;0;-0.17;0.2;0.05;182;0.12;0.02;0.29;0.19;0.06;1.63;0.35;3.28;1.87;0.59
09/09/24   ;11:00;0.86;13.3;26.3;0.86;1198;0;-0.17;0.18;0.05;195;0.12;0.03;0.3;0.19;0.06;1.53;0.37;3.07;1.78;0.5
09/09/24   ;12:00;0.92;13.4;26.1;0.92;1176;0;-0.17;0.15;0.05;184;0.12;0.01;0.26;0.18;0.05;1.59;0.32;3.64;1.88;0.61
09/09/24   ;13:00;0.93;13.3;26.3;0.93;1198;0;-0.11;0.19;0.04;198;0.1;0.01;0.31;0.15;0.05;1.5;0.3;3.2;1.81;0.56
09/09/24   ;14:00;0.88;13.4;26.5;0.89;1206;0;-0.15;0.17;0.05;189;0.12;0;0.31;0.18;0.06;1.59;0.31;3.35;1.95;0.62
09/09/24   ;15:00;0.79;13.3;26.4;0.79;1195;0;-0.14;0.18;0.04;178;0.11;0.01;0.28;0.17;0.05;1.66;0.36;3.36;2.07;0.62
09/09/24   ;16:00;0.66;13.3;26.5;0.66;1200;0;-0.16;0.16;0.05;163;0.12;0.03;0.28;0.19;0.05;1.83;0.61;3.45;2.14;0.65
09/09/24   ;17:00;0.52;13.3;26.5;0.52;1199;0;-0.12;0.15;0.05;156;0.12;0.01;0.27;0.17;0.05;1.91;0.32;3.78;2.13;0.7
09/09/24   ;18:00;0.41;13.3;26.3;0.41;1195;0;-0.15;0.15;0.05;166;0.11;0.01;0.25;0.17;0.05;1.79;0.38;3.66;2.18;0.71
09/09/24   ;19:00;0.35;13.4;25.7;0.35;1215;0;-0.15;0.16;0.05;159;0.12;0.02;0.25;0.17;0.05;1.89;0.37;3.84;2.35;0.77
09/09/24   ;20:00;0.31;13.3;26.1;0.31;1199;0;-0.15;0.16;0.04;179;0.1;0.02;0.24;0.16;0.05;1.66;0.36;3.8;2.11;0.64
09/09/24   ;21:00;0.35;13.3;25.7;0.35;1194;0;-0.13;0.13;0.04;182;0.1;0.02;0.21;0.15;0.04;1.63;0.48;3.24;1.98;0.57
09/09/24   ;22:00;0.39;13.3;26.4;0.39;1200;0;-0.13;0.1;0.03;190;0.07;0.01;0.19;0.11;0.03;1.57;0.48;3.37;2.09;0.68
09/09/24   ;23:00;0.39;13.4;26.2;0.39;1200;0;-0.12;0.11;0.03;163;0.07;0.01;0.2;0.11;0.03;1.82;0.29;4.05;2.24;0.65
10/09/24   ;00:00;0.38;13.4;26;0.38;1200;0;-0.14;0.14;0.03;146;0.07;0.01;0.25;0.12;0.04;2.05;0.36;6.83;2.7;1.04
10/09/24   ;01:00;0.4;13.4;25.8;0.4;1200;0;-0.06;0.07;0.02;166;0.04;0.01;0.1;0.07;0.02;1.79;0.37;3.86;2.45;0.81
10/09/24   ;02:00;0.44;13.4;25.8;0.44;1200;0;-0.06;0.04;0.01;183;0.03;0;0.08;0.04;0.01;1.63;0.32;3.16;2;0.55
10/09/24   ;03:00;0.49;13.3;25.8;0.49;1192;0;-0.06;0.05;0.02;169;0.04;0.01;0.1;0.07;0.02;1.75;0.31;3.98;2.38;0.77
10/09/24   ;04:00;0.55;13.4;26.5;0.55;1197;0;-0.12;0.11;0.03;187;0.06;0.01;0.22;0.1;0.04;1.59;0.38;3.86;2.01;0.69
10/09/24   ;05:00;0.57;13.4;26.2;0.57;1200;0;-0.1;0.12;0.03;169;0.07;0.01;0.21;0.12;0.04;1.77;0.42;3.89;2.21;0.67
10/09/24   ;06:00;0.58;13.4;26.3;0.58;1197;0;-0.21;0.2;0.05;158;0.11;0.01;0.41;0.17;0.06;1.87;0.33;3.6;2.37;0.71
10/09/24   ;07:00;0.57;13.4;25.7;0.58;1200;0;-0.11;0.13;0.04;177;0.09;0.01;0.23;0.15;0.05;1.68;0.35;3.4;2.09;0.64
10/09/24   ;08:00;0.57;13.3;26;0.57;1197;0;-0.13;0.18;0.05;191;0.11;0.01;0.26;0.17;0.05;1.56;0.29;3.74;1.95;0.66
10/09/24   ;09:00;0.59;13.3;25.8;0.59;1200;0;-0.14;0.16;0.05;187;0.11;0.01;0.28;0.17;0.05;1.59;0.39;3.27;1.89;0.54
10/09/24   ;10:00;0.65;13.4;26.4;0.65;1195;0;-0.21;0.21;0.05;186;0.13;0.02;0.38;0.2;0.07;1.6;0.35;3.61;1.88;0.56
10/09/24   ;11:00;0.69;13.4;26.3;0.69;1194;0;-0.15;0.22;0.05;191;0.13;0.02;0.3;0.2;0.06;1.56;0.35;3.32;1.88;0.59
10/09/24   ;12:00;0.73;13.4;25.7;0.73;1191;0;-0.14;0.17;0.05;183;0.11;0.02;0.3;0.17;0.05;1.62;0.28;3.78;2.04;0.63
10/09/24   ;13:00;0.77;13.4;25.8;0.76;1200;0;-0.16;0.19;0.04;192;0.11;0.02;0.35;0.16;0.05;1.55;0.31;3.44;1.8;0.59
10/09/24   ;14:00;0.74;13.3;26.4;0.74;1200;0;-0.15;0.2;0.05;189;0.12;0.02;0.35;0.18;0.06;1.58;0.52;3.44;1.85;0.61
10/09/24   ;15:00;0.7;13.3;25.8;0.7;1198;0;-0.12;0.17;0.05;190;0.11;0.01;0.27;0.17;0.05;1.56;0.34;3.4;1.89;0.6
10/09/24   ;16:00;0.63;13.3;25.8;0.63;1200;0;-0.12;0.2;0.05;174;0.11;0.01;0.31;0.17;0.05;1.72;0.34;3.73;2.1;0.62
10/09/24   ;17:00;0.56;13.3;25.8;0.55;1198;0;-0.14;0.19;0.05;193;0.11;0.01;0.33;0.19;0.06;1.54;0.36;3.77;1.88;0.56
10/09/24   ;18:00;0.49;13.3;26;0.49;1200;0;-0.22;0.18;0.05;163;0.12;0.02;0.3;0.18;0.05;1.82;0.65;3.99;2.25;0.74
10/09/24   ;19:00;0.4;13.3;25.9;0.4;1200;0;-0.14;0.17;0.04;167;0.1;0.01;0.3;0.16;0.05;1.79;0.44;4.02;2.18;0.68
10/09/24   ;20:00;0.32;13.4;25.8;0.32;1216;0;-0.18;0.15;0.05;151;0.11;0.01;0.29;0.18;0.06;2;0.36;4.38;2.63;0.83
10/09/24   ;21:00;0.27;13.3;25.7;0.27;1197;0;-0.1;0.14;0.03;167;0.08;0.01;0.24;0.13;0.04;1.78;0.33;3.42;2.12;0.67
10/09/24   ;22:00;0.24;13.3;25.6;0.24;1200;0;-0.12;0.12;0.04;156;0.09;0.01;0.22;0.13;0.04;1.91;0.6;4.38;2.39;0.76
10/09/24   ;23:00;0.24;13.4;25.3;0.24;1197;0;-0.14;0.25;0.05;228;0.13;0.02;0.34;0.2;0.06;1.31;0.31;2.8;1.42;0.38
11/09/24   ;00:00;0.3;13.3;25.3;0.3;1200;0;-0.13;0.16;0.05;141;0.11;0.01;0.27;0.18;0.05;2.11;0.44;4.55;2.8;0.92
11/09/24   ;01:00;0.38;13.3;25.8;0.38;1200;0;-0.13;0.1;0.02;175;0.05;0.01;0.23;0.09;0.03;1.7;0.38;3.95;2.1;0.76
11/09/24   ;02:00;0.47;13.4;26;0.47;1200;0;-0.06;0.07;0.02;260;0.04;0.01;0.1;0.06;0.02;1.14;0.34;3.19;1.48;0.5
11/09/24   ;03:00;0.55;13.4;25.7;0.55;1200;0;-0.07;0.07;0.02;160;0.05;0.01;0.14;0.08;0.03;1.86;0.3;4.02;2.45;0.81
11/09/24   ;04:00;0.59;13.4;26;0.59;1200;0;-0.05;0.06;0.02;179;0.04;0.01;0.09;0.07;0.02;1.67;0.28;3.95;2.22;0.74
11/09/24   ;05:00;0.62;13.4;26;0.62;1195;0;-0.07;0.08;0.02;178;0.05;0.01;0.12;0.08;0.02;1.67;0.34;3.55;2.14;0.73
11/09/24   ;06:00;0.62;13.3;25.8;0.62;1200;0;-0.18;0.21;0.05;162;0.11;0.01;0.39;0.18;0.06;1.84;0.35;3.33;2.16;0.59
11/09/24   ;07:00;0.61;13.4;25.8;0.61;1200;0;-0.17;0.19;0.05;175;0.12;0.01;0.33;0.2;0.06;1.7;0.33;3.68;1.94;0.61
11/09/24   ;08:00;0.63;13.4;25.8;0.62;1198;0;-0.15;0.19;0.04;190;0.11;0.01;0.27;0.16;0.05;1.56;0.46;3.31;1.88;0.56
11/09/24   ;09:00;0.64;13.4;25.8;0.64;1200;0;-0.13;0.26;0.05;183;0.13;0.03;0.38;0.2;0.06;1.62;0.37;3.18;1.91;0.57
11/09/24   ;10:00;0.66;13.4;25.9;0.66;1200;0;-0.15;0.17;0.05;190;0.11;0.03;0.28;0.17;0.05;1.57;0.43;3.42;1.78;0.58
11/09/24   ;11:00;0.67;13.3;25.9;0.67;1197;0;-0.16;0.19;0.05;190;0.12;0.02;0.31;0.19;0.06;1.57;0.31;4.29;2.02;0.62
11/09/24   ;12:00;0.71;13.3;25.9;0.71;1200;0;-0.16;0.18;0.05;191;0.13;0.02;0.28;0.2;0.06;1.56;0.56;3.27;1.93;0.58
11/09/24   ;13:00;0.77;13.4;26;0.76;1199;0;-0.13;0.16;0.05;190;0.12;0.02;0.26;0.17;0.05;1.57;0.35;3.04;1.84;0.5
11/09/24   ;14:00;0.79;13.4;25.8;0.79;1200;0;-0.17;0.16;0.05;186;0.12;0.01;0.31;0.18;0.05;1.6;0.39;3.75;1.97;0.65
11/09/24   ;15:00;0.8;13.4;25.9;0.8;1200;0;-0.19;0.2;0.06;171;0.14;0.01;0.34;0.21;0.06;1.74;0.54;3.54;2.09;0.67
11/09/24   ;16:00;0.76;13.4;26;0.76;1191;0;-0.13;0.15;0.05;180;0.11;0.02;0.25;0.16;0.05;1.64;0.33;3.53;2.08;0.65
11/09/24   ;17:00;0.71;13.3;26;0.71;1200;0;-0.16;0.2;0.05;171;0.13;0.02;0.29;0.2;0.06;1.75;0.46;3.43;2.14;0.65
11/09/24   ;18:00;0.62;13.3;25.9;0.61;1200;0;-0.16;0.17;0.05;169;0.11;0.01;0.26;0.17;0.05;1.77;0.44;3.53;2.18;0.71
11/09/24   ;19:00;0.53;13.4;25.7;0.53;1196;0;-0.2;0.17;0.05;164;0.13;0.01;0.3;0.2;0.06;1.81;0.32;4.33;2.2;0.73
11/09/24   ;20:00;0.47;13.3;25.5;0.47;1196;0;-0.22;0.23;0.06;145;0.15;0.02;0.38;0.23;0.07;2.04;0.45;4.08;2.65;0.87
11/09/24   ;21:00;0.45;13.4;25.4;0.45;1199;0;-0.1;0.11;0.03;174;0.08;0.01;0.19;0.13;0.04;1.71;0.36;3.48;2.04;0.57
11/09/24   ;22:00;0.4;13.3;25.3;0.4;1207;0;-0.13;0.14;0.04;182;0.09;0.02;0.27;0.14;0.05;1.65;0.66;3.27;1.9;0.52
11/09/24   ;23:00;0.41;13.3;25.5;0.41;1195;0;-0.14;0.17;0.04;190;0.09;0.01;0.27;0.14;0.05;1.55;0.32;3.57;2.03;0.64
12/09/24   ;00:00;0.49;13.3;25.6;0.49;1200;0;-0.12;0.12;0.04;183;0.08;0.01;0.22;0.13;0.04;1.62;0.31;4.29;2.24;0.78
12/09/24   ;01:00;0.53;13.3;25.7;0.53;1197;0;-0.06;0.06;0.02;230;0.05;0.01;0.11;0.07;0.02;1.29;0.31;2.8;1.64;0.58
12/09/24   ;02:00;0.55;13.4;25.5;0.55;1200;0;-0.05;0.05;0.02;263;0.04;0;0.09;0.06;0.02;1.14;0.3;3.18;1.44;0.53
12/09/24   ;03:00;0.54;13.4;25.6;0.54;1198;0;-0.13;0.13;0.03;216;0.06;0.01;0.26;0.1;0.04;1.38;0.31;3.07;1.73;0.59
12/09/24   ;04:00;0.54;13.3;25.4;0.54;1200;0;-0.1;0.11;0.03;181;0.07;0;0.2;0.13;0.04;1.64;0.29;3.31;2.26;0.73
12/09/24   ;05:00;0.61;13.4;25.3;0.6;1195;0;-0.13;0.12;0.04;199;0.09;0.01;0.24;0.13;0.04;1.5;0.29;4.3;1.93;0.69
12/09/24   ;06:00;0.7;13.4;25.4;0.7;1208;0;-0.16;0.19;0.04;177;0.1;0.02;0.32;0.16;0.05;1.69;0.29;3.69;2.1;0.75
12/09/24   ;07:00;0.75;13.4;25.4;0.75;1200;0;-0.17;0.19;0.05;180;0.13;0.02;0.32;0.2;0.06;1.65;0.31;3.54;2.02;0.63
12/09/24   ;08:00;0.79;13.4;25.3;0.79;1190;0;-0.18;0.19;0.05;196;0.12;0.01;0.3;0.19;0.06;1.51;0.3;3.29;1.77;0.52
12/09/24   ;09:00;0.81;13.4;25.3;0.81;1193;0;-0.15;0.19;0.05;177;0.13;0.02;0.31;0.2;0.06;1.67;0.29;3.7;2.13;0.67
12/09/24   ;10:00;0.85;13.3;25.2;0.85;1199;0;-0.14;0.2;0.05;214;0.11;0.01;0.33;0.17;0.05;1.39;0.26;3.4;1.67;0.52
12/09/24   ;11:00;0.85;13.4;25.2;0.85;1199;0;-0.13;0.15;0.04;204;0.1;0.02;0.26;0.15;0.05;1.46;0.35;3.34;1.72;0.57
12/09/24   ;12:00;0.87;13.4;25.2;0.87;1200;0;-0.15;0.18;0.05;194;0.12;0.01;0.31;0.19;0.06;1.53;0.26;3.43;1.81;0.61
12/09/24   ;13:00;0.87;13.4;25.3;0.87;1200;0;-0.13;0.17;0.05;179;0.11;0.01;0.25;0.17;0.05;1.66;0.35;3.52;2.04;0.61
12/09/24   ;14:00;0.83;13.4;25.4;0.83;1200;0;-0.16;0.17;0.04;184;0.1;0;0.32;0.15;0.05;1.62;0.42;3.56;1.94;0.59
12/09/24   ;15:00;0.77;13.3;25.3;0.77;1198;0;-0.15;0.18;0.05;186;0.12;0.02;0.33;0.18;0.06;1.6;0.38;4.8;1.9;0.61
12/09/24   ;16:00;0.73;13.4;25.2;0.73;1199;0;-0.16;0.2;0.05;178;0.12;0.02;0.33;0.18;0.05;1.67;0.47;3.73;2.02;0.65
12/09/24   ;17:00;0.72;13.4;25.1;0.72;1196;0;-0.19;0.21;0.05;179;0.12;0.02;0.37;0.19;0.06;1.67;0.42;3.11;1.87;0.59
12/09/24   ;18:00;0.69;13.4;24.9;0.69;1196;0;-0.13;0.16;0.05;175;0.11;0.02;0.29;0.17;0.05;1.69;0.32;3.75;2.06;0.72
12/09/24   ;19:00;0.63;13.4;24.8;0.64;1200;0;-0.22;0.19;0.06;162;0.14;0.02;0.41;0.23;0.08;1.84;0.44;4.11;2.26;0.7
12/09/24   ;20:00;0.63;13.3;24.7;0.63;1195;0;-0.11;0.14;0.04;182;0.09;0.01;0.21;0.13;0.04;1.63;0.33;3.21;2.01;0.64
12/09/24   ;21:00;0.61;13.3;24.7;0.6;1198;0;-0.1;0.12;0.03;191;0.07;0.02;0.19;0.11;0.03;1.56;0.4;4.24;1.99;0.62
12/09/24   ;22:00;0.57;13.3;24.4;0.57;1199;0;-0.11;0.17;0.03;193;0.08;0.01;0.27;0.13;0.04;1.54;0.31;3.23;1.87;0.58
12/09/24   ;23:00;0.5;13.4;24.2;0.5;1194;0;-0.16;0.18;0.04;168;0.09;0.02;0.33;0.15;0.05;1.77;0.45;3.75;2.25;0.72
13/09/24   ;00:00;0.45;13.4;24.2;0.45;1197;0;-0.14;0.11;0.04;156;0.08;0.01;0.24;0.14;0.04;1.9;0.55;4.63;2.49;0.82
13/09/24   ;01:00;0.34;13.4;23.8;0.34;1197;0;-0.08;0.09;0.02;163;0.06;0.01;0.16;0.09;0.03;1.83;0.35;3.82;2.48;0.84
13/09/24   ;02:00;0.28;13.3;23.8;0.28;1200;0;-0.06;0.07;0.02;200;0.05;0;0.11;0.07;0.02;1.49;0.28;3.44;1.82;0.62
13/09/24   ;03:00;0.33;13.3;24.3;0.33;1200;0;-0.05;0.06;0.02;168;0.04;0;0.1;0.07;0.02;1.77;0.32;3.88;2.28;0.78
13/09/24   ;04:00;0.38;13.4;24.2;0.38;1195;0;-0.06;0.06;0.02;195;0.04;0.01;0.1;0.06;0.02;1.51;0.38;3.88;2.07;0.73
13/09/24   ;05:00;0.42;13.4;24.5;0.41;1200;0;-0.14;0.16;0.03;163;0.08;0.01;0.26;0.13;0.05;1.83;0.44;3.68;2.06;0.61
13/09/24   ;06:00;0.5;13.4;24.4;0.51;1200;0;-0.17;0.15;0.05;158;0.11;0.02;0.3;0.17;0.05;1.88;0.46;3.76;2.28;0.76
13/09/24   ;07:00;0.61;13.4;23.6;0.61;1200;0;-0.13;0.2;0.05;189;0.11;0.02;0.29;0.17;0.05;1.58;0.49;3.27;1.84;0.58
13/09/24   ;08:00;0.71;13.4;23.5;0.71;1197;0;-0.16;0.15;0.05;185;0.11;0.02;0.29;0.17;0.05;1.6;0.29;3.9;1.94;0.66
13/09/24   ;09:00;0.73;13.4;23.5;0.73;1200;0;-0.16;0.2;0.05;183;0.13;0.02;0.32;0.19;0.06;1.63;0.61;3.52;2.03;0.61
13/09/24   ;10:00;0.72;13.4;23.5;0.73;1200;0;-0.14;0.18;0.05;180;0.12;0.03;0.28;0.18;0.05;1.66;0.41;3.68;1.89;0.62
13/09/24   ;11:00;0.72;13.4;23.4;0.72;1200;0;-0.15;0.18;0.05;180;0.12;0.02;0.32;0.18;0.05;1.66;0.37;3.44;1.98;0.59
13/09/24   ;12:00;0.65;13.4;23.5;0.65;1200;0;-0.15;0.14;0.04;186;0.1;0.02;0.28;0.16;0.05;1.6;0.33;3.35;1.9;0.58
13/09/24   ;13:00;0.62;13.3;23.5;0.61;1193;0;-0.15;0.18;0.05;173;0.13;0.03;0.27;0.19;0.05;1.72;0.31;3.13;1.9;0.55
13/09/24   ;14:00;0.63;13.4;23.5;0.63;1200;0;-0.18;0.21;0.05;175;0.12;0.03;0.36;0.18;0.06;1.7;0.41;3.41;1.97;0.58
13/09/24   ;15:00;0.6;13.4;23.5;0.6;1200;0;-0.15;0.19;0.04;181;0.11;0.02;0.32;0.17;0.05;1.65;0.46;3.31;1.92;0.59
13/09/24   ;16:00;0.6;13.4;23.5;0.6;1197;0;-0.16;0.15;0.04;178;0.1;0;0.28;0.17;0.05;1.67;0.32;3.37;1.97;0.6
13/09/24   ;17:00;0.69;13.4;23.4;0.69;1200;0;-0.15;0.15;0.04;190;0.1;0;0.26;0.16;0.05;1.57;0.32;3.65;1.79;0.58
13/09/24   ;18:00;0.79;13.3;23.3;0.79;1197;0;-0.18;0.2;0.06;167;0.13;0.01;0.35;0.21;0.07;1.77;0.34;3.8;2.2;0.75
13/09/24   ;19:00;0.88;13.3;23.3;0.88;1197;0;-0.15;0.21;0.05;186;0.11;0.02;0.3;0.17;0.05;1.59;0.34;3.54;1.89;0.61
13/09/24   ;20:00;0.88;13.3;23.2;0.88;1199;0;-0.1;0.16;0.04;172;0.1;0.01;0.25;0.15;0.05;1.73;0.28;3.99;2;0.69
13/09/24   ;21:00;0.82;13.4;23.2;0.82;1195;0;-0.13;0.13;0.04;163;0.09;0;0.26;0.14;0.04;1.82;0.32;4.57;2.33;0.81
13/09/24   ;22:00;0.67;13.4;23.1;0.67;1199;0;-0.09;0.1;0.03;158;0.08;0;0.19;0.12;0.04;1.89;0.49;4.02;2.34;0.76
13/09/24   ;23:00;0.51;13.3;23.1;0.51;1200;0;-0.16;0.15;0.04;141;0.09;0.01;0.31;0.14;0.05;2.1;0.41;4.04;2.72;0.83
14/09/24   ;00:00;0.38;13.3;23.1;0.38;1215;0;-0.1;0.09;0.03;144;0.07;0.01;0.18;0.11;0.03;2.1;0.45;5.32;2.44;0.9
14/09/24   ;01:00;0.23;13.4;23.1;0.23;1200;0;-0.09;0.13;0.03;139;0.07;0.01;0.22;0.11;0.04;2.12;0.28;4.49;2.65;0.85
14/09/24   ;02:00;0.11;13.3;22.9;0.11;1200;0;-0.09;0.1;0.03;151;0.06;0.01;0.17;0.11;0.04;1.98;0.36;3.73;2.53;0.8
14/09/24   ;03:00;0.06;13.4;22.6;0.06;1195;0;-0.09;0.12;0.02;151;0.06;0.01;0.19;0.09;0.03;1.96;0.33;4.86;2.22;0.77
14/09/24   ;04:00;0.09;13.4;23;0.09;1200;0;-0.07;0.07;0.02;164;0.05;0;0.12;0.08;0.02;1.82;0.27;3.36;2.21;0.69
14/09/24   ;05:00;0.21;13.3;23;0.21;1200;0;-0.1;0.1;0.03;196;0.07;0.01;0.17;0.11;0.03;1.52;0.28;3.16;1.85;0.58
14/09/24   ;06:00;0.35;13.3;23.1;0.35;1197;0;-0.14;0.12;0.04;167;0.09;0.01;0.26;0.13;0.04;1.78;0.31;3.54;2.25;0.68
14/09/24   ;07:00;0.49;13.4;22;0.49;1194;0;-0.16;0.19;0.05;181;0.12;0.01;0.34;0.19;0.06;1.63;0.31;3.81;1.91;0.68
14/09/24   ;08:00;0.61;13.4;21.8;0.61;1200;0;-0.17;0.22;0.05;192;0.12;0.01;0.3;0.19;0.06;1.56;0.3;3.49;1.92;0.6
14/09/24   ;09:00;0.69;13.4;21.5;0.69;1200;0;-0.18;0.24;0.05;191;0.12;0.02;0.41;0.19;0.06;1.56;0.43;3.33;1.87;0.6
14/09/24   ;10:00;0.75;13.3;21.6;0.75;1195;0;-0.16;0.19;0.05;192;0.12;0.02;0.31;0.19;0.06;1.55;0.3;3.64;1.88;0.62
14/09/24   ;11:00;0.75;13.4;21.7;0.75;1199;0;-0.25;0.2;0.05;176;0.13;0.01;0.45;0.2;0.06;1.69;0.27;3.6;2.2;0.72
14/09/24   ;12:00;0.65;13.4;21.8;0.66;1200;0;-0.14;0.17;0.05;171;0.11;0;0.27;0.17;0.05;1.74;0.31;4.22;1.97;0.64
14/09/24   ;13:00;0.54;13.4;21.9;0.54;1200;0;-0.16;0.15;0.04;176;0.1;0.01;0.24;0.16;0.05;1.69;0.4;3.48;1.95;0.55
14/09/24   ;14:00;0.47;13.4;22.2;0.47;1200;0;-0.16;0.16;0.04;182;0.11;0.01;0.32;0.16;0.05;1.65;0.41;3.27;2.05;0.65
14/09/24   ;15:00;0.46;13.4;22.3;0.46;1198;0;-0.14;0.16;0.05;175;0.12;0.01;0.23;0.17;0.05;1.7;0.51;3.53;2.03;0.64
14/09/24   ;16:00;0.55;13.3;21.9;0.55;1194;0;-0.12;0.17;0.05;187;0.11;0.01;0.25;0.17;0.05;1.58;0.33;4.23;1.88;0.62
14/09/24   ;17:00;0.71;13.3;21.9;0.71;1197;0;-0.18;0.22;0.06;189;0.14;0.03;0.4;0.21;0.06;1.58;0.43;3.21;1.77;0.55
14/09/24   ;18:00;0.83;13.4;21.8;0.83;1200;0;-0.15;0.21;0.06;193;0.13;0.01;0.35;0.21;0.07;1.54;0.36;3.66;1.91;0.61
14/09/24   ;19:00;0.9;13.4;22.4;0.9;1199;0;-0.17;0.16;0.05;183;0.12;0.01;0.28;0.18;0.05;1.63;0.28;3.65;2.03;0.69
14/09/24   ;20:00;0.88;13.4;22.2;0.88;1196;0;-0.14;0.16;0.04;184;0.11;0.02;0.26;0.17;0.05;1.61;0.41;3.33;1.88;0.6
14/09/24   ;21:00;0.8;13.4;22;0.8;1200;0;-0.11;0.12;0.04;173;0.09;0.01;0.19;0.13;0.04;1.73;0.29;3.55;2.13;0.67
14/09/24   ;22:00;0.66;13.3;21.8;0.66;1195;0;-0.1;0.1;0.03;160;0.08;0;0.18;0.12;0.04;1.84;0.35;3.76;2.33;0.72
14/09/24   ;23:00;0.48;13.4;21.7;0.47;1193;0;-0.11;0.12;0.03;166;0.08;0.01;0.2;0.12;0.04;1.77;0.3;3.37;2.16;0.63
15/09/24   ;00:00;0.28;13.4;21.9;0.28;1200;0;-0.11;0.1;0.03;149;0.08;0.01;0.21;0.13;0.04;2;0.39;4.47;2.37;0.81
15/09/24   ;01:00;0.09;13.4;21.9;0.09;1200;0;-0.09;0.08;0.03;157;0.07;0;0.15;0.1;0.03;1.89;0.31;4.27;2.53;0.82
15/09/24   ;02:00;-0.05;13.4;21.8;-0.05;1210;0;-0.08;0.08;0.02;160;0.05;0.01;0.16;0.08;0.03;1.87;0.28;3.53;2.16;0.7
15/09/24   ;03:00;-0.14;13.3;21.6;-0.14;1199;0;-0.06;0.06;0.02;170;0.04;0;0.11;0.07;0.02;1.76;0.3;3.66;2.22;0.65
15/09/24   ;04:00;-0.13;13.3;21.7;-0.13;1200;0;-0.08;0.13;0.03;152;0.06;0.01;0.2;0.11;0.04;1.96;0.36;4.07;2.31;0.73
15/09/24   ;05:00;0.03;13.3;21.7;0.04;1200;0;-0.12;0.11;0.02;187;0.06;0.01;0.22;0.09;0.03;1.59;0.35;3.49;1.87;0.6
15/09/24   ;06:00;0.23;13.4;21.8;0.23;1194;0;-0.13;0.14;0.04;170;0.09;0.02;0.22;0.14;0.04;1.74;0.53;4.03;2.04;0.72
15/09/24   ;07:00;0.42;13.4;20.9;0.42;1200;0;-0.13;0.17;0.04;190;0.1;0.01;0.26;0.16;0.05;1.57;0.31;3.74;2.03;0.66
15/09/24   ;08:00;0.59;13.3;20.9;0.59;1200;0;-0.14;0.21;0.05;181;0.11;0.01;0.32;0.17;0.06;1.64;0.46;4.14;1.99;0.69
15/09/24   ;09:00;0.7;13.3;21.5;0.7;1200;0;-0.12;0.18;0.05;183;0.11;0.02;0.27;0.17;0.05;1.62;0.49;3.81;1.88;0.61
15/09/24   ;10:00;0.75;13.3;21.8;0.75;1194;0;-0.16;0.19;0.05;182;0.12;0.01;0.28;0.18;0.06;1.63;0.31;3.51;1.91;0.65
15/09/24   ;11:00;0.72;13.4;21.8;0.72;1197;0;-0.16;0.2;0.05;170;0.12;0.01;0.36;0.18;0.06;1.75;0.34;3.88;2.18;0.7
15/09/24   ;12:00;0.62;13.4;21.5;0.62;1200;0;-0.15;0.19;0.05;180;0.11;0.01;0.34;0.17;0.06;1.65;0.33;3.52;1.99;0.64
15/09/24   ;13:00;0.52;13.4;21.2;0.52;1198;0;-0.14;0.13;0.04;171;0.1;0.02;0.23;0.16;0.04;1.74;0.31;4.13;2.02;0.62
15/09/24   ;14:00;0.44;13.3;21.2;0.44;1200;0;-0.12;0.16;0.04;168;0.1;0.02;0.26;0.15;0.04;1.77;0.34;3.95;2.11;0.64
15/09/24   ;15:00;0.41;13.4;21.2;0.41;1197;0;-0.12;0.15;0.04;165;0.11;0.02;0.22;0.16;0.05;1.81;0.59;4.17;2.05;0.67
15/09/24   ;16:00;0.44;13.4;21.5;0.44;1200;0;-0.15;0.2;0.05;190;0.11;0.01;0.32;0.18;0.05;1.57;0.41;3.62;1.89;0.66
15/09/24   ;17:00;0.55;13.4;21.5;0.55;1200;0;-0.15;0.15;0.05;188;0.12;0;0.26;0.18;0.05;1.58;0.27;3.66;1.89;0.6
15/09/24   ;18:00;0.66;13.4;21.4;0.67;1195;0;-0.18;0.18;0.06;181;0.14;0.02;0.32;0.21;0.06;1.64;0.42;3.35;2.02;0.58
15/09/24   ;19:00;0.76;13.4;21.4;0.76;1200;0;-0.19;0.27;0.07;168;0.16;0.03;0.43;0.24;0.07;1.77;0.4;3.51;2.3;0.68
15/09/24   ;20:00;0.82;13.3;21.7;0.82;1200;0;-0.11;0.12;0.04;211;0.08;0.01;0.2;0.13;0.04;1.41;0.33;3.45;1.91;0.62
15/09/24   ;21:00;0.83;13.4;21.6;0.83;1196;0;-0.13;0.16;0.04;168;0.1;0.01;0.25;0.16;0.05;1.76;0.41;4.17;2.08;0.66
15/09/24   ;22:00;0.73;13.4;21.5;0.73;1199;0;-0.1;0.15;0.03;179;0.07;0.01;0.25;0.11;0.04;1.65;0.3;3.29;2.02;0.64
15/09/24   ;23:00;0.58;13.4;21.3;0.58;1200;0;-0.1;0.12;0.03;178;0.08;0.01;0.22;0.12;0.04;1.68;0.44;3.03;2.05;0.56
16/09/24   ;00:00;0.37;13.4;21.2;0.37;1196;0;-0.11;0.12;0.04;132;0.08;0.02;0.21;0.13;0.04;2.25;0.37;5.31;2.99;1.04
16/09/24   ;01:00;0.16;13.3;21.2;0.16;1200;0;-0.07;0.07;0.02;159;0.05;0;0.12;0.08;0.02;1.88;0.39;4.15;2.23;0.8
16/09/24   ;02:00;-0.03;13.4;21.1;-0.03;1192;0;-0.07;0.06;0.02;185;0.04;0;0.13;0.06;0.02;1.6;0.31;3.7;1.9;0.62
16/09/24   ;03:00;-0.16;13.4;21.1;-0.16;1200;0;-0.04;0.05;0.02;171;0.04;0.01;0.09;0.06;0.02;1.74;0.28;3.33;2.18;0.62
16/09/24   ;04:00;-0.2;13.4;21;-0.2;1200;0;-0.08;0.08;0.02;158;0.05;0.01;0.15;0.08;0.03;1.88;0.37;4.03;2.51;0.83
16/09/24   ;05:00;-0.09;13.3;21.2;-0.09;1200;0;-0.1;0.11;0.03;150;0.08;0.01;0.18;0.12;0.04;1.96;0.34;3.8;2.39;0.72
16/09/24   ;06:00;0.12;13.3;21.2;0.12;1200;0;-0.13;0.14;0.04;165;0.1;0.01;0.23;0.16;0.05;1.8;0.33;4.27;2.3;0.79
16/09/24   ;07:00;0.35;13.3;20.7;0.35;1195;0;-0.17;0.2;0.05;191;0.12;0.01;0.34;0.19;0.06;1.55;0.3;3.14;1.84;0.59
16/09/24   ;08:00;0.53;13.4;20.8;0.53;1190;0;-0.13;0.16;0.04;198;0.1;0.01;0.28;0.16;0.05;1.49;0.29;3.21;1.79;0.58
16/09/24   ;09:00;0.69;13.4;20.8;0.69;1192;0;-0.16;0.22;0.05;185;0.13;0.02;0.35;0.2;0.06;1.6;0.3;3.82;2.06;0.68
16/09/24   ;10:00;0.81;13.3;21.2;0.81;1191;0;-0.14;0.16;0.05;196;0.12;0.02;0.26;0.17;0.05;1.51;0.41;3.24;1.69;0.57
16/09/24   ;11:00;0.84;13.3;21.5;0.84;1196;0;-0.15;0.15;0.05;187;0.11;0.02;0.22;0.17;0.05;1.59;0.4;4.13;1.91;0.66
16/09/24   ;12:00;0.76;13.3;21.5;0.77;1200;0;-0.18;0.2;0.05;179;0.12;0.01;0.31;0.19;0.06;1.67;0.28;3.41;2.02;0.6
16/09/24   ;13:00;0.62;13.3;21.4;0.62;1198;0;-0.14;0.16;0.04;165;0.11;0.01;0.25;0.17;0.05;1.81;0.36;4.07;2.21;0.69
16/09/24   ;14:00;0.44;13.4;21.1;0.44;1200;0;-0.12;0.14;0.04;175;0.1;0.01;0.24;0.16;0.05;1.7;0.34;4.09;1.95;0.71
16/09/24   ;15:00;0.3;13.4;21.1;0.3;1200;0;-0.16;0.18;0.04;174;0.11;0.01;0.28;0.16;0.05;1.71;0.42;3.86;2.09;0.67
16/09/24   ;16:00;0.21;13.4;21.1;0.21;1200;0;-0.15;0.17;0.05;169;0.11;0.02;0.29;0.17;0.05;1.76;0.54;3.54;2.06;0.64
16/09/24   ;17:00;0.24;13.4;21.1;0.24;1199;0;-0.16;0.19;0.05;181;0.11;0.02;0.27;0.17;0.05;1.64;0.6;2.97;2.06;0.59
16/09/24   ;18:00;0.38;13.3;21.1;0.38;1196;0;-0.14;0.2;0.05;188;0.12;0.01;0.34;0.19;0.06;1.59;0.31;3.05;1.95;0.58
16/09/24   ;19:00;0.55;13.4;21.1;0.55;1200;0;-0.15;0.18;0.05;172;0.13;0.02;0.3;0.2;0.06;1.72;0.3;3.66;2.03;0.7
16/09/24   ;20:00;0.7;13.4;21.4;0.7;1194;0;-0.19;0.24;0.06;171;0.13;0.01;0.34;0.21;0.07;1.74;0.32;4.01;2.03;0.7
16/09/24   ;21:00;0.79;13.4;21.4;0.79;1200;0;-0.11;0.12;0.03;192;0.08;0.01;0.23;0.12;0.04;1.55;0.28;3.37;2.02;0.68
16/09/24   ;22:00;0.79;13.4;21.5;0.8;1200;0;-0.11;0.15;0.04;189;0.08;0.01;0.22;0.13;0.04;1.57;0.28;4.12;1.9;0.66
16/09/24   ;23:00;0.69;13.3;21.3;0.69;1200;0;-0.14;0.15;0.03;177;0.07;0.01;0.28;0.11;0.04;1.67;0.39;4.25;2.09;0.7
17/09/24   ;00:00;0.5;13.4;21.1;0.5;1193;0;-0.12;0.12;0.03;164;0.08;0.01;0.21;0.12;0.04;1.8;0.33;4.13;2.15;0.78
17/09/24   ;01:00;0.29;13.4;20.9;0.29;1198;0;-0.1;0.09;0.03;145;0.07;0.01;0.17;0.11;0.03;2.05;0.3;3.98;2.64;0.84
17/09/24   ;02:00;0.08;13.4;20.9;0.08;1196;0;-0.05;0.04;0.01;153;0.03;0;0.09;0.05;0.02;1.93;0.52;4.04;2.58;0.87
17/09/24   ;03:00;-0.09;13.4;20.9;-0.1;1200;0;-0.06;0.06;0.02;161;0.04;0.01;0.11;0.06;0.02;1.85;0.32;3.74;2.4;0.82
17/09/24   ;04:00;-0.18;13.4;20.8;-0.18;1200;0;-0.14;0.13;0.04;140;0.09;0.01;0.23;0.14;0.05;2.13;0.48;4.63;2.67;0.83
17/09/24   ;05:00;-0.14;13.3;20.8;-0.14;1200;0;-0.11;0.14;0.03;179;0.06;0;0.23;0.1;0.03;1.66;0.32;4.3;2;0.65
17/09/24   ;06:00;0.04;13.4;20.8;0.04;1199;0;-0.12;0.15;0.04;187;0.1;0.02;0.24;0.15;0.05;1.58;0.3;4.12;1.93;0.64
17/09/24   ;07:00;0.29;13.3;20.7;0.29;1196;0;-0.2;0.19;0.06;178;0.13;0;0.36;0.21;0.07;1.66;0.3;3.78;1.89;0.61
17/09/24   ;08:00;0.56;13.4;20.6;0.56;1197;0;-0.15;0.18;0.05;194;0.12;0.02;0.29;0.18;0.06;1.53;0.36;3.44;1.78;0.57
17/09/24   ;09:00;0.76;13.3;20.8;0.76;1200;0;-0.18;0.26;0.06;200;0.14;0.01;0.43;0.22;0.07;1.49;0.34;3.86;1.59;0.53
17/09/24   ;10:00;0.88;13.3;21.1;0.88;1211;0;-0.15;0.17;0.05;213;0.12;0.02;0.31;0.18;0.06;1.41;0.3;2.8;1.59;0.46
17/09/24   ;11:00;0.95;13.3;21.3;0.95;1183;0;-0.18;0.22;0.06;196;0.15;0.02;0.41;0.23;0.07;1.5;0.4;3.46;1.73;0.57
17/09/24   ;12:00;0.94;13.3;21.2;0.94;1200;0;-0.16;0.21;0.05;201;0.13;0.02;0.33;0.19;0.06;1.48;0.4;3.22;1.71;0.53
17/09/24   ;13:00;0.8;13.4;21.1;0.8;1195;0;-0.22;0.24;0.06;156;0.15;0.01;0.38;0.24;0.08;1.9;0.34;4.09;2.48;0.83
17/09/24   ;14:00;0.58;13.4;20.7;0.58;1199;0;-0.16;0.17;0.05;167;0.13;0.02;0.27;0.19;0.06;1.77;0.34;3.67;1.9;0.64
17/09/24   ;15:00;0.4;13.3;20.5;0.4;1200;0;-0.16;0.2;0.06;171;0.14;0.02;0.33;0.2;0.06;1.73;0.43;3.62;2.03;0.63
17/09/24   ;16:00;0.27;13.3;20.5;0.27;1197;0;-0.21;0.2;0.06;177;0.14;0.01;0.41;0.21;0.07;1.68;0.31;3.7;2.09;0.66
17/09/24   ;17:00;0.21;13.3;20.4;0.21;1197;0;-0.22;0.28;0.06;179;0.15;0.02;0.46;0.24;0.07;1.66;0.32;3.84;2.04;0.68
17/09/24   ;18:00;0.27;13.3;20.4;0.27;1185;0;-0.19;0.29;0.07;172;0.17;0.02;0.4;0.25;0.07;1.71;0.36;3.77;2.03;0.6
17/09/24   ;19:00;0.42;13.4;20.3;0.42;1200;0;-0.2;0.33;0.07;208;0.17;0.01;0.5;0.25;0.08;1.44;0.28;3.14;1.64;0.46
17/09/24   ;20:00;0.62;13.4;20.5;0.62;1200;0;-0.19;0.26;0.07;215;0.17;0.01;0.41;0.26;0.08;1.39;0.3;4.68;1.58;0.48
17/09/24   ;21:00;0.78;13.3;20.5;0.78;1194;0;-0.14;0.15;0.05;216;0.12;0.02;0.28;0.18;0.06;1.37;0.3;3.12;1.68;0.55
17/09/24   ;22:00;0.85;13.4;20.5;0.85;1199;0;-0.17;0.29;0.07;216;0.16;0.01;0.39;0.25;0.08;1.38;0.29;2.81;1.44;0.4
17/09/24   ;23:00;0.85;13.4;20.3;0.85;1197;0;-0.16;0.27;0.06;205;0.15;0.02;0.38;0.23;0.07;1.45;0.3;3.48;1.53;0.45
18/09/24   ;00:00;0.76;13.4;20.2;0.76;1196;0;-0.17;0.2;0.06;190;0.14;0.01;0.34;0.21;0.07;1.56;0.33;3.64;1.76;0.54
18/09/24   ;01:00;0.56;13.4;19.9;0.56;1192;0;-0.18;0.23;0.06;179;0.16;0.01;0.41;0.24;0.08;1.66;0.31;3.38;1.83;0.53
18/09/24   ;02:00;0.35;13.4;19.5;0.34;1200;0;-0.21;0.22;0.06;185;0.15;0.04;0.43;0.23;0.07;1.61;0.49;3.42;1.73;0.44
18/09/24   ;03:00;0.16;13.3;19.3;0.16;1197;0;-0.12;0.11;0.03;155;0.06;0.01;0.24;0.1;0.04;1.92;0.38;3.88;2.26;0.75
18/09/24   ;04:00;0.02;13.4;19;0.02;1198;0;-0.11;0.16;0.04;174;0.09;0.02;0.23;0.14;0.04;1.7;0.33;4.53;2.17;0.78
18/09/24   ;05:00;-0.01;13.4;18.8;-0.01;1198;0;-0.1;0.1;0.03;214;0.07;0.01;0.2;0.11;0.03;1.39;0.29;3.49;1.79;0.61
18/09/24   ;06:00;0.1;13.4;18.5;0.09;1203;0;-0.18;0.17;0.05;189;0.11;0.01;0.28;0.17;0.05;1.58;0.29;4.04;2.11;0.74
18/09/24   ;07:00;0.3;13.4;18.5;0.3;1207;0;-0.17;0.25;0.06;197;0.14;0.02;0.4;0.22;0.07;1.52;0.39;3.29;1.78;0.57
18/09/24   ;08:00;0.55;13.3;19;0.55;1197;0;-0.19;0.25;0.06;196;0.14;0.02;0.4;0.21;0.06;1.52;0.32;3.26;1.72;0.49
18/09/24   ;09:00;0.78;13.3;19.2;0.78;1201;0;-0.2;0.27;0.07;196;0.16;0.02;0.41;0.25;0.08;1.52;0.37;3.12;1.84;0.55
18/09/24   ;10:00;0.93;13.4;19.5;0.93;1202;0;-0.19;0.24;0.06;202;0.13;0.02;0.38;0.21;0.07;1.48;0.38;3.47;1.68;0.54
18/09/24   ;11:00;1.03;13.3;19.4;1.03;1198;0;-0.17;0.27;0.06;211;0.13;0.02;0.44;0.21;0.07;1.41;0.31;3.25;1.69;0.52
18/09/24   ;12:00;1.03;13.3;19.7;1.03;1200;0;-0.18;0.3;0.06;185;0.15;0.01;0.4;0.23;0.07;1.61;0.36;3.31;1.94;0.68
18/09/24   ;13:00;0.88;13.3;19.6;0.88;1203;0;-0.2;0.2;0.06;174;0.14;0.01;0.31;0.23;0.07;1.72;0.4;3.87;2.08;0.66
18/09/24   ;14:00;0.68;13.3;19.5;0.68;1200;0;-0.14;0.21;0.05;170;0.12;0.01;0.3;0.19;0.06;1.75;0.31;3.94;2.3;0.77
18/09/24   ;15:00;0.47;13.3;19.1;0.47;1194;0;-0.17;0.18;0.05;167;0.13;0.01;0.3;0.19;0.06;1.78;0.41;3.98;2.14;0.68
18/09/24   ;16:00;0.28;13.3;18.8;0.28;1192;0;-0.18;0.16;0.05;171;0.12;0.02;0.29;0.18;0.06;1.72;0.38;4.02;2.17;0.67
18/09/24   ;17:00;0.14;13.3;18.6;0.14;1202;0;-0.14;0.17;0.04;162;0.1;0.02;0.23;0.15;0.04;1.85;0.27;4.06;2.41;0.8
18/09/24   ;18:00;0.12;13.4;18.6;0.12;1200;0;-0.16;0.16;0.05;162;0.12;0.01;0.31;0.19;0.06;1.83;0.32;3.43;2.25;0.69
18/09/24   ;19:00;0.2;13.3;19;0.2;1194;0;-0.16;0.21;0.06;169;0.13;0.01;0.32;0.21;0.07;1.75;0.31;3.74;2.25;0.81
18/09/24   ;20:00;0.39;13.4;19;0.39;1195;0;-0.18;0.22;0.05;189;0.12;0.02;0.31;0.19;0.06;1.57;0.27;4.01;2.02;0.71
18/09/24   ;21:00;0.57;13.4;19.1;0.57;1200;0;-0.17;0.19;0.04;199;0.1;0.01;0.36;0.15;0.05;1.5;0.26;3.63;1.67;0.57
18/09/24   ;22:00;0.71;13.4;19.1;0.71;1207;0;-0.14;0.15;0.04;203;0.09;0.01;0.22;0.14;0.04;1.47;0.36;3.98;1.81;0.58
18/09/24   ;23:00;0.77;13.4;19.2;0.77;1195;0;-0.12;0.16;0.04;200;0.09;0.01;0.27;0.15;0.05;1.49;0.3;3.49;1.93;0.67
19/09/24   ;00:00;0.72;13.3;19.1;0.72;1200;0;-0.11;0.12;0.03;168;0.07;0.01;0.19;0.11;0.03;1.78;0.29;3.66;2.3;0.74
19/09/24   ;01:00;0.56;13.4;19;0.56;1199;0;-0.07;0.07;0.02;191;0.04;0.01;0.12;0.07;0.02;1.55;0.32;3.51;2.16;0.68
19/09/24   ;02:00;0.37;13.4;18.9;0.37;1197;0;-0.07;0.06;0.02;202;0.04;0;0.12;0.07;0.02;1.48;0.26;3.42;1.8;0.63
19/09/24   ;03:00;0.15;13.4;18.8;0.14;1200;0;-0.1;0.11;0.03;218;0.07;0.02;0.18;0.11;0.03;1.37;0.5;3.69;1.52;0.45
19/09/24   ;04:00;-0.02;13.4;18.5;-0.02;1200;0;-0.11;0.14;0.03;178;0.08;0.01;0.2;0.12;0.04;1.68;0.3;3.92;2.27;0.77
19/09/24   ;05:00;-0.09;13.4;18.4;-0.09;1200;0;-0.11;0.12;0.03;170;0.08;0.01;0.23;0.13;0.04;1.75;0.3;4.22;2.26;0.85
19/09/24   ;06:00;0.01;13.3;18.8;0.01;1200;0;-0.15;0.13;0.04;179;0.1;0.02;0.24;0.15;0.05;1.65;0.29;4.04;2.1;0.72
19/09/24   ;07:00;0.2;13.4;18.7;0.2;1200;0;-0.16;0.19;0.05;198;0.11;0.01;0.27;0.17;0.05;1.5;0.3;4.34;1.87;0.61
19/09/24   ;08:00;0.43;13.4;18.8;0.43;1200;0;-0.18;1.43;0.08;178;0.14;0.02;0.47;0.21;0.06;1.66;0.36;3.41;1.82;0.65
19/09/24   ;09:00;0.66;13.4;18.7;0.66;1198;0;-0.15;0.22;0.05;196;0.12;0.02;0.33;0.19;0.06;1.52;0.38;3.18;1.78;0.56
19/09/24   ;10:00;0.83;13.4;19.1;0.83;1199;0;-0.16;0.14;0.04;193;0.11;0.01;0.23;0.17;0.05;1.54;0.35;3.61;1.83;0.57
19/09/24   ;11:00;0.94;13.3;19.6;0.94;1197;0;-0.14;0.2;0.05;189;0.11;0.02;0.29;0.17;0.05;1.56;0.59;3.94;1.7;0.5
19/09/24   ;12:00;0.98;13.3;19.8;0.98;1206;0;-0.14;0.22;0.05;203;0.11;0.01;0.32;0.17;0.05;1.48;0.3;3.32;1.71;0.55
19/09/24   ;13:00;0.9;13.4;19.7;0.9;1200;0;-0.13;0.17;0.05;179;0.11;0.02;0.27;0.18;0.06;1.66;0.35;3.66;1.97;0.62
19/09/24   ;14:00;0.71;13.3;19.5;0.71;1200;0;-0.15;0.17;0.05;172;0.12;0.01;0.28;0.19;0.06;1.71;0.4;3.94;2.21;0.7
19/09/24   ;15:00;0.5;13.3;19.1;0.5;1200;0;-0.12;0.17;0.04;169;0.1;0.01;0.28;0.15;0.05;1.77;0.31;3.52;2.07;0.64
19/09/24   ;16:00;0.28;13.3;18.9;0.28;1192;0;-0.16;0.16;0.05;170;0.11;0.01;0.32;0.18;0.06;1.75;0.43;4.22;2.22;0.76
19/09/24   ;17:00;0.11;13.3;18.8;0.11;1194;0;-0.15;0.19;0.05;163;0.12;0.02;0.31;0.18;0.06;1.82;0.36;4.11;2.32;0.72
19/09/24   ;18:00;0.01;13.3;18.8;0.01;1200;0;-0.14;0.15;0.04;174;0.1;0.02;0.27;0.16;0.05;1.71;0.52;3.44;2.19;0.64
19/09/24   ;19:00;0.05;13.3;18.7;0.04;1200;0;-0.15;0.22;0.06;166;0.13;0.01;0.35;0.21;0.06;1.8;0.35;3.96;2.22;0.73
19/09/24   ;20:00;0.22;13.3;19;0.22;1199;0;-0.13;0.18;0.04;207;0.1;0.01;0.26;0.16;0.05;1.44;0.3;3.5;1.9;0.62
19/09/24   ;21:00;0.4;13.4;19;0.4;1195;0;-0.14;0.18;0.04;223;0.1;0.01;0.29;0.16;0.05;1.33;0.26;3.46;1.66;0.52
19/09/24   ;22:00;0.59;13.3;19.2;0.59;1198;0;-0.12;0.18;0.04;185;0.1;0.01;0.25;0.16;0.05;1.61;0.28;3.69;1.94;0.65
19/09/24   ;23:00;0.7;13.3;19.5;0.7;1200;0;-0.14;0.19;0.04;175;0.1;0.01;0.25;0.15;0.05;1.69;0.42;3.31;1.97;0.66
20/09/24   ;00:00;0.71;13.4;19.7;0.71;1198;0;-0.14;0.15;0.04;173;0.09;0.01;0.3;0.15;0.05;1.72;0.27;3.92;2.11;0.76
20/09/24   ;01:00;0.63;13.4;19.5;0.63;1199;0;-0.08;0.08;0.02;171;0.06;0.01;0.16;0.09;0.03;1.72;0.28;3.62;2.19;0.73
20/09/24   ;02:00;0.47;13.4;19.2;0.47;1196;0;-0.08;0.08;0.02;207;0.04;0;0.16;0.07;0.02;1.43;0.32;3.24;1.82;0.59
20/09/24   ;03:00;0.3;13.4;19;0.29;1195;0;-0.1;0.11;0.03;166;0.07;0.01;0.18;0.11;0.04;1.79;0.28;3.84;2.14;0.7
20/09/24   ;04:00;0.13;13.3;18.8;0.13;1200;0;-0.14;0.15;0.04;177;0.09;0.01;0.26;0.14;0.04;1.68;0.3;4.39;2.2;0.76
20/09/24   ;05:00;0.03;13.4;18.7;0.03;1199;0;-0.12;0.11;0.03;181;0.07;0.01;0.21;0.11;0.04;1.65;0.38;2.91;1.91;0.57
20/09/24   ;06:00;0.05;13.4;18.7;0.05;1199;0;-0.13;0.14;0.04;174;0.1;0.01;0.23;0.14;0.04;1.7;0.36;4.37;2.1;0.65
20/09/24   ;07:00;0.19;13.4;19;0.2;1200;0;-0.15;0.21;0.05;184;0.12;0.02;0.33;0.19;0.06;1.62;0.36;3.6;1.94;0.63
20/09/24   ;08:00;0.39;13.4;19;0.39;1200;0;-0.16;0.16;0.05;199;0.12;0.01;0.28;0.19;0.06;1.5;0.33;3.48;1.81;0.56
20/09/24   ;09:00;0.6;13.4;19.3;0.6;1200;0;-0.14;0.25;0.05;213;0.12;0.02;0.38;0.18;0.06;1.4;0.28;3.27;1.66;0.47
20/09/24   ;10:00;0.8;13.3;19.5;0.8;1195;0;-0.17;0.22;0.06;191;0.13;0.01;0.38;0.21;0.07;1.56;0.28;3.12;1.73;0.54
20/09/24   ;11:00;0.92;13.4;19.8;0.92;1199;0;-0.15;0.24;0.05;210;0.12;0.01;0.34;0.19;0.06;1.42;0.3;3.36;1.67;0.52
20/09/24   ;12:00;0.99;13.4;20;0.99;1196;0;-0.16;0.2;0.06;197;0.14;0.02;0.34;0.22;0.07;1.51;0.33;3.54;1.89;0.62
20/09/24   ;13:00;0.93;13.4;20;0.93;1199;0;-0.16;0.18;0.05;194;0.13;0.01;0.28;0.2;0.06;1.53;0.28;3.34;1.94;0.62
20/09/24   ;14:00;0.76;13.3;19.8;0.76;1200;0;-0.16;0.18;0.05;183;0.12;0.01;0.3;0.19;0.06;1.62;0.31;3.69;1.93;0.63
20/09/24   ;15:00;0.54;13.3;19.5;0.54;1198;0;-0.18;0.2;0.05;173;0.12;0.01;0.33;0.19;0.06;1.72;0.32;3.35;1.97;0.66
20/09/24   ;16:00;0.3;13.3;19.4;0.3;1192;0;-0.18;0.16;0.05;163;0.12;0.01;0.29;0.18;0.06;1.81;0.49;3.46;2.12;0.68
20/09/24   ;17:00;0.1;13.3;19.2;0.1;1200;0;-0.12;0.13;0.04;181;0.1;0.01;0.24;0.15;0.05;1.65;0.29;3.28;1.95;0.56
20/09/24   ;18:00;-0.04;13.3;19.1;-0.05;1196;0;-0.19;0.18;0.05;171;0.11;0.01;0.32;0.17;0.06;1.74;0.28;3.92;2.32;0.71
20/09/24   ;19:00;-0.1;13.4;19.1;-0.1;1200;0;-0.19;0.17;0.05;165;0.12;0.02;0.36;0.18;0.06;1.81;0.29;3.97;2.17;0.7
20/09/24   ;20:00;-0.01;13.3;19.3;-0.01;1200;0;-0.17;0.19;0.05;170;0.12;0.01;0.35;0.19;0.06;1.75;0.38;3.96;2.08;0.68
20/09/24   ;21:00;0.21;13.3;19.3;0.21;1200;0;-0.15;0.17;0.05;189;0.11;0.02;0.3;0.17;0.05;1.57;0.32;3.81;1.81;0.58
20/09/24   ;22:00;0.41;13.3;19.4;0.41;1195;0;-0.13;0.18;0.04;190;0.1;0.02;0.27;0.16;0.05;1.56;0.37;3.56;1.74;0.52
20/09/24   ;23:00;0.55;13.3;19.6;0.55;1200;0;-0.15;0.13;0.04;195;0.1;0.02;0.24;0.15;0.05;1.53;0.36;3.48;1.77;0.55
21/09/24   ;00:00;0.64;13.4;19.7;0.64;1196;0;-0.13;0.17;0.04;171;0.1;0.01;0.26;0.16;0.05;1.73;0.38;4.23;2.22;0.75
21/09/24   ;01:00;0.63;13.4;19.7;0.63;1196;0;-0.09;0.11;0.03;166;0.06;0.01;0.2;0.1;0.03;1.78;0.28;3.75;2.12;0.72
21/09/24   ;02:00;0.5;13.3;19.6;0.5;1200;0;-0.04;0.05;0.01;163;0.03;0;0.09;0.04;0.01;1.82;0.26;3.53;2.13;0.65
21/09/24   ;03:00;0.33;13.3;19.4;0.33;1197;0;-0.07;0.05;0.02;162;0.04;0.01;0.11;0.06;0.02;1.83;0.34;4.01;2.47;0.8
21/09/24   ;04:00;0.16;13.4;19.2;0.16;1198;0;-0.13;0.13;0.03;136;0.08;0.01;0.23;0.13;0.05;2.18;0.38;4.29;2.57;0.77
21/09/24   ;05:00;0.06;13.4;19.1;0.06;1207;0;-0.09;0.11;0.03;151;0.07;0.01;0.19;0.11;0.04;1.98;0.26;4.21;2.53;0.84
21/09/24   ;06:00;0.05;13.4;19;0.05;1200;0;-0.12;0.12;0.04;156;0.09;0.01;0.21;0.14;0.04;1.91;0.35;4;2.51;0.82
21/09/24   ;07:00;0.14;13.4;19.3;0.14;1199;0;-0.14;0.19;0.05;178;0.13;0.01;0.3;0.2;0.06;1.68;0.38;3.67;1.84;0.58
21/09/24   ;08:00;0.33;13.3;19.4;0.33;1200;0;-0.13;0.17;0.05;184;0.11;0.02;0.26;0.17;0.05;1.62;0.46;3.67;1.86;0.58
21/09/24   ;09:00;0.52;13.4;19.5;0.52;1200;0;-0.18;0.22;0.05;195;0.12;0.01;0.32;0.19;0.06;1.53;0.35;3.72;1.72;0.58
21/09/24   ;10:00;0.69;13.4;19.8;0.69;1200;0;-0.15;0.26;0.05;201;0.13;0.01;0.38;0.2;0.06;1.48;0.37;3.1;1.8;0.58
21/09/24   ;11:00;0.81;13.4;19.9;0.81;1196;0;-0.15;0.17;0.05;191;0.12;0.01;0.3;0.19;0.06;1.55;0.34;3.67;1.82;0.57
21/09/24   ;12:00;0.86;13.4;20.2;0.86;1200;0;-0.15;0.2;0.05;181;0.13;0.01;0.33;0.2;0.06;1.64;0.34;3.68;1.95;0.63
21/09/24   ;13:00;0.82;13.3;20.2;0.82;1199;0;-0.15;0.18;0.05;178;0.13;0.01;0.31;0.2;0.06;1.67;0.35;3.99;2;0.64
21/09/24   ;14:00;0.68;13.3;20.2;0.68;1200;0;-0.17;0.19;0.05;171;0.12;0.02;0.31;0.18;0.06;1.75;0.33;3.86;2.09;0.67
21/09/24   ;15:00;0.5;13.3;20;0.5;1197;0;-0.16;0.16;0.05;174;0.11;0.02;0.26;0.17;0.05;1.71;0.42;3.71;2.05;0.66
21/09/24   ;16:00;0.3;13.3;19.9;0.3;1199;0;-0.13;0.17;0.05;178;0.11;0.02;0.26;0.17;0.05;1.67;0.32;3.59;1.98;0.65
21/09/24   ;17:00;0.11;13.4;19.8;0.11;1198;0;-0.15;0.15;0.05;168;0.12;0.01;0.26;0.19;0.06;1.77;0.49;3.79;2.21;0.72
21/09/24   ;18:00;-0.01;13.3;19.7;-0.01;1200;0;-0.16;0.25;0.05;168;0.12;0.01;0.36;0.19;0.07;1.77;0.29;4.35;2.31;0.75
21/09/24   ;19:00;-0.06;13.3;19.6;-0.06;1200;0;-0.16;0.23;0.05;177;0.11;0.02;0.39;0.17;0.06;1.68;0.3;3.55;2.09;0.68
21/09/24   ;20:00;0;13.3;19.6;0;1208;0;-0.15;0.15;0.04;164;0.1;0.01;0.26;0.16;0.05;1.84;0.37;4.34;2.2;0.64
21/09/24   ;21:00;0.14;13.3;20.1;0.14;1195;0;-0.14;0.12;0.04;164;0.1;0.02;0.23;0.15;0.05;1.81;0.36;3.31;2.13;0.66
21/09/24   ;22:00;0.3;13.3;20.1;0.3;1199;0;-0.14;0.13;0.04;180;0.1;0.01;0.23;0.15;0.05;1.66;0.34;4.09;2.02;0.65
21/09/24   ;23:00;0.41;13.3;20.3;0.42;1200;0;-0.12;0.17;0.04;163;0.11;0.01;0.23;0.16;0.05;1.83;0.37;5.85;2.44;0.81
22/09/24   ;00:00;0.49;13.3;20.3;0.49;1207;0;-0.13;0.12;0.04;148;0.1;0.01;0.24;0.15;0.04;2.02;0.33;4.03;2.65;0.87
22/09/24   ;01:00;0.51;13.3;20.5;0.51;1200;0;-0.08;0.09;0.03;144;0.06;0.01;0.15;0.1;0.03;2.04;0.45;4.03;2.58;0.84
22/09/24   ;02:00;0.48;13.4;20.4;0.48;1199;0;-0.07;0.08;0.02;184;0.05;0.01;0.13;0.08;0.03;1.62;0.38;2.82;1.95;0.54
22/09/24   ;03:00;0.38;13.4;20.1;0.38;1192;0;-0.07;0.09;0.02;176;0.04;0.01;0.16;0.07;0.02;1.69;0.38;3.29;2.07;0.65
22/09/24   ;04:00;0.26;13.4;19.9;0.26;1196;0;-0.09;0.09;0.03;136;0.06;0;0.17;0.1;0.03;2.18;0.33;3.95;2.77;0.81
22/09/24   ;05:00;0.19;13.4;19.8;0.19;1200;0;-0.11;0.16;0.03;150;0.08;0.01;0.26;0.13;0.04;1.98;0.36;4.23;2.31;0.86
22/09/24   ;06:00;0.16;13.3;19.7;0.16;1196;0;-0.08;0.11;0.03;168;0.08;0.01;0.16;0.11;0.03;1.77;0.33;3.33;2.12;0.61
22/09/24   ;07:00;0.22;13.4;20.1;0.22;1200;0;-0.16;0.13;0.04;159;0.1;0.02;0.28;0.16;0.05;1.85;0.44;4.18;2.16;0.71
22/09/24   ;08:00;0.34;13.4;20.2;0.34;1200;0;-0.17;0.14;0.05;172;0.11;0.02;0.26;0.17;0.05;1.74;0.31;4.48;2.01;0.69
22/09/24   ;09:00;0.48;13.4;20.4;0.48;1200;0;-0.22;0.24;0.05;186;0.12;0.01;0.38;0.19;0.06;1.6;0.29;3.74;1.95;0.62
22/09/24   ;10:00;0.61;13.4;20.5;0.61;1200;0;-0.16;0.23;0.06;209;0.12;0.01;0.34;0.21;0.07;1.42;0.39;3.36;1.71;0.54
22/09/24   ;11:00;0.71;13.3;20.6;0.71;1200;0;-0.17;0.18;0.05;186;0.12;0.02;0.28;0.18;0.06;1.6;0.45;3.4;1.9;0.58
22/09/24   ;12:00;0.77;13.3;20.7;0.77;1200;0;-0.17;0.19;0.05;188;0.12;0.02;0.33;0.18;0.06;1.58;0.31;3.58;1.93;0.65
22/09/24   ;13:00;0.78;13.4;20.7;0.78;1199;0;-0.15;0.17;0.05;180;0.12;0.01;0.29;0.19;0.06;1.65;0.29;3.68;1.96;0.67
22/09/24   ;14:00;0.7;13.4;20.8;0.7;1197;0;-0.15;0.17;0.05;180;0.11;0.01;0.29;0.17;0.05;1.65;0.33;3.35;1.91;0.6
22/09/24   ;15:00;0.56;13.4;20.8;0.56;1200;0;-0.16;0.18;0.05;170;0.12;0.02;0.3;0.18;0.06;1.74;0.3;3.35;2.09;0.62
22/09/24   ;16:00;0.41;13.4;20.6;0.41;1195;0;-0.15;0.23;0.05;167;0.12;0.01;0.35;0.18;0.05;1.77;0.32;3.85;2.07;0.6
22/09/24   ;17:00;0.27;13.3;20.6;0.27;1200;0;-0.15;0.16;0.05;165;0.13;0.01;0.29;0.19;0.06;1.81;0.46;3.72;2.13;0.68
22/09/24   ;18:00;0.13;13.3;20.3;0.13;1199;0;-0.16;0.13;0.04;172;0.1;0.01;0.28;0.16;0.05;1.74;0.34;3.8;2.21;0.73
22/09/24   ;19:00;0.04;13.3;20.1;0.04;1194;0;-0.15;0.2;0.05;156;0.12;0.01;0.27;0.19;0.06;1.9;0.28;4.06;2.48;0.84
22/09/24   ;20:00;0.02;13.3;20.1;0.02;1200;0;-0.14;0.19;0.05;157;0.11;0.01;0.33;0.18;0.06;1.9;0.62;4.09;2.35;0.72
22/09/24   ;21:00;0.08;13.4;20.3;0.08;1191;0;-0.11;0.15;0.04;180;0.1;0.01;0.23;0.15;0.05;1.64;0.3;4.15;1.96;0.63
22/09/24   ;22:00;0.19;13.3;20.5;0.19;1200;0;-0.13;0.12;0.04;168;0.09;0.02;0.23;0.15;0.05;1.77;0.41;3.49;2.19;0.61
22/09/24   ;23:00;0.32;13.4;20.6;0.32;1200;0;-0.1;0.13;0.04;152;0.09;0.02;0.2;0.14;0.04;1.95;0.61;4.47;2.38;0.76
23/09/24   ;00:00;0.43;13.3;20.6;0.43;1199;0;-0.17;0.17;0.04;162;0.09;0.01;0.31;0.15;0.05;1.83;0.32;4.11;2.29;0.79
23/09/24   ;01:00;0.5;13.3;20.7;0.5;1200;0;-0.1;0.12;0.03;170;0.06;0.01;0.2;0.1;0.03;1.76;0.36;3.4;2.08;0.64
23/09/24   ;02:00;0.52;13.3;20.7;0.52;1200;0;-0.04;0.04;0.01;180;0.03;0;0.08;0.05;0.01;1.66;0.35;3.22;2.05;0.6
23/09/24   ;03:00;0.49;13.4;20.7;0.49;1196;0;-0.06;0.06;0.02;164;0.05;0.01;0.12;0.07;0.02;1.81;0.38;3.98;2.25;0.68
23/09/24   ;04:00;0.41;13.3;20.6;0.41;1200;0;-0.07;0.08;0.02;142;0.05;0.01;0.14;0.08;0.03;2.09;0.32;4.16;2.64;0.85
23/09/24   ;05:00;0.33;13.3;20.4;0.33;1200;0;-0.11;0.16;0.04;152;0.09;0;0.25;0.14;0.05;1.94;0.32;4.13;2.46;0.81
23/09/24   ;06:00;0.28;13.4;20.3;0.28;1194;0;-0.12;0.14;0.04;160;0.1;0.01;0.23;0.16;0.05;1.86;0.28;5.01;2.45;0.88
23/09/24   ;07:00;0.3;13.4;20.3;0.3;1200;0;-0.16;0.19;0.05;163;0.13;0.02;0.35;0.21;0.06;1.82;0.33;3.71;2.14;0.65
23/09/24   ;08:00;0.38;13.4;20.7;0.39;1193;0;-0.18;0.18;0.05;183;0.11;0.01;0.32;0.17;0.05;1.62;0.28;3.99;1.85;0.6
23/09/24   ;09:00;0.5;13.3;20.7;0.5;1198;0;-0.26;0.23;0.06;183;0.14;0.01;0.42;0.22;0.07;1.63;0.29;3.66;2.06;0.65
23/09/24   ;10:00;0.61;13.3;20.8;0.6;1200;0;-0.16;0.2;0.05;201;0.12;0.01;0.31;0.19;0.06;1.48;0.3;3.1;1.79;0.51
23/09/24   ;11:00;0.7;13.4;20.8;0.7;1199;0;-0.15;0.18;0.05;183;0.12;0.02;0.29;0.18;0.05;1.63;0.3;3.66;1.96;0.65
23/09/24   ;12:00;0.75;13.4;20.9;0.75;1200;0;-0.14;0.19;0.05;185;0.13;0.01;0.29;0.2;0.06;1.6;0.29;3.53;1.94;0.61
23/09/24   ;13:00;0.77;13.4;20.9;0.77;1200;0;-0.16;0.18;0.05;184;0.12;0.02;0.28;0.18;0.05;1.63;0.34;3.6;2.01;0.58
23/09/24   ;14:00;0.72;13.4;21;0.72;1200;0;-0.15;0.21;0.05;170;0.14;0.03;0.27;0.2;0.05;1.76;0.39;3.92;2.13;0.64
23/09/24   ;15:00;0.65;13.3;21;0.65;1195;0;-0.13;0.16;0.05;180;0.12;0.01;0.27;0.18;0.05;1.64;0.28;3.07;1.86;0.6
23/09/24   ;16:00;0.53;13.4;21;0.53;1197;0;-0.17;0.17;0.06;177;0.14;0.02;0.33;0.22;0.07;1.68;0.28;3.41;1.91;0.6
23/09/24   ;17:00;0.43;13.4;20.9;0.44;1200;0;-0.14;0.18;0.05;164;0.12;0.02;0.25;0.18;0.05;1.8;0.55;3.75;2.2;0.64
23/09/24   ;18:00;0.35;13.4;20.7;0.35;1199;0;-0.17;0.19;0.05;173;0.12;0.02;0.32;0.19;0.06;1.72;0.36;3.58;2.09;0.68
23/09/24   ;19:00;0.29;13.4;20.6;0.29;1195;0;-0.15;0.16;0.05;178;0.11;0.01;0.27;0.17;0.05;1.68;0.42;3.14;1.98;0.56
23/09/24   ;20:00;0.27;13.3;20.5;0.27;1198;0;-0.14;0.25;0.05;179;0.13;0.02;0.4;0.19;0.06;1.66;0.43;3.81;1.91;0.6
23/09/24   ;21:00;0.31;13.3;20.5;0.31;1200;0;-0.13;0.14;0.05;196;0.12;0.01;0.24;0.17;0.05;1.52;0.29;3.49;1.7;0.53
23/09/24   ;22:00;0.41;13.3;20.7;0.41;1200;0;-0.18;0.16;0.05;189;0.11;0.01;0.29;0.17;0.05;1.58;0.38;3.68;1.85;0.59
23/09/24   ;23:00;0.53;13.3;20.7;0.53;1196;0;-0.13;0.17;0.04;187;0.1;0.01;0.28;0.16;0.05;1.6;0.28;3.06;1.9;0.54
24/09/24   ;00:00;0.53;13.4;20.8;0.53;1194;0;-0.1;0.09;0.03;151;0.07;0.01;0.18;0.11;0.04;1.97;0.31;4.15;2.57;0.81
24/09/24   ;01:00;0.51;13.4;20.7;0.51;1200;0;-0.05;0.06;0.02;208;0.04;0;0.11;0.06;0.02;1.43;0.35;3.32;1.89;0.67
24/09/24   ;02:00;0.57;13.4;20.7;0.57;1195;0;-0.05;0.05;0.02;243;0.04;0.01;0.1;0.06;0.02;1.22;0.29;3.2;1.65;0.57
24/09/24   ;03:00;0.62;13.3;20.8;0.62;1208;0;-0.06;0.06;0.02;172;0.05;0;0.11;0.07;0.02;1.74;0.31;3.07;2;0.54
24/09/24   ;04:00;0.61;13.3;20.8;0.61;1196;0;-0.09;0.09;0.03;135;0.07;0.01;0.17;0.11;0.03;2.2;0.67;4.03;2.6;0.69
24/09/24   ;05:00;0.59;13.3;20.7;0.59;1198;0;-0.17;0.22;0.05;146;0.11;0.01;0.39;0.18;0.06;2.04;0.28;3.71;2.29;0.64
24/09/24   ;06:00;0.5;13.3;20.6;0.5;1200;0;-0.14;0.14;0.05;148;0.11;0.01;0.27;0.17;0.05;2.02;0.46;4.49;2.41;0.8
24/09/24   ;07:00;0.48;13.3;20.5;0.48;1200;0;-0.13;0.17;0.04;170;0.1;0.02;0.26;0.16;0.05;1.75;0.39;3.81;2.06;0.64
24/09/24   ;08:00;0.49;13.3;20.6;0.49;1199;0;-0.16;0.16;0.05;179;0.12;0.02;0.31;0.18;0.05;1.66;0.4;3.35;1.91;0.52
24/09/24   ;09:00;0.52;13.4;20.7;0.52;1200;0;-0.14;0.15;0.05;184;0.11;0.01;0.29;0.16;0.05;1.61;0.34;3.64;1.9;0.58
24/09/24   ;10:00;0.56;13.4;20.8;0.56;1200;0;-0.15;0.17;0.05;190;0.12;0.01;0.28;0.18;0.05;1.56;0.26;3.9;1.88;0.57
24/09/24   ;11:00;0.63;13.4;20.8;0.63;1196;0;-0.14;0.15;0.05;183;0.12;0.02;0.26;0.18;0.05;1.62;0.34;3.42;1.9;0.55
24/09/24   ;12:00;0.7;13.4;20.9;0.7;1200;0;-0.17;0.18;0.05;179;0.12;0.02;0.29;0.18;0.05;1.66;0.54;3.58;1.87;0.59
24/09/24   ;13:00;0.74;13.3;20.9;0.74;1199;0;-0.14;0.17;0.05;184;0.11;0.02;0.31;0.17;0.05;1.62;0.31;3.46;1.91;0.58
24/09/24   ;14:00;0.75;13.3;20.9;0.75;1200;0;-0.12;0.18;0.05;184;0.12;0.02;0.3;0.17;0.05;1.63;0.3;3.59;1.92;0.61
24/09/24   ;15:00;0.71;13.4;21;0.71;1196;0;-0.17;0.17;0.05;189;0.12;0.01;0.28;0.19;0.06;1.57;0.37;3.09;1.81;0.54
24/09/24   ;16:00;0.62;13.4;21;0.62;1200;0;-0.18;0.19;0.05;170;0.13;0.02;0.34;0.2;0.06;1.75;0.31;4.17;2.09;0.64
24/09/24   ;17:00;0.53;13.4;21;0.53;1200;0;-0.11;0.13;0.04;178;0.1;0.01;0.22;0.14;0.04;1.67;0.3;3.38;2.05;0.66
24/09/24   ;18:00;0.43;13.4;20.9;0.43;1200;0;-0.18;0.18;0.05;160;0.13;0.01;0.36;0.19;0.06;1.87;0.29;4.37;2.3;0.72
24/09/24   ;19:00;0.35;13.3;20.8;0.35;1200;0;-0.15;0.15;0.04;161;0.1;0.01;0.27;0.17;0.05;1.84;0.32;4.05;2.26;0.73
24/09/24   ;20:00;0.31;13.4;20.7;0.31;1200;0;-0.11;0.15;0.04;160;0.1;0.01;0.24;0.17;0.05;1.85;0.34;4.18;2.32;0.71
24/09/24   ;21:00;0.29;13.3;20.7;0.29;1197;0;-0.11;0.1;0.03;167;0.09;0.01;0.2;0.13;0.04;1.78;0.42;4.14;2;0.63
24/09/24   ;22:00;0.31;13.4;20.8;0.31;1199;0;-0.15;0.16;0.04;170;0.09;0.02;0.3;0.14;0.05;1.75;0.57;3.56;2.02;0.57
24/09/24   ;23:00;0.35;13.3;20.8;0.35;1199;0;-0.15;0.16;0.04;150;0.11;0.01;0.27;0.17;0.05;1.99;0.42;4.36;2.4;0.77
25/09/24   ;00:00;0.41;13.3;20.9;0.41;1200;0;-0.11;0.16;0.03;156;0.08;0.01;0.21;0.12;0.04;1.91;0.33;4.09;2.3;0.79
25/09/24   ;01:00;0.45;13.3;20.8;0.45;1199;0;-0.07;0.06;0.02;172;0.04;0.01;0.11;0.07;0.02;1.73;0.38;3.39;2.17;0.7
25/09/24   ;02:00;0.47;13.4;20.8;0.47;1200;0;-0.04;0.04;0.01;173;0.03;0;0.06;0.04;0.01;1.73;0.27;5.8;2.15;0.77
25/09/24   ;03:00;0.48;13.3;20.8;0.48;1200;0;-0.08;0.1;0.02;168;0.05;0;0.17;0.09;0.03;1.78;0.45;3.07;2.19;0.61
25/09/24   ;04:00;0.47;13.4;20.8;0.47;1197;0;-0.13;0.14;0.03;141;0.06;0;0.23;0.1;0.04;2.12;0.33;4.15;2.74;0.9
25/09/24   ;05:00;0.47;13.3;20.7;0.48;1200;0;-0.07;0.08;0.03;171;0.06;0.01;0.15;0.09;0.03;1.74;0.27;3.99;2.09;0.65
25/09/24   ;06:00;0.49;13.3;20.8;0.49;1195;0;-0.13;0.16;0.04;153;0.1;0.01;0.28;0.14;0.04;1.93;0.4;3.8;2.2;0.73
25/09/24   ;07:00;0.51;13.3;20.8;0.51;1200;0;-0.14;0.17;0.05;171;0.12;0.02;0.26;0.18;0.05;1.74;0.57;3.69;2.01;0.59
25/09/24   ;08:00;0.53;13.3;20.7;0.53;1200;0;-0.13;0.15;0.05;184;0.11;0.02;0.28;0.17;0.05;1.62;0.45;3.28;1.88;0.56
25/09/24   ;09:00;0.56;13.4;20.7;0.56;1192;0;-0.16;0.18;0.05;184;0.13;0.01;0.34;0.19;0.06;1.61;0.44;3.37;1.91;0.53
25/09/24   ;10:00;0.57;13.4;20.7;0.57;1193;0;-0.2;0.24;0.05;176;0.13;0.02;0.33;0.19;0.05;1.69;0.38;4.03;1.93;0.6
25/09/24   ;11:00;0.58;13.3;20.8;0.58;1199;0;-0.15;0.22;0.05;184;0.11;0.01;0.33;0.18;0.06;1.61;0.36;3.56;1.95;0.64
25/09/24   ;12:00;0.59;13.3;20.9;0.59;1200;0;-0.12;0.16;0.04;188;0.11;0.02;0.24;0.17;0.05;1.58;0.42;3.37;1.79;0.52
25/09/24   ;13:00;0.58;13.4;21;0.58;1197;0;-0.11;0.17;0.04;193;0.11;0.01;0.27;0.16;0.05;1.54;0.33;3.16;1.8;0.51
25/09/24   ;14:00;0.57;13.4;21.1;0.57;1199;0;-0.14;0.15;0.05;193;0.11;0.02;0.27;0.17;0.05;1.55;0.3;3.31;1.78;0.56
25/09/24   ;15:00;0.55;13.4;21.1;0.55;1198;0;-0.14;0.17;0.04;184;0.1;0.01;0.25;0.16;0.05;1.61;0.35;3.22;1.89;0.58
25/09/24   ;16:00;0.54;13.4;21.1;0.54;1193;0;-0.14;0.13;0.04;180;0.1;0.01;0.22;0.15;0.04;1.65;0.43;3.45;1.93;0.61
25/09/24   ;17:00;0.54;13.3;21;0.54;1199;0;-0.15;0.21;0.05;168;0.12;0.02;0.36;0.18;0.05;1.77;0.41;3.58;2.13;0.66
25/09/24   ;18:00;0.56;13.4;21.1;0.56;1198;0;-0.15;0.19;0.05;170;0.12;0.02;0.31;0.18;0.06;1.75;0.27;4.01;2.08;0.69
25/09/24   ;19:00;0.57;13.4;21;0.57;1200;0;-0.12;0.17;0.05;165;0.11;0.02;0.29;0.17;0.05;1.8;0.55;3.39;1.98;0.59
25/09/24   ;20:00;0.57;13.4;21;0.57;1198;0;-0.17;0.14;0.05;169;0.11;0.01;0.27;0.18;0.05;1.76;0.49;3.28;2.16;0.67
25/09/24   ;21:00;0.53;13.4;21;0.53;1200;0;-0.2;0.14;0.05;147;0.11;0.02;0.34;0.17;0.05;2.03;0.34;4.39;2.57;0.89
25/09/24   ;22:00;0.47;13.3;20.9;0.47;1195;0;-0.09;0.1;0.03;179;0.07;0.01;0.17;0.11;0.03;1.65;0.26;3.39;2;0.6
25/09/24   ;23:00;0.4;13.4;20.9;0.4;1200;0;-0.11;0.11;0.03;163;0.08;0.01;0.19;0.12;0.04;1.83;0.37;3.86;2.26;0.68
26/09/24   ;00:00;0.34;13.4;20.8;0.34;1196;0;-0.1;0.12;0.03;136;0.08;0.01;0.2;0.13;0.04;2.17;0.5;4.85;2.96;0.99
26/09/24   ;01:00;0.29;13.4;20.7;0.29;1200;0;-0.08;0.08;0.02;159;0.05;0;0.15;0.09;0.03;1.87;0.3;3.98;2.15;0.7
26/09/24   ;02:00;0.29;13.4;20.8;0.29;1199;0;-0.03;0.03;0.01;170;0.02;0;0.05;0.03;0.01;1.73;0.37;3.55;2.23;0.67
26/09/24   ;03:00;0.34;13.3;21;0.35;1194;0;-0.06;0.06;0.02;191;0.04;0;0.11;0.07;0.02;1.55;0.38;3.17;1.68;0.49
26/09/24   ;04:00;0.42;13.3;21.1;0.42;1200;0;-0.08;0.08;0.03;136;0.06;0.01;0.16;0.1;0.03;2.19;0.34;4.04;2.77;0.92
26/09/24   ;05:00;0.52;13.3;21.1;0.52;1200;0;-0.09;0.07;0.03;189;0.06;0.01;0.16;0.09;0.03;1.57;0.32;3.37;2.07;0.65
26/09/24   ;06:00;0.6;13.3;21;0.6;1197;0;-0.13;0.2;0.04;189;0.1;0.02;0.3;0.16;0.05;1.57;0.37;3.77;1.87;0.57
26/09/24   ;07:00;0.66;13.4;20.9;0.66;1199;0;-0.19;0.24;0.06;172;0.13;0.02;0.36;0.21;0.06;1.74;0.38;3.65;2.25;0.69
26/09/24   ;08:00;0.69;13.3;20.9;0.69;1181;0;-0.12;0.23;0.05;174;0.12;0.02;0.34;0.18;0.06;1.67;0.31;3.45;2.03;0.67
26/09/24   ;09:00;0.68;13.3;21;0.68;1200;0;-0.17;0.2;0.05;181;0.12;0.02;0.37;0.18;0.06;1.64;0.29;3.68;2;0.63
26/09/24   ;10:00;0.67;13.3;20.9;0.67;1200;0;-0.18;0.2;0.05;183;0.11;0.01;0.31;0.19;0.06;1.62;0.32;3.37;2.07;0.64
26/09/24   ;11:00;0.63;13.4;21;0.63;1207;0;-0.16;0.18;0.05;182;0.12;0.01;0.29;0.18;0.05;1.65;0.35;3.55;1.95;0.59
26/09/24   ;12:00;0.58;13.4;21;0.58;1216;0;-0.14;0.16;0.05;190;0.12;0.01;0.26;0.18;0.06;1.58;0.52;3.99;1.81;0.57
26/09/24   ;13:00;0.55;13.4;21.1;0.55;1200;0;-0.14;0.16;0.05;183;0.12;0.01;0.25;0.18;0.05;1.63;0.4;3.97;1.81;0.55
26/09/24   ;14:00;0.56;13.4;21.1;0.56;1199;0;-0.2;0.23;0.05;180;0.12;0.01;0.34;0.18;0.06;1.66;0.35;3.92;1.91;0.64
26/09/24   ;15:00;0.56;13.3;21.1;0.56;1200;0;-0.16;0.19;0.05;186;0.12;0.01;0.31;0.19;0.06;1.61;0.29;3;1.96;0.57
26/09/24   ;16:00;0.59;13.4;21.1;0.6;1193;0;-0.14;0.15;0.04;193;0.1;0.01;0.29;0.16;0.05;1.53;0.4;2.94;1.79;0.5
26/09/24   ;17:00;0.65;13.4;21.1;0.65;1197;0;-0.15;0.18;0.05;184;0.12;0.02;0.28;0.18;0.05;1.62;0.48;3.52;1.87;0.58
26/09/24   ;18:00;0.72;13.4;21.2;0.72;1198;0;-0.17;0.23;0.06;180;0.14;0.02;0.37;0.21;0.06;1.65;0.36;4.08;1.97;0.66
26/09/24   ;19:00;0.76;13.4;21.2;0.76;1199;0;-0.2;0.23;0.06;175;0.13;0.02;0.44;0.21;0.07;1.7;0.49;3.74;2.19;0.72
26/09/24   ;20:00;0.77;13.3;21.2;0.77;1200;0;-0.13;0.13;0.04;183;0.09;0.01;0.25;0.15;0.05;1.63;0.35;3.67;2.26;0.73
26/09/24   ;21:00;0.74;13.4;21.2;0.74;1195;0;-0.11;0.15;0.04;174;0.09;0;0.24;0.15;0.05;1.71;0.33;3.24;2.17;0.66
26/09/24   ;22:00;0.66;13.4;21.1;0.66;1200;0;-0.11;0.12;0.03;149;0.08;0.01;0.2;0.13;0.04;1.99;0.47;4.59;2.37;0.82
26/09/24   ;23:00;0.56;13.4;21;0.56;1200;0;-0.12;0.13;0.04;150;0.1;0.02;0.25;0.15;0.05;1.99;0.42;4.45;2.37;0.69
27/09/24   ;00:00;0.45;13.4;20.9;0.45;1200;0;-0.11;0.14;0.04;138;0.09;0.01;0.21;0.14;0.04;2.16;0.36;4.97;2.73;0.86
27/09/24   ;01:00;0.38;13.4;20.8;0.38;1198;0;-0.09;0.11;0.03;142;0.08;0.01;0.17;0.12;0.04;2.08;0.53;4.06;2.46;0.79
27/09/24   ;02:00;0.33;13.3;20.8;0.33;1196;0;-0.06;0.06;0.02;181;0.05;0.01;0.11;0.08;0.02;1.64;0.47;3.06;1.82;0.48
27/09/24   ;03:00;0.34;13.4;20.9;0.34;1197;0;-0.08;0.08;0.02;189;0.05;0.01;0.14;0.08;0.03;1.57;0.29;3.61;1.81;0.53
27/09/24   ;04:00;0.4;13.3;20.9;0.4;1194;0;-0.1;0.12;0.03;155;0.07;0.01;0.21;0.11;0.04;1.91;0.48;3.69;2.36;0.73
27/09/24   ;05:00;0.53;13.4;20.8;0.53;1199;0;-0.13;0.14;0.03;179;0.08;0.01;0.21;0.12;0.04;1.66;0.28;3.71;2.04;0.68
27/09/24   ;06:00;0.66;13.4;21;0.66;1182;0;-0.18;0.19;0.05;180;0.12;0.02;0.32;0.19;0.06;1.63;0.42;3.45;2.07;0.68
27/09/24   ;07:00;0.77;13.3;20.9;0.77;1199;0;-0.15;0.16;0.06;205;0.13;0.01;0.28;0.2;0.06;1.45;0.34;3.39;1.76;0.51
27/09/24   ;08:00;0.83;13.3;21;0.83;1198;0;-0.16;0.23;0.06;176;0.14;0.02;0.32;0.21;0.06;1.69;0.41;3.28;1.98;0.61
27/09/24   ;09:00;0.88;13.4;21.1;0.88;1198;0;-0.16;0.21;0.05;190;0.12;0.02;0.33;0.2;0.06;1.55;0.37;3.72;1.96;0.66
27/09/24   ;10:00;0.86;13.3;21.1;0.86;1200;0;-0.15;0.17;0.05;191;0.12;0.01;0.31;0.18;0.06;1.55;0.41;3.41;1.82;0.57
27/09/24   ;11:00;0.79;13.3;21.1;0.78;1200;0;-0.14;0.18;0.05;181;0.11;0.01;0.3;0.17;0.05;1.64;0.37;3.32;1.94;0.59
27/09/24   ;12:00;0.68;13.4;21.1;0.68;1200;0;-0.18;0.17;0.05;180;0.11;0.01;0.28;0.17;0.05;1.65;0.28;3.27;1.98;0.57
27/09/24   ;13:00;0.59;13.3;21.1;0.59;1198;0;-0.17;0.16;0.05;169;0.13;0.02;0.28;0.19;0.06;1.76;0.51;4.31;2.01;0.65
27/09/24   ;14:00;0.55;13.3;21.2;0.55;1196;0;-0.15;0.19;0.05;171;0.13;0.02;0.34;0.19;0.05;1.74;0.61;4.16;2.06;0.57
27/09/24   ;15:00;0.57;13.4;21.2;0.57;1200;0;-0.15;0.15;0.04;174;0.11;0.01;0.24;0.17;0.05;1.71;0.42;3.56;1.95;0.61
27/09/24   ;16:00;0.65;13.4;21.3;0.65;1200;0;-0.14;0.2;0.05;193;0.12;0.01;0.29;0.18;0.06;1.54;0.32;3.45;1.81;0.6
27/09/24   ;17:00;0.77;13.4;21.3;0.76;1200;0;-0.13;0.16;0.05;192;0.11;0.02;0.26;0.17;0.05;1.55;0.35;3.56;1.88;0.6
27/09/24   ;18:00;0.85;13.3;21.4;0.86;1199;0;-0.14;0.2;0.05;192;0.13;0.02;0.28;0.19;0.05;1.55;0.37;3.47;1.94;0.59
27/09/24   ;19:00;0.94;13.3;21.3;0.94;1200;0;-0.17;0.2;0.05;186;0.12;0.01;0.29;0.19;0.06;1.6;0.36;3.54;2.17;0.71
27/09/24   ;20:00;0.96;13.4;21.3;0.96;1200;0;-0.19;0.12;0.04;171;0.09;0.01;0.3;0.14;0.04;1.74;0.26;3.92;2.17;0.72
27/09/24   ;21:00;0.93;13.4;21.3;0.93;1199;0;-0.13;0.17;0.04;168;0.09;0.01;0.3;0.15;0.05;1.76;0.29;3.43;2.19;0.66
27/09/24   ;22:00;0.8;13.4;21.2;0.8;1199;0;-0.1;0.16;0.04;173;0.09;0.01;0.22;0.14;0.04;1.71;0.31;4.49;2.11;0.71
27/09/24   ;23:00;0.66;13.4;21.2;0.66;1200;0;-0.11;0.11;0.03;159;0.08;0.01;0.2;0.12;0.04;1.88;0.31;3.99;2.16;0.68
28/09/24   ;00:00;0.5;13.3;21.1;0.5;1200;0;-0.09;0.14;0.04;139;0.09;0.01;0.21;0.14;0.04;2.14;0.39;4.79;2.91;0.99
28/09/24   ;01:00;0.36;13.4;21;0.36;1197;0;-0.09;0.11;0.03;161;0.06;0.01;0.16;0.1;0.03;1.84;0.44;3.62;2.34;0.72
28/09/24   ;02:00;0.25;13.4;21;0.25;1200;0;-0.1;0.1;0.03;166;0.07;0;0.17;0.11;0.03;1.8;0.36;4.33;2.12;0.63
28/09/24   ;03:00;0.19;13.4;21;0.19;1199;0;-0.09;0.08;0.02;175;0.06;0.01;0.16;0.09;0.03;1.7;0.38;3.69;1.94;0.58
28/09/24   ;04:00;0.23;13.4;21;0.23;1200;0;-0.12;0.14;0.04;144;0.09;0.01;0.26;0.15;0.05;2.06;0.44;3.91;2.77;0.85
28/09/24   ;05:00;0.37;13.4;20.8;0.37;1197;0;-0.07;0.09;0.02;174;0.06;0;0.14;0.09;0.03;1.71;0.31;3.48;2.03;0.66
28/09/24   ;06:00;0.53;13.3;20.9;0.53;1200;0;-0.15;0.2;0.04;181;0.11;0.02;0.26;0.17;0.05;1.64;0.31;3.55;1.91;0.59
28/09/24   ;07:00;0.66;13.4;20.9;0.66;1192;0;-0.16;0.14;0.04;188;0.1;0.02;0.27;0.15;0.05;1.57;0.47;3.75;1.89;0.56
28/09/24   ;08:00;0.77;13.4;21;0.77;1195;0;-0.15;0.15;0.04;188;0.11;0.01;0.25;0.16;0.05;1.58;0.55;3.73;1.87;0.6
28/09/24   ;09:00;0.83;13.3;21.1;0.83;1200;0;-0.12;0.15;0.05;181;0.12;0.03;0.25;0.18;0.05;1.65;0.43;3.08;1.9;0.56
28/09/24   ;10:00;0.82;13.3;21.1;0.82;1191;0;-0.15;0.16;0.04;187;0.11;0.02;0.29;0.16;0.05;1.58;0.45;3.45;1.93;0.61
28/09/24   ;11:00;0.73;13.3;21.2;0.73;1184;0;-0.14;0.18;0.05;175;0.11;0.03;0.26;0.17;0.05;1.69;0.29;3.98;1.91;0.6
28/09/24   ;12:00;0.6;13.3;21.2;0.6;1200;0;-0.13;0.22;0.04;178;0.11;0.02;0.33;0.16;0.05;1.68;0.49;3.7;1.97;0.63
28/09/24   ;13:00;0.48;13.3;21;0.48;1200;0;-0.15;0.18;0.05;170;0.12;0.02;0.33;0.18;0.06;1.75;0.28;3.49;2.14;0.67
28/09/24   ;14:00;0.43;13.4;21.1;0.43;1200;0;-0.16;0.14;0.05;169;0.11;0.01;0.3;0.17;0.05;1.76;0.45;4.07;2.27;0.72
28/09/24   ;15:00;0.41;13.4;21.2;0.42;1198;0;-0.18;0.2;0.06;192;0.13;0.02;0.31;0.21;0.07;1.55;0.44;3.18;1.81;0.54
28/09/24   ;16:00;0.45;13.4;21.2;0.46;1199;0;-0.19;0.22;0.05;194;0.12;0.02;0.35;0.19;0.06;1.53;0.29;3.4;1.77;0.57
28/09/24   ;17:00;0.61;13.3;21.2;0.62;1200;0;-0.2;0.24;0.06;197;0.14;0.03;0.39;0.22;0.07;1.52;0.26;3.91;1.92;0.6
28/09/24   ;18:00;0.73;13.3;21.3;0.73;1198;0;-0.16;0.2;0.06;196;0.14;0.03;0.32;0.21;0.07;1.52;0.27;3.92;1.95;0.62
28/09/24   ;19:00;0.74;13.4;21.3;0.74;1209;0;-0.19;0.2;0.05;174;0.12;0.01;0.36;0.2;0.06;1.73;0.32;4.56;2.29;0.78
28/09/24   ;20:00;0.8;13.4;21.4;0.8;1199;0;-0.12;0.19;0.04;184;0.1;0.02;0.29;0.15;0.05;1.62;0.34;3.75;1.85;0.57
28/09/24   ;21:00;0.81;13.4;21.3;0.81;1195;0;-0.12;0.15;0.04;193;0.08;0.02;0.23;0.13;0.04;1.54;0.37;3.19;1.84;0.52
28/09/24   ;22:00;0.74;13.3;21.2;0.74;1209;0;-0.1;0.17;0.03;181;0.08;0.01;0.25;0.13;0.04;1.65;0.31;3.76;2.08;0.7
28/09/24   ;23:00;0.59;13.4;21;0.59;1198;0;-0.1;0.14;0.03;167;0.08;0.01;0.24;0.13;0.04;1.78;0.29;3.62;2.07;0.61
29/09/24   ;00:00;0.42;13.4;20.8;0.42;1197;0;-0.14;0.15;0.04;132;0.1;0.01;0.26;0.16;0.05;2.25;0.33;4.39;2.91;0.91
29/09/24   ;01:00;0.24;13.4;20.7;0.24;1193;0;-0.13;0.14;0.04;136;0.09;0;0.25;0.14;0.05;2.18;0.35;4.77;2.74;0.96
29/09/24   ;02:00;0.07;13.4;20.7;0.07;1197;0;-0.06;0.06;0.02;155;0.05;0.01;0.11;0.07;0.02;1.92;0.36;3.86;2.12;0.65
29/09/24   ;03:00;-0.02;13.4;20.7;-0.02;1199;0;-0.1;0.11;0.03;158;0.06;0;0.2;0.09;0.03;1.88;0.39;4.21;2.29;0.77
29/09/24   ;04:00;0.02;13.3;20.7;0.02;1197;0;-0.1;0.11;0.03;158;0.06;0.01;0.21;0.1;0.04;1.88;0.28;4.06;2.28;0.76
29/09/24   ;05:00;0.13;13.4;20.4;0.13;1196;0;-0.09;0.09;0.03;148;0.07;0.01;0.17;0.11;0.03;2;0.64;4.62;2.42;0.74
29/09/24   ;06:00;0.3;13.4;20.8;0.3;1198;0;-0.14;0.18;0.04;175;0.1;0.01;0.28;0.16;0.05;1.7;0.32;3.25;2.16;0.64
29/09/24   ;07:00;0.49;13.4;20.6;0.49;1202;0;-0.12;0.2;0.04;180;0.11;0.02;0.28;0.16;0.05;1.66;0.33;3.42;1.98;0.65
29/09/24   ;08:00;0.62;13.4;20.7;0.62;1194;0;-0.14;0.18;0.04;166;0.11;0.02;0.24;0.16;0.05;1.79;0.36;3.98;2.21;0.73
29/09/24   ;09:00;0.7;13.3;20.7;0.7;1196;0;-0.16;0.19;0.05;180;0.12;0.03;0.35;0.19;0.06;1.65;0.46;3.51;1.96;0.62
29/09/24   ;10:00;0.7;13.3;20.6;0.7;1210;0;-0.14;0.18;0.05;191;0.11;0.01;0.29;0.17;0.05;1.57;0.4;3.57;1.99;0.63
29/09/24   ;11:00;0.67;13.3;20.6;0.66;1201;0;-0.14;0.17;0.05;182;0.12;0.01;0.3;0.18;0.06;1.64;0.31;4.08;2.01;0.62
29/09/24   ;12:00;0.56;13.4;20.9;0.56;1196;0;-0.13;0.15;0.05;176;0.12;0.02;0.27;0.18;0.05;1.68;0.47;4.02;1.99;0.63
29/09/24   ;13:00;0.45;13.4;20.7;0.45;1205;0;-0.13;0.16;0.04;183;0.11;0.02;0.28;0.16;0.05;1.63;0.36;3.78;1.99;0.65
29/09/24   ;14:00;0.34;13.3;20.6;0.34;1200;0;-0.17;0.15;0.04;167;0.11;0.02;0.23;0.16;0.05;1.79;0.42;3.4;2.12;0.62
29/09/24   ;15:00;0.27;13.3;20.7;0.27;1200;0;-0.14;0.15;0.05;187;0.11;0.01;0.29;0.17;0.05;1.59;0.34;3.66;1.92;0.59
29/09/24   ;16:00;0.25;13.4;20.7;0.25;1200;0;-0.16;0.2;0.05;169;0.12;0.02;0.31;0.18;0.05;1.76;0.45;3.68;1.96;0.62
29/09/24   ;17:00;0.34;13.4;20.8;0.34;1188;0;-0.12;0.21;0.05;184;0.12;0.02;0.31;0.18;0.06;1.6;0.28;3.26;1.78;0.56
29/09/24   ;18:00;0.49;13.3;20.9;0.49;1200;0;-0.16;0.2;0.05;174;0.13;0.02;0.31;0.2;0.06;1.7;0.39;3.78;1.98;0.63
29/09/24   ;19:00;0.62;13.3;20.8;0.62;1200;0;-0.19;0.23;0.05;174;0.13;0.03;0.42;0.2;0.06;1.71;0.37;3.74;2.19;0.72
29/09/24   ;20:00;0.71;13.3;20.8;0.71;1200;0;-0.1;0.11;0.03;192;0.08;0.01;0.18;0.13;0.04;1.55;0.33;3.35;1.93;0.61
29/09/24   ;21:00;0.73;13.3;20.8;0.74;1196;0;-0.09;0.11;0.03;185;0.07;0.01;0.17;0.11;0.03;1.61;0.36;3.51;2.09;0.7
29/09/24   ;22:00;0.67;13.4;20.7;0.67;1197;0;-0.1;0.11;0.03;181;0.08;0.01;0.18;0.12;0.04;1.63;0.31;3.4;1.97;0.59
29/09/24   ;23:00;0.53;13.4;20.6;0.53;1196;0;-0.1;0.11;0.03;138;0.09;0.02;0.19;0.13;0.04;2.15;0.64;4.67;2.54;0.77
30/09/24   ;00:00;0.36;13.4;20.6;0.36;1196;0;-0.11;0.12;0.03;137;0.07;0.01;0.22;0.12;0.04;2.15;0.4;4.52;2.85;0.91
30/09/24   ;01:00;0.17;13.4;20.4;0.17;1198;0;-0.07;0.07;0.02;147;0.05;0.01;0.12;0.08;0.03;2.02;0.35;4.33;2.82;0.94
30/09/24   ;02:00;0.03;13.4;20.3;0.03;1199;0;-0.09;0.07;0.02;183;0.05;0;0.15;0.08;0.02;1.63;0.28;4.34;2;0.61
30/09/24   ;03:00;-0.06;13.4;20.2;-0.06;1196;0;-0.09;0.12;0.03;178;0.08;0.01;0.21;0.12;0.04;1.67;0.36;3.65;1.92;0.58
30/09/24   ;04:00;-0.05;13.4;20.2;-0.05;1197;0;-0.14;0.15;0.03;192;0.08;0.01;0.22;0.12;0.04;1.55;0.46;3.43;1.87;0.54
30/09/24   ;05:00;0.07;13.4;20.3;0.08;1194;0;-0.14;0.14;0.04;192;0.1;0.02;0.24;0.15;0.05;1.54;0.27;3.37;1.81;0.59
30/09/24   ;06:00;0.26;13.4;20.3;0.26;1200;0;-0.16;0.15;0.05;157;0.11;0.01;0.28;0.18;0.06;1.89;0.32;3.86;2.55;0.87
30/09/24   ;07:00;0.45;13.3;20.3;0.45;1200;0;-0.19;0.2;0.06;189;0.14;0.01;0.36;0.21;0.06;1.57;0.5;3.87;1.77;0.54
30/09/24   ;08:00;0.61;13.4;20.3;0.61;1200;0;-0.15;0.23;0.05;202;0.12;0.03;0.37;0.19;0.06;1.47;0.53;3.08;1.69;0.45
30/09/24   ;09:00;0.76;13.4;20.3;0.76;1198;0;-0.18;0.25;0.06;194;0.14;0.02;0.39;0.21;0.06;1.52;0.29;3.33;1.69;0.52
30/09/24   ;10:00;0.85;13.4;20.1;0.85;1200;0;-0.16;0.22;0.05;194;0.12;0.02;0.32;0.19;0.06;1.54;0.46;3.15;1.79;0.54
30/09/24   ;11:00;0.85;13.4;20.1;0.84;1200;0;-0.13;0.15;0.05;191;0.11;0.02;0.24;0.17;0.05;1.57;0.39;3.03;1.81;0.58
30/09/24   ;12:00;0.73;13.3;20.2;0.73;1200;0;-0.17;0.25;0.06;178;0.13;0.01;0.41;0.21;0.07;1.67;0.31;3.54;1.96;0.61
30/09/24   ;13:00;0.56;13.3;20.4;0.56;1200;0;-0.15;0.14;0.05;170;0.11;0.01;0.26;0.17;0.05;1.75;0.28;3.5;2.15;0.67
30/09/24   ;14:00;0.39;13.3;20.4;0.39;1200;0;-0.14;0.15;0.05;168;0.11;0.01;0.27;0.17;0.05;1.78;0.42;4.27;2.29;0.73
30/09/24   ;15:00;0.26;13.3;20.5;0.26;1199;0;-0.14;0.23;0.05;162;0.13;0.01;0.35;0.19;0.06;1.84;0.34;4.36;2.13;0.71
30/09/24   ;16:00;0.19;13.3;20.5;0.19;1198;0;-0.18;0.21;0.06;158;0.13;0.02;0.36;0.21;0.06;1.88;0.42;4.05;2.35;0.71
30/09/24   ;17:00;0.22;13.3;20.4;0.22;1200;0;-0.12;0.15;0.04;180;0.11;0.01;0.24;0.16;0.05;1.65;0.32;4.1;1.96;0.63
30/09/24   ;18:00;0.31;13.3;20.4;0.32;1195;0;-0.15;0.16;0.04;186;0.11;0.02;0.26;0.17;0.05;1.59;0.3;3.97;1.93;0.63
30/09/24   ;19:00;0.45;13.3;20.5;0.45;1199;0;-0.19;0.25;0.05;170;0.13;0.01;0.37;0.2;0.06;1.76;0.28;3.47;2.25;0.7
30/09/24   ;20:00;0.59;13.3;20.4;0.59;1200;0;-0.12;0.12;0.04;169;0.09;0.01;0.22;0.14;0.04;1.77;0.34;3.76;2.32;0.76
30/09/24   ;21:00;0.65;13.3;20.3;0.65;1198;0;-0.11;0.16;0.04;159;0.08;0.01;0.27;0.13;0.04;1.88;0.43;3.78;2.43;0.82
30/09/24   ;22:00;0.64;13.4;20.3;0.64;1199;0;-0.1;0.15;0.04;162;0.08;0.01;0.18;0.13;0.04;1.84;0.36;4.69;2.31;0.83
30/09/24   ;23:00;0.53;13.3;20.3;0.53;1196;0;-0.11;0.14;0.04;142;0.09;0.01;0.25;0.14;0.05;2.1;0.5;4.32;2.57;0.81
01/10/24   ;00:00;0.38;13.3;20.3;0.37;1198;0;-0.1;0.1;0.03;124;0.08;0.01;0.2;0.12;0.04;2.38;0.37;4.31;3.07;0.96
01/10/24   ;01:00;0.2;13.4;20.2;0.2;1200;0;-0.08;0.09;0.02;155;0.05;0;0.15;0.08;0.03;1.92;0.35;3.99;2.41;0.89
01/10/24   ;02:00;0.04;13.4;20.1;0.04;1200;0;-0.04;0.04;0.01;223;0.03;0;0.07;0.04;0.01;1.33;0.32;3.44;1.64;0.59
01/10/24   ;03:00;-0.06;13.4;20.1;-0.06;1197;0;-0.04;0.04;0.02;182;0.04;0;0.08;0.05;0.02;1.63;0.4;3.63;2.22;0.75
01/10/24   ;04:00;-0.08;13.3;20;-0.08;1200;0;-0.1;0.1;0.02;163;0.05;0.01;0.19;0.09;0.03;1.83;0.35;3.61;2.4;0.76
01/10/24   ;05:00;0.03;13.4;20.2;0.03;1200;0;-0.09;0.09;0.03;187;0.06;0;0.17;0.1;0.03;1.6;0.28;3.45;1.94;0.63
01/10/24   ;06:00;0.23;13.4;20.2;0.23;1200;0;-0.15;0.19;0.05;173;0.11;0.02;0.27;0.18;0.05;1.73;0.5;3.71;1.86;0.68
01/10/24   ;07:00;0.47;13.4;20;0.46;1200;0;-0.14;0.19;0.05;187;0.13;0.01;0.31;0.2;0.06;1.59;0.34;3.56;1.86;0.54
01/10/24   ;08:00;0.66;13.4;20;0.66;1200;0;-0.17;0.16;0.05;189;0.12;0.01;0.3;0.19;0.06;1.57;0.36;3.59;1.94;0.64
01/10/24   ;09:00;0.82;13.4;19.8;0.82;1200;0;-0.16;0.23;0.05;201;0.13;0.01;0.36;0.2;0.06;1.49;0.41;3.31;1.61;0.51
01/10/24   ;10:00;0.9;13.3;19.8;0.9;1200;0;-0.13;0.14;0.05;194;0.11;0.01;0.24;0.17;0.05;1.54;0.34;2.9;1.88;0.54
01/10/24   ;11:00;0.89;13.4;19.7;0.89;1196;0;-0.13;0.14;0.04;208;0.1;0.02;0.24;0.16;0.05;1.43;0.27;3.09;1.72;0.52
01/10/24   ;12:00;0.77;13.4;19.7;0.77;1194;0;-0.2;0.18;0.05;180;0.12;0.01;0.29;0.18;0.06;1.63;0.53;3.77;1.93;0.61
01/10/24   ;13:00;0.59;13.4;19.8;0.59;1199;0;-0.12;0.15;0.04;172;0.1;0.01;0.25;0.15;0.04;1.73;0.32;3.98;2.14;0.76
01/10/24   ;14:00;0.39;13.3;19.9;0.39;1199;0;-0.13;0.15;0.04;182;0.1;0.01;0.25;0.15;0.05;1.63;0.32;3.59;1.86;0.61
01/10/24   ;15:00;0.21;13.3;19.9;0.22;1192;0;-0.15;0.16;0.04;182;0.1;0.01;0.28;0.15;0.05;1.62;0.36;3.46;1.91;0.56
01/10/24   ;16:00;0.09;13.3;19.9;0.09;1199;0;-0.18;0.15;0.05;162;0.12;0.01;0.26;0.18;0.05;1.83;0.43;4.16;2.13;0.72
01/10/24   ;17:00;0.07;13.4;19.9;0.07;1200;0;-0.14;0.18;0.05;181;0.12;0.01;0.31;0.18;0.06;1.64;0.33;3.47;1.93;0.55
01/10/24   ;18:00;0.17;13.3;19.9;0.17;1195;0;-0.17;0.22;0.05;180;0.13;0.03;0.31;0.2;0.06;1.65;0.31;3.49;1.9;0.62
01/10/24   ;19:00;0.34;13.3;19.8;0.34;1200;0;-0.12;0.15;0.04;182;0.1;0;0.24;0.15;0.05;1.64;0.28;3.66;2.05;0.72
01/10/24   ;20:00;0.51;13.3;19.7;0.51;1200;0;-0.12;0.16;0.04;186;0.09;0.01;0.22;0.15;0.05;1.6;0.29;3.49;1.96;0.64
01/10/24   ;21:00;0.65;13.4;19.6;0.65;1194;0;-0.12;0.13;0.03;186;0.08;0.01;0.23;0.12;0.04;1.59;0.31;3.51;2.05;0.63
01/10/24   ;22:00;0.7;13.3;19.6;0.7;1195;0;-0.11;0.11;0.03;193;0.07;0.01;0.22;0.11;0.03;1.54;0.3;3.74;1.98;0.64
01/10/24   ;23:00;0.66;13.4;19.4;0.66;1200;0;-0.11;0.13;0.04;165;0.08;0;0.23;0.13;0.04;1.8;0.28;3.71;2.4;0.77
02/10/24   ;00:00;0.54;13.4;19.5;0.54;1199;0;-0.07;0.09;0.02;168;0.06;0;0.15;0.09;0.03;1.77;0.3;4.17;2.27;0.85
02/10/24   ;01:00;0.37;13.4;19.5;0.37;1198;0;-0.06;0.06;0.02;148;0.05;0;0.11;0.08;0.02;2.01;0.38;4.43;2.7;0.94
02/10/24   ;02:00;0.21;13.3;19.5;0.21;1200;0;-0.06;0.06;0.02;207;0.04;0;0.1;0.06;0.02;1.43;0.27;3.86;2.01;0.78
02/10/24   ;03:00;0.09;13.3;19.6;0.09;1200;0;-0.07;0.06;0.02;164;0.05;0;0.11;0.08;0.03;1.82;0.3;3.49;2.52;0.81
02/10/24   ;04:00;0.07;13.4;19.5;0.06;1206;0;-0.13;0.12;0.03;168;0.06;0.01;0.25;0.1;0.04;1.79;0.31;3.8;2.42;0.82
02/10/24   ;05:00;0.16;13.4;19.5;0.16;1196;0;-0.1;0.12;0.03;192;0.07;0;0.22;0.11;0.04;1.54;0.35;3.21;1.84;0.59
02/10/24   ;06:00;0.35;13.4;19.6;0.35;1199;0;-0.14;0.16;0.04;168;0.1;0.01;0.26;0.16;0.05;1.77;0.38;3.79;2.24;0.8
02/10/24   ;07:00;0.57;13.4;19.3;0.57;1199;0;-0.17;0.24;0.06;165;0.15;0.02;0.37;0.23;0.07;1.79;0.36;3.47;1.99;0.68
02/10/24   ;08:00;0.77;13.3;19.1;0.77;1200;0;-0.16;0.19;0.05;195;0.12;0.01;0.32;0.18;0.06;1.53;0.32;3.14;1.74;0.55
02/10/24   ;09:00;0.92;13.4;19.1;0.92;1199;0;-0.16;0.23;0.06;187;0.14;0.02;0.35;0.22;0.07;1.59;0.36;3.88;1.92;0.56
02/10/24   ;10:00;0.88;13.4;19.2;0.88;1200;0;-0.14;0.17;0.04;190;0.1;0.02;0.31;0.16;0.05;1.57;0.53;3.07;1.89;0.56
02/10/24   ;11:00;0.86;13.4;19.2;0.86;1194;0;-0.15;0.2;0.04;206;0.1;0.01;0.3;0.16;0.06;1.44;0.35;3.43;1.64;0.55
02/10/24   ;12:00;0.87;13.4;19.2;0.87;1200;0;-0.12;0.15;0.04;198;0.1;0.02;0.26;0.16;0.05;1.5;0.41;3.5;1.7;0.61
02/10/24   ;13:00;0.73;13.3;19.2;0.73;1195;0;-0.19;0.16;0.05;170;0.11;0.01;0.35;0.17;0.05;1.75;0.32;3.74;2.16;0.69
02/10/24   ;14:00;0.55;13.4;19.2;0.55;1200;0;-0.14;0.17;0.04;165;0.1;0.01;0.27;0.16;0.05;1.8;0.47;3.54;2.23;0.74
02/10/24   ;15:00;0.37;13.4;19.2;0.37;1200;0;-0.15;0.17;0.04;173;0.1;0.01;0.28;0.16;0.05;1.72;0.37;4.16;2.1;0.66
02/10/24   ;16:00;0.25;13.4;19.4;0.25;1200;0;-0.16;0.19;0.05;178;0.12;0.01;0.35;0.19;0.06;1.68;0.3;4.31;2.09;0.68
02/10/24   ;17:00;0.19;13.4;19.4;0.19;1193;0;-0.15;0.19;0.05;175;0.11;0.01;0.32;0.18;0.06;1.68;0.45;3.53;2.06;0.58
02/10/24   ;18:00;0.28;13.3;19.3;0.28;1200;0;-0.16;0.15;0.04;169;0.1;0.01;0.31;0.16;0.05;1.75;0.35;4.42;2.2;0.76
02/10/24   ;19:00;0.44;13.3;19.3;0.43;1208;0;-0.17;0.18;0.05;172;0.12;0.01;0.3;0.19;0.06;1.74;0.27;3.82;2.21;0.73
02/10/24   ;20:00;0.61;13.3;19.2;0.61;1200;0;-0.13;0.12;0.04;164;0.09;0.01;0.23;0.15;0.05;1.82;0.47;3.76;2.39;0.75
02/10/24   ;21:00;0.77;13.3;19.1;0.77;1200;0;-0.14;0.14;0.04;175;0.09;0;0.21;0.14;0.05;1.7;0.28;4.95;2.21;0.79
02/10/24   ;22:00;0.85;13.3;19.2;0.85;1200;0;-0.11;0.11;0.03;173;0.08;0.01;0.19;0.12;0.04;1.72;0.46;3.47;2.19;0.69
02/10/24   ;23:00;0.87;13.3;19.2;0.87;1200;0;-0.1;0.15;0.03;187;0.07;0.01;0.22;0.11;0.03;1.59;0.38;3.48;2.05;0.65
03/10/24   ;00:00;0.82;13.3;19.2;0.82;1200;0;-0.11;0.12;0.03;197;0.08;0.01;0.2;0.13;0.04;1.52;0.31;3.59;1.82;0.65
03/10/24   ;01:00;0.66;13.4;19.1;0.66;1193;0;-0.08;0.09;0.03;193;0.07;0.01;0.16;0.11;0.03;1.53;0.36;3.81;2;0.64
03/10/24   ;02:00;0.48;13.4;19.1;0.48;1193;0;-0.07;0.07;0.02;220;0.05;0.01;0.13;0.08;0.02;1.34;0.4;3.52;1.71;0.57
03/10/24   ;03:00;0.33;13.3;19.1;0.33;1200;0;-0.12;0.13;0.03;206;0.08;0.01;0.2;0.12;0.04;1.45;0.32;4.39;1.79;0.64
03/10/24   ;04:00;0.21;13.4;19;0.21;1192;0;-0.09;0.11;0.03;197;0.08;0.01;0.18;0.12;0.04;1.5;0.28;3.97;1.95;0.7
03/10/24   ;05:00;0.18;13.3;19;0.18;1200;0;-0.11;0.16;0.04;208;0.09;0.02;0.23;0.14;0.04;1.43;0.32;3.55;1.69;0.56
03/10/24   ;06:00;0.3;13.3;18.9;0.3;1196;0;-0.17;0.18;0.05;191;0.13;0.03;0.34;0.2;0.06;1.56;0.34;3.4;1.97;0.66
03/10/24   ;07:00;0.5;13.4;19;0.5;1200;0;-0.17;0.24;0.06;197;0.13;0.01;0.38;0.21;0.07;1.52;0.31;3.42;1.86;0.63
03/10/24   ;08:00;0.69;13.4;18.9;0.69;1193;0;-0.19;0.25;0.06;205;0.15;0.03;0.44;0.23;0.07;1.44;0.28;3.08;1.66;0.56
03/10/24   ;09:00;0.82;13.4;18.9;0.82;1199;0;-0.16;0.22;0.05;209;0.13;0.02;0.36;0.2;0.06;1.43;0.32;3.49;1.68;0.52
03/10/24   ;10:00;0.73;13.4;18.8;0.73;1197;0;-0.23;0.21;0.06;189;0.14;0.02;0.38;0.21;0.07;1.57;0.42;3.4;1.88;0.56
03/10/24   ;11:00;0.74;13.3;18.7;0.75;1200;0;-0.15;0.26;0.06;183;0.14;0.01;0.41;0.21;0.07;1.63;0.33;3.38;1.93;0.58
03/10/24   ;12:00;0.74;13.4;18.6;0.74;1200;0;-0.19;0.24;0.06;184;0.14;0.01;0.37;0.22;0.07;1.62;0.29;3.94;1.88;0.61
03/10/24   ;13:00;0.7;13.4;18.6;0.7;1195;0;-0.16;0.26;0.06;192;0.14;0.02;0.4;0.21;0.07;1.55;0.38;3.04;1.75;0.54
03/10/24   ;14:00;0.52;13.4;18.5;0.52;1191;0;-0.15;0.23;0.06;169;0.14;0.01;0.35;0.22;0.06;1.74;0.32;4.49;2.12;0.7
03/10/24   ;15:00;0.38;13.4;18.2;0.38;1198;0;-0.21;0.22;0.06;170;0.14;0.02;0.39;0.22;0.07;1.74;0.33;3.18;1.96;0.55
03/10/24   ;16:00;0.27;13.3;17.9;0.26;1197;0;-0.16;0.22;0.05;174;0.13;0.03;0.34;0.2;0.06;1.7;0.33;3.36;1.99;0.59
03/10/24   ;17:00;0.23;13.4;17.7;0.23;1197;0;-0.17;0.21;0.06;184;0.14;0.03;0.36;0.21;0.07;1.61;0.37;4.01;1.87;0.59
03/10/24   ;18:00;0.33;13.4;17.9;0.34;1200;0;-0.17;0.24;0.05;200;0.13;0.02;0.31;0.2;0.06;1.5;0.38;3.36;1.84;0.58
03/10/24   ;19:00;0.53;13.4;18.1;0.53;1195;0;-0.17;0.23;0.06;196;0.13;0.02;0.34;0.21;0.06;1.51;0.3;3.8;1.89;0.61
03/10/24   ;20:00;0.7;13.4;18;0.7;1200;0;-0.14;0.21;0.05;214;0.11;0.02;0.26;0.18;0.05;1.39;0.33;3.32;1.69;0.56
03/10/24   ;21:00;0.8;13.3;18.2;0.8;1200;0;-0.14;0.2;0.05;223;0.11;0.02;0.31;0.17;0.05;1.34;0.31;3.36;1.62;0.58
03/10/24   ;22:00;0.73;13.3;17.9;0.73;1200;0;-0.12;0.14;0.04;204;0.11;0.01;0.22;0.16;0.05;1.46;0.4;3.16;1.72;0.56
03/10/24   ;23:00;0.74;13.3;17.8;0.74;1197;0;-0.12;0.14;0.04;203;0.08;0.01;0.23;0.13;0.04;1.47;0.3;3.93;1.85;0.64
04/10/24   ;00:00;0.79;13.4;17.9;0.79;1200;0;-0.14;0.14;0.03;177;0.07;0.01;0.27;0.12;0.04;1.69;0.3;4.08;2.35;0.8
04/10/24   ;01:00;0.81;13.4;18;0.81;1191;0;-0.1;0.11;0.02;180;0.06;0.01;0.21;0.09;0.03;1.64;0.34;3.65;2.16;0.72
04/10/24   ;02:00;0.65;13.4;17.8;0.65;1184;0;-0.06;0.05;0.02;196;0.04;0.01;0.09;0.06;0.02;1.5;0.32;4.34;2.11;0.78
04/10/24   ;03:00;0.48;13.3;17.3;0.48;1200;0;-0.07;0.07;0.02;159;0.06;0.01;0.13;0.09;0.03;1.87;0.43;4.27;2.42;0.76
04/10/24   ;04:00;0.34;13.3;17;0.34;1196;0;-0.09;0.09;0.02;155;0.06;0.01;0.17;0.09;0.03;1.92;0.42;4.05;2.62;0.87
04/10/24   ;05:00;0.3;13.3;16.8;0.3;1197;0;-0.18;0.13;0.04;163;0.09;0.01;0.31;0.14;0.05;1.82;0.4;4.17;2.11;0.73
04/10/24   ;06:00;0.36;13.3;16.8;0.36;1196;0;-0.16;0.13;0.04;161;0.09;0.01;0.28;0.15;0.05;1.84;0.37;4.01;2.46;0.82
04/10/24   ;07:00;0.51;13.4;16.6;0.51;1200;0;-0.16;0.22;0.05;180;0.12;0.01;0.33;0.19;0.06;1.66;0.28;3.59;1.96;0.62
04/10/24   ;08:00;0.67;13.3;17.2;0.67;1200;0;-0.23;0.23;0.06;182;0.14;0.01;0.36;0.22;0.07;1.64;0.36;3.66;1.95;0.59
04/10/24   ;09:00;0.78;13.4;17.1;0.78;1195;0;-0.15;0.23;0.06;191;0.15;0.01;0.35;0.23;0.07;1.56;0.47;3.22;1.86;0.57
04/10/24   ;10:00;0.87;13.4;17.2;0.87;1200;0;-0.17;0.25;0.05;201;0.13;0.02;0.36;0.2;0.07;1.48;0.43;3.26;1.68;0.56
04/10/24   ;11:00;0.9;13.4;17.4;0.9;1204;0;-0.12;0.15;0.04;187;0.1;0.01;0.23;0.15;0.04;1.6;0.3;3.58;1.84;0.63
04/10/24   ;12:00;0.83;13.4;17.3;0.82;1200;0;-0.16;0.23;0.06;183;0.13;0.01;0.35;0.21;0.07;1.63;0.31;3.86;1.99;0.62
04/10/24   ;13:00;0.68;13.4;17.2;0.68;1196;0;-0.15;0.19;0.05;169;0.12;0.02;0.28;0.19;0.06;1.76;0.66;3.66;1.99;0.57
04/10/24   ;14:00;0.5;13.4;17.1;0.5;1200;0;-0.15;0.17;0.04;164;0.1;0.01;0.29;0.16;0.05;1.82;0.29;3.93;2.16;0.69
04/10/24   ;15:00;0.37;13.4;16.9;0.37;1200;0;-0.14;0.15;0.04;173;0.1;0;0.25;0.15;0.05;1.72;0.29;3.76;2.08;0.65
04/10/24   ;16:00;0.25;13.4;16.7;0.25;1194;0;-0.16;0.15;0.05;151;0.11;0;0.28;0.18;0.06;1.97;0.32;4.27;2.42;0.8
04/10/24   ;17:00;0.22;13.4;16.6;0.22;1200;0;-0.13;0.14;0.04;171;0.11;0.01;0.24;0.16;0.05;1.74;0.27;3.61;2.11;0.67
04/10/24   ;18:00;0.28;13.4;16.7;0.28;1200;0;-0.17;0.24;0.05;171;0.12;0.01;0.41;0.19;0.06;1.74;0.34;3.43;1.98;0.63
04/10/24   ;19:00;0.45;13.3;17.1;0.45;1195;0;-0.17;0.18;0.05;175;0.13;0.02;0.33;0.19;0.06;1.69;0.41;3.75;2.05;0.67
04/10/24   ;20:00;0.63;13.4;16.7;0.63;1198;0;-0.13;0.14;0.04;174;0.1;0.02;0.26;0.15;0.04;1.71;0.44;3.96;1.81;0.71
04/10/24   ;21:00;0.79;13.4;17;0.79;1200;0;-0.15;0.14;0.04;187;0.1;0.02;0.25;0.16;0.05;1.59;0.31;3.21;1.97;0.62
04/10/24   ;22:00;0.9;13.4;16.9;0.9;1193;0;-0.16;0.19;0.05;200;0.11;0.02;0.35;0.17;0.06;1.48;0.31;3.94;1.75;0.62
04/10/24   ;23:00;0.95;13.4;17.4;0.95;1199;0;-0.12;0.12;0.04;204;0.09;0.02;0.2;0.14;0.04;1.46;0.32;3.53;1.79;0.59
05/10/24   ;00:00;0.93;13.3;17.3;0.93;1198;0;-0.12;0.16;0.04;182;0.1;0.01;0.29;0.15;0.05;1.62;0.26;3.9;2.02;0.73
05/10/24   ;01:00;0.83;13.3;16.9;0.83;1200;0;-0.11;0.13;0.03;191;0.07;0.01;0.21;0.12;0.04;1.55;0.3;3.65;1.84;0.67
05/10/24   ;02:00;0.67;13.4;16.7;0.67;1216;0;-0.17;0.15;0.03;180;0.08;0.01;0.3;0.13;0.04;1.68;0.36;3.79;1.99;0.64
05/10/24   ;03:00;0.5;13.4;16.5;0.49;1200;0;-0.06;0.06;0.02;196;0.05;0.01;0.11;0.08;0.02;1.53;0.35;3.09;1.91;0.59
05/10/24   ;04:00;0.36;13.4;16.3;0.36;1197;0;-0.14;0.12;0.04;130;0.1;0.01;0.21;0.16;0.05;2.28;0.3;4.25;3.12;1.09
05/10/24   ;05:00;0.24;13.3;16.2;0.24;1200;0;-0.09;0.11;0.03;148;0.07;0.01;0.18;0.12;0.04;2.01;0.32;4.34;2.6;0.78
05/10/24   ;06:00;0.21;13.3;16.1;0.21;1194;0;-0.12;0.15;0.04;168;0.1;0.01;0.27;0.15;0.05;1.76;0.4;3.46;2.13;0.66
05/10/24   ;07:00;0.29;13.4;16.1;0.29;1200;0;-0.15;0.19;0.06;161;0.13;0.01;0.31;0.2;0.06;1.85;0.35;3.65;2.16;0.71
05/10/24   ;08:00;0.45;13.3;16.8;0.45;1196;0;-0.16;0.22;0.05;179;0.12;0.01;0.31;0.19;0.06;1.66;0.31;4.07;1.88;0.62
05/10/24   ;09:00;0.63;13.4;16.5;0.63;1200;0;-0.19;0.25;0.06;193;0.13;0.01;0.38;0.2;0.07;1.55;0.3;3.63;1.96;0.58
05/10/24   ;10:00;0.76;13.3;16.8;0.77;1198;0;-0.18;0.29;0.06;196;0.15;0.03;0.39;0.23;0.07;1.52;0.3;3.06;1.76;0.53
05/10/24   ;11:00;0.85;13.3;16.8;0.85;1200;0;-0.16;0.17;0.05;193;0.12;0.02;0.27;0.19;0.06;1.55;0.32;3.75;1.86;0.67
05/10/24   ;12:00;0.88;13.4;17.2;0.88;1196;0;-0.15;0.15;0.05;198;0.11;0.01;0.27;0.16;0.05;1.5;0.33;3.46;1.82;0.56
05/10/24   ;13:00;0.84;13.4;17.2;0.84;1200;0;-0.15;0.14;0.05;178;0.11;0.01;0.24;0.17;0.05;1.68;0.47;3.45;1.9;0.64
05/10/24   ;14:00;0.71;13.4;17;0.71;1200;0;-0.14;0.17;0.05;178;0.11;0.02;0.28;0.17;0.05;1.68;0.42;3.51;2.1;0.63
05/10/24   ;15:00;0.57;13.3;16.8;0.56;1199;0;-0.18;0.16;0.05;162;0.12;0.01;0.29;0.19;0.06;1.84;0.34;3.49;2.19;0.68
05/10/24   ;16:00;0.42;13.4;16.7;0.42;1198;0;-0.15;0.15;0.05;172;0.11;0.01;0.27;0.17;0.05;1.73;0.3;3.6;2.17;0.66
05/10/24   ;17:00;0.33;13.4;16.5;0.33;1196;0;-0.15;0.19;0.05;174;0.11;0.01;0.29;0.17;0.05;1.71;0.41;3.24;2.01;0.63
05/10/24   ;18:00;0.3;13.4;16.4;0.29;1198;0;-0.12;0.16;0.04;171;0.1;0.01;0.23;0.15;0.05;1.74;0.34;4.03;2.08;0.64
05/10/24   ;19:00;0.32;13.4;16.5;0.32;1200;0;-0.14;0.16;0.05;157;0.11;0.02;0.26;0.17;0.05;1.9;0.55;4.21;2.34;0.7
05/10/24   ;20:00;0.43;13.4;16.8;0.43;1200;0;-0.14;0.16;0.05;150;0.12;0.01;0.28;0.18;0.05;1.98;0.27;4.44;2.48;0.84
05/10/24   ;21:00;0.56;13.4;16.9;0.56;1200;0;-0.12;0.17;0.04;184;0.1;0.01;0.25;0.15;0.05;1.63;0.32;3.35;1.93;0.61
05/10/24   ;22:00;0.68;13.4;16.9;0.67;1200;0;-0.16;0.15;0.04;169;0.09;0.01;0.29;0.14;0.05;1.76;0.37;3.74;2.1;0.67
05/10/24   ;23:00;0.73;13.4;17;0.73;1200;0;-0.13;0.18;0.04;185;0.09;0.01;0.26;0.14;0.05;1.61;0.3;3.71;1.91;0.63
06/10/24   ;00:00;0.75;13.4;17.1;0.75;1199;0;-0.14;0.13;0.04;159;0.1;0.01;0.25;0.15;0.05;1.87;0.55;3.46;2.16;0.66
06/10/24   ;01:00;0.65;13.3;17;0.65;1200;0;-0.12;0.13;0.03;171;0.07;0.01;0.21;0.11;0.04;1.74;0.28;4.3;2.26;0.75
06/10/24   ;02:00;0.52;13.4;16.8;0.52;1200;0;-0.1;0.12;0.02;180;0.05;0;0.22;0.08;0.03;1.66;0.35;3.46;1.98;0.64
06/10/24   ;03:00;0.37;13.3;16.5;0.37;1199;0;-0.06;0.05;0.02;160;0.04;0.01;0.09;0.06;0.02;1.85;0.4;3.6;2.27;0.74
06/10/24   ;04:00;0.24;13.3;16.2;0.24;1199;0;-0.11;0.13;0.03;110;0.08;0.01;0.22;0.12;0.04;2.7;0.46;4.44;3.27;1.12
06/10/24   ;05:00;0.16;13.4;16.2;0.16;1200;0;-0.07;0.07;0.02;161;0.06;0.01;0.14;0.09;0.03;1.85;0.36;4.09;2.2;0.73
06/10/24   ;06:00;0.15;13.3;16.2;0.15;1200;0;-0.11;0.13;0.04;164;0.08;0.01;0.22;0.13;0.04;1.81;0.32;4.17;2.22;0.67
06/10/24   ;07:00;0.25;13.3;16.5;0.25;1215;0;-0.16;0.16;0.05;162;0.12;0.02;0.29;0.18;0.05;1.85;0.37;4.44;2.35;0.71
06/10/24   ;08:00;0.42;13.3;16.8;0.42;1200;0;-0.14;0.17;0.04;192;0.1;0.01;0.29;0.14;0.05;1.56;0.41;4.27;1.94;0.6
06/10/24   ;09:00;0.59;13.3;16.6;0.59;1198;0;-0.16;0.16;0.05;200;0.11;0.02;0.32;0.17;0.05;1.48;0.49;3.22;1.7;0.54
06/10/24   ;10:00;0.75;13.3;16.8;0.75;1183;0;-0.19;0.24;0.05;194;0.13;0.02;0.43;0.19;0.06;1.52;0.37;2.93;1.74;0.48
06/10/24   ;11:00;0.87;13.3;16.8;0.87;1200;0;-0.16;0.19;0.05;200;0.12;0.01;0.31;0.18;0.06;1.49;0.31;3.24;1.72;0.54
06/10/24   ;12:00;0.94;13.3;17.1;0.94;1200;0;-0.14;0.17;0.05;201;0.11;0.01;0.26;0.17;0.05;1.49;0.31;3.35;1.72;0.54
06/10/24   ;13:00;0.9;13.4;17.1;0.9;1200;0;-0.15;0.2;0.05;187;0.11;0.01;0.29;0.17;0.05;1.59;0.41;3.57;1.81;0.59
06/10/24   ;14:00;0.8;13.4;17.1;0.8;1194;0;-0.15;0.2;0.05;176;0.11;0.02;0.31;0.17;0.05;1.68;0.33;3.35;2.05;0.63
06/10/24   ;15:00;0.64;13.4;16.9;0.63;1200;0;-0.12;0.19;0.04;189;0.11;0.02;0.27;0.16;0.05;1.57;0.48;3.02;1.81;0.54
06/10/24   ;16:00;0.46;13.4;16.9;0.46;1181;0;-0.13;0.15;0.05;169;0.11;0.02;0.28;0.17;0.05;1.73;0.33;4.02;2.26;0.7
06/10/24   ;17:00;0.32;13.3;16.8;0.31;1197;0;-0.14;0.22;0.05;176;0.12;0.01;0.36;0.18;0.06;1.69;0.35;3.43;2.07;0.62
06/10/24   ;18:00;0.21;13.4;16.6;0.21;1198;0;-0.14;0.17;0.05;160;0.11;0.01;0.29;0.17;0.05;1.86;0.37;3.85;2.29;0.68
06/10/24   ;19:00;0.19;13.4;16.6;0.19;1196;0;-0.17;0.19;0.06;150;0.14;0.01;0.35;0.22;0.07;1.98;0.4;4.1;2.32;0.82
06/10/24   ;20:00;0.24;13.4;16.6;0.24;1199;0;-0.12;0.17;0.04;164;0.09;0.02;0.24;0.14;0.04;1.81;0.38;3.65;2.37;0.74
06/10/24   ;21:00;0.36;13.4;16.9;0.36;1199;0;-0.1;0.11;0.04;173;0.08;0;0.19;0.13;0.04;1.71;0.3;5.7;2.28;0.82
06/10/24   ;22:00;0.5;13.4;17;0.49;1200;0;-0.14;0.14;0.04;175;0.1;0.01;0.25;0.15;0.05;1.7;0.34;4.22;2.03;0.68
06/10/24   ;23:00;0.58;13.4;17;0.58;1190;0;-0.14;0.16;0.04;166;0.09;0.02;0.3;0.14;0.05;1.79;0.34;4.29;2.1;0.71
07/10/24   ;00:00;0.6;13.4;16.9;0.6;1196;0;-0.13;0.12;0.04;132;0.1;0.02;0.23;0.15;0.04;2.24;0.55;4.43;2.62;0.88
07/10/24   ;01:00;0.57;13.4;16.8;0.57;1199;0;-0.09;0.09;0.02;183;0.05;0;0.15;0.08;0.03;1.63;0.43;3.24;1.98;0.68
07/10/24   ;02:00;0.49;13.4;16.8;0.49;1200;0;-0.11;0.1;0.02;179;0.04;0;0.19;0.08;0.04;1.66;0.34;3.24;1.83;0.56
07/10/24   ;03:00;0.38;13.4;16.7;0.38;1199;0;-0.07;0.07;0.02;148;0.05;0.01;0.14;0.08;0.03;2.01;0.29;3.99;2.41;0.71
07/10/24   ;04:00;0.28;13.3;16.7;0.28;1200;0;-0.1;0.11;0.03;134;0.08;0.01;0.21;0.12;0.04;2.2;0.26;3.97;2.73;0.85
07/10/24   ;05:00;0.23;13.3;16.6;0.23;1199;0;-0.08;0.07;0.02;172;0.05;0.01;0.14;0.08;0.03;1.73;0.28;3.96;2.12;0.74
07/10/24   ;06:00;0.26;13.3;16.6;0.26;1193;0;-0.13;0.15;0.04;168;0.1;0.02;0.24;0.15;0.05;1.77;0.47;3.59;2.21;0.69
07/10/24   ;07:00;0.36;13.4;16.8;0.37;1197;0;-0.21;0.28;0.06;173;0.14;0.02;0.43;0.22;0.07;1.71;0.42;3.83;1.97;0.62
07/10/24   ;08:00;0.51;13.3;16.8;0.51;1193;0;-0.15;0.17;0.05;176;0.14;0.03;0.29;0.2;0.06;1.68;0.35;3.63;1.96;0.6
07/10/24   ;09:00;0.67;13.4;16.8;0.67;1191;0;-0.2;0.26;0.06;202;0.13;0.02;0.38;0.2;0.06;1.47;0.32;2.99;1.76;0.5
07/10/24   ;10:00;0.81;13.3;17;0.81;1200;0;-0.14;0.21;0.05;201;0.12;0.01;0.28;0.18;0.05;1.48;0.37;3.33;1.72;0.55
07/10/24   ;11:00;0.91;13.4;17.2;0.91;1192;0;-0.14;0.17;0.05;183;0.12;0.01;0.29;0.18;0.06;1.61;0.46;3.22;1.89;0.53
07/10/24   ;12:00;0.97;13.3;17.6;0.97;1200;0;-0.17;0.27;0.05;192;0.13;0.01;0.38;0.2;0.07;1.55;0.47;3.58;1.9;0.58
07/10/24   ;13:00;0.93;13.4;17.5;0.93;1196;0;-0.15;0.23;0.05;196;0.12;0.02;0.34;0.2;0.06;1.51;0.47;3.4;1.84;0.55
07/10/24   ;14:00;0.8;13.3;17.4;0.8;1196;0;-0.16;0.16;0.05;177;0.11;0.01;0.25;0.17;0.05;1.68;0.28;3.44;2.06;0.67
07/10/24   ;15:00;0.63;13.3;17.2;0.63;1200;0;-0.15;0.18;0.04;182;0.1;0.02;0.27;0.16;0.05;1.64;0.29;3.6;2;0.62
07/10/24   ;16:00;0.45;13.4;17.1;0.45;1198;0;-0.14;0.15;0.04;172;0.1;0.01;0.28;0.15;0.05;1.73;0.61;3.36;2.11;0.64
07/10/24   ;17:00;0.3;13.4;17;0.3;1200;0;-0.15;0.17;0.04;176;0.11;0.01;0.27;0.17;0.05;1.69;0.33;3.51;2;0.61
07/10/24   ;18:00;0.17;13.4;16.9;0.17;1199;0;-0.13;0.16;0.04;159;0.11;0.02;0.27;0.16;0.05;1.88;0.37;4.16;2.14;0.68
07/10/24   ;19:00;0.11;13.4;16.9;0.11;1196;0;-0.13;0.14;0.04;166;0.11;0.01;0.25;0.16;0.05;1.8;0.32;3.97;2.06;0.68
07/10/24   ;20:00;0.14;13.3;16.9;0.15;1195;0;-0.11;0.13;0.03;168;0.08;0.01;0.23;0.13;0.04;1.76;0.31;3.77;2.16;0.7
07/10/24   ;21:00;0.23;13.4;17.1;0.23;1199;0;-0.12;0.14;0.04;177;0.09;0;0.25;0.14;0.05;1.68;0.34;3.22;1.88;0.59
07/10/24   ;22:00;0.35;13.4;17.2;0.35;1198;0;-0.13;0.13;0.03;187;0.08;0.01;0.26;0.12;0.04;1.59;0.38;3.42;1.94;0.66
07/10/24   ;23:00;0.45;13.4;17.2;0.45;1200;0;-0.11;0.14;0.04;196;0.08;0.01;0.23;0.13;0.04;1.52;0.36;3.93;2.05;0.67
08/10/24   ;00:00;0.51;13.4;17.2;0.51;1200;0;-0.12;0.18;0.04;178;0.09;0.01;0.27;0.15;0.05;1.68;0.29;4.27;2.37;0.81
08/10/24   ;01:00;0.55;13.4;17.3;0.55;1200;0;-0.08;0.07;0.02;212;0.05;0.01;0.15;0.07;0.02;1.4;0.29;3.11;1.88;0.61
08/10/24   ;02:00;0.55;13.4;17.2;0.55;1200;0;-0.08;0.09;0.02;207;0.04;0;0.15;0.07;0.03;1.45;0.28;3.82;1.95;0.69
08/10/24   ;03:00;0.51;13.4;17.2;0.51;1200;0;-0.05;0.07;0.02;211;0.04;0;0.1;0.06;0.02;1.41;0.4;3.76;1.86;0.66
08/10/24   ;04:00;0.48;13.4;17.1;0.48;1200;0;-0.08;0.1;0.03;195;0.06;0.01;0.17;0.09;0.03;1.53;0.38;3.84;2.24;0.76
08/10/24   ;05:00;0.48;13.4;17.1;0.48;1200;0;-0.12;0.11;0.03;166;0.07;0.01;0.18;0.12;0.04;1.8;0.28;3.91;2.45;0.8
08/10/24   ;06:00;0.5;13.4;17.2;0.5;1197;0;-0.17;0.23;0.05;153;0.12;0.02;0.4;0.19;0.06;1.94;0.44;4.14;2.41;0.73
08/10/24   ;07:00;0.57;13.3;17.5;0.57;1196;0;-0.19;0.24;0.06;175;0.14;0.02;0.41;0.22;0.07;1.7;0.31;4.2;1.96;0.65
08/10/24   ;08:00;0.68;13.4;17.6;0.69;1200;0;-0.18;0.21;0.05;195;0.12;0.02;0.34;0.19;0.06;1.53;0.42;3.44;1.77;0.53
08/10/24   ;09:00;0.75;13.3;17.6;0.75;1199;0;-0.18;0.21;0.05;194;0.12;0.02;0.3;0.19;0.06;1.53;0.31;3.39;1.92;0.67
08/10/24   ;10:00;0.8;13.3;17.7;0.8;1200;0;-0.18;0.23;0.06;177;0.15;0.02;0.35;0.23;0.07;1.67;0.37;4.47;2;0.65
08/10/24   ;11:00;0.79;13.3;17.7;0.79;1197;0;-0.14;0.19;0.05;185;0.12;0.01;0.32;0.18;0.06;1.62;0.33;3.7;2;0.6
08/10/24   ;12:00;0.81;13.3;17.8;0.81;1199;0;-0.15;0.2;0.06;163;0.15;0.03;0.33;0.22;0.06;1.82;0.42;3.81;2.1;0.66
08/10/24   ;13:00;0.83;13.3;17.8;0.83;1196;0;-0.17;0.24;0.06;176;0.15;0.02;0.4;0.22;0.07;1.69;0.41;3.69;2.01;0.65
08/10/24   ;14:00;0.83;13.4;17.8;0.83;1207;0;-0.24;0.24;0.07;179;0.15;0.01;0.48;0.24;0.08;1.68;0.27;3.37;2.05;0.66
08/10/24   ;15:00;0.84;13.3;17.8;0.84;1195;0;-0.2;0.25;0.07;162;0.17;0.03;0.43;0.26;0.08;1.82;0.59;3.26;2.2;0.61
08/10/24   ;16:00;0.88;13.3;17.7;0.88;1200;0;-0.21;0.26;0.07;167;0.17;0.02;0.43;0.26;0.08;1.78;0.3;3.61;2.05;0.65
08/10/24   ;17:00;0.86;13.3;17.7;0.86;1199;0;-0.24;0.3;0.08;154;0.18;0.03;0.5;0.29;0.09;1.93;0.34;4.11;2.36;0.71
08/10/24   ;18:00;0.78;13.3;17.5;0.78;1197;0;-0.19;0.24;0.07;145;0.16;0.02;0.38;0.25;0.08;2.04;0.31;4.26;2.58;0.84
08/10/24   ;19:00;0.74;13.4;17.3;0.74;1200;0;-0.16;0.21;0.05;166;0.12;0.01;0.36;0.19;0.06;1.8;0.33;3.74;2.19;0.65
08/10/24   ;20:00;0.69;13.4;17.3;0.69;1195;0;-0.14;0.15;0.05;147;0.11;0.01;0.27;0.18;0.06;2.01;0.31;4.51;2.34;0.73
08/10/24   ;21:00;0.68;13.4;17.3;0.67;1200;0;-0.15;0.19;0.04;166;0.1;0.01;0.27;0.16;0.05;1.8;0.41;3.74;2.04;0.66
08/10/24   ;22:00;0.69;13.4;17.4;0.69;1195;0;-0.17;0.17;0.04;165;0.09;0.01;0.29;0.15;0.05;1.8;0.39;3.49;2.14;0.66
08/10/24   ;23:00;0.72;13.3;17.4;0.72;1200;0;-0.14;0.15;0.04;164;0.1;0.01;0.29;0.16;0.05;1.81;0.36;3.48;2.18;0.59
09/10/24   ;00:00;0.75;13.4;17.4;0.76;1190;0;-0.13;0.13;0.04;159;0.1;0.02;0.23;0.15;0.05;1.85;0.36;3.76;2.29;0.7
09/10/24   ;01:00;0.74;13.4;17.4;0.74;1199;0;-0.1;0.09;0.03;169;0.06;0.01;0.18;0.1;0.03;1.76;0.41;3.78;2.22;0.69
09/10/24   ;02:00;0.76;13.4;17.4;0.76;1200;0;-0.04;0.06;0.01;219;0.03;0.01;0.1;0.05;0.02;1.36;0.3;3.11;1.64;0.49
09/10/24   ;03:00;0.75;13.4;17.4;0.75;1197;0;-0.06;0.06;0.02;162;0.04;0.01;0.1;0.07;0.02;1.83;0.36;4.12;2.44;0.75
09/10/24   ;04:00;0.69;13.3;17.4;0.69;1200;0;-0.11;0.12;0.03;154;0.06;0.01;0.24;0.1;0.04;1.92;0.44;4.2;2.42;0.76
09/10/24   ;05:00;0.65;13.4;17.3;0.65;1196;0;-0.11;0.12;0.03;161;0.06;0.01;0.23;0.11;0.04;1.83;0.34;3.69;2.41;0.78
09/10/24   ;06:00;0.62;13.4;17.3;0.62;1200;0;-0.12;0.14;0.04;160;0.1;0.02;0.25;0.16;0.05;1.86;0.35;3.77;2.3;0.71
09/10/24   ;07:00;0.63;13.4;17.3;0.63;1200;0;-0.15;0.22;0.05;162;0.13;0.03;0.36;0.2;0.06;1.84;0.55;3.61;2.15;0.63
09/10/24   ;08:00;0.62;13.4;17.3;0.62;1200;0;-0.14;0.19;0.05;183;0.11;0.01;0.32;0.18;0.06;1.63;0.26;3.62;1.99;0.6
09/10/24   ;09:00;0.63;13.3;17.3;0.63;1205;0;-0.2;0.19;0.06;185;0.13;0.02;0.35;0.2;0.06;1.61;0.31;3.98;1.93;0.57
09/10/24   ;10:00;0.69;13.3;17.4;0.69;1200;0;-0.15;0.17;0.05;185;0.12;0.02;0.27;0.18;0.06;1.62;0.31;3.48;1.94;0.59
09/10/24   ;11:00;0.73;13.3;17.4;0.73;1198;0;-0.16;0.25;0.05;163;0.13;0.02;0.37;0.19;0.06;1.83;0.39;3.5;2.23;0.69
09/10/24   ;12:00;0.72;13.3;17.5;0.72;1203;0;-0.18;0.19;0.05;189;0.12;0.01;0.35;0.19;0.06;1.58;0.33;3.14;1.92;0.54
09/10/24   ;13:00;0.72;13.3;17.6;0.71;1193;0;-0.14;0.2;0.05;180;0.11;0.01;0.31;0.17;0.06;1.65;0.3;3.78;2;0.65
09/10/24   ;14:00;0.68;13.3;17.7;0.68;1200;0;-0.17;0.18;0.05;186;0.11;0.03;0.31;0.18;0.06;1.61;0.4;3.69;1.96;0.63
09/10/24   ;15:00;0.62;13.3;17.7;0.62;1199;0;-0.16;0.13;0.04;183;0.1;0;0.24;0.16;0.05;1.62;0.4;3.32;1.9;0.59
09/10/24   ;16:00;0.6;13.4;17.7;0.59;1197;0;-0.15;0.17;0.05;179;0.12;0.01;0.27;0.18;0.06;1.66;0.3;3.55;1.96;0.64
09/10/24   ;17:00;0.56;13.4;17.6;0.56;1202;0;-0.17;0.17;0.04;182;0.11;0.01;0.31;0.16;0.05;1.64;0.47;3.64;2.01;0.63
09/10/24   ;18:00;0.54;13.3;17.7;0.54;1197;0;-0.14;0.17;0.05;165;0.11;0.01;0.29;0.17;0.06;1.79;0.39;4.06;2.11;0.7
09/10/24   ;19:00;0.5;13.4;17.6;0.5;1199;0;-0.17;0.25;0.06;150;0.14;0.01;0.37;0.21;0.07;1.99;0.32;3.99;2.41;0.7
09/10/24   ;20:00;0.46;13.3;17.6;0.46;1194;0;-0.16;0.17;0.05;150;0.11;0.01;0.29;0.18;0.06;1.97;0.34;4.4;2.54;0.81
09/10/24   ;21:00;0.44;13.3;17.6;0.45;1201;0;-0.21;0.18;0.04;152;0.1;0.01;0.35;0.16;0.06;1.96;0.4;4.19;2.51;0.81
09/10/24   ;22:00;0.47;13.4;17.6;0.47;1197;0;-0.13;0.14;0.04;160;0.09;0.02;0.25;0.14;0.05;1.85;0.47;4.63;2.37;0.77
09/10/24   ;23:00;0.52;13.4;17.6;0.52;1198;0;-0.11;0.11;0.03;172;0.08;0.01;0.22;0.13;0.04;1.73;0.29;4.27;2.1;0.72
10/10/24   ;00:00;0.56;13.4;17.6;0.56;1201;0;-0.1;0.12;0.03;160;0.08;0.01;0.22;0.12;0.04;1.86;0.39;4.09;2.59;0.81
10/10/24   ;01:00;0.61;13.4;17.5;0.61;1197;0;-0.07;0.06;0.02;171;0.05;0.01;0.11;0.07;0.02;1.75;0.29;3.52;2.39;0.79
10/10/24   ;02:00;0.65;13.3;17.6;0.65;1202;0;-0.04;0.05;0.01;203;0.03;0;0.08;0.05;0.02;1.46;0.27;3.05;1.96;0.66
10/10/24   ;03:00;0.65;13.4;17.5;0.65;1199;0;-0.07;0.09;0.02;186;0.05;0;0.14;0.07;0.03;1.61;0.29;3.69;2.12;0.74
10/10/24   ;04:00;0.65;13.4;17.5;0.65;1198;0;-0.11;0.1;0.03;146;0.07;0.01;0.2;0.11;0.04;2.04;0.28;4.1;2.98;1.04
10/10/24   ;05:00;0.62;13.4;17.5;0.62;1203;0;-0.12;0.13;0.03;153;0.07;0;0.22;0.12;0.04;1.94;0.29;3.87;2.51;0.81
10/10/24   ;06:00;0.6;13.4;17.5;0.6;1195;0;-0.15;0.21;0.05;158;0.11;0.01;0.3;0.17;0.06;1.88;0.42;3.98;2.42;0.83
10/10/24   ;07:00;0.6;13.4;17.5;0.6;1198;0;-0.16;0.22;0.05;165;0.12;0.03;0.34;0.18;0.05;1.8;0.58;3.32;2.05;0.6
10/10/24   ;08:00;0.62;13.4;17.5;0.61;1196;0;-0.17;0.22;0.06;173;0.14;0.01;0.34;0.21;0.06;1.72;0.42;3.72;1.95;0.58
10/10/24   ;09:00;0.69;13.4;17.6;0.69;1199;0;-0.17;0.19;0.06;176;0.14;0.01;0.34;0.22;0.07;1.69;0.31;3.5;2.04;0.6
10/10/24   ;10:00;0.76;13.4;17.6;0.77;1200;0;-0.17;0.2;0.06;173;0.15;0.02;0.35;0.22;0.07;1.72;0.28;3.12;1.99;0.58
10/10/24   ;11:00;0.78;13.4;17.7;0.78;1200;0;-0.2;0.25;0.07;167;0.16;0.02;0.39;0.25;0.08;1.79;0.39;3.24;2.19;0.62
10/10/24   ;12:00;0.83;13.4;17.7;0.83;1200;0;-0.17;0.22;0.05;183;0.13;0.02;0.34;0.21;0.07;1.63;0.34;3.96;1.97;0.6
10/10/24   ;13:00;0.88;13.3;17.8;0.88;1199;0;-0.2;0.22;0.06;177;0.16;0.03;0.36;0.23;0.07;1.69;0.64;3.29;1.96;0.54
10/10/24   ;14:00;0.9;13.3;17.9;0.9;1197;0;-0.19;0.23;0.05;187;0.13;0.01;0.37;0.19;0.06;1.59;0.33;3.19;1.91;0.55
10/10/24   ;15:00;0.94;13.3;18.1;0.94;1200;0;-0.13;0.14;0.04;184;0.1;0.01;0.25;0.15;0.04;1.62;0.28;3.78;1.89;0.7
10/10/24   ;16:00;0.94;13.3;18.1;0.94;1191;0;-0.17;0.15;0.05;166;0.13;0.02;0.26;0.19;0.05;1.78;0.29;3.83;2.27;0.8
10/10/24   ;17:00;0.92;13.4;18.1;0.92;1200;0;-0.15;0.15;0.04;190;0.1;0.01;0.26;0.15;0.05;1.57;0.26;3.72;1.92;0.6
10/10/24   ;18:00;0.83;13.3;18.1;0.83;1200;0;-0.14;0.14;0.05;175;0.11;0.02;0.28;0.17;0.05;1.7;0.54;3.51;2.1;0.67
10/10/24   ;19:00;0.76;13.3;17.9;0.75;1200;0;-0.16;0.16;0.05;173;0.11;0.01;0.26;0.18;0.06;1.71;0.33;4.08;2.21;0.73
10/10/24   ;20:00;0.69;13.3;17.9;0.69;1200;0;-0.12;0.12;0.04;167;0.08;0;0.21;0.13;0.04;1.78;0.33;3.73;2.27;0.71
10/10/24   ;21:00;0.61;13.3;17.9;0.61;1194;0;-0.12;0.13;0.03;156;0.08;0.02;0.22;0.13;0.04;1.9;0.26;4.84;2.35;0.68
10/10/24   ;22:00;0.56;13.3;17.9;0.56;1200;0;-0.09;0.1;0.03;177;0.08;0.01;0.18;0.11;0.03;1.69;0.33;3.59;1.96;0.59
10/10/24   ;23:00;0.5;13.4;17.9;0.5;1200;0;-0.13;0.15;0.03;172;0.08;0;0.27;0.12;0.04;1.73;0.32;3.92;2.22;0.76
11/10/24   ;00:00;0.48;13.3;17.9;0.48;1198;0;-0.11;0.1;0.04;139;0.08;0.01;0.18;0.13;0.04;2.14;0.38;4.09;2.96;0.91
11/10/24   ;01:00;0.48;13.4;18;0.48;1198;0;-0.08;0.08;0.02;206;0.05;0.01;0.14;0.08;0.03;1.45;0.34;3.4;1.9;0.59
11/10/24   ;02:00;0.47;13.4;18;0.47;1195;0;-0.07;0.07;0.02;185;0.04;0.01;0.11;0.07;0.02;1.61;0.27;3.74;2.08;0.77
11/10/24   ;03:00;0.45;13.4;18;0.45;1195;0;-0.06;0.06;0.02;197;0.04;0;0.11;0.06;0.02;1.5;0.34;3.3;1.99;0.62
11/10/24   ;04:00;0.45;13.4;17.9;0.45;1200;0;-0.06;0.07;0.02;170;0.04;0.01;0.12;0.07;0.02;1.75;0.32;3.85;2.34;0.8
11/10/24   ;05:00;0.49;13.3;17.9;0.49;1196;0;-0.13;0.11;0.03;168;0.07;0.01;0.2;0.11;0.04;1.77;0.36;3.35;2.15;0.63
11/10/24   ;06:00;0.53;13.4;17.8;0.53;1199;0;-0.18;0.22;0.05;162;0.13;0.01;0.32;0.2;0.07;1.84;0.37;3.59;2.15;0.69
11/10/24   ;07:00;0.58;13.4;17.8;0.58;1200;0;-0.16;0.18;0.05;183;0.12;0.01;0.32;0.19;0.06;1.63;0.36;3.51;2.05;0.66
11/10/24   ;08:00;0.63;13.4;17.9;0.63;1195;0;-0.14;0.18;0.05;183;0.11;0.01;0.27;0.18;0.05;1.62;0.32;3.7;1.93;0.62
11/10/24   ;09:00;0.65;13.4;18;0.65;1200;0;-0.16;0.16;0.04;175;0.11;0.01;0.27;0.17;0.05;1.7;0.29;3.78;2.15;0.69
11/10/24   ;10:00;0.65;13.4;17.9;0.65;1200;0;-0.15;0.16;0.05;192;0.11;0.02;0.3;0.17;0.05;1.54;0.38;3.31;1.78;0.57
11/10/24   ;11:00;0.65;13.4;18;0.65;1199;0;-0.12;0.13;0.04;186;0.11;0.01;0.24;0.16;0.05;1.6;0.28;3.27;1.89;0.58
11/10/24   ;12:00;0.66;13.4;18.1;0.66;1200;0;-0.16;0.18;0.05;175;0.13;0.02;0.31;0.2;0.06;1.69;0.28;3.94;2.09;0.68
11/10/24   ;13:00;0.7;13.4;18.3;0.7;1195;0;-0.17;0.18;0.05;196;0.12;0.02;0.3;0.19;0.06;1.52;0.36;3.4;1.79;0.55
11/10/24   ;14:00;0.76;13.4;18.5;0.75;1200;0;-0.15;0.2;0.05;195;0.12;0.02;0.29;0.18;0.05;1.52;0.45;3.71;1.85;0.56
11/10/24   ;15:00;0.79;13.3;18.5;0.79;1190;0;-0.16;0.15;0.05;184;0.11;0.02;0.3;0.17;0.05;1.61;0.31;3.35;1.89;0.58
11/10/24   ;16:00;0.8;13.3;18.5;0.8;1207;0;-0.11;0.14;0.04;193;0.09;0.01;0.24;0.14;0.04;1.55;0.31;3.64;2;0.67
11/10/24   ;17:00;0.8;13.3;18.5;0.8;1199;0;-0.16;0.17;0.05;188;0.11;0.01;0.27;0.17;0.05;1.58;0.52;4.04;1.97;0.58
11/10/24   ;18:00;0.77;13.3;18.5;0.77;1200;0;-0.13;0.16;0.05;178;0.11;0.01;0.3;0.17;0.05;1.68;0.41;3.83;2.08;0.73
11/10/24   ;19:00;0.71;13.3;18.4;0.71;1200;0;-0.13;0.15;0.04;187;0.1;0.01;0.24;0.16;0.05;1.6;0.39;3.37;1.92;0.62
11/10/24   ;20:00;0.64;13.3;18.4;0.64;1193;0;-0.14;0.15;0.04;171;0.1;0.01;0.27;0.16;0.05;1.73;0.34;3.69;2.23;0.72
11/10/24   ;21:00;0.55;13.3;18.1;0.55;1200;0;-0.09;0.11;0.03;154;0.08;0.01;0.17;0.12;0.03;1.94;0.71;3.76;2.25;0.69
11/10/24   ;22:00;0.43;13.3;17.9;0.43;1196;0;-0.13;0.16;0.04;155;0.1;0.01;0.28;0.15;0.05;1.92;0.31;4.18;2.25;0.75
11/10/24   ;23:00;0.3;13.3;17.9;0.3;1196;0;-0.1;0.11;0.03;182;0.07;0;0.2;0.11;0.03;1.64;0.3;3.78;1.8;0.56
12/10/24   ;00:00;0.2;13.3;17.8;0.2;1200;0;-0.11;0.15;0.04;135;0.09;0.01;0.24;0.13;0.04;2.19;0.49;3.97;2.8;0.84
12/10/24   ;01:00;0.13;13.3;17.8;0.13;1200;0;-0.12;0.13;0.03;158;0.08;0;0.24;0.12;0.04;1.88;0.3;3.88;2.12;0.67
12/10/24   ;02:00;0.1;13.3;17.8;0.1;1200;0;-0.09;0.09;0.02;174;0.04;0;0.16;0.07;0.03;1.71;0.48;3.38;1.99;0.69
12/10/24   ;03:00;0.15;13.4;18;0.15;1200;0;-0.06;0.06;0.02;174;0.04;0.01;0.12;0.06;0.02;1.71;0.33;3.51;2.03;0.64
12/10/24   ;04:00;0.27;13.4;18;0.27;1200;0;-0.13;0.12;0.03;163;0.07;0.01;0.24;0.12;0.04;1.82;0.38;3.92;2.44;0.77
12/10/24   ;05:00;0.42;13.4;17.8;0.42;1200;0;-0.16;0.17;0.05;126;0.12;0.01;0.3;0.2;0.07;2.37;0.36;4.05;3.14;0.96
12/10/24   ;06:00;0.55;13.4;17.9;0.55;1199;0;-0.14;0.16;0.04;181;0.1;0.01;0.27;0.17;0.06;1.64;0.34;3.71;2.1;0.65
12/10/24   ;07:00;0.66;13.4;18.1;0.66;1199;0;-0.13;0.16;0.05;185;0.11;0.02;0.28;0.17;0.06;1.61;0.32;3.12;2;0.64
12/10/24   ;08:00;0.72;13.3;18.1;0.73;1200;0;-0.14;0.18;0.05;207;0.11;0.02;0.32;0.17;0.05;1.44;0.29;3.04;1.78;0.53
12/10/24   ;09:00;0.76;13.4;18.2;0.76;1195;0;-0.14;0.17;0.05;197;0.12;0.02;0.29;0.18;0.05;1.51;0.38;3.24;1.76;0.55
12/10/24   ;10:00;0.75;13.4;18.2;0.75;1200;0;-0.15;0.16;0.05;187;0.11;0.01;0.27;0.17;0.05;1.6;0.26;3.9;1.92;0.62
12/10/24   ;11:00;0.72;13.4;18.2;0.72;1200;0;-0.13;0.2;0.05;191;0.12;0.01;0.32;0.17;0.05;1.56;0.32;2.89;1.72;0.52
12/10/24   ;12:00;0.66;13.4;18.3;0.66;1194;0;-0.15;0.18;0.05;178;0.12;0.01;0.3;0.18;0.05;1.65;0.33;3.54;1.84;0.59
12/10/24   ;13:00;0.61;13.3;18.3;0.61;1199;0;-0.12;0.16;0.04;179;0.1;0.02;0.26;0.16;0.05;1.66;0.3;3.99;2.01;0.64
12/10/24   ;14:00;0.6;13.4;18.4;0.6;1199;0;-0.15;0.16;0.04;178;0.11;0.01;0.24;0.16;0.05;1.67;0.3;3.85;2.01;0.66
12/10/24   ;15:00;0.61;13.4;18.4;0.61;1200;0;-0.15;0.17;0.04;198;0.1;0.01;0.3;0.15;0.05;1.51;0.27;3.63;1.8;0.58
12/10/24   ;16:00;0.67;13.4;18.4;0.67;1200;0;-0.15;0.2;0.05;175;0.13;0.02;0.29;0.19;0.06;1.71;0.37;3.98;1.91;0.69
12/10/24   ;17:00;0.73;13.4;18.5;0.73;1200;0;-0.18;0.17;0.05;179;0.13;0.02;0.3;0.19;0.06;1.67;0.36;4.05;2;0.64
12/10/24   ;18:00;0.77;13.3;18.6;0.77;1183;0;-0.13;0.14;0.05;165;0.12;0.03;0.26;0.17;0.05;1.78;0.62;3.72;2.07;0.6
12/10/24   ;19:00;0.78;13.3;18.6;0.78;1199;0;-0.19;0.23;0.06;162;0.14;0.02;0.42;0.21;0.07;1.84;0.31;3.74;2.28;0.7
12/10/24   ;20:00;0.73;13.4;18.5;0.73;1214;0;-0.14;0.21;0.05;169;0.11;0.02;0.35;0.18;0.06;1.77;0.62;3.12;2.01;0.55
12/10/24   ;21:00;0.6;13.4;18.4;0.6;1200;0;-0.09;0.11;0.03;180;0.07;0.02;0.16;0.11;0.03;1.66;0.38;3.57;2.03;0.64
12/10/24   ;22:00;0.43;13.4;18.2;0.43;1186;0;-0.14;0.13;0.04;160;0.09;0.01;0.25;0.14;0.04;1.83;0.47;5.2;2.25;0.74
12/10/24   ;23:00;0.26;13.3;18;0.26;1197;0;-0.11;0.13;0.03;166;0.08;0.01;0.24;0.13;0.04;1.79;0.3;4;2.26;0.72
13/10/24   ;00:00;0.13;13.3;18;0.13;1200;0;-0.12;0.11;0.03;151;0.08;0.01;0.21;0.13;0.04;1.97;0.34;4.57;2.58;0.79
13/10/24   ;01:00;0.03;13.4;18;0.03;1198;0;-0.1;0.1;0.03;133;0.06;0.01;0.19;0.1;0.03;2.22;0.42;4.19;2.75;0.88
13/10/24   ;02:00;0;13.3;17.9;0;1200;0;-0.07;0.07;0.02;162;0.05;0;0.11;0.08;0.02;1.84;0.32;4.15;2.19;0.72
13/10/24   ;03:00;0.08;13.3;18.1;0.08;1197;0;-0.06;0.06;0.02;155;0.05;0.01;0.1;0.07;0.02;1.91;0.32;4.01;2.32;0.69
13/10/24   ;04:00;0.23;13.4;18.1;0.23;1200;0;-0.12;0.14;0.04;146;0.09;0.01;0.21;0.15;0.05;2.05;0.37;3.9;2.76;0.93
13/10/24   ;05:00;0.43;13.3;18.1;0.43;1196;0;-0.08;0.1;0.03;185;0.06;0;0.17;0.09;0.03;1.6;0.37;3.09;1.84;0.59
13/10/24   ;06:00;0.61;13.4;18.2;0.61;1200;0;-0.12;0.14;0.04;195;0.09;0.01;0.23;0.13;0.04;1.52;0.39;3.31;1.83;0.54
13/10/24   ;07:00;0.76;13.4;18.3;0.76;1192;0;-0.12;0.16;0.04;177;0.1;0.02;0.26;0.16;0.05;1.67;0.32;3.96;2.15;0.7
13/10/24   ;08:00;0.86;13.4;18.5;0.86;1192;0;-0.14;0.16;0.05;196;0.12;0.01;0.3;0.18;0.06;1.51;0.32;2.96;1.68;0.52
13/10/24   ;09:00;0.9;13.4;18.5;0.91;1192;0;-0.15;0.22;0.05;171;0.12;0.02;0.3;0.19;0.06;1.73;0.41;3.55;2.11;0.69
13/10/24   ;10:00;0.88;13.3;18.5;0.88;1200;0;-0.17;0.16;0.05;183;0.11;0.01;0.33;0.17;0.05;1.63;0.38;3.17;1.92;0.59
13/10/24   ;11:00;0.79;13.4;18.5;0.79;1200;0;-0.19;0.14;0.04;183;0.11;0.01;0.32;0.16;0.05;1.63;0.3;3.27;1.92;0.61
13/10/24   ;12:00;0.65;13.4;18.4;0.65;1200;0;-0.14;0.14;0.04;181;0.11;0.01;0.22;0.16;0.05;1.65;0.46;3.37;2.04;0.64
13/10/24   ;13:00;0.54;13.4;18.4;0.54;1194;0;-0.14;0.16;0.04;181;0.1;0;0.27;0.16;0.05;1.64;0.45;3.19;1.92;0.58
13/10/24   ;14:00;0.47;13.4;18.4;0.47;1200;0;-0.18;0.17;0.05;159;0.12;0.01;0.3;0.18;0.06;1.87;0.26;3.84;2.18;0.77
13/10/24   ;15:00;0.42;13.4;18.4;0.42;1195;0;-0.16;0.18;0.05;171;0.12;0.01;0.28;0.18;0.06;1.73;0.29;3.76;1.92;0.57
13/10/24   ;16:00;0.48;13.3;18.4;0.48;1200;0;-0.18;0.14;0.05;177;0.12;0.01;0.29;0.18;0.05;1.68;0.55;3.62;1.97;0.6
13/10/24   ;17:00;0.58;13.4;18.5;0.59;1197;0;-0.18;0.21;0.05;188;0.12;0.03;0.3;0.19;0.06;1.59;0.3;3.7;1.78;0.57
13/10/24   ;18:00;0.67;13.4;18.5;0.68;1200;0;-0.14;0.16;0.05;186;0.12;0.01;0.27;0.18;0.05;1.59;0.4;3.31;1.86;0.56
13/10/24   ;19:00;0.71;13.4;18.5;0.71;1199;0;-0.15;0.15;0.05;175;0.12;0.02;0.28;0.18;0.05;1.7;0.34;3.7;1.99;0.63
13/10/24   ;20:00;0.7;13.4;18.5;0.7;1200;0;-0.16;0.16;0.04;172;0.09;0.01;0.25;0.14;0.05;1.73;0.3;3.57;2.26;0.71
13/10/24   ;21:00;0.61;13.3;18.4;0.61;1200;0;-0.11;0.13;0.03;164;0.08;0.01;0.24;0.12;0.04;1.82;0.37;3.84;2.04;0.66
13/10/24   ;22:00;0.47;13.3;18.4;0.47;1196;0;-0.09;0.1;0.03;175;0.07;0.01;0.17;0.1;0.03;1.7;0.27;3.66;2.01;0.68
13/10/24   ;23:00;0.31;13.3;18.3;0.31;1194;0;-0.11;0.12;0.03;169;0.06;0;0.22;0.1;0.04;1.76;0.27;4.56;2.24;0.74
14/10/24   ;00:00;0.15;13.3;18.2;0.15;1200;0;-0.09;0.09;0.03;146;0.07;0.01;0.15;0.1;0.03;2.03;0.52;4.26;2.53;0.81
14/10/24   ;01:00;0.02;13.4;18.2;0.02;1200;0;-0.05;0.06;0.02;164;0.04;0;0.1;0.06;0.02;1.81;0.36;4.2;2.27;0.74
14/10/24   ;02:00;-0.04;13.3;18.2;-0.04;1197;0;-0.1;0.11;0.02;172;0.04;0.01;0.21;0.07;0.03;1.72;0.38;4.84;2.25;0.74
14/10/24   ;03:00;0.01;13.3;18.2;0.01;1200;0;-0.07;0.08;0.02;172;0.04;0;0.13;0.07;0.02;1.73;0.3;3.75;2.15;0.7
14/10/24   ;04:00;0.16;13.4;18.3;0.17;1198;0;-0.07;0.1;0.02;189;0.05;0.01;0.14;0.08;0.02;1.58;0.33;3.47;1.71;0.63
14/10/24   ;05:00;0.36;13.4;18.3;0.36;1198;0;-0.15;0.16;0.04;151;0.1;0.01;0.31;0.16;0.05;1.98;0.49;3.79;2.49;0.79
14/10/24   ;06:00;0.56;13.4;18.3;0.56;1208;0;-0.17;0.23;0.05;172;0.11;0.01;0.36;0.18;0.06;1.72;0.35;3.44;2.08;0.66
14/10/24   ;07:00;0.74;13.4;18.4;0.74;1192;0;-0.15;0.19;0.05;186;0.11;0.01;0.31;0.17;0.06;1.59;0.35;3.28;1.88;0.6
14/10/24   ;08:00;0.88;13.3;18.5;0.87;1195;0;-0.17;0.17;0.05;198;0.12;0.01;0.31;0.19;0.06;1.5;0.33;3.51;1.79;0.55
14/10/24   ;09:00;0.93;13.4;18.6;0.94;1198;0;-0.12;0.18;0.05;203;0.11;0.01;0.28;0.17;0.05;1.47;0.34;3.51;1.65;0.5
14/10/24   ;10:00;0.92;13.4;18.6;0.92;1199;0;-0.21;0.23;0.05;165;0.12;0.01;0.44;0.19;0.06;1.8;0.48;3.98;2.25;0.74
14/10/24   ;11:00;0.81;13.4;18.7;0.81;1200;0;-0.15;0.16;0.05;178;0.11;0.01;0.3;0.17;0.05;1.68;0.32;3.75;2.11;0.67
14/10/24   ;12:00;0.62;13.4;18.5;0.62;1197;0;-0.13;0.16;0.04;167;0.1;0.02;0.26;0.16;0.05;1.78;0.44;3.66;2.26;0.67
14/10/24   ;13:00;0.44;13.3;18.4;0.44;1190;0;-0.13;0.14;0.04;177;0.1;0.01;0.24;0.15;0.05;1.67;0.32;4.2;2.08;0.71
14/10/24   ;14:00;0.3;13.4;18.4;0.3;1199;0;-0.13;0.14;0.04;158;0.1;0.01;0.22;0.15;0.05;1.88;0.31;4.1;2.34;0.78
14/10/24   ;15:00;0.2;13.4;18.3;0.2;1196;0;-0.13;0.15;0.04;180;0.1;0.01;0.26;0.16;0.05;1.65;0.3;3.3;1.93;0.57
14/10/24   ;16:00;0.19;13.4;18.3;0.2;1200;0;-0.14;0.2;0.04;183;0.1;0.02;0.33;0.16;0.05;1.62;0.41;3.4;1.86;0.53
14/10/24   ;17:00;0.3;13.4;18.5;0.3;1200;0;-0.13;0.2;0.05;174;0.12;0.01;0.29;0.18;0.05;1.71;0.34;3.98;2.12;0.65
14/10/24   ;18:00;0.46;13.4;18.5;0.46;1196;0;-0.12;0.15;0.04;171;0.11;0.01;0.24;0.17;0.05;1.74;0.32;4.08;2.09;0.7
14/10/24   ;19:00;0.61;13.3;18.5;0.61;1200;0;-0.15;0.21;0.05;169;0.11;0.02;0.32;0.17;0.05;1.77;0.36;3.57;2.32;0.77
14/10/24   ;20:00;0.69;13.4;18.5;0.69;1192;0;-0.13;0.16;0.04;179;0.09;0.01;0.2;0.14;0.04;1.66;0.32;3.44;2.05;0.68
14/10/24   ;21:00;0.7;13.3;18.6;0.7;1193;0;-0.1;0.1;0.03;145;0.08;0.02;0.2;0.12;0.04;2.04;0.5;3.79;2.58;0.83
14/10/24   ;22:00;0.62;13.4;18.5;0.62;1196;0;-0.06;0.07;0.02;183;0.05;0.01;0.13;0.08;0.02;1.63;0.34;4.34;2;0.63
14/10/24   ;23:00;0.46;13.3;18.5;0.46;1194;0;-0.16;0.13;0.04;155;0.08;0.01;0.3;0.13;0.05;1.91;0.43;3.74;2.54;0.76
15/10/24   ;00:00;0.27;13.3;18.4;0.27;1192;0;-0.08;0.09;0.03;128;0.07;0.01;0.14;0.11;0.03;2.3;0.45;5.82;3.05;1.03
15/10/24   ;01:00;0.11;13.3;18.4;0.11;1195;0;-0.08;0.07;0.02;160;0.05;0.01;0.15;0.07;0.02;1.85;0.38;4.23;2.47;0.8
15/10/24   ;02:00;0;13.4;18.3;0;1200;0;-0.04;0.03;0.01;168;0.03;0;0.06;0.04;0.01;1.78;0.3;3.63;2.02;0.61
15/10/24   ;03:00;-0.02;13.3;18.3;-0.02;1195;0;-0.05;0.05;0.02;157;0.04;0.01;0.09;0.06;0.02;1.89;0.32;4.14;2.45;0.72
15/10/24   ;04:00;0.1;13.4;18.3;0.1;1200;0;-0.15;0.15;0.03;168;0.07;0.01;0.27;0.12;0.04;1.78;0.48;3.59;2.2;0.62
15/10/24   ;05:00;0.3;13.3;18.4;0.3;1195;0;-0.11;0.16;0.04;157;0.1;0.01;0.27;0.16;0.05;1.89;0.28;3.76;2.44;0.78
15/10/24   ;06:00;0.53;13.3;18.3;0.53;1200;0;-0.19;0.16;0.05;161;0.12;0.02;0.33;0.18;0.05;1.86;0.41;3.99;2.22;0.73
15/10/24   ;07:00;0.72;13.4;18.3;0.72;1196;0;-0.18;0.23;0.06;177;0.14;0.01;0.37;0.22;0.07;1.67;0.36;3.59;1.96;0.68
15/10/24   ;08:00;0.86;13.4;18.4;0.86;1199;0;-0.17;0.2;0.05;196;0.11;0.02;0.35;0.17;0.05;1.52;0.26;3.51;1.83;0.62
15/10/24   ;09:00;0.96;13.4;18.6;0.96;1200;0;-0.16;0.19;0.05;196;0.11;0.02;0.3;0.17;0.05;1.52;0.37;3.72;1.71;0.57
15/10/24   ;10:00;0.96;13.4;18.7;0.96;1194;0;-0.14;0.15;0.04;193;0.09;0.02;0.26;0.14;0.04;1.54;0.34;3.33;1.86;0.59
15/10/24   ;11:00;0.85;13.3;18.7;0.85;1198;0;-0.14;0.14;0.04;190;0.1;0.01;0.26;0.16;0.05;1.57;0.32;3.48;1.86;0.58
15/10/24   ;12:00;0.65;13.4;18.5;0.65;1198;0;-0.12;0.15;0.05;167;0.12;0.01;0.24;0.18;0.05;1.78;0.36;3.59;2.12;0.7
15/10/24   ;13:00;0.43;13.4;18.4;0.43;1200;0;-0.13;0.17;0.04;183;0.1;0.01;0.27;0.15;0.05;1.63;0.31;3.42;1.85;0.57
15/10/24   ;14:00;0.23;13.4;18.5;0.23;1200;0;-0.14;0.15;0.05;159;0.11;0.02;0.24;0.17;0.05;1.87;0.41;4.61;2.44;0.81
15/10/24   ;15:00;0.08;13.4;18.5;0.08;1200;0;-0.14;0.14;0.04;163;0.1;0.03;0.27;0.15;0.04;1.81;0.51;3.99;2.14;0.71
15/10/24   ;16:00;0.01;13.3;18.5;0.01;1200;0;-0.13;0.13;0.04;153;0.1;0.01;0.23;0.16;0.05;1.95;0.31;4.49;2.56;0.86
15/10/24   ;17:00;0.09;13.3;18.5;0.09;1197;0;-0.15;0.2;0.05;177;0.11;0.03;0.32;0.17;0.05;1.68;0.5;3.55;1.91;0.6
15/10/24   ;18:00;0.28;13.4;18.6;0.28;1195;0;-0.25;0.17;0.05;181;0.12;0.01;0.4;0.19;0.06;1.63;0.34;3.17;2;0.61
15/10/24   ;19:00;0.48;13.4;18.6;0.48;1197;0;-0.17;0.18;0.05;177;0.12;0.02;0.3;0.2;0.07;1.69;0.42;3.23;2.06;0.62
15/10/24   ;20:00;0.64;13.4;18.7;0.64;1193;0;-0.12;0.14;0.04;187;0.1;0.02;0.2;0.15;0.04;1.58;0.32;3.81;1.86;0.64
15/10/24   ;21:00;0.72;13.4;18.7;0.72;1200;0;-0.1;0.12;0.03;188;0.08;0.01;0.19;0.12;0.04;1.59;0.36;3.27;1.84;0.6
15/10/24   ;22:00;0.71;13.3;18.6;0.71;1200;0;-0.11;0.12;0.04;174;0.08;0.02;0.21;0.13;0.04;1.71;0.33;4.16;2.19;0.74
15/10/24   ;23:00;0.6;13.3;18.6;0.6;1197;0;-0.1;0.13;0.03;156;0.07;0.02;0.19;0.12;0.04;1.91;0.34;4;2.26;0.75
16/10/24   ;00:00;0.41;13.4;18.6;0.41;1191;0;-0.13;0.13;0.04;122;0.09;0.01;0.25;0.15;0.05;2.41;0.35;4.13;2.95;0.91
16/10/24   ;01:00;0.22;13.3;18.5;0.22;1200;0;-0.06;0.06;0.02;133;0.04;0;0.11;0.07;0.02;2.22;0.4;4.5;2.99;0.99
16/10/24   ;02:00;0.07;13.3;18.4;0.07;1198;0;-0.03;0.03;0.01;180;0.02;0;0.06;0.03;0.01;1.66;0.47;3.65;2.1;0.65
16/10/24   ;03:00;0;13.3;18.4;0;1200;0;-0.05;0.05;0.01;164;0.03;0;0.08;0.05;0.02;1.82;0.27;3.95;2.36;0.83
16/10/24   ;04:00;0.04;13.4;18.4;0.04;1200;0;-0.08;0.09;0.03;167;0.06;0.01;0.15;0.1;0.03;1.78;0.26;3.9;2.17;0.65
16/10/24   ;05:00;0.19;13.3;18.4;0.2;1200;0;-0.1;0.14;0.03;172;0.08;0.01;0.24;0.13;0.04;1.73;0.44;3.65;2.02;0.65
16/10/24   ;06:00;0.43;13.4;18.5;0.44;1200;0;-0.15;0.19;0.05;165;0.13;0.03;0.32;0.2;0.06;1.8;0.65;3.91;2.14;0.67
16/10/24   ;07:00;0.63;13.4;18.5;0.63;1200;0;-0.17;0.2;0.05;181;0.12;0.02;0.37;0.19;0.06;1.64;0.36;3.75;1.82;0.6
16/10/24   ;08:00;0.8;13.3;18.4;0.8;1200;0;-0.17;0.21;0.05;199;0.12;0.01;0.36;0.19;0.06;1.5;0.31;3.08;1.79;0.54
16/10/24   ;09:00;0.92;13.3;18.6;0.92;1200;0;-0.16;0.17;0.05;189;0.12;0.01;0.25;0.17;0.05;1.57;0.36;3.69;1.83;0.59
16/10/24   ;10:00;0.96;13.4;18.6;0.95;1196;0;-0.19;0.17;0.05;198;0.12;0.02;0.3;0.18;0.05;1.5;0.57;3.26;1.78;0.49
16/10/24   ;11:00;0.88;13.4;18.6;0.88;1177;0;-0.15;0.14;0.04;192;0.11;0.01;0.25;0.16;0.05;1.53;0.49;3.12;1.83;0.57
16/10/24   ;12:00;0.71;13.4;18.5;0.71;1196;0;-0.14;0.14;0.04;173;0.11;0.02;0.25;0.17;0.05;1.7;0.3;3.64;2.12;0.65
16/10/24   ;13:00;0.48;13.4;18.4;0.48;1200;0;-0.13;0.18;0.04;168;0.1;0.02;0.26;0.16;0.05;1.78;0.43;4.08;2.13;0.67
16/10/24   ;14:00;0.25;13.3;18.4;0.25;1193;0;-0.13;0.14;0.04;167;0.09;0.02;0.27;0.14;0.04;1.78;0.34;4.06;2.19;0.72
16/10/24   ;15:00;0.07;13.4;18.4;0.07;1200;0;-0.14;0.21;0.04;169;0.1;0.02;0.3;0.16;0.05;1.76;0.5;4.04;2.09;0.69
16/10/24   ;16:00;-0.04;13.4;18.3;-0.04;1194;0;-0.14;0.19;0.04;164;0.11;0.01;0.31;0.17;0.06;1.81;0.38;4.23;2.13;0.75
16/10/24   ;17:00;-0.03;13.4;18.3;-0.03;1200;0;-0.19;0.15;0.04;172;0.1;0.01;0.33;0.17;0.06;1.73;0.38;3.71;2.04;0.68
16/10/24   ;18:00;0.14;13.4;18.4;0.14;1200;0;-0.15;0.19;0.05;184;0.12;0.02;0.3;0.18;0.06;1.62;0.31;3.3;1.99;0.64
16/10/24   ;19:00;0.36;13.3;18.4;0.36;1194;0;-0.13;0.18;0.04;183;0.11;0;0.27;0.17;0.05;1.62;0.35;4.03;1.97;0.62
16/10/24   ;20:00;0.56;13.4;18.4;0.56;1200;0;-0.13;0.17;0.04;181;0.09;0.01;0.3;0.14;0.05;1.64;0.38;3.76;2.12;0.67
16/10/24   ;21:00;0.71;13.4;18.3;0.71;1199;0;-0.09;0.09;0.03;181;0.06;0.01;0.15;0.1;0.03;1.64;0.33;3.63;2.18;0.74
16/10/24   ;22:00;0.77;13.4;18.1;0.77;1200;0;-0.09;0.14;0.03;218;0.06;0.01;0.21;0.1;0.03;1.37;0.29;3.22;1.87;0.63
16/10/24   ;23:00;0.73;13.4;18;0.73;1200;0;-0.12;0.13;0.04;176;0.09;0.01;0.26;0.14;0.04;1.69;0.35;3.98;2.23;0.79
17/10/24   ;00:00;0.59;13.4;18.2;0.59;1208;0;-0.1;0.13;0.03;190;0.08;0.01;0.24;0.12;0.04;1.57;0.42;4.01;2.17;0.75
17/10/24   ;01:00;0.4;13.3;18.3;0.4;1194;0;-0.19;0.14;0.04;176;0.09;0.01;0.3;0.14;0.05;1.69;0.63;3.49;2.21;0.7
17/10/24   ;02:00;0.23;13.4;18.2;0.23;1197;0;-0.06;0.05;0.02;207;0.04;0.01;0.1;0.06;0.02;1.43;0.32;3.68;1.9;0.69
17/10/24   ;03:00;0.12;13.3;18.2;0.11;1200;0;-0.09;0.1;0.02;216;0.05;0.01;0.19;0.08;0.03;1.37;0.3;3.09;1.71;0.56
17/10/24   ;04:00;0.08;13.4;18.2;0.08;1207;0;-0.09;0.09;0.03;197;0.06;0.01;0.17;0.1;0.03;1.52;0.37;3.88;2.1;0.73
17/10/24   ;05:00;0.17;13.4;18.2;0.17;1195;0;-0.1;0.13;0.04;182;0.08;0.01;0.22;0.14;0.05;1.64;0.38;3.59;2.28;0.76
17/10/24   ;06:00;0.36;13.3;18;0.36;1197;0;-0.16;0.18;0.05;188;0.11;0.02;0.29;0.17;0.05;1.58;0.36;3.72;1.97;0.71
17/10/24   ;07:00;0.6;13.4;18;0.6;1200;0;-0.18;0.25;0.06;186;0.13;0.02;0.42;0.21;0.07;1.59;0.32;3.13;1.75;0.47
17/10/24   ;08:00;0.81;13.3;17.8;0.81;1195;0;-0.18;0.22;0.06;188;0.14;0.02;0.31;0.22;0.06;1.58;0.29;3.42;1.81;0.56
17/10/24   ;09:00;0.94;13.4;17.7;0.94;1200;0;-0.15;0.2;0.05;191;0.12;0.02;0.34;0.19;0.06;1.57;0.31;3.23;1.82;0.56
17/10/24   ;10:00;0.84;13.4;17.7;0.84;1200;0;-0.16;0.17;0.04;180;0.11;0.01;0.26;0.16;0.05;1.66;0.41;3.58;2.08;0.66
17/10/24   ;11:00;0.86;13.3;17.8;0.86;1197;0;-0.15;0.19;0.05;193;0.11;0.01;0.27;0.16;0.05;1.54;0.29;3.3;1.93;0.65
17/10/24   ;12:00;0.83;13.3;17.8;0.83;1200;0;-0.17;0.19;0.06;191;0.13;0.01;0.36;0.2;0.06;1.56;0.39;3.33;1.88;0.56
17/10/24   ;13:00;0.63;13.3;17.8;0.63;1200;0;-0.13;0.15;0.04;177;0.09;0.01;0.27;0.14;0.04;1.68;0.41;3.55;2.05;0.63
17/10/24   ;14:00;0.38;13.3;18;0.38;1178;0;-0.15;0.19;0.05;175;0.12;0.01;0.32;0.18;0.05;1.67;0.48;4.33;1.99;0.68
17/10/24   ;15:00;0.18;13.4;18.1;0.17;1195;0;-0.13;0.17;0.04;165;0.11;0.02;0.26;0.16;0.05;1.79;0.47;4.18;2.19;0.67
17/10/24   ;16:00;0.02;13.4;18.1;0.02;1195;0;-0.1;0.15;0.04;158;0.09;0.01;0.25;0.13;0.04;1.88;0.45;4.73;2.35;0.88
17/10/24   ;17:00;-0.03;13.3;18.1;-0.03;1200;0;-0.13;0.14;0.04;188;0.1;0.02;0.25;0.16;0.05;1.58;0.4;3.58;1.92;0.56
17/10/24   ;18:00;0.04;13.4;18.1;0.05;1200;0;-0.14;0.18;0.05;181;0.12;0.01;0.28;0.18;0.05;1.65;0.36;3.34;1.99;0.62
17/10/24   ;19:00;0.25;13.4;18.1;0.25;1200;0;-0.14;0.15;0.04;171;0.1;0.01;0.22;0.15;0.05;1.75;0.29;3.82;2.31;0.74
17/10/24   ;20:00;0.49;13.4;18;0.49;1200;0;-0.16;0.19;0.05;192;0.11;0.01;0.31;0.18;0.06;1.55;0.33;3.44;1.77;0.61
17/10/24   ;21:00;0.68;13.4;17.9;0.68;1191;0;-0.09;0.13;0.03;174;0.08;0;0.21;0.13;0.04;1.69;0.38;4.46;1.95;0.76
17/10/24   ;22:00;0.8;13.3;17.8;0.8;1200;0;-0.11;0.13;0.03;201;0.07;0.01;0.21;0.12;0.04;1.48;0.3;3.83;1.9;0.61
17/10/24   ;23:00;0.85;13.4;18;0.84;1200;0;-0.11;0.15;0.03;173;0.08;0.01;0.23;0.12;0.04;1.72;0.35;3.98;2.12;0.71
18/10/24   ;00:00;0.79;13.4;18;0.79;1200;0;-0.1;0.1;0.03;170;0.07;0;0.2;0.11;0.04;1.74;0.38;3.64;2.37;0.78
18/10/24   ;01:00;0.63;13.4;17.8;0.63;1198;0;-0.09;0.09;0.03;165;0.06;0.01;0.16;0.09;0.03;1.8;0.45;4.32;2.51;0.84
18/10/24   ;02:00;0.45;13.4;17.9;0.45;1199;0;-0.19;0.21;0.04;163;0.09;0.01;0.38;0.15;0.06;1.82;0.32;3.88;2.37;0.78
18/10/24   ;03:00;0.3;13.4;17.9;0.3;1199;0;-0.07;0.09;0.02;208;0.05;0.01;0.13;0.08;0.02;1.43;0.33;3.26;1.88;0.64
18/10/24   ;04:00;0.22;13.3;17.9;0.22;1205;0;-0.14;0.14;0.03;187;0.08;0.01;0.24;0.13;0.04;1.6;0.4;4.07;2.1;0.75
18/10/24   ;05:00;0.26;13.4;17.9;0.26;1198;0;-0.13;0.14;0.04;187;0.09;0.01;0.24;0.15;0.05;1.59;0.44;3.46;1.99;0.6
18/10/24   ;06:00;0.41;13.4;17.8;0.41;1192;0;-0.18;0.16;0.05;181;0.12;0.02;0.33;0.2;0.06;1.64;0.27;3.87;2.05;0.63
18/10/24   ;07:00;0.62;13.4;17.9;0.62;1200;0;-0.14;0.23;0.06;201;0.13;0.02;0.36;0.2;0.06;1.49;0.36;3.35;1.78;0.5
18/10/24   ;08:00;0.83;13.4;18;0.83;1204;0;-0.17;0.27;0.06;196;0.13;0.02;0.43;0.21;0.07;1.52;0.32;3.16;1.73;0.51
18/10/24   ;09:00;0.77;13.3;18;0.77;1200;0;-0.18;0.15;0.05;175;0.12;0.01;0.29;0.18;0.05;1.69;0.34;3.29;1.97;0.6
18/10/24   ;10:00;0.79;13.3;18;0.79;1195;0;-0.14;0.14;0.05;182;0.11;0.02;0.27;0.17;0.05;1.63;0.29;3.62;1.95;0.62
18/10/24   ;11:00;0.81;13.4;18;0.81;1200;0;-0.16;0.16;0.04;189;0.1;0.01;0.28;0.16;0.05;1.57;0.37;3.11;1.82;0.53
18/10/24   ;12:00;0.81;13.3;18;0.81;1198;0;-0.17;0.24;0.05;178;0.12;0.02;0.36;0.19;0.06;1.68;0.3;3.66;2.09;0.65
18/10/24   ;13:00;0.81;13.3;18;0.81;1195;0;-0.16;0.19;0.05;176;0.13;0.01;0.36;0.19;0.06;1.69;0.33;3.22;1.92;0.59
18/10/24   ;14:00;0.66;13.3;18.1;0.67;1195;0;-0.15;0.17;0.05;164;0.11;0.01;0.27;0.18;0.06;1.81;0.31;3.59;2.13;0.71
18/10/24   ;15:00;0.44;13.3;18.1;0.44;1199;0;-0.17;0.16;0.04;170;0.1;0.01;0.31;0.16;0.05;1.75;0.33;3.75;2.23;0.72
18/10/24   ;16:00;0.26;13.3;18.1;0.25;1199;0;-0.14;0.15;0.04;185;0.11;0.01;0.28;0.17;0.05;1.61;0.38;3.26;1.93;0.63
18/10/24   ;17:00;0.14;13.4;18;0.14;1195;0;-0.12;0.15;0.04;170;0.09;0.01;0.24;0.14;0.04;1.74;0.39;3.31;2.17;0.71
18/10/24   ;18:00;0.13;13.4;18;0.13;1200;0;-0.17;0.19;0.05;156;0.12;0.01;0.31;0.19;0.06;1.9;0.39;3.95;2.32;0.75
18/10/24   ;19:00;0.25;13.4;18.1;0.25;1200;0;-0.17;0.13;0.04;194;0.1;0.01;0.26;0.15;0.05;1.54;0.32;2.97;1.84;0.55
18/10/24   ;20:00;0.46;13.3;18.1;0.46;1198;0;-0.14;0.16;0.04;161;0.1;0.02;0.28;0.16;0.05;1.84;0.37;3.67;2.41;0.74
18/10/24   ;21:00;0.65;13.4;18;0.65;1194;0;-0.13;0.18;0.04;171;0.08;0.01;0.29;0.14;0.05;1.74;0.32;4.44;2.16;0.72
18/10/24   ;22:00;0.78;13.4;18.1;0.78;1199;0;-0.11;0.16;0.03;177;0.08;0;0.26;0.13;0.04;1.68;0.39;4.29;2.08;0.74
18/10/24   ;23:00;0.83;13.4;18.1;0.83;1200;0;-0.08;0.15;0.03;202;0.07;0.02;0.21;0.11;0.04;1.48;0.4;3.44;1.8;0.61
19/10/24   ;00:00;0.82;13.4;18.1;0.82;1199;0;-0.14;0.16;0.04;143;0.1;0.02;0.29;0.17;0.06;2.08;0.41;4.62;2.7;0.87
19/10/24   ;01:00;0.72;13.3;18.1;0.72;1196;0;-0.08;0.08;0.02;172;0.05;0;0.15;0.08;0.03;1.72;0.31;3.54;2.41;0.8
19/10/24   ;02:00;0.55;13.4;18;0.55;1193;0;-0.07;0.06;0.02;194;0.05;0.01;0.12;0.07;0.02;1.53;0.4;3.99;1.8;0.6
19/10/24   ;03:00;0.39;13.4;18;0.39;1197;0;-0.12;0.11;0.03;173;0.06;0;0.21;0.1;0.04;1.72;0.4;3.93;2.1;0.78
19/10/24   ;04:00;0.27;13.4;18;0.27;1196;0;-0.11;0.12;0.03;152;0.08;0.01;0.22;0.12;0.04;1.94;0.29;4.11;2.51;0.84
19/10/24   ;05:00;0.22;13.4;17.9;0.22;1199;0;-0.09;0.1;0.03;190;0.06;0;0.15;0.1;0.03;1.56;0.31;3.78;2.04;0.67
19/10/24   ;06:00;0.31;13.4;18;0.31;1200;0;-0.14;0.19;0.04;170;0.11;0.01;0.31;0.16;0.05;1.75;0.31;3.53;2.05;0.67
19/10/24   ;07:00;0.5;13.3;18.1;0.5;1200;0;-0.2;0.25;0.06;181;0.13;0.01;0.43;0.21;0.07;1.64;0.29;3.84;2.02;0.71
19/10/24   ;08:00;0.71;13.4;18;0.71;1196;0;-0.15;0.18;0.05;184;0.12;0.01;0.28;0.18;0.05;1.61;0.34;3.44;1.82;0.65
19/10/24   ;09:00;0.86;13.3;18.1;0.86;1200;0;-0.13;0.21;0.05;200;0.12;0.01;0.33;0.19;0.06;1.49;0.36;2.95;1.74;0.52
19/10/24   ;10:00;0.79;13.3;18.1;0.79;1197;0;-0.15;0.23;0.05;184;0.12;0.02;0.35;0.18;0.06;1.62;0.44;3.12;1.93;0.55
19/10/24   ;11:00;0.8;13.4;18.1;0.8;1200;0;-0.14;0.2;0.04;192;0.1;0.01;0.27;0.15;0.05;1.56;0.26;3.65;1.81;0.57
19/10/24   ;12:00;0.8;13.3;18.2;0.8;1200;0;-0.19;0.18;0.05;193;0.12;0.03;0.37;0.19;0.06;1.55;0.35;3.55;1.94;0.61
19/10/24   ;13:00;0.81;13.3;18.2;0.81;1200;0;-0.14;0.22;0.05;204;0.12;0.01;0.32;0.18;0.06;1.46;0.31;3.3;1.66;0.53
19/10/24   ;14:00;0.76;13.3;18.2;0.75;1200;0;-0.18;0.2;0.05;181;0.13;0.02;0.35;0.19;0.06;1.65;0.33;3.66;2.07;0.65
19/10/24   ;15:00;0.54;13.3;18.1;0.54;1200;0;-0.16;0.22;0.05;158;0.13;0.02;0.37;0.19;0.06;1.88;0.39;3.59;2.3;0.7
19/10/24   ;16:00;0.37;13.3;18.1;0.37;1194;0;-0.13;0.15;0.04;175;0.1;0.01;0.27;0.15;0.04;1.68;0.49;3.35;2.05;0.6
19/10/24   ;17:00;0.26;13.3;18;0.26;1195;0;-0.2;0.24;0.05;166;0.12;0.03;0.38;0.2;0.06;1.79;0.45;3.48;2.06;0.58
19/10/24   ;18:00;0.22;13.3;17.9;0.22;1200;0;-0.19;0.24;0.06;164;0.14;0.01;0.38;0.22;0.07;1.82;0.3;3.47;2.09;0.66
19/10/24   ;19:00;0.26;13.4;17.9;0.26;1200;0;-0.18;0.2;0.05;163;0.12;0.02;0.32;0.2;0.06;1.82;0.29;3.9;2.38;0.77
19/10/24   ;20:00;0.4;13.4;18;0.4;1197;0;-0.14;0.17;0.04;185;0.1;0.01;0.27;0.16;0.05;1.6;0.32;3.65;1.73;0.61
19/10/24   ;21:00;0.58;13.4;18;0.58;1200;0;-0.11;0.15;0.03;186;0.08;0;0.26;0.13;0.04;1.61;0.3;3.87;2.11;0.73
19/10/24   ;22:00;0.74;13.4;18;0.74;1197;0;-0.1;0.14;0.03;230;0.08;0.01;0.22;0.12;0.04;1.29;0.27;3.12;1.59;0.55
19/10/24   ;23:00;0.82;13.3;18.1;0.82;1198;0;-0.1;0.19;0.04;184;0.1;0.02;0.27;0.15;0.04;1.61;0.29;3.89;2.1;0.74
20/10/24   ;00:00;0.85;13.4;18.1;0.85;1200;0;-0.13;0.14;0.04;186;0.09;0.02;0.21;0.14;0.04;1.61;0.32;3.61;2.3;0.79
20/10/24   ;01:00;0.83;13.4;18;0.83;1200;0;-0.09;0.12;0.03;226;0.07;0.01;0.18;0.1;0.03;1.32;0.29;3.09;1.61;0.56
20/10/24   ;02:00;0.72;13.4;17.9;0.72;1200;0;-0.08;0.08;0.03;158;0.06;0.01;0.13;0.09;0.03;1.89;0.29;4.08;2.85;0.96
20/10/24   ;03:00;0.59;13.4;17.9;0.59;1198;0;-0.06;0.06;0.02;218;0.04;0.01;0.11;0.07;0.02;1.37;0.28;3.36;1.64;0.53
20/10/24   ;04:00;0.47;13.3;17.8;0.47;1195;0;-0.1;0.08;0.03;145;0.07;0.01;0.17;0.11;0.03;2.05;0.32;4.07;3.03;1.01
20/10/24   ;05:00;0.41;13.4;17.8;0.41;1201;0;-0.09;0.1;0.03;176;0.07;0.01;0.17;0.1;0.03;1.7;0.29;3.84;2.2;0.76
20/10/24   ;06:00;0.39;13.4;17.8;0.39;1199;0;-0.13;0.14;0.04;151;0.1;0.02;0.23;0.15;0.05;1.97;0.51;4.03;2.35;0.68
20/10/24   ;07:00;0.47;13.4;17.8;0.47;1199;0;-0.13;0.16;0.04;176;0.1;0.02;0.25;0.15;0.04;1.69;0.34;4.02;1.98;0.63
20/10/24   ;08:00;0.61;13.4;17.9;0.62;1201;0;-0.14;0.15;0.05;192;0.12;0.02;0.26;0.17;0.05;1.54;0.4;3.6;1.9;0.61
20/10/24   ;09:00;0.76;13.3;17.9;0.77;1188;0;-0.15;0.17;0.05;209;0.11;0.01;0.29;0.17;0.05;1.41;0.29;3.17;1.67;0.5
20/10/24   ;10:00;0.86;13.3;17.9;0.86;1197;0;-0.14;0.19;0.05;208;0.11;0.01;0.29;0.16;0.05;1.42;0.31;3.6;1.66;0.56
20/10/24   ;11:00;0.93;13.3;17.9;0.93;1197;0;-0.12;0.16;0.04;228;0.09;0.01;0.28;0.14;0.04;1.31;0.31;2.9;1.51;0.45
20/10/24   ;12:00;0.94;13.4;18;0.94;1196;0;-0.13;0.14;0.04;214;0.1;0.01;0.27;0.15;0.04;1.39;0.27;2.83;1.6;0.48
20/10/24   ;13:00;0.86;13.4;18;0.86;1202;0;-0.12;0.12;0.04;193;0.1;0.02;0.21;0.15;0.05;1.55;0.36;3.36;1.86;0.5
20/10/24   ;14:00;0.72;13.3;18.1;0.72;1200;0;-0.11;0.14;0.04;182;0.1;0.01;0.21;0.14;0.04;1.63;0.32;4.57;2.05;0.74
20/10/24   ;15:00;0.56;13.3;18.1;0.55;1205;0;-0.12;0.15;0.04;184;0.09;0.01;0.24;0.14;0.04;1.63;0.32;3.44;1.96;0.6
20/10/24   ;16:00;0.37;13.4;18;0.37;1194;0;-0.14;0.19;0.04;167;0.1;0.01;0.27;0.14;0.05;1.77;0.41;4.12;2.16;0.76
20/10/24   ;17:00;0.21;13.3;17.9;0.21;1199;0;-0.15;0.2;0.05;167;0.12;0.02;0.33;0.19;0.06;1.77;0.59;4.17;2.25;0.7
20/10/24   ;18:00;0.09;13.4;17.8;0.09;1198;0;-0.15;0.19;0.05;142;0.12;0.01;0.3;0.18;0.06;2.09;0.33;4.27;2.64;0.86
20/10/24   ;19:00;0.05;13.3;17.8;0.05;1168;0;-0.12;0.15;0.04;160;0.1;0.01;0.25;0.16;0.05;1.79;0.42;4.2;2.14;0.68
20/10/24   ;20:00;0.11;13.3;17.8;0.11;1199;0;-0.12;0.18;0.04;165;0.1;0.01;0.24;0.17;0.05;1.8;0.26;3.79;2.31;0.8
20/10/24   ;21:00;0.23;13.3;18;0.23;1199;0;-0.13;0.14;0.03;186;0.08;0.01;0.25;0.13;0.04;1.61;0.28;3.53;1.93;0.59
20/10/24   ;22:00;0.39;13.4;18.1;0.39;1201;0;-0.09;0.1;0.03;186;0.07;0.01;0.18;0.11;0.03;1.59;0.34;3.97;2;0.65
20/10/24   ;23:00;0.51;13.4;18;0.51;1200;0;-0.1;0.11;0.03;191;0.07;0.01;0.16;0.1;0.03;1.56;0.39;3.95;1.9;0.71
21/10/24   ;00:00;0.6;13.4;18;0.6;1194;0;-0.11;0.11;0.03;164;0.08;0.01;0.22;0.12;0.03;1.8;0.44;3.62;2.18;0.72
21/10/24   ;01:00;0.64;13.4;18.1;0.64;1196;0;-0.13;0.11;0.02;169;0.05;0.01;0.24;0.09;0.03;1.77;0.26;3.72;2.08;0.72
21/10/24   ;02:00;0.62;13.4;18;0.62;1197;0;-0.13;0.13;0.03;167;0.06;0.01;0.25;0.1;0.04;1.77;0.34;3.74;2.14;0.73
21/10/24   ;03:00;0.54;13.4;17.9;0.54;1198;0;-0.03;0.03;0.01;172;0.02;0;0.06;0.04;0.01;1.73;0.35;3.13;2.13;0.61
21/10/24   ;04:00;0.44;13.4;17.8;0.44;1200;0;-0.05;0.05;0.02;145;0.04;0;0.09;0.06;0.02;2.06;0.39;3.95;2.54;0.78
21/10/24   ;05:00;0.37;13.4;17.8;0.37;1200;0;-0.11;0.14;0.04;150;0.09;0.01;0.25;0.14;0.04;1.99;0.46;4.06;2.37;0.75
21/10/24   ;06:00;0.34;13.4;17.8;0.34;1200;0;-0.13;0.16;0.04;140;0.11;0.01;0.27;0.16;0.05;2.11;0.58;3.8;2.57;0.76
21/10/24   ;07:00;0.39;13.3;17.8;0.39;1200;0;-0.15;0.19;0.05;169;0.12;0.02;0.27;0.19;0.06;1.75;0.35;3.3;1.99;0.62
21/10/24   ;08:00;0.47;13.4;17.9;0.48;1199;0;-0.16;0.16;0.05;174;0.12;0.02;0.26;0.18;0.05;1.7;0.4;3.81;2.06;0.67
21/10/24   ;09:00;0.61;13.4;18;0.61;1196;0;-0.16;0.17;0.05;199;0.13;0.01;0.32;0.19;0.06;1.49;0.43;3.66;1.65;0.5
21/10/24   ;10:00;0.73;13.4;18.1;0.73;1200;0;-0.14;0.18;0.05;200;0.11;0.02;0.26;0.17;0.05;1.49;0.34;2.89;1.78;0.52
21/10/24   ;11:00;0.81;13.4;18.1;0.81;1196;0;-0.16;0.16;0.05;194;0.11;0.02;0.29;0.17;0.05;1.53;0.36;3.34;1.78;0.56
21/10/24   ;12:00;0.86;13.3;18.2;0.86;1197;0;-0.15;0.16;0.05;185;0.11;0.01;0.29;0.17;0.05;1.61;0.28;3.9;2.02;0.68
21/10/24   ;13:00;0.84;13.3;18.3;0.84;1198;0;-0.15;0.19;0.04;195;0.11;0.01;0.31;0.16;0.05;1.53;0.34;3.22;1.79;0.55
21/10/24   ;14:00;0.74;13.3;18.3;0.75;1197;0;-0.14;0.17;0.04;186;0.1;0.01;0.28;0.15;0.05;1.59;0.31;3.57;1.97;0.61
21/10/24   ;15:00;0.59;13.3;18.3;0.59;1197;0;-0.12;0.15;0.04;186;0.1;0;0.25;0.16;0.05;1.6;0.44;3.45;1.94;0.59
21/10/24   ;16:00;0.41;13.3;18.2;0.41;1200;0;-0.16;0.16;0.05;167;0.11;0.01;0.3;0.17;0.05;1.78;0.37;3.66;2.43;0.74
21/10/24   ;17:00;0.24;13.3;18.1;0.24;1200;0;-0.11;0.16;0.04;173;0.09;0.02;0.23;0.13;0.04;1.72;0.41;3.73;2.16;0.68
21/10/24   ;18:00;0.1;13.4;18;0.1;1200;0;-0.17;0.24;0.05;163;0.12;0.02;0.4;0.18;0.06;1.83;0.33;3.6;2.12;0.6
21/10/24   ;19:00;0;13.3;18;0;1200;0;-0.15;0.14;0.05;146;0.11;0.01;0.27;0.17;0.05;2.05;0.33;4.25;2.63;0.8
21/10/24   ;20:00;-0.01;13.3;18;-0.01;1198;0;-0.1;0.15;0.03;158;0.08;0.01;0.23;0.13;0.04;1.87;0.38;3.82;2.39;0.75
21/10/24   ;21:00;0.07;13.3;18.2;0.07;1196;0;-0.09;0.13;0.03;170;0.07;0.01;0.22;0.11;0.03;1.73;0.32;3.92;1.95;0.59
21/10/24   ;22:00;0.21;13.3;18.5;0.21;1198;0;-0.14;0.13;0.03;172;0.06;0.01;0.27;0.1;0.04;1.73;0.42;4.37;2.22;0.79
21/10/24   ;23:00;0.36;13.3;18.4;0.37;1200;0;-0.14;0.15;0.04;166;0.09;0.01;0.29;0.14;0.05;1.79;0.38;3.79;2.09;0.74
22/10/24   ;00:00;0.48;13.4;18.4;0.48;1224;0;-0.12;0.11;0.03;149;0.08;0.02;0.23;0.12;0.04;2.03;0.43;4.2;2.69;0.9
22/10/24   ;01:00;0.56;13.4;18.4;0.56;1196;0;-0.09;0.09;0.02;170;0.05;0.01;0.18;0.08;0.03;1.74;0.38;3.51;2.04;0.66
22/10/24   ;02:00;0.58;13.4;18.4;0.58;1199;0;-0.06;0.08;0.02;194;0.05;0.01;0.13;0.07;0.02;1.53;0.45;3.07;1.86;0.5
22/10/24   ;03:00;0.55;13.4;18.4;0.55;1197;0;-0.1;0.08;0.02;157;0.05;0;0.16;0.09;0.03;1.89;0.31;3.7;2.15;0.64
22/10/24   ;04:00;0.47;13.3;18.4;0.47;1200;0;-0.08;0.11;0.03;148;0.06;0;0.17;0.1;0.04;2.01;0.36;4.06;2.61;0.86
22/10/24   ;05:00;0.38;13.3;18.4;0.38;1199;0;-0.1;0.13;0.03;164;0.07;0.01;0.23;0.11;0.04;1.81;0.31;3.67;2.13;0.7
22/10/24   ;06:00;0.34;13.4;18.3;0.34;1195;0;-0.13;0.13;0.04;137;0.09;0.01;0.25;0.14;0.05;2.17;0.5;4.03;2.77;0.86
22/10/24   ;07:00;0.36;13.4;18.3;0.36;1198;0;-0.17;0.19;0.05;167;0.12;0.01;0.32;0.19;0.06;1.78;0.28;3.26;2.13;0.66
22/10/24   ;08:00;0.45;13.4;18.4;0.45;1200;0;-0.14;0.19;0.05;186;0.11;0.01;0.28;0.17;0.06;1.61;0.33;3.54;1.94;0.68
22/10/24   ;09:00;0.56;13.4;18.4;0.57;1200;0;-0.18;0.24;0.06;183;0.13;0.01;0.4;0.21;0.06;1.62;0.31;3.4;1.88;0.58
22/10/24   ;10:00;0.69;13.3;18.5;0.69;1195;0;-0.14;0.16;0.04;195;0.1;0.02;0.26;0.16;0.05;1.52;0.33;3.65;1.91;0.67
22/10/24   ;11:00;0.77;13.4;18.5;0.77;1199;0;-0.14;0.24;0.05;192;0.12;0.01;0.37;0.18;0.06;1.55;0.3;3.31;1.87;0.54
22/10/24   ;12:00;0.79;13.4;18.6;0.8;1200;0;-0.12;0.15;0.04;195;0.1;0.01;0.22;0.15;0.05;1.53;0.29;3.76;1.79;0.63
22/10/24   ;13:00;0.76;13.4;18.6;0.76;1195;0;-0.15;0.17;0.05;174;0.11;0.01;0.26;0.18;0.05;1.71;0.34;3.58;2.1;0.68
22/10/24   ;14:00;0.66;13.3;18.7;0.66;1207;0;-0.14;0.16;0.04;182;0.1;0;0.22;0.15;0.05;1.64;0.27;4.18;1.94;0.62
22/10/24   ;15:00;0.52;13.3;18.6;0.52;1196;0;-0.16;0.18;0.05;169;0.11;0.01;0.28;0.17;0.05;1.75;0.36;3.41;2.23;0.69
22/10/24   ;16:00;0.36;13.3;18.6;0.36;1198;0;-0.13;0.19;0.04;156;0.11;0.01;0.28;0.17;0.05;1.9;0.47;4.81;2.15;0.81
22/10/24   ;17:00;0.23;13.3;18.6;0.23;1198;0;-0.11;0.14;0.04;166;0.1;0.01;0.23;0.15;0.05;1.79;0.32;4.14;2.23;0.81
22/10/24   ;18:00;0.14;13.3;18.5;0.14;1200;0;-0.14;0.18;0.04;166;0.1;0.02;0.26;0.16;0.05;1.79;0.66;4.58;2.21;0.73
22/10/24   ;19:00;0.07;13.3;18.5;0.07;1200;0;-0.14;0.2;0.04;167;0.1;0.02;0.27;0.16;0.05;1.78;0.34;3.63;2.08;0.64
22/10/24   ;20:00;0.06;13.3;18.5;0.05;1191;0;-0.11;0.12;0.03;170;0.08;0.01;0.21;0.12;0.04;1.74;0.29;3.82;2.13;0.68
22/10/24   ;21:00;0.1;13.3;18.5;0.1;1195;0;-0.1;0.1;0.03;176;0.07;0.01;0.19;0.12;0.04;1.69;0.48;3.85;1.91;0.6
22/10/24   ;22:00;0.18;13.3;18.6;0.17;1198;0;-0.11;0.13;0.03;168;0.08;0.01;0.22;0.12;0.04;1.77;0.44;3.58;2.15;0.67
22/10/24   ;23:00;0.26;13.4;18.8;0.26;1196;0;-0.14;0.14;0.04;142;0.09;0.01;0.25;0.15;0.05;2.09;0.37;4.04;2.72;0.85
23/10/24   ;00:00;0.32;13.3;18.8;0.32;1200;0;-0.09;0.11;0.03;164;0.07;0.01;0.18;0.11;0.03;1.81;0.34;3.55;2.37;0.7
23/10/24   ;01:00;0.37;13.4;18.8;0.37;1200;0;-0.15;0.14;0.03;131;0.07;0.01;0.29;0.11;0.04;2.27;0.39;4.19;2.62;0.85
23/10/24   ;02:00;0.4;13.3;18.8;0.4;1200;0;-0.05;0.06;0.01;167;0.03;0;0.1;0.05;0.02;1.78;0.39;3.5;2.15;0.65
23/10/24   ;03:00;0.43;13.4;18.7;0.43;1200;0;-0.07;0.08;0.02;145;0.05;0;0.13;0.07;0.02;2.05;0.39;4.08;2.67;0.89
23/10/24   ;04:00;0.43;13.4;18.7;0.43;1196;0;-0.09;0.08;0.02;138;0.05;0;0.17;0.08;0.03;2.13;0.36;3.8;2.94;0.87
23/10/24   ;05:00;0.44;13.4;18.7;0.44;1194;0;-0.1;0.11;0.03;171;0.08;0.01;0.21;0.13;0.04;1.74;0.3;4.01;2.09;0.66
23/10/24   ;06:00;0.46;13.4;18.7;0.46;1197;0;-0.12;0.12;0.04;155;0.09;0.02;0.19;0.14;0.04;1.92;0.61;4.07;2.37;0.75
23/10/24   ;07:00;0.48;13.3;18.7;0.48;1197;0;-0.17;0.18;0.05;165;0.13;0.03;0.28;0.19;0.05;1.8;0.65;3.54;2.08;0.64
23/10/24   ;08:00;0.53;13.4;18.7;0.53;1200;0;-0.16;0.18;0.06;174;0.14;0.03;0.31;0.2;0.06;1.71;0.34;3.47;1.95;0.54
23/10/24   ;09:00;0.56;13.4;18.7;0.57;1199;0;-0.15;0.16;0.05;180;0.12;0.01;0.28;0.18;0.05;1.66;0.42;3.28;1.81;0.47
23/10/24   ;10:00;0.57;13.4;18.7;0.57;1200;0;-0.18;0.18;0.05;171;0.12;0.02;0.33;0.17;0.05;1.74;0.33;4.31;1.99;0.7
23/10/24   ;11:00;0.59;13.4;18.8;0.59;1198;0;-0.1;0.12;0.04;183;0.09;0.01;0.19;0.14;0.04;1.63;0.27;3.36;2.06;0.61
23/10/24   ;12:00;0.59;13.4;18.8;0.59;1200;0;-0.13;0.23;0.05;181;0.11;0.02;0.32;0.17;0.05;1.64;0.51;3.76;1.85;0.6
23/10/24   ;13:00;0.54;13.3;18.8;0.54;1200;0;-0.12;0.15;0.04;174;0.1;0;0.26;0.16;0.05;1.71;0.34;3.46;2.15;0.66
23/10/24   ;14:00;0.47;13.4;18.7;0.47;1198;0;-0.14;0.18;0.05;168;0.11;0.02;0.26;0.17;0.05;1.77;0.62;3.6;2.1;0.66
23/10/24   ;15:00;0.38;13.4;18.7;0.38;1199;0;-0.13;0.15;0.05;164;0.11;0.01;0.27;0.17;0.05;1.82;0.34;3.77;2.36;0.74
23/10/24   ;16:00;0.32;13.3;18.6;0.32;1198;0;-0.16;0.17;0.05;157;0.12;0.02;0.29;0.19;0.06;1.89;0.49;3.53;2.28;0.66
23/10/24   ;17:00;0.29;13.3;18.6;0.29;1198;0;-0.15;0.18;0.05;174;0.12;0.02;0.3;0.18;0.06;1.71;0.28;3.87;1.97;0.67
23/10/24   ;18:00;0.24;13.3;18.5;0.24;1192;0;-0.14;0.2;0.05;163;0.12;0.01;0.33;0.19;0.06;1.82;0.38;4;2.11;0.66
23/10/24   ;19:00;0.17;13.3;18.4;0.17;1200;0;-0.14;0.12;0.04;169;0.09;0.02;0.22;0.14;0.04;1.77;0.33;4.03;2.2;0.7
23/10/24   ;20:00;0.13;13.3;18.4;0.13;1194;0;-0.13;0.11;0.03;147;0.08;0;0.19;0.12;0.04;2.02;0.42;4.38;2.67;0.86
23/10/24   ;21:00;0.09;13.4;18.4;0.09;1200;0;-0.08;0.1;0.02;186;0.06;0.01;0.15;0.09;0.03;1.61;0.47;3.6;1.95;0.57
23/10/24   ;22:00;0.08;13.4;18.4;0.08;1200;0;-0.11;0.09;0.03;178;0.06;0;0.16;0.1;0.03;1.68;0.26;3.87;2.07;0.74
23/10/24   ;23:00;0.1;13.3;18.4;0.1;1200;0;-0.13;0.11;0.03;159;0.07;0.01;0.21;0.12;0.04;1.86;0.3;3.76;2.42;0.81
24/10/24   ;00:00;0.16;13.3;18.5;0.16;1199;0;-0.11;0.11;0.03;160;0.08;0.01;0.21;0.12;0.04;1.87;0.44;3.88;2.5;0.8
24/10/24   ;01:00;0.24;13.3;18.3;0.24;1200;0;-0.11;0.09;0.02;210;0.05;0;0.19;0.08;0.03;1.42;0.27;4.13;1.94;0.7
24/10/24   ;02:00;0.33;13.3;18.4;0.33;1200;0;-0.1;0.1;0.02;204;0.06;0.01;0.16;0.09;0.03;1.45;0.28;3.51;1.99;0.68
24/10/24   ;03:00;0.41;13.4;18.5;0.41;1194;0;-0.05;0.06;0.02;252;0.04;0;0.11;0.06;0.02;1.18;0.27;3.39;1.52;0.54
24/10/24   ;04:00;0.48;13.4;18.3;0.48;1198;0;-0.1;0.1;0.03;202;0.06;0.01;0.18;0.09;0.03;1.48;0.33;3.86;2.22;0.82
24/10/24   ;05:00;0.54;13.3;18.5;0.54;1200;0;-0.1;0.1;0.03;203;0.07;0.01;0.17;0.11;0.03;1.47;0.38;3.6;1.9;0.65
24/10/24   ;06:00;0.57;13.4;18.3;0.57;1200;0;-0.14;0.14;0.04;186;0.1;0.01;0.26;0.16;0.05;1.59;0.28;3.54;2.09;0.68
24/10/24   ;07:00;0.6;13.4;18.3;0.6;1197;0;-0.18;0.16;0.05;176;0.13;0.01;0.29;0.2;0.06;1.69;0.4;3.87;2.09;0.69
24/10/24   ;08:00;0.59;13.4;18.3;0.59;1200;0;-0.15;0.19;0.05;185;0.11;0.01;0.28;0.17;0.05;1.61;0.33;3.24;1.89;0.54
24/10/24   ;09:00;0.57;13.4;18.4;0.57;1196;0;-0.16;0.18;0.05;167;0.11;0.01;0.27;0.17;0.05;1.78;0.35;3.9;2.16;0.68
24/10/24   ;10:00;0.54;13.4;18.4;0.54;1200;0;-0.12;0.14;0.04;201;0.09;0.01;0.21;0.14;0.04;1.48;0.35;3.22;1.69;0.51
24/10/24   ;11:00;0.51;13.4;18.3;0.51;1199;0;-0.15;0.14;0.04;188;0.1;0.01;0.24;0.15;0.05;1.58;0.36;3.61;1.83;0.59
24/10/24   ;12:00;0.48;13.4;18.3;0.48;1200;0;-0.14;0.14;0.04;187;0.11;0.01;0.25;0.16;0.05;1.59;0.29;2.98;1.93;0.61
24/10/24   ;13:00;0.44;13.4;18.2;0.44;1200;0;-0.13;0.14;0.04;178;0.1;0.02;0.21;0.15;0.05;1.67;0.4;3.78;2.04;0.6
24/10/24   ;14:00;0.42;13.4;18.2;0.42;1200;0;-0.14;0.14;0.04;188;0.1;0;0.27;0.15;0.05;1.59;0.31;3.32;1.97;0.59
24/10/24   ;15:00;0.39;13.4;18.3;0.39;1193;0;-0.12;0.15;0.04;181;0.1;0.02;0.22;0.15;0.05;1.64;0.47;3.45;2.08;0.66
24/10/24   ;16:00;0.37;13.3;18.2;0.37;1200;0;-0.12;0.18;0.04;167;0.1;0.01;0.25;0.15;0.04;1.79;0.49;4.05;2.06;0.66
24/10/24   ;17:00;0.35;13.4;18.2;0.35;1196;0;-0.13;0.14;0.04;176;0.09;0.01;0.26;0.14;0.04;1.69;0.28;3.94;2.08;0.74
24/10/24   ;18:00;0.33;13.4;18.1;0.32;1200;0;-0.12;0.18;0.04;162;0.1;0.02;0.29;0.15;0.05;1.84;0.38;3.92;2.21;0.71
24/10/24   ;19:00;0.29;13.4;18.1;0.29;1198;0;-0.11;0.13;0.04;159;0.09;0.01;0.2;0.13;0.04;1.86;0.46;3.76;2.26;0.68
24/10/24   ;20:00;0.23;13.3;18;0.23;1200;0;-0.1;0.1;0.03;167;0.08;0.01;0.18;0.12;0.04;1.78;0.37;3.43;2.21;0.65
24/10/24   ;21:00;0.18;13.3;18;0.18;1198;0;-0.16;0.16;0.04;161;0.1;0.01;0.27;0.16;0.05;1.84;0.3;3.56;2.11;0.6
24/10/24   ;22:00;0.12;13.3;17.9;0.12;1200;0;-0.11;0.11;0.03;160;0.08;0.01;0.2;0.12;0.04;1.85;0.58;3.52;2.17;0.59
24/10/24   ;23:00;0.08;13.4;17.9;0.08;1200;0;-0.12;0.12;0.03;154;0.08;0;0.22;0.12;0.04;1.92;0.32;6.19;2.37;0.89
25/10/24   ;00:00;0.08;13.4;17.9;0.08;1200;0;-0.12;0.1;0.03;151;0.07;0.01;0.21;0.11;0.04;1.98;0.35;3.91;2.53;0.82
25/10/24   ;01:00;0.14;13.3;17.9;0.14;1200;0;-0.11;0.12;0.02;161;0.06;0.01;0.23;0.09;0.04;1.85;0.57;3.42;2.22;0.71
25/10/24   ;02:00;0.23;13.3;17.8;0.23;1200;0;-0.07;0.06;0.02;179;0.04;0;0.13;0.06;0.02;1.67;0.31;3.39;2.22;0.68
25/10/24   ;03:00;0.34;13.3;17.6;0.34;1200;0;-0.04;0.04;0.01;188;0.03;0;0.06;0.04;0.01;1.57;0.31;4.01;2.1;0.75
25/10/24   ;04:00;0.45;13.3;17.8;0.45;1200;0;-0.14;0.12;0.03;153;0.08;0.01;0.24;0.12;0.04;1.95;0.35;3.62;2.28;0.73
25/10/24   ;05:00;0.55;13.4;17.8;0.55;1208;0;-0.15;0.15;0.04;174;0.09;0.01;0.27;0.14;0.05;1.72;0.3;3.42;2.13;0.66
25/10/24   ;06:00;0.6;13.4;17.9;0.6;1200;0;-0.14;0.17;0.04;152;0.11;0.01;0.3;0.16;0.05;1.96;0.31;3.91;2.33;0.74
25/10/24   ;07:00;0.63;13.4;17.9;0.63;1199;0;-0.13;0.16;0.04;188;0.11;0.01;0.26;0.16;0.05;1.58;0.28;3.76;2.01;0.65
25/10/24   ;08:00;0.62;13.3;17.9;0.62;1200;0;-0.12;0.13;0.04;187;0.09;0.02;0.21;0.14;0.04;1.6;0.48;3.44;1.89;0.6
25/10/24   ;09:00;0.57;13.4;17.9;0.57;1200;0;-0.13;0.14;0.04;186;0.1;0.01;0.27;0.16;0.05;1.59;0.31;3.72;2.03;0.61
25/10/24   ;10:00;0.5;13.4;18;0.5;1200;0;-0.12;0.13;0.04;184;0.09;0.01;0.22;0.15;0.05;1.61;0.38;3.96;2.07;0.68
25/10/24   ;11:00;0.43;13.4;17.9;0.43;1196;0;-0.12;0.18;0.04;187;0.09;0.01;0.3;0.15;0.05;1.57;0.31;3.6;1.89;0.6
25/10/24   ;12:00;0.37;13.4;17.9;0.37;1200;0;-0.11;0.12;0.04;172;0.09;0.01;0.21;0.14;0.04;1.74;0.29;3.64;2.15;0.73
25/10/24   ;13:00;0.33;13.3;17.9;0.33;1200;0;-0.14;0.14;0.04;185;0.1;0;0.25;0.16;0.05;1.61;0.38;3.62;1.96;0.59
25/10/24   ;14:00;0.32;13.4;17.9;0.32;1200;0;-0.13;0.12;0.04;176;0.1;0.02;0.22;0.15;0.05;1.68;0.34;4.6;2.05;0.75
25/10/24   ;15:00;0.32;13.4;18;0.32;1197;0;-0.11;0.12;0.03;195;0.08;0.01;0.19;0.12;0.03;1.53;0.33;4.19;1.85;0.61
25/10/24   ;16:00;0.34;13.4;18.1;0.33;1200;0;-0.11;0.14;0.04;185;0.09;0.01;0.24;0.13;0.04;1.61;0.54;3.53;1.92;0.59
25/10/24   ;17:00;0.36;13.4;18.1;0.36;1195;0;-0.15;0.14;0.04;168;0.1;0.02;0.22;0.15;0.05;1.76;0.47;4.29;2.21;0.67
25/10/24   ;18:00;0.38;13.3;18.2;0.38;1197;0;-0.13;0.13;0.04;169;0.1;0.01;0.23;0.15;0.05;1.75;0.36;3.53;2.13;0.66
25/10/24   ;19:00;0.38;13.4;18.2;0.38;1193;0;-0.19;0.18;0.05;172;0.11;0.02;0.36;0.18;0.06;1.72;0.33;3.48;2.11;0.68
25/10/24   ;20:00;0.36;13.4;18.2;0.36;1193;0;-0.13;0.17;0.04;158;0.09;0.01;0.25;0.15;0.05;1.87;0.3;3.63;2.3;0.7
25/10/24   ;21:00;0.29;13.3;18.1;0.29;1200;0;-0.11;0.1;0.03;169;0.07;0.01;0.21;0.12;0.04;1.77;0.32;3.67;2.12;0.65
25/10/24   ;22:00;0.21;13.4;18;0.22;1200;0;-0.1;0.1;0.03;163;0.06;0.01;0.17;0.1;0.03;1.83;0.32;4.3;2.43;0.82
25/10/24   ;23:00;0.14;13.3;17.9;0.14;1200;0;-0.12;0.11;0.04;159;0.09;0.01;0.18;0.13;0.04;1.87;0.41;3.62;2.13;0.66
26/10/24   ;00:00;0.09;13.3;17.9;0.09;1199;0;-0.09;0.11;0.03;148;0.07;0.01;0.16;0.1;0.03;2.02;0.4;4.19;2.77;0.94
26/10/24   ;01:00;0.1;13.3;17.9;0.1;1195;0;-0.09;0.08;0.03;137;0.06;0.01;0.17;0.09;0.03;2.17;0.52;4.14;2.85;0.88
26/10/24   ;02:00;0.15;13.3;18;0.15;1198;0;-0.07;0.06;0.02;186;0.05;0;0.11;0.07;0.02;1.6;0.33;4.12;2.08;0.71
26/10/24   ;03:00;0.26;13.3;18;0.26;1200;0;-0.06;0.07;0.02;192;0.04;0;0.11;0.07;0.02;1.55;0.32;3.15;1.95;0.62
26/10/24   ;04:00;0.39;13.4;17.9;0.39;1200;0;-0.11;0.14;0.03;163;0.06;0.01;0.23;0.11;0.04;1.83;0.44;4.19;2.35;0.84
26/10/24   ;05:00;0.5;13.3;18.1;0.5;1208;0;-0.09;0.1;0.03;183;0.07;0.01;0.18;0.11;0.03;1.63;0.29;3.37;2.05;0.66
26/10/24   ;06:00;0.6;13.3;18.1;0.6;1200;0;-0.14;0.18;0.04;179;0.1;0.02;0.31;0.15;0.05;1.67;0.34;4.18;2.12;0.65
26/10/24   ;07:00;0.67;13.3;18.2;0.67;1196;0;-0.14;0.16;0.04;171;0.1;0.01;0.24;0.16;0.05;1.73;0.36;4.14;2.25;0.74
26/10/24   ;08:00;0.69;13.3;18.1;0.69;1200;0;-0.13;0.12;0.04;176;0.1;0.02;0.22;0.15;0.05;1.69;0.55;3.49;2.1;0.67
26/10/24   ;09:00;0.66;13.4;18.2;0.66;1200;0;-0.12;0.14;0.04;189;0.1;0.01;0.23;0.15;0.04;1.57;0.4;3.29;1.91;0.59
26/10/24   ;10:00;0.58;13.3;18.2;0.58;1200;0;-0.13;0.16;0.04;189;0.1;0.02;0.22;0.14;0.04;1.58;0.38;3.36;1.9;0.61
26/10/24   ;11:00;0.46;13.3;18.2;0.46;1200;0;-0.15;0.15;0.04;185;0.1;0.01;0.25;0.15;0.05;1.62;0.41;3.78;1.92;0.6
26/10/24   ;12:00;0.36;13.4;18.1;0.35;1200;0;-0.12;0.15;0.04;185;0.09;0.01;0.22;0.14;0.04;1.61;0.27;4.17;1.99;0.67
26/10/24   ;13:00;0.27;13.4;18.1;0.27;1198;0;-0.11;0.13;0.04;179;0.1;0.01;0.22;0.14;0.04;1.65;0.33;3.58;1.92;0.58
26/10/24   ;14:00;0.21;13.4;18.1;0.21;1200;0;-0.13;0.14;0.04;153;0.11;0.02;0.24;0.15;0.04;1.95;0.5;3.87;2.37;0.79
26/10/24   ;15:00;0.2;13.4;18.1;0.2;1199;0;-0.15;0.18;0.04;185;0.09;0.01;0.27;0.14;0.05;1.61;0.33;3.5;1.95;0.61
26/10/24   ;16:00;0.25;13.3;18.2;0.26;1199;0;-0.11;0.13;0.04;189;0.08;0.01;0.24;0.13;0.04;1.57;0.38;3.87;2;0.7
26/10/24   ;17:00;0.34;13.4;18.4;0.34;1198;0;-0.15;0.15;0.05;168;0.11;0.02;0.29;0.17;0.05;1.77;0.45;3.86;2.12;0.72
26/10/24   ;18:00;0.4;13.4;18.4;0.4;1199;0;-0.14;0.18;0.05;171;0.11;0.01;0.27;0.17;0.05;1.74;0.3;3.33;2.14;0.62
26/10/24   ;19:00;0.45;13.4;18.3;0.45;1200;0;-0.14;0.14;0.04;160;0.09;0.01;0.28;0.15;0.05;1.86;0.25;3.62;2.32;0.77
26/10/24   ;20:00;0.48;13.4;18.3;0.48;1193;0;-0.1;0.12;0.03;163;0.08;0.01;0.19;0.13;0.04;1.82;0.39;3.59;2.33;0.73
26/10/24   ;21:00;0.43;13.3;18.3;0.43;1200;0;-0.11;0.12;0.03;169;0.08;0.01;0.2;0.12;0.04;1.77;0.41;4.06;2.12;0.75
26/10/24   ;22:00;0.35;13.4;18.3;0.35;1200;0;-0.11;0.15;0.03;166;0.08;0.01;0.25;0.13;0.04;1.8;0.44;3.97;2.28;0.75
26/10/24   ;23:00;0.24;13.4;18.2;0.24;1196;0;-0.1;0.1;0.03;157;0.07;0.02;0.18;0.11;0.03;1.88;0.29;3.71;2.23;0.68
27/10/24   ;00:00;0.16;13.4;18.1;0.16;1200;0;-0.08;0.09;0.03;160;0.07;0;0.16;0.1;0.03;1.86;0.3;4.43;2.29;0.76
27/10/24   ;01:00;0.09;13.3;18;0.09;1198;0;-0.07;0.09;0.03;161;0.06;0.01;0.15;0.09;0.03;1.84;0.32;4.51;2.2;0.69
27/10/24   ;02:00;0.08;13.3;18;0.08;1200;0;-0.04;0.04;0.01;198;0.03;0;0.08;0.05;0.02;1.5;0.28;3.79;2.01;0.69
27/10/24   ;03:00;0.14;13.3;18.1;0.14;1200;0;-0.07;0.07;0.02;164;0.05;0;0.13;0.08;0.03;1.82;0.29;3.68;2.25;0.63
27/10/24   ;04:00;0.26;13.4;18.2;0.26;1192;0;-0.1;0.08;0.03;180;0.06;0.01;0.16;0.09;0.03;1.65;0.28;3.41;2.04;0.63
27/10/24   ;05:00;0.41;13.4;18.2;0.41;1200;0;-0.09;0.11;0.02;154;0.06;0.01;0.19;0.09;0.03;1.94;0.43;4.4;2.44;0.83
27/10/24   ;06:00;0.55;13.4;18.1;0.55;1197;0;-0.12;0.13;0.03;154;0.08;0.02;0.22;0.13;0.04;1.93;0.42;5.03;2.33;0.79
27/10/24   ;07:00;0.66;13.3;18.2;0.66;1194;0;-0.1;0.13;0.03;163;0.08;0.01;0.18;0.12;0.04;1.81;0.37;3.72;2.24;0.66
27/10/24   ;08:00;0.72;13.3;18.2;0.72;1195;0;-0.11;0.14;0.04;176;0.1;0.01;0.22;0.15;0.04;1.69;0.27;3.7;2.21;0.71
27/10/24   ;09:00;0.7;13.3;18.2;0.7;1200;0;-0.13;0.14;0.04;174;0.11;0.01;0.22;0.16;0.05;1.71;0.34;3.45;2.08;0.66
27/10/24   ;10:00;0.63;13.4;18.2;0.62;1194;0;-0.11;0.13;0.04;187;0.09;0.01;0.22;0.13;0.04;1.59;0.35;3.69;1.87;0.61
27/10/24   ;11:00;0.48;13.4;18.2;0.48;1199;0;-0.17;0.18;0.05;173;0.11;0.01;0.33;0.18;0.06;1.72;0.34;3.62;2.13;0.69
27/10/24   ;12:00;0.33;13.4;18.2;0.33;1200;0;-0.12;0.13;0.04;190;0.08;0.02;0.23;0.13;0.04;1.57;0.37;3.71;2.03;0.63
27/10/24   ;13:00;0.22;13.3;18.2;0.22;1200;0;-0.14;0.14;0.04;187;0.09;0.01;0.28;0.15;0.05;1.59;0.35;3.67;1.9;0.61
27/10/24   ;14:00;0.13;13.3;18.3;0.13;1200;0;-0.12;0.17;0.05;166;0.11;0.02;0.26;0.18;0.05;1.79;0.28;4.04;2.08;0.67
27/10/24   ;15:00;0.1;13.4;18.3;0.1;1200;0;-0.13;0.15;0.04;184;0.1;0.01;0.24;0.15;0.05;1.61;0.37;3.77;1.9;0.65
27/10/24   ;16:00;0.15;13.4;18.3;0.15;1200;0;-0.15;0.17;0.04;177;0.1;0.02;0.32;0.15;0.05;1.67;0.31;3.63;2.04;0.66
27/10/24   ;17:00;0.28;13.4;18.4;0.28;1199;0;-0.13;0.15;0.04;185;0.1;0.01;0.26;0.15;0.05;1.61;0.38;3.91;2.02;0.67
27/10/24   ;18:00;0.41;13.4;18.4;0.41;1198;0;-0.14;0.16;0.05;179;0.11;0.01;0.28;0.17;0.06;1.66;0.26;3.49;2.13;0.68
27/10/24   ;19:00;0.49;13.3;18.4;0.49;1196;0;-0.12;0.15;0.04;158;0.1;0;0.25;0.15;0.05;1.89;0.38;4.14;2.32;0.74
27/10/24   ;20:00;0.55;13.4;18.4;0.56;1200;0;-0.11;0.12;0.04;157;0.1;0.02;0.22;0.15;0.04;1.89;0.32;4.4;2.35;0.75
27/10/24   ;21:00;0.56;13.4;18.4;0.56;1200;0;-0.09;0.1;0.03;169;0.07;0.01;0.16;0.11;0.03;1.76;0.41;4.08;2.2;0.69
27/10/24   ;22:00;0.45;13.4;18.4;0.45;1197;0;-0.12;0.13;0.03;162;0.07;0.01;0.2;0.11;0.04;1.84;0.54;3.78;2.31;0.72
27/10/24   ;23:00;0.31;13.4;18.4;0.31;1200;0;-0.08;0.1;0.03;155;0.07;0.01;0.17;0.1;0.03;1.91;0.35;3.73;2.35;0.71
28/10/24   ;00:00;0.17;13.3;18.3;0.17;1200;0;-0.11;0.12;0.03;157;0.07;0;0.21;0.1;0.04;1.9;0.32;4.2;2.48;0.78
28/10/24   ;01:00;0.06;13.4;18.3;0.06;1195;0;-0.19;0.17;0.04;122;0.1;0.01;0.33;0.16;0.05;2.41;0.37;4.77;3.16;1.01
28/10/24   ;02:00;0.01;13.4;18.2;0;1200;0;-0.05;0.05;0.02;142;0.04;0;0.08;0.06;0.02;2.1;0.47;3.98;2.67;0.84
28/10/24   ;03:00;0.03;13.4;18.3;0.03;1199;0;-0.05;0.05;0.02;177;0.04;0;0.1;0.06;0.02;1.68;0.31;3.47;1.93;0.57
28/10/24   ;04:00;0.14;13.3;18.4;0.15;1199;0;-0.09;0.09;0.02;156;0.06;0;0.16;0.09;0.03;1.91;0.48;3.92;2.13;0.72
28/10/24   ;05:00;0.31;13.4;18.4;0.31;1198;0;-0.15;0.13;0.03;171;0.06;0;0.27;0.09;0.04;1.75;0.32;4.01;2.24;0.72
28/10/24   ;06:00;0.46;13.3;18.4;0.46;1200;0;-0.15;0.18;0.04;179;0.09;0.01;0.32;0.15;0.05;1.66;0.39;3.52;1.87;0.58
28/10/24   ;07:00;0.58;13.4;18.3;0.58;1192;0;-0.16;0.17;0.04;161;0.11;0.02;0.32;0.17;0.05;1.82;0.4;4.17;2.06;0.79
28/10/24   ;08:00;0.66;13.3;18.3;0.66;1200;0;-0.12;0.13;0.04;182;0.1;0.01;0.24;0.15;0.04;1.63;0.48;3.64;1.88;0.63
28/10/24   ;09:00;0.67;13.4;18.3;0.67;1200;0;-0.15;0.17;0.05;176;0.11;0.02;0.28;0.18;0.06;1.68;0.34;3.64;2.07;0.69
28/10/24   ;10:00;0.6;13.3;18.4;0.6;1200;0;-0.14;0.22;0.04;189;0.11;0.02;0.33;0.16;0.05;1.57;0.36;3.44;1.83;0.57
28/10/24   ;11:00;0.46;13.3;18.4;0.46;1198;0;-0.1;0.13;0.03;185;0.08;0.01;0.21;0.13;0.04;1.6;0.29;3.59;1.94;0.64
28/10/24   ;12:00;0.29;13.3;18.4;0.29;1199;0;-0.11;0.14;0.04;169;0.1;0.01;0.21;0.14;0.04;1.76;0.3;3.9;2.18;0.72
28/10/24   ;13:00;0.15;13.3;18.5;0.15;1197;0;-0.11;0.15;0.04;171;0.1;0.01;0.25;0.15;0.04;1.74;0.39;3.95;2.19;0.73
28/10/24   ;14:00;0.04;13.3;18.6;0.04;1200;0;-0.18;0.14;0.04;171;0.1;0.01;0.29;0.15;0.05;1.74;0.3;3.96;2.3;0.73
28/10/24   ;15:00;-0.01;13.4;18.6;-0.01;1200;0;-0.11;0.14;0.04;181;0.1;0.01;0.25;0.14;0.04;1.65;0.34;3.56;2.02;0.62
28/10/24   ;16:00;0.02;13.3;18.6;0.02;1193;0;-0.12;0.11;0.04;165;0.09;0;0.19;0.14;0.04;1.8;0.29;3.82;2.32;0.77
28/10/24   ;17:00;0.15;13.3;18.6;0.14;1199;0;-0.12;0.18;0.05;177;0.11;0.01;0.28;0.17;0.05;1.68;0.29;4.32;2.05;0.71
28/10/24   ;18:00;0.3;13.4;18.7;0.3;1197;0;-0.16;0.17;0.05;180;0.12;0.02;0.29;0.18;0.06;1.65;0.38;3.35;2.09;0.64
28/10/24   ;19:00;0.42;13.4;18.6;0.42;1200;0;-0.14;0.13;0.04;174;0.1;0.01;0.28;0.15;0.05;1.71;0.31;3.67;2.14;0.7
28/10/24   ;20:00;0.49;13.4;18.6;0.49;1196;0;-0.12;0.1;0.04;155;0.09;0.01;0.21;0.14;0.04;1.91;0.38;3.72;2.43;0.76
28/10/24   ;21:00;0.51;13.4;18.6;0.51;1196;0;-0.1;0.1;0.04;169;0.09;0.01;0.17;0.13;0.04;1.76;0.61;4.19;2.17;0.66
28/10/24   ;22:00;0.45;13.3;18.6;0.46;1200;0;-0.1;0.11;0.03;160;0.07;0.01;0.22;0.11;0.03;1.86;0.48;3.75;2.28;0.65
28/10/24   ;23:00;0.32;13.4;18.5;0.32;1200;0;-0.12;0.1;0.03;153;0.06;0.01;0.17;0.1;0.03;1.95;0.38;5.28;2.47;0.92
29/10/24   ;00:00;0.16;13.4;18.5;0.16;1198;0;-0.11;0.11;0.03;159;0.07;0.01;0.16;0.11;0.04;1.87;0.37;3.93;2.44;0.78
29/10/24   ;01:00;0.03;13.4;18.5;0.03;1194;0;-0.13;0.16;0.04;121;0.09;0.01;0.26;0.15;0.05;2.45;0.31;4.93;3.33;1.13
29/10/24   ;02:00;-0.07;13.4;18.4;-0.07;1200;0;-0.06;0.07;0.02;131;0.05;0.01;0.11;0.07;0.02;2.28;0.49;3.99;3.08;0.96
29/10/24   ;03:00;-0.08;13.4;18.4;-0.08;1200;0;-0.03;0.03;0.01;163;0.03;0;0.06;0.04;0.01;1.82;0.28;3.56;2.04;0.65
29/10/24   ;04:00;0.02;13.4;18.5;0.02;1200;0;-0.1;0.11;0.02;175;0.06;0.01;0.19;0.09;0.03;1.7;0.34;3.91;1.96;0.67
29/10/24   ;05:00;0.18;13.4;18.5;0.18;1200;0;-0.13;0.14;0.03;157;0.08;0.01;0.26;0.12;0.04;1.89;0.37;3.66;2.29;0.78
29/10/24   ;06:00;0.35;13.4;18.5;0.36;1200;0;-0.12;0.12;0.03;168;0.07;0.01;0.21;0.11;0.04;1.76;0.3;3.73;1.98;0.64
29/10/24   ;07:00;0.5;13.4;18.5;0.5;1200;0;-0.12;0.14;0.04;172;0.1;0.02;0.24;0.15;0.05;1.73;0.5;4.04;2;0.64
29/10/24   ;08:00;0.6;13.4;18.5;0.6;1200;0;-0.14;0.14;0.04;184;0.1;0.01;0.23;0.16;0.05;1.61;0.31;3.07;2.07;0.65
29/10/24   ;09:00;0.66;13.3;18.5;0.65;1204;0;-0.13;0.16;0.05;188;0.11;0.01;0.28;0.17;0.05;1.59;0.31;3.6;1.81;0.56
29/10/24   ;10:00;0.63;13.3;18.5;0.63;1193;0;-0.12;0.16;0.04;194;0.1;0.01;0.21;0.16;0.05;1.52;0.34;3.68;1.75;0.56
29/10/24   ;11:00;0.49;13.3;18.5;0.49;1200;0;-0.11;0.14;0.04;185;0.09;0.01;0.23;0.14;0.04;1.61;0.4;3.54;2.08;0.64
29/10/24   ;12:00;0.32;13.4;18.5;0.32;1200;0;-0.14;0.16;0.04;160;0.1;0.01;0.27;0.16;0.05;1.86;0.41;4.26;2.27;0.7
29/10/24   ;13:00;0.14;13.3;18.5;0.15;1197;0;-0.13;0.12;0.04;175;0.1;0.01;0.21;0.15;0.04;1.69;0.28;3.2;2.05;0.63
29/10/24   ;14:00;0;13.3;18.6;0;1199;0;-0.12;0.15;0.04;171;0.1;0.01;0.23;0.15;0.05;1.73;0.39;3.62;2.17;0.7
29/10/24   ;15:00;-0.09;13.3;18.6;-0.09;1195;0;-0.12;0.13;0.04;167;0.1;0.01;0.23;0.16;0.05;1.76;0.53;4.89;2.29;0.81
29/10/24   ;16:00;-0.1;13.3;18.6;-0.1;1199;0;-0.14;0.12;0.04;182;0.09;0.02;0.22;0.14;0.04;1.63;0.29;3.5;1.95;0.59
29/10/24   ;17:00;0.01;13.3;18.7;0.01;1200;0;-0.12;0.16;0.05;187;0.11;0.02;0.27;0.17;0.05;1.59;0.49;3.49;1.87;0.56
29/10/24   ;18:00;0.17;13.3;18.8;0.17;1197;0;-0.14;0.19;0.05;181;0.12;0.03;0.3;0.18;0.05;1.64;0.39;3.83;2.11;0.65
29/10/24   ;19:00;0.33;13.3;18.8;0.33;1199;0;-0.14;0.15;0.04;194;0.1;0.01;0.24;0.16;0.05;1.54;0.44;3.34;1.82;0.57
29/10/24   ;20:00;0.44;13.3;18.8;0.44;1200;0;-0.14;0.15;0.04;179;0.1;0.02;0.22;0.15;0.05;1.67;0.3;3.42;2.01;0.68
29/10/24   ;21:00;0.5;13.4;18.8;0.5;1195;0;-0.11;0.11;0.04;158;0.09;0.01;0.2;0.13;0.04;1.87;0.27;3.87;2.34;0.73
29/10/24   ;22:00;0.48;13.4;18.7;0.48;1195;0;-0.07;0.08;0.02;165;0.06;0.01;0.12;0.09;0.02;1.78;0.65;3.71;2.12;0.63
29/10/24   ;23:00;0.37;13.4;18.7;0.37;1200;0;-0.07;0.08;0.02;159;0.05;0;0.12;0.08;0.02;1.86;0.61;3.82;2.11;0.65
30/10/24   ;00:00;0.22;13.4;18.7;0.22;1199;0;-0.08;0.08;0.02;168;0.06;0.01;0.14;0.09;0.03;1.77;0.35;3.26;2.11;0.61
30/10/24   ;01:00;0.07;13.3;18.6;0.07;1200;0;-0.09;0.11;0.03;135;0.07;0.02;0.19;0.11;0.04;2.2;0.33;4.15;2.73;0.86
30/10/24   ;02:00;-0.04;13.4;18.5;-0.04;1200;0;-0.09;0.11;0.03;160;0.06;0;0.16;0.1;0.03;1.86;0.35;3.9;2.28;0.73
30/10/24   ;03:00;-0.07;13.4;18.4;-0.07;1197;0;-0.07;0.08;0.02;160;0.04;0;0.15;0.06;0.02;1.86;0.31;5.22;2.17;0.74
30/10/24   ;04:00;-0.02;13.4;18.6;-0.02;1197;0;-0.1;0.13;0.02;179;0.05;0.01;0.23;0.09;0.04;1.66;0.29;3.45;2.03;0.68
30/10/24   ;05:00;0.13;13.4;18.6;0.13;1200;0;-0.08;0.09;0.02;160;0.05;0.01;0.17;0.08;0.03;1.86;0.35;3.51;2.46;0.78
30/10/24   ;06:00;0.32;13.3;18.6;0.32;1200;0;-0.21;0.16;0.04;173;0.08;0;0.37;0.14;0.06;1.73;0.34;3.93;2.15;0.68
30/10/24   ;07:00;0.5;13.4;18.5;0.5;1200;0;-0.11;0.15;0.04;157;0.1;0.01;0.22;0.15;0.04;1.9;0.38;4.36;2.39;0.84
30/10/24   ;08:00;0.63;13.4;18.6;0.64;1200;0;-0.16;0.19;0.05;187;0.13;0.01;0.32;0.19;0.06;1.59;0.37;3.96;1.85;0.62
30/10/24   ;09:00;0.72;13.4;18.7;0.71;1200;0;-0.18;0.21;0.05;186;0.12;0.01;0.4;0.18;0.06;1.6;0.31;3.02;1.85;0.52
30/10/24   ;10:00;0.71;13.3;18.7;0.71;1195;0;-0.13;0.2;0.05;178;0.11;0.03;0.31;0.17;0.05;1.66;0.44;3.3;2.01;0.62
30/10/24   ;11:00;0.59;13.3;18.7;0.59;1199;0;-0.12;0.15;0.04;169;0.1;0.01;0.23;0.15;0.04;1.76;0.29;3.57;2.12;0.69
30/10/24   ;12:00;0.41;13.3;18.6;0.41;1197;0;-0.13;0.11;0.04;167;0.09;0.02;0.21;0.15;0.04;1.78;0.51;3.91;2.3;0.71
30/10/24   ;13:00;0.21;13.3;18.6;0.21;1198;0;-0.12;0.15;0.04;158;0.11;0;0.23;0.16;0.05;1.89;0.31;4.12;2.47;0.88
30/10/24   ;14:00;0.05;13.3;18.6;0.04;1200;0;-0.13;0.16;0.04;175;0.09;0.02;0.26;0.14;0.04;1.71;0.41;3.45;2.08;0.58
30/10/24   ;15:00;-0.09;13.4;18.6;-0.09;1197;0;-0.16;0.16;0.05;162;0.11;0.01;0.29;0.18;0.06;1.83;0.53;3.96;2.25;0.74
30/10/24   ;16:00;-0.14;13.3;18.6;-0.14;1196;0;-0.13;0.13;0.04;156;0.1;0.02;0.22;0.15;0.04;1.91;0.36;8.86;2.39;0.93
30/10/24   ;17:00;-0.07;13.3;18.7;-0.07;1199;0;-0.12;0.24;0.04;177;0.1;0.01;0.31;0.15;0.05;1.69;0.28;3.29;2.02;0.63
30/10/24   ;18:00;0.08;13.3;18.9;0.08;1194;0;-0.18;0.18;0.06;171;0.13;0.02;0.36;0.21;0.06;1.72;0.38;3.37;2.12;0.62
30/10/24   ;19:00;0.26;13.3;18.9;0.26;1200;0;-0.14;0.18;0.05;183;0.12;0.01;0.3;0.18;0.05;1.62;0.32;5;2.08;0.72
30/10/24   ;20:00;0.41;13.4;18.9;0.41;1197;0;-0.11;0.18;0.04;178;0.1;0.01;0.26;0.15;0.05;1.67;0.29;4;1.97;0.65
30/10/24   ;21:00;0.5;13.3;18.9;0.5;1200;0;-0.18;0.25;0.06;170;0.14;0.02;0.41;0.21;0.06;1.74;0.29;4.04;1.99;0.74
30/10/24   ;22:00;0.53;13.3;18.9;0.53;1200;0;-0.15;0.2;0.05;142;0.12;0.01;0.32;0.18;0.06;2.1;0.31;3.87;2.56;0.79
30/10/24   ;23:00;0.48;13.4;18.9;0.49;1200;0;-0.11;0.09;0.03;161;0.07;0.01;0.2;0.11;0.04;1.85;0.33;4.16;2.27;0.73
31/10/24   ;00:00;0.36;13.4;18.8;0.35;1201;0;-0.09;0.12;0.03;158;0.07;0.01;0.19;0.11;0.03;1.9;0.38;3.7;2.3;0.68
31/10/24   ;01:00;0.2;13.4;18.7;0.2;1194;0;-0.11;0.15;0.03;139;0.08;0.01;0.24;0.13;0.04;2.14;0.47;5.65;2.69;0.98
31/10/24   ;02:00;0.07;13.4;18.7;0.07;1200;0;-0.08;0.07;0.02;147;0.06;0.01;0.14;0.09;0.03;2.03;0.39;3.85;2.52;0.85
31/10/24   ;03:00;0.01;13.4;18.5;0.02;1199;0;-0.05;0.04;0.01;178;0.03;0.01;0.1;0.05;0.02;1.67;0.31;3.84;2.33;0.82
31/10/24   ;04:00;0.05;13.4;18.5;0.05;1199;0;-0.1;0.09;0.03;162;0.06;0.01;0.18;0.09;0.03;1.83;0.5;3.8;2.32;0.71
31/10/24   ;05:00;0.18;13.4;18.6;0.18;1198;0;-0.1;0.11;0.02;173;0.05;0.01;0.21;0.07;0.03;1.7;0.48;3.65;2.21;0.71
31/10/24   ;06:00;0.37;13.4;18.7;0.37;1198;0;-0.1;0.1;0.03;177;0.06;0.01;0.19;0.1;0.03;1.67;0.28;3.57;2.09;0.69
31/10/24   ;07:00;0.55;13.4;18.6;0.55;1198;0;-0.15;0.19;0.04;185;0.1;0.01;0.33;0.16;0.05;1.61;0.31;3.84;1.91;0.66
31/10/24   ;08:00;0.71;13.4;18.6;0.71;1201;0;-0.14;0.21;0.05;188;0.12;0.02;0.32;0.19;0.06;1.58;0.37;3.43;1.81;0.57
31/10/24   ;09:00;0.8;13.3;18.6;0.8;1197;0;-0.15;0.21;0.05;196;0.11;0.02;0.35;0.17;0.06;1.52;0.3;3.03;1.75;0.54
31/10/24   ;10:00;0.82;13.4;18.6;0.82;1202;0;-0.16;0.17;0.05;187;0.12;0.02;0.32;0.18;0.06;1.6;0.44;3.84;1.99;0.59
31/10/24   ;11:00;0.73;13.3;18.6;0.73;1196;0;-0.14;0.15;0.04;190;0.1;0.01;0.26;0.16;0.05;1.56;0.36;3.44;1.94;0.59
31/10/24   ;12:00;0.54;13.4;18.6;0.54;1196;0;-0.12;0.18;0.04;168;0.09;0.02;0.26;0.15;0.05;1.77;0.3;3.74;2.2;0.68
31/10/24   ;13:00;0.34;13.4;18.7;0.34;1200;0;-0.1;0.13;0.04;166;0.09;0.02;0.2;0.13;0.04;1.79;0.65;3.53;2.08;0.62
31/10/24   ;14:00;0.14;13.3;18.7;0.14;1199;0;-0.13;0.12;0.04;172;0.1;0.01;0.21;0.15;0.04;1.73;0.48;3.6;2;0.59
31/10/24   ;15:00;-0.03;13.3;18.7;-0.03;1199;0;-0.15;0.16;0.04;163;0.1;0.01;0.27;0.15;0.04;1.82;0.47;4.12;2.06;0.71
31/10/24   ;16:00;-0.14;13.3;18.6;-0.14;1176;0;-0.1;0.16;0.04;181;0.1;0;0.27;0.14;0.04;1.61;0.32;3.09;1.82;0.55
31/10/24   ;17:00;-0.13;13.3;18.6;-0.13;1197;0;-0.13;0.13;0.04;170;0.1;0.02;0.23;0.15;0.04;1.74;0.33;4.36;2.14;0.75
31/10/24   ;18:00;0;13.4;18.8;0;1193;0;-0.16;0.19;0.05;180;0.12;0.02;0.32;0.19;0.06;1.64;0.4;3.89;2.04;0.63
31/10/24   ;19:00;0.19;13.3;18.9;0.19;1200;0;-0.13;0.15;0.05;176;0.11;0.01;0.25;0.17;0.05;1.7;0.34;3.72;2.03;0.66
31/10/24   ;20:00;0.37;13.3;18.8;0.37;1197;0;-0.16;0.19;0.05;177;0.11;0.01;0.35;0.18;0.06;1.67;0.34;3.9;2.13;0.68
31/10/24   ;21:00;0.48;13.3;18.8;0.48;1200;0;-0.1;0.13;0.04;180;0.08;0.01;0.22;0.13;0.04;1.65;0.31;3.32;2.09;0.67
31/10/24   ;22:00;0.55;13.4;18.8;0.55;1193;0;-0.16;0.13;0.03;155;0.08;0.01;0.29;0.12;0.04;1.9;0.38;3.81;2.29;0.74
31/10/24   ;23:00;0.56;13.4;18.8;0.56;1200;0;-0.14;0.15;0.04;155;0.09;0.01;0.22;0.14;0.05;1.91;0.35;4.07;2.44;0.81
01/11/24   ;00:00;0.49;13.4;18.7;0.49;1185;0;-0.11;0.11;0.03;153;0.08;0.01;0.18;0.12;0.04;1.9;0.35;3.39;2.19;0.67
01/11/24   ;01:00;0.35;13.3;18.7;0.35;1197;0;-0.11;0.1;0.03;132;0.08;0;0.21;0.12;0.04;2.25;0.38;4.26;2.97;0.92
01/11/24   ;02:00;0.21;13.4;18.6;0.21;1200;0;-0.08;0.09;0.03;159;0.06;0;0.14;0.1;0.03;1.87;0.31;3.57;2.32;0.66
01/11/24   ;03:00;0.12;13.4;18.6;0.12;1200;0;-0.06;0.04;0.01;194;0.03;0;0.09;0.04;0.01;1.53;0.27;3.22;1.82;0.56
01/11/24   ;04:00;0.1;13.4;18.5;0.1;1197;0;-0.06;0.06;0.02;180;0.04;0.01;0.1;0.07;0.02;1.65;0.33;3.79;2;0.59
01/11/24   ;05:00;0.15;13.4;18.6;0.15;1200;0;-0.1;0.14;0.03;149;0.07;0.01;0.22;0.12;0.04;2.01;0.33;3.94;2.65;0.85
01/11/24   ;06:00;0.32;13.3;18.7;0.32;1200;0;-0.09;0.15;0.04;156;0.09;0.01;0.22;0.14;0.04;1.9;0.33;3.57;2.26;0.76
01/11/24   ;07:00;0.5;13.4;18.6;0.5;1199;0;-0.14;0.18;0.04;176;0.1;0.02;0.27;0.15;0.04;1.69;0.46;3.3;1.88;0.61
01/11/24   ;08:00;0.67;13.4;18.5;0.67;1200;0;-0.14;0.17;0.05;183;0.12;0.02;0.26;0.17;0.05;1.62;0.38;3.17;1.86;0.59
01/11/24   ;09:00;0.78;13.4;18.4;0.78;1200;0;-0.14;0.19;0.05;180;0.12;0.02;0.32;0.18;0.06;1.66;0.38;3.34;2;0.66
01/11/24   ;10:00;0.82;13.4;18.5;0.82;1198;0;-0.12;0.16;0.04;183;0.11;0.02;0.27;0.16;0.05;1.63;0.33;3.3;1.94;0.56
01/11/24   ;11:00;0.76;13.4;18.5;0.76;1200;0;-0.13;0.18;0.05;165;0.12;0.02;0.27;0.18;0.05;1.82;0.37;3.72;2.17;0.68
01/11/24   ;12:00;0.59;13.4;18.5;0.59;1200;0;-0.12;0.19;0.04;166;0.1;0.01;0.3;0.15;0.05;1.79;0.36;4.09;2.09;0.66
01/11/24   ;13:00;0.38;13.4;18.6;0.38;1196;0;-0.14;0.13;0.04;165;0.1;0.02;0.26;0.15;0.05;1.8;0.41;3.77;2.17;0.66
01/11/24   ;14:00;0.17;13.4;18.6;0.17;1199;0;-0.12;0.2;0.05;153;0.11;0.01;0.31;0.16;0.05;1.94;0.36;3.89;2.45;0.78
01/11/24   ;15:00;-0.02;13.4;18.6;-0.02;1200;0;-0.13;0.13;0.04;169;0.1;0.02;0.24;0.14;0.04;1.76;0.39;4.04;2.08;0.77
01/11/24   ;16:00;-0.15;13.3;18.6;-0.15;1200;0;-0.12;0.13;0.04;166;0.11;0.02;0.2;0.16;0.05;1.79;0.29;3.96;2.08;0.67
01/11/24   ;17:00;-0.19;13.3;18.5;-0.19;1200;0;-0.14;0.18;0.04;176;0.11;0.02;0.3;0.16;0.05;1.69;0.32;3.68;2.05;0.68
01/11/24   ;18:00;-0.1;13.4;18.5;-0.1;1195;0;-0.15;0.19;0.04;192;0.11;0;0.32;0.17;0.05;1.54;0.35;3.35;1.9;0.56
01/11/24   ;19:00;0.08;13.4;18.8;0.09;1200;0;-0.14;0.18;0.05;169;0.12;0.02;0.25;0.18;0.05;1.76;0.29;3.85;2.14;0.74
01/11/24   ;20:00;0.29;13.4;18.7;0.29;1196;0;-0.15;0.17;0.05;186;0.11;0.01;0.27;0.17;0.05;1.6;0.36;3.41;1.88;0.66
01/11/24   ;21:00;0.45;13.3;18.6;0.45;1198;0;-0.21;0.18;0.04;174;0.1;0.01;0.35;0.16;0.05;1.7;0.38;4.27;1.9;0.67
01/11/24   ;22:00;0.56;13.3;18.6;0.56;1200;0;-0.1;0.09;0.03;173;0.07;0.01;0.18;0.11;0.03;1.72;0.3;4.1;2.23;0.74
01/11/24   ;23:00;0.62;13.3;18.6;0.62;1198;0;-0.09;0.11;0.03;188;0.07;0.01;0.2;0.11;0.03;1.58;0.32;3.5;1.9;0.59
02/11/24   ;00:00;0.58;13.3;18.6;0.58;1200;0;-0.11;0.12;0.03;158;0.07;0.01;0.22;0.12;0.04;1.89;0.29;3.8;2.51;0.79
02/11/24   ;01:00;0.47;13.4;18.5;0.47;1200;0;-0.1;0.12;0.03;146;0.08;0.01;0.21;0.12;0.04;2.03;0.58;4.13;2.55;0.77
02/11/24   ;02:00;0.32;13.4;18.5;0.32;1199;0;-0.06;0.09;0.02;137;0.06;0.01;0.13;0.09;0.03;2.18;0.79;4.34;2.71;0.78
02/11/24   ;03:00;0.2;13.3;18.5;0.2;1200;0;-0.08;0.1;0.02;147;0.06;0.01;0.17;0.09;0.03;2.02;0.39;4.46;2.41;0.78
02/11/24   ;04:00;0.15;13.4;18.4;0.15;1200;0;-0.08;0.1;0.03;157;0.06;0.01;0.18;0.1;0.03;1.91;0.39;3.92;2.29;0.73
02/11/24   ;05:00;0.18;13.4;18.4;0.18;1193;0;-0.09;0.09;0.02;168;0.05;0.01;0.17;0.08;0.03;1.77;0.48;3.52;2.2;0.68
02/11/24   ;06:00;0.3;13.4;18.5;0.3;1200;0;-0.11;0.15;0.03;173;0.08;0.01;0.25;0.13;0.04;1.72;0.31;3.54;2.05;0.65
02/11/24   ;07:00;0.48;13.4;18.6;0.48;1200;0;-0.11;0.15;0.04;169;0.08;0.01;0.24;0.14;0.04;1.77;0.38;3.79;2.21;0.71
02/11/24   ;08:00;0.64;13.4;18.4;0.64;1197;0;-0.11;0.16;0.04;202;0.09;0.01;0.27;0.14;0.05;1.48;0.44;3.3;1.75;0.57
02/11/24   ;09:00;0.76;13.3;18.6;0.76;1199;0;-0.15;0.13;0.04;187;0.11;0.02;0.25;0.17;0.05;1.59;0.39;4.22;1.88;0.59
02/11/24   ;10:00;0.82;13.4;18.6;0.82;1195;0;-0.14;0.16;0.05;193;0.12;0.02;0.27;0.19;0.06;1.54;0.36;3.34;1.83;0.57
02/11/24   ;11:00;0.78;13.4;18.6;0.78;1199;0;-0.19;0.24;0.05;176;0.13;0.02;0.38;0.19;0.06;1.69;0.39;3.26;1.98;0.59
02/11/24   ;12:00;0.62;13.4;18.6;0.62;1200;0;-0.17;0.18;0.05;163;0.13;0.02;0.34;0.19;0.06;1.82;0.37;3.34;2.06;0.63
02/11/24   ;13:00;0.41;13.4;18.5;0.41;1196;0;-0.16;0.12;0.04;162;0.1;0.01;0.26;0.16;0.05;1.83;0.37;3.46;2.22;0.66
02/11/24   ;14:00;0.2;13.3;18.5;0.2;1200;0;-0.13;0.17;0.04;174;0.11;0.01;0.25;0.17;0.06;1.71;0.56;3.71;1.94;0.61
02/11/24   ;15:00;0.01;13.4;18.4;0.01;1195;0;-0.14;0.13;0.04;171;0.1;0.01;0.24;0.16;0.05;1.74;0.32;3.73;2.01;0.61
02/11/24   ;16:00;-0.16;13.4;18.3;-0.16;1198;0;-0.12;0.16;0.04;179;0.09;0.02;0.22;0.14;0.04;1.66;0.58;3.55;2.06;0.61
02/11/24   ;17:00;-0.23;13.4;18.3;-0.22;1191;0;-0.15;0.16;0.05;158;0.11;0.01;0.28;0.18;0.06;1.86;0.4;4.12;2.34;0.76
02/11/24   ;18:00;-0.17;13.4;18.3;-0.17;1198;0;-0.12;0.21;0.05;181;0.12;0.02;0.28;0.17;0.05;1.65;0.34;3.23;1.8;0.54
02/11/24   ;19:00;-0.02;13.3;18.4;-0.02;1197;0;-0.16;0.17;0.04;176;0.11;0.01;0.28;0.16;0.05;1.69;0.35;4.04;1.86;0.69
02/11/24   ;20:00;0.17;13.3;18.4;0.18;1200;0;-0.14;0.15;0.04;196;0.1;0.02;0.22;0.15;0.04;1.52;0.32;3.82;1.81;0.58
02/11/24   ;21:00;0.33;13.3;18.2;0.33;1200;0;-0.13;0.15;0.04;192;0.09;0.02;0.28;0.14;0.05;1.55;0.38;3.54;1.8;0.66
02/11/24   ;22:00;0.46;13.3;18.3;0.46;1200;0;-0.1;0.13;0.03;178;0.07;0.02;0.22;0.11;0.04;1.68;0.38;3.83;2.11;0.68
02/11/24   ;23:00;0.54;13.3;18.2;0.54;1197;0;-0.1;0.12;0.03;184;0.07;0.01;0.21;0.11;0.04;1.62;0.4;4.21;1.92;0.62
03/11/24   ;00:00;0.55;13.4;18.1;0.55;1196;0;-0.15;0.24;0.05;147;0.12;0.01;0.37;0.19;0.06;2.01;0.53;4.46;2.5;0.85
03/11/24   ;01:00;0.51;13.3;18.1;0.51;1200;0;-0.09;0.11;0.03;137;0.08;0.01;0.2;0.12;0.04;2.17;0.29;4.11;3.14;0.99
03/11/24   ;02:00;0.39;13.4;18;0.39;1200;0;-0.07;0.06;0.02;182;0.05;0;0.11;0.07;0.02;1.63;0.33;3.17;2.23;0.72
03/11/24   ;03:00;0.26;13.4;18;0.26;1200;0;-0.05;0.04;0.01;201;0.03;0;0.08;0.05;0.02;1.48;0.28;3.95;2.06;0.71
03/11/24   ;04:00;0.21;13.3;17.9;0.21;1200;0;-0.07;0.1;0.02;170;0.06;0.01;0.14;0.09;0.03;1.75;0.34;3.8;2.24;0.68
03/11/24   ;05:00;0.23;13.4;17.9;0.23;1199;0;-0.11;0.13;0.03;156;0.06;0;0.23;0.11;0.05;1.9;0.33;4.39;2.99;1.03
03/11/24   ;06:00;0.31;13.3;18;0.32;1200;0;-0.13;0.12;0.04;145;0.08;0.01;0.24;0.13;0.05;2.06;0.36;3.97;2.77;0.92
03/11/24   ;07:00;0.45;13.4;18.1;0.45;1200;0;-0.1;0.13;0.03;177;0.08;0;0.2;0.12;0.04;1.68;0.27;3.61;2.1;0.78
03/11/24   ;08:00;0.6;13.4;18;0.6;1200;0;-0.13;0.15;0.04;184;0.1;0.01;0.27;0.16;0.05;1.62;0.34;3.66;2.03;0.65
03/11/24   ;09:00;0.72;13.4;18.3;0.73;1200;0;-0.15;0.15;0.04;192;0.1;0.02;0.3;0.16;0.05;1.56;0.35;3.48;1.88;0.6
03/11/24   ;10:00;0.8;13.3;18.3;0.8;1200;0;-0.16;0.19;0.05;190;0.11;0.02;0.32;0.18;0.06;1.57;0.38;4.33;1.94;0.64
03/11/24   ;11:00;0.8;13.4;18.2;0.8;1196;0;-0.13;0.15;0.04;192;0.11;0.02;0.24;0.16;0.05;1.55;0.41;3.88;1.68;0.56
03/11/24   ;12:00;0.71;13.4;18.2;0.71;1200;0;-0.13;0.16;0.04;204;0.11;0.01;0.27;0.16;0.05;1.45;0.28;3.36;1.78;0.53
03/11/24   ;13:00;0.53;13.4;18.2;0.52;1200;0;-0.15;0.13;0.04;173;0.1;0.02;0.27;0.15;0.05;1.72;0.34;4.13;2.17;0.75
03/11/24   ;14:00;0.34;13.4;18;0.34;1200;0;-0.15;0.17;0.04;180;0.11;0.02;0.28;0.16;0.05;1.66;0.54;3.37;1.99;0.61
03/11/24   ;15:00;0.15;13.3;17.9;0.14;1200;0;-0.12;0.16;0.04;170;0.1;0.02;0.25;0.15;0.05;1.75;0.59;2.98;2.02;0.57
03/11/24   ;16:00;-0.01;13.3;17.8;-0.01;1197;0;-0.14;0.17;0.04;185;0.1;0.02;0.29;0.15;0.05;1.61;0.42;3.74;1.78;0.56
03/11/24   ;17:00;-0.13;13.4;17.6;-0.13;1199;0;-0.13;0.13;0.04;184;0.1;0.02;0.24;0.15;0.05;1.62;0.49;3.38;1.82;0.53
03/11/24   ;18:00;-0.13;13.4;17.5;-0.13;1199;0;-0.13;0.13;0.04;174;0.1;0.01;0.23;0.15;0.05;1.71;0.48;3.92;2.01;0.64
03/11/24   ;19:00;-0.03;13.4;17.7;-0.03;1198;0;-0.14;0.18;0.05;168;0.11;0.01;0.32;0.18;0.06;1.77;0.34;3.48;2.12;0.7
03/11/24   ;20:00;0.14;13.3;18;0.14;1200;0;-0.17;0.21;0.05;188;0.11;0.02;0.35;0.18;0.06;1.58;0.28;3.56;1.85;0.62
03/11/24   ;21:00;0.3;13.4;17.9;0.3;1199;0;-0.13;0.19;0.05;150;0.1;0.02;0.31;0.17;0.06;1.99;0.52;3.84;2.58;0.85
03/11/24   ;22:00;0.42;13.4;17.9;0.42;1198;0;-0.09;0.09;0.03;178;0.06;0.01;0.16;0.09;0.03;1.68;0.31;3.79;2.11;0.71
03/11/24   ;23:00;0.52;13.3;17.8;0.52;1200;0;-0.07;0.1;0.03;175;0.06;0.01;0.18;0.1;0.03;1.7;0.34;3.7;2.1;0.71
04/11/24   ;00:00;0.55;13.3;17.7;0.55;1200;0;-0.1;0.12;0.03;148;0.08;0.01;0.2;0.13;0.04;2.01;0.35;4.57;2.72;0.95
04/11/24   ;01:00;0.52;13.3;17.7;0.52;1188;0;-0.1;0.08;0.02;142;0.06;0.01;0.16;0.1;0.03;2.07;0.28;4.19;2.81;0.88
04/11/24   ;02:00;0.45;13.3;17.6;0.45;1199;0;-0.06;0.05;0.02;164;0.04;0.01;0.09;0.05;0.02;1.81;0.29;3.65;2.37;0.73
04/11/24   ;03:00;0.35;13.4;17.6;0.35;1199;0;-0.06;0.05;0.02;151;0.04;0;0.1;0.06;0.02;1.98;0.35;3.61;2.53;0.75
04/11/24   ;04:00;0.27;13.4;17.6;0.27;1200;0;-0.04;0.04;0.01;174;0.03;0;0.07;0.05;0.01;1.71;0.35;3.46;1.99;0.59
04/11/24   ;05:00;0.25;13.4;17.5;0.25;1200;0;-0.07;0.09;0.02;165;0.06;0.01;0.16;0.09;0.03;1.79;0.39;3.2;2.09;0.62
04/11/24   ;06:00;0.27;13.4;17.4;0.27;1194;0;-0.13;0.12;0.03;159;0.08;0.01;0.19;0.12;0.04;1.85;0.29;3.71;2.22;0.72
04/11/24   ;07:00;0.36;13.3;17.6;0.36;1200;0;-0.12;0.13;0.04;155;0.09;0.01;0.21;0.14;0.04;1.93;0.37;3.98;2.43;0.73
04/11/24   ;08:00;0.49;13.4;17.6;0.49;1200;0;-0.16;0.17;0.05;183;0.11;0.02;0.28;0.17;0.05;1.63;0.39;3.29;1.92;0.6
04/11/24   ;09:00;0.58;13.4;17.6;0.58;1199;0;-0.14;0.17;0.05;184;0.11;0.01;0.26;0.18;0.05;1.62;0.34;3.38;2.03;0.63
04/11/24   ;10:00;0.62;13.4;17.6;0.62;1197;0;-0.14;0.14;0.04;175;0.1;0.03;0.25;0.14;0.04;1.7;0.38;3.33;1.87;0.57
04/11/24   ;11:00;0.58;13.4;17.6;0.59;1198;0;-0.13;0.12;0.04;173;0.09;0.01;0.24;0.14;0.04;1.72;0.38;4.03;2.14;0.69
04/11/24   ;12:00;0.6;13.4;17.7;0.6;1200;0;-0.11;0.13;0.04;175;0.09;0.01;0.23;0.14;0.04;1.71;0.34;3.98;2.01;0.66
04/11/24   ;13:00;0.54;13.4;17.7;0.54;1200;0;-0.11;0.11;0.04;183;0.09;0.01;0.22;0.14;0.04;1.63;0.34;3.76;2.09;0.66
04/11/24   ;14:00;0.38;13.4;17.7;0.38;1198;0;-0.12;0.15;0.03;179;0.08;0.02;0.21;0.12;0.04;1.67;0.35;3.19;1.93;0.58
04/11/24   ;15:00;0.19;13.4;17.5;0.19;1200;0;-0.14;0.13;0.04;164;0.1;0.01;0.25;0.16;0.05;1.82;0.29;3.69;2.21;0.72
04/11/24   ;16:00;0.02;13.4;17.5;0.01;1179;0;-0.14;0.14;0.04;179;0.09;0.01;0.26;0.14;0.04;1.64;0.28;3.85;1.97;0.67
04/11/24   ;17:00;-0.12;13.3;17.4;-0.12;1200;0;-0.14;0.11;0.04;169;0.1;0.01;0.23;0.14;0.04;1.76;0.37;4.01;2.06;0.64
04/11/24   ;18:00;-0.17;13.3;17.3;-0.17;1196;0;-0.15;0.16;0.05;159;0.11;0.01;0.28;0.17;0.05;1.87;0.41;3.77;2.25;0.67
04/11/24   ;19:00;-0.14;13.4;17.3;-0.14;1200;0;-0.13;0.12;0.04;175;0.09;0.01;0.22;0.14;0.04;1.71;0.26;3.97;2.01;0.61
04/11/24   ;20:00;-0.01;13.4;17.4;-0.01;1200;0;-0.12;0.13;0.04;168;0.09;0.01;0.25;0.14;0.04;1.78;0.32;4.06;2.15;0.7
04/11/24   ;21:00;0.16;13.3;17.4;0.16;1197;0;-0.1;0.11;0.03;170;0.08;0.01;0.2;0.12;0.04;1.75;0.33;4.2;2.18;0.76
04/11/24   ;22:00;0.3;13.3;17.2;0.3;1200;0;-0.1;0.12;0.03;177;0.06;0.01;0.19;0.1;0.03;1.69;0.29;3.5;2.07;0.71
04/11/24   ;23:00;0.43;13.3;17.2;0.43;1200;0;-0.1;0.12;0.03;151;0.07;0.01;0.2;0.12;0.04;1.98;0.35;4.64;2.48;0.88
05/11/24   ;00:00;0.5;13.4;17.1;0.5;1197;0;-0.14;0.16;0.04;155;0.08;0.01;0.28;0.13;0.05;1.93;0.54;3.74;2.37;0.76
05/11/24   ;01:00;0.52;13.4;17.1;0.52;1200;0;-0.09;0.13;0.03;154;0.06;0;0.16;0.1;0.03;1.92;0.38;3.88;2.49;0.84
05/11/24   ;02:00;0.49;13.4;17.1;0.49;1200;0;-0.04;0.06;0.01;161;0.03;0;0.09;0.05;0.02;1.85;0.32;3.83;2.43;0.77
05/11/24   ;03:00;0.39;13.3;17;0.39;1200;0;-0.05;0.04;0.01;154;0.03;0;0.07;0.05;0.02;1.94;0.39;3.77;2.14;0.66
05/11/24   ;04:00;0.29;13.3;16.9;0.29;1200;0;-0.05;0.05;0.01;184;0.03;0;0.09;0.05;0.02;1.62;0.29;3.65;2.16;0.68
05/11/24   ;05:00;0.24;13.3;16.9;0.24;1200;0;-0.1;0.11;0.03;139;0.06;0.01;0.2;0.1;0.04;2.14;0.36;4.51;2.8;0.88
05/11/24   ;06:00;0.26;13.4;16.9;0.25;1200;0;-0.12;0.14;0.03;149;0.08;0.01;0.22;0.13;0.04;2.01;0.54;3.94;2.77;0.86
05/11/24   ;07:00;0.32;13.4;16.9;0.32;1199;0;-0.14;0.14;0.04;169;0.08;0.01;0.25;0.13;0.04;1.75;0.33;3.81;2.36;0.79
05/11/24   ;08:00;0.44;13.4;17;0.44;1200;0;-0.17;0.15;0.05;189;0.12;0.02;0.27;0.18;0.05;1.58;0.44;3.39;1.85;0.58
05/11/24   ;09:00;0.56;13.4;17.1;0.56;1200;0;-0.11;0.15;0.04;197;0.1;0.01;0.26;0.15;0.04;1.52;0.32;3.32;1.81;0.51
05/11/24   ;10:00;0.66;13.4;17.1;0.66;1199;0;-0.15;0.19;0.05;200;0.11;0.01;0.32;0.18;0.06;1.49;0.28;3.43;1.8;0.57
05/11/24   ;11:00;0.73;13.4;17.4;0.73;1200;0;-0.17;0.17;0.05;184;0.11;0.02;0.32;0.17;0.05;1.62;0.35;3.3;1.91;0.63
05/11/24   ;12:00;0.72;13.4;17.3;0.72;1200;0;-0.12;0.13;0.04;183;0.1;0.02;0.23;0.15;0.05;1.63;0.41;3.74;1.92;0.66
05/11/24   ;13:00;0.63;13.4;17.3;0.63;1200;0;-0.14;0.15;0.04;195;0.09;0.02;0.25;0.15;0.05;1.53;0.27;3.32;1.83;0.58
05/11/24   ;14:00;0.49;13.4;17.2;0.48;1200;0;-0.11;0.12;0.04;158;0.09;0.01;0.19;0.14;0.04;1.88;0.37;3.78;2.34;0.71
05/11/24   ;15:00;0.31;13.4;17.1;0.31;1198;0;-0.13;0.12;0.04;146;0.1;0.01;0.23;0.15;0.04;2.02;0.41;4.23;2.46;0.86
05/11/24   ;16:00;0.14;13.4;16.9;0.15;1200;0;-0.12;0.13;0.04;186;0.09;0.01;0.23;0.14;0.04;1.6;0.36;3.27;1.88;0.59
05/11/24   ;17:00;0;13.4;16.8;0;1199;0;-0.09;0.11;0.03;178;0.08;0.01;0.19;0.12;0.04;1.66;0.38;3.86;2.07;0.61
05/11/24   ;18:00;-0.09;13.4;16.7;-0.09;1200;0;-0.12;0.14;0.04;183;0.09;0.01;0.25;0.14;0.04;1.63;0.28;3.33;1.93;0.61
05/11/24   ;19:00;-0.12;13.4;16.7;-0.12;1200;0;-0.14;0.17;0.04;172;0.1;0.01;0.27;0.16;0.05;1.73;0.3;3.61;2.14;0.63
05/11/24   ;20:00;-0.04;13.4;16.9;-0.04;1198;0;-0.12;0.13;0.04;163;0.09;0.01;0.23;0.14;0.04;1.82;0.46;4.1;2.15;0.71
05/11/24   ;21:00;0.1;13.3;17.2;0.1;1195;0;-0.12;0.12;0.03;185;0.07;0.01;0.21;0.1;0.03;1.6;0.34;3.7;2.18;0.69
05/11/24   ;22:00;0.26;13.4;17.1;0.26;1210;0;-0.13;0.19;0.04;170;0.09;0.01;0.31;0.14;0.05;1.76;0.38;3.67;2.06;0.68
05/11/24   ;23:00;0.38;13.3;16.9;0.38;1200;0;-0.12;0.14;0.04;157;0.09;0.01;0.25;0.14;0.05;1.9;0.35;3.94;2.21;0.75
06/11/24   ;00:00;0.46;13.3;17;0.46;1200;0;-0.1;0.1;0.03;174;0.07;0.01;0.19;0.1;0.03;1.7;0.27;4.07;2.19;0.71
06/11/24   ;01:00;0.52;13.3;16.9;0.52;1200;0;-0.09;0.09;0.03;156;0.06;0;0.14;0.1;0.03;1.91;0.3;4.2;2.43;0.77
06/11/24   ;02:00;0.5;13.4;16.9;0.5;1188;0;-0.06;0.05;0.01;168;0.03;0;0.09;0.05;0.02;1.76;0.42;3.8;2.33;0.74
06/11/24   ;03:00;0.44;13.4;16.8;0.44;1208;0;-0.03;0.03;0.01;199;0.02;0;0.05;0.03;0.01;1.51;0.29;3.8;1.93;0.72
06/11/24   ;04:00;0.37;13.4;16.8;0.37;1200;0;-0.06;0.06;0.02;169;0.05;0.01;0.12;0.07;0.02;1.76;0.32;3.94;2.07;0.66
06/11/24   ;05:00;0.31;13.3;16.7;0.31;1195;0;-0.08;0.09;0.02;129;0.06;0.01;0.15;0.09;0.03;2.3;0.32;4.35;3.1;0.94
06/11/24   ;06:00;0.29;13.3;16.6;0.29;1195;0;-0.14;0.12;0.04;131;0.08;0.01;0.23;0.14;0.05;2.26;0.42;4.31;2.98;0.95
06/11/24   ;07:00;0.32;13.4;16.7;0.32;1200;0;-0.14;0.1;0.04;143;0.09;0.01;0.22;0.14;0.04;2.08;0.27;4.04;2.55;0.87
06/11/24   ;08:00;0.4;13.3;16.7;0.41;1201;0;-0.22;0.26;0.05;177;0.13;0.02;0.4;0.2;0.07;1.69;0.36;3.54;2.05;0.65
06/11/24   ;09:00;0.51;13.4;17;0.51;1200;0;-0.13;0.17;0.04;192;0.09;0.01;0.24;0.14;0.04;1.55;0.35;3.31;1.82;0.58
06/11/24   ;10:00;0.59;13.3;16.9;0.59;1196;0;-0.12;0.17;0.04;192;0.11;0.02;0.28;0.16;0.05;1.54;0.5;2.89;1.76;0.5
06/11/24   ;11:00;0.65;13.4;16.8;0.65;1196;0;-0.13;0.15;0.04;190;0.1;0.01;0.25;0.15;0.04;1.57;0.29;3.55;1.97;0.62
06/11/24   ;12:00;0.65;13.4;16.8;0.65;1200;0;-0.15;0.17;0.04;183;0.11;0.01;0.27;0.16;0.04;1.63;0.31;3.31;1.95;0.58
06/11/24   ;13:00;0.58;13.4;16.9;0.58;1199;0;-0.15;0.16;0.04;183;0.09;0.01;0.29;0.14;0.05;1.62;0.37;2.97;2.01;0.6
06/11/24   ;14:00;0.45;13.4;16.9;0.45;1195;0;-0.11;0.13;0.04;177;0.09;0.01;0.22;0.14;0.04;1.68;0.36;3.67;1.95;0.62
06/11/24   ;15:00;0.32;13.3;16.8;0.31;1190;0;-0.13;0.14;0.04;160;0.09;0.02;0.25;0.14;0.05;1.84;0.35;4.63;2.23;0.78
06/11/24   ;16:00;0.17;13.4;16.7;0.17;1200;0;-0.17;0.13;0.04;166;0.1;0.01;0.26;0.15;0.05;1.8;0.27;4.38;2.24;0.74
06/11/24   ;17:00;0.04;13.4;16.5;0.04;1199;0;-0.1;0.11;0.03;182;0.08;0.01;0.17;0.12;0.04;1.63;0.29;4.04;1.94;0.67
06/11/24   ;18:00;-0.06;13.4;16.4;-0.06;1195;0;-0.15;0.15;0.04;157;0.09;0.02;0.24;0.14;0.04;1.9;0.26;4.54;2.22;0.81
06/11/24   ;19:00;-0.1;13.4;16.3;-0.1;1196;0;-0.11;0.12;0.04;150;0.09;0.01;0.2;0.13;0.04;1.98;0.27;4.15;2.57;0.84
06/11/24   ;20:00;-0.07;13.4;16.3;-0.07;1198;0;-0.16;0.13;0.04;150;0.1;0.02;0.26;0.15;0.05;1.98;0.63;4.37;2.31;0.74
06/11/24   ;21:00;0.02;13.4;16.8;0.02;1198;0;-0.11;0.14;0.03;173;0.08;0.01;0.2;0.12;0.04;1.72;0.44;3.85;1.99;0.59
06/11/24   ;22:00;0.14;13.4;16.9;0.14;1200;0;-0.09;0.1;0.03;159;0.07;0.01;0.16;0.1;0.03;1.88;0.33;4.44;2.22;0.73
06/11/24   ;23:00;0.25;13.4;16.8;0.25;1198;0;-0.08;0.1;0.02;196;0.05;0.01;0.16;0.08;0.03;1.52;0.3;3.18;1.82;0.55
07/11/24   ;00:00;0.32;13.4;16.6;0.32;1200;0;-0.08;0.08;0.02;158;0.05;0;0.15;0.08;0.03;1.86;0.36;4.1;2.68;0.87
07/11/24   ;01:00;0.39;13.3;16.6;0.39;1200;0;-0.1;0.11;0.02;162;0.06;0.01;0.2;0.09;0.03;1.84;0.27;4.13;2.25;0.77
07/11/24   ;02:00;0.43;13.3;16.6;0.43;1199;0;-0.06;0.09;0.02;159;0.04;0.01;0.14;0.07;0.02;1.87;0.33;3.91;2.54;0.89
07/11/24   ;03:00;0.42;13.3;16.5;0.42;1200;0;-0.05;0.04;0.01;182;0.03;0.01;0.08;0.04;0.01;1.64;0.26;3.13;1.87;0.56
07/11/24   ;04:00;0.41;13.4;16.4;0.41;1179;0;-0.09;0.1;0.02;159;0.05;0;0.19;0.08;0.03;1.84;0.38;3.45;2.31;0.7
07/11/24   ;05:00;0.37;13.3;16.3;0.37;1200;0;-0.13;0.13;0.03;142;0.07;0.01;0.26;0.11;0.04;2.09;0.3;4.84;2.46;0.82
07/11/24   ;06:00;0.35;13.4;16.3;0.35;1198;0;-0.11;0.13;0.03;140;0.07;0.01;0.2;0.12;0.04;2.12;0.32;4.18;2.74;0.92
07/11/24   ;07:00;0.34;13.3;16.3;0.34;1200;0;-0.11;0.14;0.04;161;0.08;0.01;0.22;0.13;0.04;1.84;0.32;4.05;2.45;0.77
07/11/24   ;08:00;0.38;13.3;16.4;0.37;1197;0;-0.23;0.22;0.05;169;0.12;0.01;0.45;0.2;0.07;1.76;0.41;3.35;2.18;0.64
07/11/24   ;09:00;0.41;13.3;16.4;0.41;1199;0;-0.17;0.13;0.04;185;0.1;0.01;0.25;0.16;0.05;1.61;0.4;3.61;1.95;0.62
07/11/24   ;10:00;0.47;13.4;16.4;0.47;1196;0;-0.21;0.19;0.05;175;0.12;0.03;0.36;0.18;0.06;1.7;0.46;3.59;2.05;0.61
07/11/24   ;11:00;0.51;13.4;16.4;0.51;1198;0;-0.11;0.13;0.04;178;0.1;0;0.23;0.14;0.04;1.67;0.33;3.87;2.02;0.68
07/11/24   ;12:00;0.53;13.3;16.4;0.53;1199;0;-0.11;0.11;0.03;191;0.08;0.01;0.18;0.12;0.04;1.55;0.28;3.34;1.86;0.62
07/11/24   ;13:00;0.5;13.4;16.4;0.5;1195;0;-0.15;0.14;0.04;178;0.1;0.01;0.23;0.15;0.05;1.67;0.32;3.73;2.05;0.7
07/11/24   ;14:00;0.42;13.4;16.5;0.42;1200;0;-0.11;0.14;0.04;162;0.09;0.01;0.22;0.14;0.04;1.84;0.39;4.16;2.1;0.67
07/11/24   ;15:00;0.32;13.4;16.5;0.32;1200;0;-0.1;0.12;0.04;177;0.09;0.01;0.19;0.14;0.04;1.69;0.32;3.67;2.06;0.63
07/11/24   ;16:00;0.19;13.4;16.3;0.19;1194;0;-0.12;0.16;0.04;174;0.1;0.01;0.28;0.16;0.05;1.69;0.42;3.41;2.09;0.63
07/11/24   ;17:00;0.1;13.3;16.2;0.09;1208;0;-0.12;0.15;0.04;156;0.11;0.01;0.25;0.16;0.05;1.92;0.4;4.41;2.52;0.84
07/11/24   ;18:00;0.02;13.4;16.2;0.01;1196;0;-0.14;0.14;0.05;156;0.12;0.02;0.26;0.18;0.06;1.9;0.4;4.09;2.43;0.77
07/11/24   ;19:00;-0.04;13.4;16;-0.04;1200;0;-0.12;0.16;0.04;164;0.1;0.02;0.27;0.16;0.05;1.82;0.27;3.61;2.03;0.59
07/11/24   ;20:00;-0.05;13.4;15.9;-0.05;1200;0;-0.12;0.13;0.04;171;0.09;0.01;0.22;0.13;0.04;1.75;0.38;3.7;2.29;0.73
07/11/24   ;21:00;-0.03;13.4;16.1;-0.03;1200;0;-0.11;0.14;0.04;163;0.09;0.01;0.21;0.13;0.04;1.82;0.26;4.42;2.16;0.74
07/11/24   ;22:00;0.03;13.4;16.4;0.03;1200;0;-0.08;0.09;0.03;159;0.07;0.01;0.14;0.1;0.03;1.87;0.42;3.98;2.38;0.76
07/11/24   ;23:00;0.1;13.4;16.4;0.1;1198;0;-0.08;0.1;0.03;180;0.06;0.01;0.14;0.09;0.03;1.66;0.38;3.85;2.07;0.7
08/11/24   ;00:00;0.17;13.4;16.4;0.17;1194;0;-0.12;0.13;0.03;160;0.07;0.01;0.23;0.12;0.04;1.86;0.38;4.03;2.19;0.72
08/11/24   ;01:00;0.24;13.3;16.4;0.24;1200;0;-0.07;0.1;0.02;146;0.06;0.01;0.15;0.09;0.03;2.03;0.29;4.07;2.45;0.71
08/11/24   ;02:00;0.3;13.4;16;0.3;1206;0;-0.06;0.07;0.02;201;0.04;0;0.12;0.07;0.02;1.49;0.35;3.34;1.91;0.64
08/11/24   ;03:00;0.34;13.4;16.1;0.34;1195;0;-0.08;0.09;0.02;180;0.05;0.01;0.16;0.08;0.03;1.66;0.36;3.9;1.92;0.67
08/11/24   ;04:00;0.37;13.3;15.9;0.37;1198;0;-0.05;0.05;0.01;187;0.03;0;0.09;0.05;0.02;1.59;0.33;3.44;1.92;0.68
08/11/24   ;05:00;0.38;13.4;15.9;0.38;1193;0;-0.17;0.14;0.04;150;0.08;0;0.31;0.14;0.05;1.98;0.37;3.84;2.42;0.73
08/11/24   ;06:00;0.38;13.3;15.9;0.38;1195;0;-0.1;0.1;0.03;171;0.08;0.01;0.17;0.12;0.03;1.74;0.47;3.47;1.97;0.55
08/11/24   ;07:00;0.36;13.4;16;0.36;1215;0;-0.17;0.2;0.05;154;0.12;0.01;0.33;0.2;0.06;1.96;0.27;4.12;2.39;0.73
08/11/24   ;08:00;0.35;13.4;15.8;0.35;1199;0;-0.12;0.17;0.05;164;0.11;0.01;0.27;0.17;0.05;1.82;0.38;3.74;2.17;0.68
08/11/24   ;09:00;0.34;13.3;15.8;0.34;1197;0;-0.15;0.18;0.05;170;0.12;0.01;0.31;0.17;0.05;1.74;0.33;3.73;2.06;0.62
08/11/24   ;10:00;0.34;13.3;15.8;0.34;1199;0;-0.16;0.17;0.05;181;0.13;0.01;0.33;0.2;0.06;1.65;0.35;3.49;2;0.58
08/11/24   ;11:00;0.36;13.3;16;0.36;1198;0;-0.14;0.15;0.04;205;0.09;0.01;0.28;0.15;0.05;1.45;0.32;2.6;1.71;0.48
08/11/24   ;12:00;0.37;13.4;16;0.37;1200;0;-0.12;0.17;0.04;203;0.09;0.01;0.26;0.14;0.04;1.46;0.28;3.3;1.68;0.55
08/11/24   ;13:00;0.38;13.4;16.1;0.37;1195;0;-0.13;0.14;0.04;188;0.1;0.01;0.24;0.15;0.05;1.58;0.37;3.06;1.85;0.51
08/11/24   ;14:00;0.34;13.4;16.1;0.34;1199;0;-0.12;0.16;0.04;195;0.09;0.01;0.24;0.13;0.04;1.54;0.35;3.49;1.86;0.56
08/11/24   ;15:00;0.3;13.4;16.1;0.3;1197;0;-0.13;0.14;0.04;175;0.09;0.01;0.25;0.14;0.04;1.69;0.29;5.04;2.12;0.75
08/11/24   ;16:00;0.24;13.4;16.1;0.24;1200;0;-0.11;0.14;0.04;191;0.09;0.01;0.24;0.13;0.04;1.56;0.33;3.16;1.73;0.51
08/11/24   ;17:00;0.18;13.4;16;0.18;1196;0;-0.14;0.13;0.04;172;0.11;0.01;0.27;0.16;0.05;1.73;0.45;3.88;1.95;0.67
08/11/24   ;18:00;0.11;13.4;16;0.11;1200;0;-0.19;0.19;0.06;167;0.13;0.02;0.38;0.21;0.07;1.79;0.6;4.18;2.22;0.68
08/11/24   ;19:00;0.05;13.4;15.8;0.05;1196;0;-0.17;0.17;0.05;167;0.11;0.01;0.28;0.18;0.06;1.78;0.47;3.4;2.09;0.62
08/11/24   ;20:00;-0.01;13.4;15.8;0;1201;0;-0.19;0.23;0.05;159;0.12;0.01;0.32;0.18;0.06;1.87;0.33;3.93;2.15;0.64
08/11/24   ;21:00;-0.03;13.4;15.6;-0.03;1199;0;-0.1;0.1;0.03;177;0.06;0.01;0.18;0.1;0.03;1.68;0.3;3.61;2.08;0.6
08/11/24   ;22:00;-0.03;13.4;15.6;-0.03;1199;0;-0.13;0.14;0.03;176;0.08;0.01;0.27;0.13;0.04;1.69;0.46;3.57;2.06;0.61
08/11/24   ;23:00;-0.02;13.4;15.7;-0.02;1195;0;-0.09;0.1;0.03;184;0.06;0.01;0.19;0.1;0.03;1.62;0.29;4.02;1.82;0.58
09/11/24   ;00:00;0.03;13.4;15.9;0.03;1199;0;-0.15;0.16;0.04;155;0.09;0.01;0.31;0.14;0.05;1.92;0.28;3.95;2.23;0.71
09/11/24   ;01:00;0.1;13.4;16;0.1;1196;0;-0.1;0.08;0.03;166;0.06;0.01;0.15;0.1;0.03;1.78;0.44;4.07;2.17;0.73
09/11/24   ;02:00;0.18;13.4;16;0.18;1200;0;-0.1;0.1;0.02;172;0.05;0.01;0.2;0.08;0.03;1.72;0.43;3.6;2.2;0.71
09/11/24   ;03:00;0.25;13.4;15.7;0.25;1195;0;-0.05;0.05;0.02;192;0.04;0.01;0.08;0.06;0.02;1.54;0.34;3.39;1.86;0.56
09/11/24   ;04:00;0.33;13.4;15.6;0.33;1200;0;-0.05;0.06;0.02;161;0.04;0.01;0.09;0.06;0.02;1.83;0.31;4.32;2.27;0.67
09/11/24   ;05:00;0.4;13.4;15.6;0.4;1199;0;-0.13;0.17;0.03;151;0.08;0.01;0.27;0.12;0.04;1.96;0.39;3.76;2.41;0.8
09/11/24   ;06:00;0.44;13.3;15.9;0.44;1200;0;-0.07;0.07;0.02;172;0.05;0.01;0.14;0.08;0.02;1.74;0.43;3.59;2.24;0.68
09/11/24   ;07:00;0.44;13.3;16;0.44;1199;0;-0.09;0.11;0.03;150;0.08;0.01;0.19;0.13;0.04;1.98;0.38;4.22;2.4;0.78
09/11/24   ;08:00;0.41;13.4;15.9;0.41;1216;0;-0.15;0.18;0.05;161;0.11;0.01;0.31;0.18;0.06;1.87;0.27;3.34;2.1;0.64
09/11/24   ;09:00;0.36;13.3;15.8;0.36;1200;0;-0.13;0.13;0.04;156;0.11;0.01;0.25;0.16;0.04;1.91;0.29;3.61;2.06;0.63
09/11/24   ;10:00;0.29;13.4;15.5;0.29;1182;0;-0.11;0.16;0.04;178;0.1;0.01;0.26;0.15;0.05;1.65;0.33;3.18;2.03;0.6
09/11/24   ;11:00;0.24;13.3;15.6;0.24;1194;0;-0.11;0.12;0.04;179;0.09;0.01;0.19;0.14;0.04;1.66;0.33;3.61;1.96;0.62
09/11/24   ;12:00;0.21;13.4;15.6;0.21;1220;0;-0.12;0.16;0.04;180;0.09;0.02;0.22;0.14;0.04;1.69;0.35;3.89;2.01;0.65
09/11/24   ;13:00;0.21;13.4;15.7;0.22;1200;0;-0.13;0.14;0.04;146;0.11;0.02;0.25;0.16;0.05;2.02;0.44;3.85;2.38;0.77
09/11/24   ;14:00;0.24;13.4;16;0.24;1200;0;-0.16;0.16;0.05;169;0.11;0.01;0.32;0.17;0.05;1.76;0.35;4.24;2.31;0.77
09/11/24   ;15:00;0.29;13.3;16.2;0.28;1192;0;-0.13;0.16;0.04;184;0.09;0.01;0.24;0.13;0.04;1.6;0.43;3.28;1.89;0.58
09/11/24   ;16:00;0.31;13.3;16.2;0.31;1200;0;-0.1;0.12;0.03;187;0.09;0.01;0.22;0.13;0.04;1.6;0.35;3.61;1.9;0.61
09/11/24   ;17:00;0.31;13.4;16.2;0.31;1194;0;-0.14;0.14;0.04;171;0.09;0.02;0.29;0.14;0.04;1.74;0.37;4.09;2.1;0.68
09/11/24   ;18:00;0.27;13.3;16.2;0.27;1200;0;-0.16;0.16;0.04;163;0.1;0.02;0.32;0.16;0.05;1.82;0.53;3.44;2.19;0.63
09/11/24   ;19:00;0.2;13.4;16.1;0.19;1200;0;-0.14;0.14;0.04;164;0.1;0.01;0.25;0.16;0.05;1.8;0.33;3.72;2.05;0.6
09/11/24   ;20:00;0.11;13.4;15.8;0.11;1196;0;-0.12;0.15;0.04;155;0.09;0.01;0.22;0.14;0.04;1.91;0.45;4;2.24;0.7
09/11/24   ;21:00;0.04;13.4;15.6;0.04;1199;0;-0.11;0.11;0.03;153;0.08;0.01;0.22;0.12;0.04;1.95;0.38;4.22;2.19;0.74
09/11/24   ;22:00;-0.02;13.4;15.5;-0.02;1195;0;-0.1;0.12;0.02;188;0.06;0.01;0.22;0.09;0.03;1.58;0.38;2.94;1.85;0.52
09/11/24   ;23:00;-0.06;13.4;15.5;-0.06;1195;0;-0.09;0.1;0.03;151;0.07;0.02;0.18;0.11;0.03;1.97;0.68;3.6;2.17;0.55
10/11/24   ;00:00;-0.06;13.4;15.5;-0.06;1197;0;-0.1;0.11;0.03;160;0.07;0.01;0.18;0.12;0.04;1.86;0.31;3.89;2.37;0.73
10/11/24   ;01:00;-0.03;13.4;15.7;-0.02;1200;0;-0.07;0.09;0.03;148;0.06;0.01;0.15;0.1;0.03;2.02;0.37;4.27;2.58;0.83
10/11/24   ;02:00;0.06;13.4;15.8;0.06;1197;0;-0.11;0.12;0.03;200;0.06;0.01;0.24;0.09;0.03;1.49;0.39;3.12;1.7;0.5
10/11/24   ;03:00;0.18;13.4;15.8;0.18;1199;0;-0.06;0.08;0.02;212;0.04;0;0.13;0.07;0.02;1.41;0.36;2.86;1.66;0.51
10/11/24   ;04:00;0.3;13.4;15.5;0.3;1196;0;-0.07;0.06;0.02;171;0.04;0.01;0.11;0.06;0.02;1.74;0.27;3.53;2.22;0.71
10/11/24   ;05:00;0.41;13.4;15.3;0.41;1199;0;-0.1;0.11;0.03;150;0.08;0.01;0.19;0.12;0.04;1.99;0.6;4.27;2.31;0.8
10/11/24   ;06:00;0.5;13.4;16;0.5;1200;0;-0.1;0.09;0.03;176;0.07;0.01;0.19;0.1;0.03;1.69;0.34;3.23;1.9;0.6
10/11/24   ;07:00;0.54;13.4;16.2;0.55;1197;0;-0.12;0.14;0.04;171;0.09;0.01;0.23;0.13;0.04;1.74;0.29;3.23;2.11;0.64
10/11/24   ;08:00;0.54;13.4;16.3;0.53;1207;0;-0.17;0.19;0.04;173;0.09;0.01;0.32;0.15;0.05;1.73;0.53;3.39;2.06;0.68
10/11/24   ;09:00;0.45;13.4;16.1;0.46;1199;0;-0.11;0.13;0.03;176;0.08;0.02;0.24;0.13;0.04;1.68;0.3;3.38;2.02;0.61
10/11/24   ;10:00;0.35;13.3;15.6;0.35;1193;0;-0.11;0.14;0.04;193;0.08;0.01;0.21;0.13;0.04;1.53;0.35;3.29;1.82;0.53
10/11/24   ;11:00;0.25;13.3;15.3;0.25;1199;0;-0.14;0.14;0.04;177;0.09;0.02;0.23;0.14;0.04;1.68;0.38;4.02;2;0.59
10/11/24   ;12:00;0.18;13.4;15.4;0.18;1199;0;-0.16;0.16;0.04;182;0.1;0.01;0.25;0.15;0.05;1.62;0.31;3.53;2.03;0.62
10/11/24   ;13:00;0.15;13.3;15.4;0.15;1200;0;-0.12;0.16;0.04;193;0.1;0.01;0.26;0.15;0.04;1.54;0.3;3.35;1.85;0.53
10/11/24   ;14:00;0.17;13.3;15.4;0.17;1194;0;-0.14;0.18;0.05;179;0.12;0.02;0.3;0.17;0.05;1.66;0.32;4.32;1.86;0.63
10/11/24   ;15:00;0.23;13.3;16.1;0.23;1199;0;-0.11;0.17;0.04;184;0.1;0.01;0.28;0.15;0.04;1.61;0.32;3.74;1.95;0.69
10/11/24   ;16:00;0.3;13.4;16.2;0.3;1200;0;-0.12;0.14;0.04;195;0.1;0.01;0.23;0.15;0.04;1.53;0.36;3.1;1.86;0.6
10/11/24   ;17:00;0.37;13.3;16.2;0.37;1198;0;-0.13;0.14;0.04;191;0.09;0;0.27;0.14;0.04;1.56;0.38;3.48;1.82;0.56
10/11/24   ;18:00;0.41;13.3;16.3;0.41;1196;0;-0.14;0.18;0.05;179;0.11;0.01;0.29;0.17;0.05;1.66;0.27;3.55;2.11;0.64
10/11/24   ;19:00;0.39;13.4;16.3;0.39;1200;0;-0.15;0.18;0.04;161;0.1;0.01;0.28;0.16;0.05;1.86;0.46;3.91;2.33;0.74
10/11/24   ;20:00;0.33;13.3;16.1;0.33;1199;0;-0.14;0.14;0.04;187;0.09;0.01;0.24;0.14;0.05;1.59;0.31;3.37;1.87;0.63
10/11/24   ;21:00;0.24;13.4;15.8;0.24;1198;0;-0.15;0.13;0.04;176;0.09;0.01;0.25;0.15;0.05;1.69;0.37;4.48;2.32;0.86
10/11/24   ;22:00;0.14;13.4;15.5;0.13;1200;0;-0.12;0.13;0.03;184;0.07;0;0.25;0.12;0.04;1.62;0.34;4.47;1.95;0.72
10/11/24   ;23:00;0.04;13.4;15.2;0.04;1195;0;-0.08;0.09;0.03;170;0.06;0.01;0.17;0.09;0.03;1.74;0.39;3.48;2.14;0.62
11/11/24   ;00:00;-0.02;13.4;15;-0.02;1200;0;-0.1;0.14;0.03;168;0.06;0.01;0.24;0.09;0.03;1.77;0.45;3.99;2.34;0.78
11/11/24   ;01:00;-0.04;13.4;15;-0.03;1192;0;-0.11;0.14;0.03;178;0.06;0;0.23;0.1;0.03;1.65;0.34;3.5;2.17;0.67
11/11/24   ;02:00;0.05;13.4;15.6;0.05;1200;0;-0.05;0.05;0.01;194;0.03;0;0.09;0.05;0.02;1.53;0.3;3.49;2;0.67
11/11/24   ;03:00;0.2;13.4;15.9;0.2;1197;0;-0.02;0.02;0.01;230;0.02;0;0.04;0.03;0.01;1.3;0.26;3.43;1.69;0.63
11/11/24   ;04:00;0.34;13.4;15.8;0.35;1200;0;-0.07;0.08;0.02;188;0.05;0;0.13;0.08;0.02;1.57;0.32;3.64;1.98;0.67
11/11/24   ;05:00;0.48;13.4;15.9;0.48;1200;0;-0.13;0.15;0.03;192;0.07;0;0.25;0.12;0.05;1.56;0.45;4.36;1.78;0.71
11/11/24   ;06:00;0.62;13.4;15.7;0.62;1200;0;-0.14;0.14;0.03;191;0.07;0.01;0.26;0.12;0.04;1.56;0.3;3.09;1.92;0.61
11/11/24   ;07:00;0.71;13.4;15.9;0.71;1196;0;-0.14;0.15;0.04;169;0.09;0.01;0.27;0.14;0.05;1.76;0.29;3.82;2.34;0.82
11/11/24   ;08:00;0.74;13.4;15.6;0.74;1199;0;-0.15;0.18;0.05;180;0.11;0.01;0.31;0.17;0.05;1.66;0.4;3.17;1.92;0.65
11/11/24   ;09:00;0.69;13.4;15.6;0.69;1199;0;-0.14;0.17;0.05;190;0.11;0.02;0.26;0.17;0.05;1.56;0.29;3.04;1.85;0.57
11/11/24   ;10:00;0.6;13.3;15.7;0.6;1195;0;-0.14;0.15;0.05;180;0.12;0.01;0.25;0.18;0.05;1.65;0.3;3.51;1.89;0.57
11/11/24   ;11:00;0.47;13.3;15.6;0.47;1200;0;-0.15;0.2;0.04;190;0.09;0.01;0.29;0.14;0.05;1.57;0.3;3.25;1.89;0.6
11/11/24   ;12:00;0.3;13.4;15.5;0.31;1200;0;-0.14;0.16;0.04;169;0.1;0.01;0.28;0.15;0.05;1.77;0.29;4.45;2.13;0.76
11/11/24   ;13:00;0.19;13.4;15.5;0.19;1192;0;-0.14;0.18;0.04;174;0.11;0.01;0.24;0.16;0.05;1.69;0.4;3.79;2.02;0.6
11/11/24   ;14:00;0.13;13.3;15.4;0.13;1197;0;-0.12;0.12;0.04;175;0.1;0.01;0.22;0.15;0.05;1.7;0.38;3.51;2.23;0.72
11/11/24   ;15:00;0.13;13.3;15.3;0.14;1198;0;-0.15;0.16;0.04;170;0.11;0.01;0.28;0.16;0.05;1.75;0.29;4.66;2.2;0.79
11/11/24   ;16:00;0.21;13.3;15.7;0.21;1197;0;-0.19;0.18;0.04;191;0.11;0.01;0.37;0.17;0.05;1.56;0.28;3.74;1.79;0.57
11/11/24   ;17:00;0.33;13.3;15.8;0.33;1200;0;-0.14;0.18;0.04;191;0.1;0.02;0.29;0.15;0.05;1.56;0.44;3.82;1.89;0.62
11/11/24   ;18:00;0.44;13.4;15.8;0.45;1195;0;-0.12;0.16;0.04;175;0.1;0.02;0.21;0.16;0.05;1.69;0.38;3.85;2.12;0.73
11/11/24   ;19:00;0.5;13.3;15.5;0.5;1200;0;-0.13;0.16;0.04;174;0.1;0.01;0.27;0.15;0.05;1.71;0.36;4.27;2.04;0.68
11/11/24   ;20:00;0.5;13.3;15.4;0.5;1200;0;-0.09;0.12;0.03;180;0.08;0.01;0.2;0.12;0.04;1.66;0.29;3.94;2.21;0.74
11/11/24   ;21:00;0.43;13.4;15.5;0.43;1198;0;-0.1;0.1;0.03;164;0.07;0.01;0.2;0.12;0.04;1.8;0.27;3.83;2.34;0.77
11/11/24   ;22:00;0.3;13.4;15.5;0.3;1200;0;-0.13;0.14;0.03;184;0.08;0;0.22;0.12;0.04;1.62;0.31;3.36;2.12;0.69
11/11/24   ;23:00;0.17;13.4;15.2;0.17;1198;0;-0.08;0.07;0.02;193;0.06;0.01;0.12;0.08;0.02;1.54;0.37;3.47;1.76;0.59
12/11/24   ;00:00;0.06;13.4;14.8;0.06;1200;0;-0.12;0.11;0.03;180;0.07;0.01;0.23;0.11;0.04;1.66;0.39;3.64;2.05;0.67
12/11/24   ;01:00;-0.02;13.4;14.4;-0.02;1200;0;-0.07;0.07;0.02;171;0.06;0.01;0.13;0.09;0.03;1.74;0.33;3.86;2.3;0.81
12/11/24   ;02:00;-0.01;13.4;14.2;-0.01;1196;0;-0.05;0.06;0.02;224;0.04;0;0.11;0.06;0.02;1.33;0.31;3.77;1.69;0.61
12/11/24   ;03:00;0.1;13.4;15;0.1;1193;0;-0.15;0.1;0.02;219;0.04;0;0.25;0.07;0.03;1.35;0.3;3.1;1.89;0.65
12/11/24   ;04:00;0.27;13.4;15.3;0.27;1199;0;-0.13;0.13;0.03;203;0.07;0.01;0.25;0.11;0.04;1.47;0.34;3.52;1.79;0.61
12/11/24   ;05:00;0.45;13.4;14.5;0.45;1200;0;-0.15;0.16;0.04;151;0.09;0.01;0.26;0.16;0.05;1.98;0.37;4.18;2.6;0.85
12/11/24   ;06:00;0.63;13.4;14.2;0.63;1200;0;-0.12;0.12;0.03;207;0.07;0.01;0.19;0.11;0.04;1.44;0.36;3.4;1.82;0.57
12/11/24   ;07:00;0.76;13.4;14.2;0.76;1195;0;-0.15;0.19;0.04;174;0.1;0.01;0.28;0.16;0.05;1.7;0.34;3.61;2.03;0.72
12/11/24   ;08:00;0.83;13.4;14.6;0.83;1195;0;-0.15;0.22;0.05;207;0.12;0.01;0.34;0.2;0.07;1.43;0.34;3.13;1.73;0.54
12/11/24   ;09:00;0.83;13.4;14.6;0.83;1197;0;-0.13;0.2;0.04;203;0.1;0.02;0.26;0.15;0.05;1.46;0.4;3.42;1.7;0.53
12/11/24   ;10:00;0.72;13.4;14.3;0.72;1200;0;-0.15;0.17;0.04;201;0.1;0.02;0.27;0.16;0.05;1.48;0.33;2.74;1.7;0.52
12/11/24   ;11:00;0.56;13.4;14.1;0.56;1200;0;-0.11;0.13;0.04;186;0.09;0.01;0.22;0.15;0.05;1.6;0.31;3.22;1.91;0.6
12/11/24   ;12:00;0.37;13.3;14.1;0.36;1200;0;-0.1;0.12;0.04;195;0.09;0.01;0.21;0.13;0.04;1.53;0.31;3.71;1.85;0.58
12/11/24   ;13:00;0.19;13.4;14.3;0.19;1198;0;-0.15;0.13;0.04;172;0.1;0.02;0.24;0.15;0.04;1.72;0.33;4.66;2.12;0.69
12/11/24   ;14:00;0.05;13.4;14.3;0.05;1200;0;-0.12;0.18;0.04;166;0.1;0.02;0.3;0.16;0.05;1.8;0.38;4.04;2.42;0.83
12/11/24   ;15:00;-0.01;13.3;14.1;-0.01;1200;0;-0.13;0.13;0.04;185;0.1;0.01;0.22;0.15;0.05;1.61;0.31;3.84;1.98;0.63
12/11/24   ;16:00;0.02;13.3;14;0.02;1200;0;-0.13;0.17;0.04;187;0.1;0.02;0.23;0.16;0.05;1.6;0.5;5.11;1.9;0.6
12/11/24   ;17:00;0.16;13.3;14.3;0.16;1200;0;-0.14;0.18;0.04;191;0.1;0;0.29;0.16;0.05;1.56;0.32;4.22;1.88;0.66
12/11/24   ;18:00;0.32;13.3;14.3;0.32;1200;0;-0.15;0.19;0.05;175;0.12;0.02;0.28;0.19;0.06;1.69;0.38;4.08;1.97;0.63
12/11/24   ;19:00;0.45;13.4;14;0.45;1198;0;-0.13;0.13;0.04;181;0.1;0.01;0.22;0.15;0.04;1.64;0.31;3.68;1.91;0.61
12/11/24   ;20:00;0.52;13.4;14;0.52;1197;0;-0.13;0.18;0.04;165;0.11;0.02;0.28;0.16;0.05;1.8;0.34;3.57;2.27;0.72
12/11/24   ;21:00;0.5;13.3;13.9;0.5;1199;0;-0.1;0.1;0.03;190;0.07;0.01;0.18;0.11;0.03;1.56;0.41;3.4;2.12;0.68
12/11/24   ;22:00;0.4;13.4;13.9;0.4;1200;0;-0.08;0.08;0.02;172;0.05;0.01;0.15;0.08;0.03;1.74;0.36;3.64;2.1;0.68
12/11/24   ;23:00;0.24;13.4;13.9;0.24;1200;0;-0.1;0.14;0.03;141;0.06;0.01;0.2;0.1;0.04;2.1;0.3;3.7;2.51;0.81
13/11/24   ;00:00;0.08;13.4;13.8;0.08;1200;0;-0.11;0.13;0.03;131;0.08;0.01;0.21;0.13;0.04;2.29;0.37;4.57;3.18;1.02
13/11/24   ;01:00;-0.04;13.4;13.4;-0.04;1200;0;-0.07;0.06;0.02;143;0.05;0;0.11;0.08;0.02;2.07;0.3;4.15;2.87;0.93
13/11/24   ;02:00;-0.07;13.4;13.1;-0.07;1199;0;-0.04;0.03;0.01;159;0.02;0;0.06;0.04;0.01;1.87;0.29;3.81;2.11;0.69
13/11/24   ;03:00;0;13.4;13.6;0;1194;0;-0.04;0.04;0.01;178;0.03;0;0.07;0.05;0.02;1.66;0.28;4.07;2.22;0.74
13/11/24   ;04:00;0.17;13.4;13.6;0.17;1194;0;-0.05;0.05;0.02;179;0.04;0.01;0.1;0.06;0.02;1.66;0.38;3.46;1.86;0.59
13/11/24   ;05:00;0.38;13.4;13.6;0.38;1200;0;-0.11;0.17;0.04;150;0.08;0.01;0.27;0.14;0.05;1.99;0.48;4.57;2.53;0.96
13/11/24   ;06:00;0.56;13.4;13.4;0.56;1200;0;-0.14;0.16;0.03;193;0.08;0.01;0.27;0.12;0.04;1.55;0.3;4.33;1.83;0.66
13/11/24   ;07:00;0.72;13.4;13.5;0.72;1199;0;-0.12;0.17;0.05;174;0.11;0.01;0.27;0.16;0.05;1.71;0.33;4.41;2.08;0.69
13/11/24   ;08:00;0.83;13.4;14.3;0.83;1200;0;-0.14;0.16;0.05;188;0.11;0.02;0.25;0.17;0.05;1.58;0.27;3.87;1.82;0.64
13/11/24   ;09:00;0.85;13.4;14.6;0.85;1199;0;-0.17;0.21;0.05;196;0.12;0.01;0.35;0.19;0.06;1.52;0.37;3.57;1.7;0.53
13/11/24   ;10:00;0.79;13.4;14.4;0.79;1195;0;-0.14;0.2;0.04;183;0.11;0.01;0.26;0.16;0.05;1.62;0.42;3.4;1.93;0.63
13/11/24   ;11:00;0.61;13.4;13.9;0.6;1199;0;-0.11;0.12;0.04;173;0.1;0.02;0.21;0.14;0.04;1.72;0.4;3.23;2.12;0.6
13/11/24   ;12:00;0.39;13.4;13.4;0.39;1197;0;-0.15;0.2;0.04;152;0.1;0.02;0.28;0.15;0.04;1.96;0.51;3.87;2.4;0.73
13/11/24   ;13:00;0.18;13.4;13.3;0.18;1195;0;-0.11;0.14;0.04;180;0.09;0.01;0.22;0.13;0.04;1.65;0.3;3.5;2.03;0.69
13/11/24   ;14:00;0;13.4;13.2;0;1197;0;-0.12;0.13;0.04;178;0.08;0.01;0.23;0.13;0.04;1.67;0.37;3.52;2.11;0.68
13/11/24   ;15:00;-0.12;13.4;13.1;-0.11;1197;0;-0.13;0.14;0.04;156;0.1;0.01;0.24;0.15;0.05;1.9;0.31;4.05;2.3;0.73
13/11/24   ;16:00;-0.13;13.4;12.9;-0.13;1183;0;-0.12;0.16;0.04;186;0.09;0.01;0.25;0.14;0.04;1.58;0.38;3.8;1.92;0.61
13/11/24   ;17:00;-0.01;13.4;13.5;-0.01;1197;0;-0.16;0.18;0.04;182;0.11;0.02;0.27;0.16;0.05;1.63;0.26;4.61;1.9;0.62
13/11/24   ;18:00;0.18;13.3;13.4;0.18;1200;0;-0.19;0.16;0.04;192;0.1;0.01;0.3;0.16;0.05;1.55;0.3;3.54;1.87;0.58
13/11/24   ;19:00;0.37;13.4;13.1;0.37;1192;0;-0.13;0.14;0.04;155;0.11;0.02;0.26;0.16;0.05;1.91;0.58;3.99;2.28;0.78
13/11/24   ;20:00;0.48;13.4;13.3;0.48;1191;0;-0.1;0.13;0.04;166;0.09;0.01;0.2;0.14;0.04;1.78;0.33;3.9;2.31;0.77
13/11/24   ;21:00;0.54;13.4;13.3;0.54;1198;0;-0.13;0.14;0.03;207;0.07;0.01;0.23;0.11;0.04;1.43;0.32;3.93;1.92;0.65
13/11/24   ;22:00;0.54;13.3;13.2;0.54;1199;0;-0.09;0.15;0.03;209;0.07;0.01;0.22;0.11;0.04;1.42;0.36;3.08;1.8;0.62
13/11/24   ;23:00;0.44;13.3;13.1;0.45;1200;0;-0.14;0.12;0.04;220;0.08;0.01;0.22;0.13;0.04;1.36;0.35;3.25;1.63;0.51
14/11/24   ;00:00;0.33;13.4;13;0.33;1196;0;-0.09;0.08;0.03;198;0.07;0.01;0.16;0.1;0.03;1.49;0.31;2.95;1.93;0.6
14/11/24   ;01:00;0.2;13.4;13;0.2;1207;0;-0.13;0.12;0.03;158;0.08;0.01;0.19;0.12;0.04;1.88;0.35;4.12;2.59;0.86
14/11/24   ;02:00;0.13;13.3;12.9;0.13;1200;0;-0.07;0.06;0.02;176;0.04;0.01;0.13;0.06;0.02;1.69;0.32;3.68;2.31;0.78
14/11/24   ;03:00;0.13;13.3;12.7;0.13;1200;0;-0.04;0.04;0.01;195;0.03;0;0.08;0.04;0.01;1.53;0.3;3.62;2.13;0.77
14/11/24   ;04:00;0.25;13.3;13;0.25;1200;0;-0.06;0.06;0.02;179;0.04;0.01;0.1;0.06;0.02;1.66;0.32;3.25;2.01;0.63
14/11/24   ;05:00;0.44;13.4;13.4;0.44;1193;0;-0.11;0.14;0.03;176;0.06;0.01;0.21;0.1;0.03;1.69;0.28;4.74;2.29;0.79
14/11/24   ;06:00;0.61;13.4;13.5;0.61;1200;0;-0.15;0.22;0.04;186;0.1;0.01;0.34;0.17;0.06;1.59;0.26;4.29;1.86;0.65
14/11/24   ;07:00;0.76;13.4;13.8;0.76;1200;0;-0.13;0.16;0.04;194;0.1;0.01;0.25;0.16;0.05;1.53;0.28;3.18;1.97;0.59
14/11/24   ;08:00;0.88;13.4;14;0.88;1199;0;-0.16;0.21;0.05;198;0.11;0.02;0.37;0.19;0.06;1.51;0.31;3.74;1.84;0.58
14/11/24   ;09:00;0.93;13.4;14.1;0.93;1200;0;-0.16;0.15;0.05;198;0.11;0.02;0.27;0.17;0.05;1.51;0.27;3.23;1.72;0.56
14/11/24   ;10:00;0.89;13.4;14;0.89;1200;0;-0.15;0.19;0.05;177;0.13;0.02;0.32;0.19;0.06;1.67;0.39;3.46;1.9;0.57
14/11/24   ;11:00;0.75;13.4;13.9;0.75;1200;0;-0.15;0.15;0.04;189;0.1;0.01;0.29;0.15;0.05;1.58;0.26;3.56;1.85;0.62
14/11/24   ;12:00;0.54;13.4;13.6;0.54;1197;0;-0.16;0.14;0.04;178;0.09;0.01;0.28;0.14;0.04;1.67;0.47;3.35;2.06;0.66
14/11/24   ;13:00;0.31;13.4;13.2;0.31;1200;0;-0.13;0.11;0.04;176;0.1;0;0.21;0.14;0.04;1.7;0.26;4.42;2.01;0.73
14/11/24   ;14:00;0.08;13.4;12.8;0.08;1196;0;-0.13;0.16;0.04;170;0.1;0.01;0.27;0.15;0.05;1.74;0.43;3.84;2.05;0.65
14/11/24   ;15:00;-0.11;13.4;12.5;-0.11;1196;0;-0.14;0.16;0.04;155;0.1;0;0.26;0.16;0.05;1.92;0.26;3.89;2.43;0.8
14/11/24   ;16:00;-0.21;13.4;12.3;-0.21;1196;0;-0.13;0.21;0.03;190;0.08;0;0.34;0.12;0.04;1.56;0.32;4.12;1.94;0.66
14/11/24   ;17:00;-0.2;13.4;12.2;-0.2;1200;0;-0.15;0.16;0.04;175;0.09;0.01;0.31;0.14;0.04;1.71;0.35;4.08;2.13;0.69
14/11/24   ;18:00;-0.03;13.3;12.7;-0.03;1199;0;-0.15;0.16;0.04;177;0.11;0.02;0.26;0.16;0.05;1.68;0.29;3.79;2.02;0.67
14/11/24   ;19:00;0.18;13.4;12.9;0.18;1197;0;-0.15;0.17;0.04;194;0.11;0.01;0.28;0.16;0.05;1.54;0.34;3.24;1.81;0.57
14/11/24   ;20:00;0.35;13.4;12.5;0.36;1200;0;-0.14;0.19;0.04;175;0.09;0;0.34;0.15;0.05;1.71;0.28;3.22;2.06;0.68
14/11/24   ;21:00;0.49;13.4;12.8;0.49;1197;0;-0.12;0.13;0.04;164;0.09;0.02;0.22;0.14;0.04;1.81;0.5;3.73;2.21;0.7
14/11/24   ;22:00;0.55;13.4;12.8;0.56;1208;0;-0.08;0.09;0.02;185;0.05;0;0.17;0.08;0.03;1.62;0.36;3.67;1.84;0.68
14/11/24   ;23:00;0.54;13.3;12.7;0.54;1200;0;-0.06;0.08;0.02;190;0.05;0;0.12;0.07;0.02;1.57;0.3;3.6;2.27;0.75
15/11/24   ;00:00;0.44;13.3;12.6;0.44;1193;0;-0.07;0.08;0.02;159;0.05;0.01;0.12;0.08;0.02;1.86;0.28;3.98;2.24;0.67
15/11/24   ;01:00;0.29;13.4;12.5;0.29;1197;0;-0.06;0.07;0.02;158;0.05;0.01;0.12;0.08;0.03;1.88;0.32;3.66;2.4;0.78
15/11/24   ;02:00;0.16;13.4;12.4;0.16;1200;0;-0.07;0.08;0.02;146;0.05;0.01;0.14;0.08;0.03;2.04;0.27;3.79;2.59;0.81
15/11/24   ;03:00;0.09;13.4;12.3;0.09;1198;0;-0.04;0.04;0.01;191;0.02;0;0.05;0.04;0.01;1.56;0.28;3.62;2.16;0.78
15/11/24   ;04:00;0.1;13.3;12.1;0.1;1199;0;-0.1;0.09;0.02;162;0.04;0;0.18;0.07;0.03;1.84;0.36;3.97;2.42;0.77
15/11/24   ;05:00;0.22;13.4;12.5;0.21;1198;0;-0.1;0.12;0.03;139;0.07;0.01;0.22;0.12;0.04;2.14;0.32;3.92;2.9;0.83
15/11/24   ;06:00;0.41;13.4;12.7;0.41;1197;0;-0.08;0.08;0.02;193;0.06;0.01;0.14;0.09;0.03;1.54;0.39;3.35;1.78;0.57
15/11/24   ;07:00;0.59;13.4;12.7;0.59;1200;0;-0.12;0.14;0.04;187;0.09;0.01;0.26;0.14;0.05;1.59;0.4;4.2;2.05;0.63
15/11/24   ;08:00;0.75;13.4;13.1;0.75;1199;0;-0.19;0.21;0.05;189;0.13;0.03;0.32;0.2;0.06;1.57;0.3;3.13;1.9;0.59
15/11/24   ;09:00;0.84;13.4;13.2;0.84;1200;0;-0.16;0.18;0.05;182;0.12;0.02;0.31;0.18;0.06;1.63;0.3;3.54;1.83;0.63
15/11/24   ;10:00;0.86;13.4;13.2;0.86;1200;0;-0.14;0.17;0.04;199;0.11;0.02;0.28;0.16;0.05;1.5;0.34;3.34;1.72;0.59
15/11/24   ;11:00;0.74;13.4;13.1;0.74;1189;0;-0.12;0.14;0.04;180;0.1;0.01;0.25;0.15;0.05;1.65;0.33;4.18;1.9;0.69
15/11/24   ;12:00;0.53;13.4;13;0.53;1200;0;-0.12;0.16;0.04;176;0.09;0.01;0.26;0.14;0.04;1.69;0.45;3.58;1.96;0.61
15/11/24   ;13:00;0.3;13.4;12.7;0.3;1194;0;-0.13;0.15;0.04;174;0.09;0.01;0.27;0.15;0.05;1.7;0.35;3.93;2.14;0.69
15/11/24   ;14:00;0.06;13.4;12.5;0.06;1196;0;-0.1;0.11;0.03;162;0.08;0.01;0.18;0.12;0.03;1.84;0.42;4.57;2.37;0.8
15/11/24   ;15:00;-0.14;13.4;12.2;-0.15;1200;0;-0.11;0.13;0.04;166;0.09;0.02;0.2;0.13;0.04;1.78;0.27;4.38;2.24;0.73
15/11/24   ;16:00;-0.28;13.4;12;-0.27;1200;0;-0.1;0.1;0.03;183;0.08;0.01;0.18;0.11;0.03;1.62;0.42;4.45;1.98;0.68
15/11/24   ;17:00;-0.3;13.4;11.9;-0.3;1200;0;-0.13;0.14;0.04;184;0.1;0.01;0.23;0.15;0.04;1.62;0.37;3.72;1.93;0.6
15/11/24   ;18:00;-0.18;13.4;12.4;-0.18;1200;0;-0.1;0.14;0.04;192;0.1;0;0.22;0.15;0.04;1.55;0.26;2.72;1.76;0.53
15/11/24   ;19:00;0.03;13.4;12.4;0.03;1200;0;-0.15;0.16;0.04;181;0.1;0.02;0.31;0.16;0.05;1.65;0.47;3.55;1.96;0.66
15/11/24   ;20:00;0.25;13.4;11.8;0.25;1199;0;-0.17;0.19;0.05;177;0.11;0.02;0.33;0.17;0.05;1.69;0.51;3.78;1.98;0.58
15/11/24   ;21:00;0.42;13.4;12.2;0.42;1200;0;-0.18;0.19;0.04;180;0.1;0.01;0.37;0.16;0.06;1.65;0.29;3.88;2.02;0.65
15/11/24   ;22:00;0.53;13.4;12.2;0.53;1200;0;-0.09;0.09;0.02;168;0.06;0;0.18;0.09;0.03;1.77;0.29;3.69;2.04;0.67
15/11/24   ;23:00;0.57;13.3;12.6;0.57;1195;0;-0.09;0.1;0.03;176;0.07;0.01;0.18;0.11;0.03;1.69;0.28;3.53;2.02;0.68
16/11/24   ;00:00;0.54;13.3;12.5;0.54;1198;0;-0.09;0.07;0.02;177;0.06;0;0.15;0.09;0.03;1.68;0.4;3.7;2.09;0.67
16/11/24   ;01:00;0.43;13.3;12.2;0.43;1197;0;-0.08;0.07;0.02;146;0.06;0.01;0.14;0.09;0.03;2.04;0.49;3.68;2.55;0.79
16/11/24   ;02:00;0.28;13.4;11.9;0.28;1199;0;-0.08;0.07;0.02;164;0.05;0;0.12;0.07;0.02;1.81;0.32;3.9;2.44;0.78
16/11/24   ;03:00;0.19;13.4;11.8;0.19;1200;0;-0.05;0.05;0.02;172;0.04;0;0.08;0.06;0.02;1.74;0.26;4.09;2.51;0.88
16/11/24   ;04:00;0.15;13.4;11.7;0.15;1172;0;-0.07;0.1;0.03;139;0.06;0.01;0.15;0.09;0.03;2.09;0.3;4.66;2.75;1
16/11/24   ;05:00;0.22;13.3;12;0.22;1194;0;-0.1;0.11;0.03;176;0.06;0;0.16;0.09;0.03;1.67;0.28;3.64;2.24;0.72
16/11/24   ;06:00;0.36;13.3;12.3;0.36;1195;0;-0.14;0.12;0.03;182;0.07;0.01;0.2;0.11;0.03;1.62;0.41;3.4;1.91;0.58
16/11/24   ;07:00;0.53;13.3;12.4;0.53;1194;0;-0.1;0.12;0.04;165;0.08;0.01;0.19;0.13;0.04;1.79;0.32;3.85;2.37;0.86
16/11/24   ;08:00;0.68;13.4;12.6;0.68;1200;0;-0.17;0.18;0.05;184;0.11;0.01;0.31;0.18;0.06;1.62;0.39;3.7;1.91;0.67
16/11/24   ;09:00;0.79;13.4;12.8;0.79;1200;0;-0.17;0.18;0.04;182;0.1;0.02;0.33;0.15;0.05;1.64;0.62;3.72;1.87;0.6
16/11/24   ;10:00;0.84;13.4;12.9;0.84;1200;0;-0.15;0.2;0.04;194;0.11;0.02;0.32;0.17;0.05;1.54;0.34;3.45;1.93;0.57
16/11/24   ;11:00;0.81;13.4;12.9;0.81;1200;0;-0.15;0.14;0.04;189;0.11;0.01;0.28;0.16;0.05;1.57;0.39;3.57;2.03;0.63
16/11/24   ;12:00;0.67;13.4;12.8;0.67;1200;0;-0.13;0.15;0.04;188;0.09;0.02;0.24;0.14;0.04;1.59;0.37;3.55;2;0.63
16/11/24   ;13:00;0.46;13.4;12.5;0.46;1199;0;-0.15;0.2;0.04;160;0.11;0.01;0.29;0.16;0.05;1.85;0.33;3.92;2.24;0.71
16/11/24   ;14:00;0.23;13.4;12.3;0.23;1192;0;-0.11;0.14;0.04;168;0.09;0.02;0.2;0.14;0.04;1.76;0.37;4.28;2.04;0.66
16/11/24   ;15:00;0.02;13.4;12;0.02;1200;0;-0.14;0.14;0.04;162;0.1;0.01;0.28;0.15;0.05;1.84;0.29;3.94;2.23;0.8
16/11/24   ;16:00;-0.16;13.4;11.8;-0.16;1200;0;-0.14;0.17;0.04;183;0.09;0.01;0.26;0.14;0.04;1.63;0.53;3.76;1.88;0.6
16/11/24   ;17:00;-0.28;13.4;11.7;-0.28;1200;0;-0.13;0.13;0.04;184;0.09;0.02;0.23;0.14;0.04;1.62;0.38;4.11;1.99;0.68
16/11/24   ;18:00;-0.25;13.4;11.7;-0.25;1197;0;-0.18;0.16;0.04;164;0.1;0.01;0.28;0.16;0.05;1.82;0.49;3.74;2.16;0.68
16/11/24   ;19:00;-0.08;13.4;12.1;-0.07;1193;0;-0.14;0.16;0.04;185;0.1;0.01;0.26;0.15;0.05;1.6;0.32;3.76;1.88;0.6
16/11/24   ;20:00;0.14;13.4;12.1;0.14;1195;0;-0.11;0.15;0.04;176;0.1;0.03;0.23;0.15;0.04;1.69;0.42;3.84;2.06;0.68
16/11/24   ;21:00;0.33;13.4;11.8;0.33;1200;0;-0.15;0.16;0.04;172;0.1;0.02;0.3;0.15;0.05;1.73;0.54;3.97;2.18;0.71
16/11/24   ;22:00;0.49;13.4;12;0.49;1200;0;-0.08;0.12;0.03;161;0.06;0;0.19;0.09;0.03;1.84;0.36;3.91;2.29;0.81
16/11/24   ;23:00;0.6;13.4;12.4;0.6;1200;0;-0.11;0.12;0.03;167;0.08;0.01;0.2;0.13;0.04;1.78;0.33;3.56;2.04;0.7
17/11/24   ;00:00;0.63;13.3;12.8;0.63;1197;0;-0.13;0.15;0.04;170;0.08;0.01;0.27;0.13;0.05;1.76;0.29;3.5;2.07;0.65
17/11/24   ;01:00;0.57;13.4;12.4;0.57;1197;0;-0.09;0.1;0.03;148;0.06;0.01;0.18;0.11;0.04;2.01;0.36;4;2.49;0.78
17/11/24   ;02:00;0.46;13.3;12;0.46;1195;0;-0.05;0.05;0.02;148;0.04;0.01;0.09;0.06;0.02;1.99;0.44;3.74;2.4;0.75
17/11/24   ;03:00;0.35;13.4;11.8;0.35;1200;0;-0.05;0.06;0.02;171;0.04;0.01;0.11;0.06;0.02;1.75;0.3;3.19;1.94;0.6
17/11/24   ;04:00;0.27;13.4;11.7;0.27;1197;0;-0.04;0.05;0.01;191;0.03;0.01;0.09;0.05;0.02;1.55;0.32;3.32;1.7;0.61
17/11/24   ;05:00;0.26;13.4;11.7;0.26;1195;0;-0.06;0.06;0.02;151;0.04;0.01;0.11;0.06;0.02;1.97;0.31;3.48;2.41;0.76
17/11/24   ;06:00;0.34;13.3;12;0.34;1189;0;-0.08;0.1;0.02;174;0.05;0;0.17;0.08;0.03;1.7;0.37;3.44;2.27;0.68
17/11/24   ;07:00;0.48;13.3;12;0.48;1200;0;-0.12;0.13;0.04;149;0.09;0.01;0.23;0.13;0.04;2;0.3;3.96;2.47;0.86
17/11/24   ;08:00;0.62;13.3;12.1;0.62;1200;0;-0.21;0.28;0.06;179;0.13;0;0.44;0.21;0.07;1.66;0.39;3.21;2.09;0.64
17/11/24   ;09:00;0.74;13.4;12.2;0.74;1194;0;-0.14;0.18;0.04;186;0.1;0.02;0.27;0.15;0.05;1.59;0.32;3.06;1.84;0.58
17/11/24   ;10:00;0.82;13.4;12.8;0.82;1200;0;-0.12;0.15;0.04;195;0.1;0.01;0.24;0.15;0.05;1.52;0.31;3.23;1.85;0.59
17/11/24   ;11:00;0.83;13.3;12.9;0.83;1200;0;-0.13;0.15;0.04;203;0.1;0.01;0.27;0.16;0.05;1.46;0.26;3.61;1.7;0.51
17/11/24   ;12:00;0.75;13.3;12.8;0.75;1200;0;-0.13;0.18;0.04;177;0.1;0.01;0.31;0.16;0.05;1.69;0.41;3.26;2.01;0.6
17/11/24   ;13:00;0.58;13.3;12.3;0.58;1199;0;-0.14;0.17;0.04;172;0.11;0.02;0.28;0.16;0.05;1.72;0.31;3.79;2.02;0.71
17/11/24   ;14:00;0.39;13.3;12.1;0.39;1200;0;-0.09;0.11;0.03;176;0.08;0.01;0.2;0.12;0.04;1.68;0.39;3.61;2.02;0.63
17/11/24   ;15:00;0.16;13.4;12;0.16;1200;0;-0.11;0.12;0.04;173;0.09;0.01;0.21;0.15;0.04;1.72;0.44;3.72;2.02;0.64
17/11/24   ;16:00;-0.03;13.4;11.7;-0.03;1187;0;-0.12;0.13;0.04;171;0.08;0.01;0.21;0.13;0.04;1.71;0.32;3.39;1.97;0.63
17/11/24   ;17:00;-0.17;13.4;11.7;-0.17;1200;0;-0.14;0.13;0.04;176;0.09;0.01;0.23;0.14;0.04;1.7;0.37;3.72;2.02;0.64
17/11/24   ;18:00;-0.23;13.4;11.7;-0.23;1195;0;-0.13;0.13;0.03;183;0.07;0.01;0.22;0.12;0.04;1.62;0.34;3.64;1.9;0.69
17/11/24   ;19:00;-0.14;13.4;11.9;-0.14;1196;0;-0.12;0.12;0.03;174;0.08;0;0.19;0.12;0.03;1.71;0.41;3.49;1.99;0.56
17/11/24   ;20:00;0.06;13.4;11.9;0.07;1196;0;-0.12;0.16;0.04;182;0.09;0.01;0.24;0.13;0.04;1.63;0.3;3.79;1.88;0.58
17/11/24   ;21:00;0.27;13.4;11.8;0.27;1198;0;-0.14;0.16;0.04;181;0.08;0.01;0.27;0.14;0.05;1.65;0.38;3.72;1.96;0.65
17/11/24   ;22:00;0.44;13.4;11.8;0.44;1200;0;-0.12;0.13;0.03;190;0.07;0.01;0.23;0.11;0.04;1.57;0.31;3.74;2.01;0.66
17/11/24   ;23:00;0.58;13.4;11.8;0.58;1200;0;-0.1;0.11;0.03;185;0.07;0.02;0.21;0.11;0.03;1.6;0.45;3.6;1.86;0.59
18/11/24   ;00:00;0.67;13.4;12.7;0.67;1200;0;-0.08;0.06;0.02;175;0.05;0;0.13;0.07;0.02;1.7;0.27;3.51;2.36;0.78
18/11/24   ;01:00;0.68;13.4;12.8;0.68;1194;0;-0.08;0.08;0.02;159;0.06;0;0.13;0.09;0.03;1.86;0.36;4.11;2.55;0.78
18/11/24   ;02:00;0.6;13.4;12.4;0.6;1196;0;-0.08;0.07;0.02;161;0.04;0;0.15;0.07;0.02;1.84;0.3;3.4;2.16;0.56
18/11/24   ;03:00;0.47;13.4;11.9;0.47;1200;0;-0.06;0.06;0.01;116;0.04;0;0.11;0.06;0.02;2.56;0.79;5.63;2.97;0.9
18/11/24   ;04:00;0.36;13.4;11.7;0.36;1200;0;-0.04;0.03;0.01;154;0.03;0;0.07;0.04;0.01;1.93;0.29;3.61;2.4;0.69
18/11/24   ;05:00;0.28;13.4;11.7;0.28;1200;0;-0.09;0.1;0.03;136;0.06;0;0.2;0.09;0.03;2.18;0.34;4.01;2.87;0.88
18/11/24   ;06:00;0.3;13.4;11.8;0.3;1200;0;-0.09;0.11;0.03;172;0.06;0.01;0.19;0.1;0.03;1.74;0.28;3.81;2.13;0.72
18/11/24   ;07:00;0.4;13.3;12;0.4;1199;0;-0.14;0.12;0.04;143;0.1;0.01;0.22;0.15;0.05;2.08;0.31;4.95;2.56;0.85
18/11/24   ;08:00;0.53;13.3;12.3;0.53;1200;0;-0.14;0.16;0.04;177;0.11;0.01;0.27;0.17;0.05;1.68;0.48;3.31;1.95;0.58
18/11/24   ;09:00;0.67;13.3;12.4;0.67;1200;0;-0.14;0.15;0.05;190;0.12;0.03;0.24;0.18;0.05;1.57;0.37;3.3;1.84;0.56
18/11/24   ;10:00;0.76;13.4;12.9;0.77;1200;0;-0.19;0.19;0.06;165;0.14;0.02;0.31;0.21;0.06;1.81;0.27;4.12;2.12;0.7
18/11/24   ;11:00;0.8;13.4;13.3;0.79;1200;0;-0.11;0.14;0.04;194;0.1;0.01;0.25;0.15;0.04;1.53;0.3;3.5;1.73;0.58
18/11/24   ;12:00;0.76;13.4;13.2;0.76;1200;0;-0.12;0.17;0.04;176;0.09;0.01;0.28;0.14;0.04;1.7;0.3;4.3;2.13;0.73
18/11/24   ;13:00;0.64;13.3;13;0.64;1195;0;-0.13;0.18;0.04;163;0.11;0.01;0.29;0.17;0.05;1.82;0.37;3.96;2.17;0.67
18/11/24   ;14:00;0.5;13.3;12.5;0.5;1200;0;-0.12;0.12;0.04;162;0.09;0.02;0.23;0.14;0.04;1.84;0.34;4.3;2.26;0.71
18/11/24   ;15:00;0.3;13.4;12.3;0.3;1195;0;-0.11;0.15;0.04;146;0.11;0;0.23;0.16;0.05;2.04;0.33;4.1;2.67;0.84
18/11/24   ;16:00;0.11;13.4;12.1;0.11;1200;0;-0.1;0.12;0.04;166;0.09;0.01;0.2;0.13;0.04;1.8;0.51;4.16;2.27;0.73
18/11/24   ;17:00;-0.03;13.3;11.8;-0.03;1200;0;-0.11;0.13;0.03;169;0.08;0.01;0.19;0.12;0.04;1.76;0.38;3.51;2.3;0.71
18/11/24   ;18:00;-0.1;13.4;11.8;-0.1;1196;0;-0.1;0.17;0.04;170;0.08;0.01;0.24;0.13;0.04;1.74;0.59;3.44;1.96;0.61
18/11/24   ;19:00;-0.09;13.4;11.8;-0.09;1200;0;-0.12;0.1;0.03;177;0.08;0.01;0.19;0.12;0.04;1.69;0.31;5.23;2.1;0.72
18/11/24   ;20:00;0.03;13.4;12.2;0.03;1200;0;-0.11;0.11;0.03;157;0.08;0.01;0.19;0.12;0.04;1.9;0.34;4.03;2.35;0.82
18/11/24   ;21:00;0.22;13.4;12.3;0.21;1191;0;-0.12;0.12;0.03;174;0.08;0.01;0.23;0.12;0.04;1.69;0.33;3.56;1.91;0.7
18/11/24   ;22:00;0.39;13.4;12.1;0.39;1200;0;-0.11;0.11;0.03;173;0.08;0.02;0.19;0.12;0.04;1.72;0.31;3.74;2.14;0.74
18/11/24   ;23:00;0.52;13.4;12.3;0.52;1198;0;-0.07;0.09;0.03;167;0.06;0;0.15;0.1;0.03;1.78;0.37;3.99;2;0.68
19/11/24   ;00:00;0.62;13.4;12.3;0.62;1195;0;-0.07;0.07;0.02;176;0.06;0.01;0.13;0.09;0.03;1.69;0.37;3.54;2.19;0.7
19/11/24   ;01:00;0.68;13.4;12.8;0.68;1197;0;-0.08;0.07;0.02;152;0.06;0.01;0.14;0.09;0.03;1.93;0.5;3.97;2.51;0.85
19/11/24   ;02:00;0.65;13.4;12.7;0.65;1200;0;-0.04;0.04;0.01;180;0.03;0;0.07;0.04;0.01;1.65;0.31;3.59;2.02;0.63
19/11/24   ;03:00;0.56;13.3;12.4;0.56;1200;0;-0.04;0.05;0.01;174;0.04;0;0.08;0.05;0.02;1.7;0.28;3.83;2.06;0.66
19/11/24   ;04:00;0.46;13.4;12.2;0.46;1200;0;-0.05;0.07;0.02;164;0.04;0;0.12;0.06;0.02;1.82;0.43;3.98;2.15;0.67
19/11/24   ;05:00;0.38;13.4;12.2;0.38;1200;0;-0.08;0.09;0.03;154;0.06;0;0.14;0.09;0.03;1.93;0.42;4.44;2.41;0.75
19/11/24   ;06:00;0.35;13.4;12.1;0.35;1194;0;-0.07;0.08;0.02;158;0.05;0.01;0.12;0.08;0.02;1.86;0.38;3.44;2.42;0.68
19/11/24   ;07:00;0.39;13.4;12.3;0.39;1198;0;-0.11;0.1;0.03;168;0.07;0.01;0.19;0.12;0.04;1.76;0.45;3.83;2.23;0.69
19/11/24   ;08:00;0.5;13.4;12.3;0.5;1191;0;-0.16;0.17;0.04;178;0.1;0.01;0.31;0.16;0.05;1.66;0.31;3.8;2.04;0.68
19/11/24   ;09:00;0.62;13.3;12.4;0.62;1203;0;-0.14;0.15;0.04;183;0.1;0.01;0.27;0.16;0.05;1.63;0.4;3.45;1.96;0.62
19/11/24   ;10:00;0.73;13.3;12.7;0.72;1195;0;-0.18;0.19;0.05;171;0.13;0.02;0.34;0.2;0.06;1.73;0.42;3.59;2.24;0.72
19/11/24   ;11:00;0.79;13.4;13;0.79;1199;0;-0.15;0.17;0.04;174;0.1;0.02;0.24;0.16;0.05;1.71;0.35;4.04;2.13;0.71
19/11/24   ;12:00;0.8;13.4;13.1;0.8;1196;0;-0.1;0.11;0.03;197;0.08;0;0.18;0.13;0.04;1.5;0.27;3.1;1.81;0.57
19/11/24   ;13:00;0.74;13.3;13.1;0.74;1199;0;-0.12;0.12;0.04;190;0.08;0.01;0.22;0.13;0.04;1.57;0.3;3.81;1.83;0.58
19/11/24   ;14:00;0.62;13.3;12.8;0.62;1191;0;-0.13;0.11;0.04;184;0.09;0.02;0.21;0.13;0.04;1.6;0.34;3.8;1.73;0.54
19/11/24   ;15:00;0.46;13.4;12.5;0.45;1195;0;-0.14;0.13;0.04;154;0.1;0.01;0.24;0.16;0.05;1.94;0.27;4.78;2.61;0.91
19/11/24   ;16:00;0.3;13.4;12.4;0.3;1201;0;-0.11;0.13;0.03;181;0.08;0.01;0.22;0.13;0.04;1.64;0.35;3.6;1.87;0.58
19/11/24   ;17:00;0.15;13.4;12.2;0.15;1195;0;-0.14;0.15;0.04;177;0.11;0;0.27;0.16;0.05;1.67;0.42;3.5;2;0.56
19/11/24   ;18:00;0.05;13.3;12.1;0.05;1202;0;-0.17;0.14;0.03;160;0.08;0.01;0.31;0.12;0.04;1.87;0.39;3.77;2.21;0.69
19/11/24   ;19:00;0.02;13.3;12.1;0.02;1197;0;-0.19;0.16;0.04;160;0.09;0.02;0.32;0.15;0.05;1.86;0.35;4.45;2.18;0.69
19/11/24   ;20:00;0.07;13.3;12.2;0.07;1201;0;-0.12;0.11;0.03;176;0.08;0.01;0.23;0.13;0.04;1.69;0.38;3.81;2.09;0.72
19/11/24   ;21:00;0.21;13.4;12.6;0.21;1199;0;-0.09;0.09;0.03;173;0.06;0.01;0.15;0.09;0.03;1.73;0.39;3.81;2.13;0.68
19/11/24   ;22:00;0.35;13.4;12.6;0.35;1184;0;-0.1;0.09;0.03;168;0.07;0.01;0.18;0.1;0.03;1.75;0.27;3.51;2.08;0.65
19/11/24   ;23:00;0.48;13.4;12.6;0.48;1201;0;-0.14;0.12;0.04;138;0.09;0.01;0.24;0.14;0.05;2.16;0.41;4;2.87;0.92
20/11/24   ;00:00;0.6;13.4;12.6;0.6;1197;0;-0.11;0.12;0.04;145;0.08;0.01;0.22;0.13;0.05;2.04;0.26;3.91;2.73;0.89
20/11/24   ;01:00;0.69;13.4;12.7;0.69;1193;0;-0.07;0.09;0.03;174;0.06;0.01;0.15;0.09;0.03;1.7;0.29;3.4;2.29;0.76
20/11/24   ;02:00;0.72;13.4;12.8;0.72;1198;0;-0.07;0.06;0.02;182;0.05;0.01;0.11;0.07;0.02;1.64;0.35;3;1.88;0.57
20/11/24   ;03:00;0.7;13.4;12.8;0.7;1200;0;-0.04;0.04;0.01;169;0.02;0;0.07;0.04;0.01;1.76;0.29;3.75;2.39;0.78
20/11/24   ;04:00;0.64;13.4;12.7;0.64;1199;0;-0.09;0.09;0.02;166;0.06;0.01;0.15;0.09;0.03;1.8;0.28;3.76;2.2;0.69
20/11/24   ;05:00;0.59;13.4;12.6;0.59;1194;0;-0.09;0.11;0.03;153;0.06;0.01;0.17;0.1;0.03;1.94;0.3;4.09;2.4;0.82
20/11/24   ;06:00;0.55;13.4;12.5;0.55;1196;0;-0.07;0.09;0.02;152;0.06;0.01;0.14;0.09;0.03;1.95;0.45;3.87;2.3;0.76
20/11/24   ;07:00;0.56;13.4;12.5;0.56;1200;0;-0.19;0.18;0.04;160;0.1;0.01;0.33;0.16;0.05;1.86;0.35;3.77;2.31;0.74
20/11/24   ;08:00;0.62;13.4;12.7;0.62;1200;0;-0.17;0.23;0.05;179;0.12;0.01;0.38;0.18;0.06;1.67;0.28;3.38;2.03;0.58
20/11/24   ;09:00;0.72;13.4;13.1;0.72;1199;0;-0.13;0.18;0.05;162;0.12;0.02;0.26;0.17;0.05;1.82;0.65;4.05;2.11;0.66
20/11/24   ;10:00;0.8;13.4;12.9;0.8;1197;0;-0.19;0.23;0.05;183;0.12;0.02;0.42;0.18;0.06;1.62;0.29;3.25;2.04;0.64
20/11/24   ;11:00;0.85;13.3;13.1;0.85;1199;0;-0.14;0.15;0.04;185;0.09;0.02;0.24;0.14;0.04;1.61;0.44;3.6;1.99;0.63
20/11/24   ;12:00;0.86;13.3;13.3;0.86;1200;0;-0.14;0.15;0.04;171;0.1;0.01;0.26;0.15;0.04;1.74;0.32;3.98;2.13;0.71
20/11/24   ;13:00;0.81;13.4;13.2;0.81;1200;0;-0.14;0.19;0.04;179;0.1;0.02;0.33;0.16;0.05;1.67;0.48;3.59;1.99;0.62
20/11/24   ;14:00;0.69;13.4;13;0.69;1197;0;-0.13;0.18;0.04;174;0.11;0.01;0.3;0.17;0.05;1.7;0.36;3.69;1.98;0.66
20/11/24   ;15:00;0.57;13.3;12.8;0.57;1198;0;-0.11;0.15;0.04;157;0.1;0.01;0.24;0.16;0.05;1.89;0.36;3.93;2.43;0.83
20/11/24   ;16:00;0.44;13.3;12.7;0.44;1192;0;-0.14;0.12;0.04;174;0.09;0.01;0.26;0.13;0.04;1.71;0.42;3.95;2.16;0.69
20/11/24   ;17:00;0.32;13.4;12.5;0.32;1200;0;-0.15;0.13;0.04;157;0.1;0.01;0.23;0.16;0.05;1.91;0.27;3.92;2.39;0.77
20/11/24   ;18:00;0.22;13.3;12.3;0.22;1196;0;-0.13;0.15;0.04;168;0.1;0.01;0.26;0.16;0.05;1.76;0.47;3.71;2.15;0.65
20/11/24   ;19:00;0.13;13.4;12.3;0.13;1195;0;-0.13;0.15;0.04;138;0.1;0;0.23;0.16;0.05;2.15;0.26;3.89;2.64;0.82
20/11/24   ;20:00;0.08;13.3;12.3;0.07;1193;0;-0.16;0.16;0.04;149;0.09;0.01;0.28;0.15;0.05;1.99;0.39;3.94;2.61;0.83
20/11/24   ;21:00;0.11;13.3;12.3;0.11;1195;0;-0.09;0.1;0.03;162;0.07;0.01;0.16;0.11;0.03;1.83;0.27;4.34;2.26;0.73
20/11/24   ;22:00;0.23;13.3;12.7;0.23;1191;0;-0.13;0.13;0.04;167;0.09;0.01;0.24;0.14;0.04;1.78;0.39;3.52;2.1;0.65
20/11/24   ;23:00;0.36;13.4;12.7;0.36;1200;0;-0.08;0.08;0.02;171;0.06;0.01;0.13;0.09;0.03;1.74;0.39;3.27;2.24;0.66
21/11/24   ;00:00;0.46;13.4;12.6;0.46;1196;0;-0.09;0.11;0.03;184;0.07;0.01;0.19;0.11;0.04;1.62;0.3;3.83;1.97;0.7
21/11/24   ;01:00;0.53;13.4;12.4;0.52;1197;0;-0.08;0.09;0.02;137;0.06;0.01;0.17;0.09;0.03;2.17;0.39;4.19;2.76;0.87
21/11/24   ;02:00;0.58;13.4;12.5;0.58;1200;0;-0.04;0.04;0.01;177;0.03;0.01;0.08;0.05;0.02;1.68;0.29;3.84;2.16;0.71
21/11/24   ;03:00;0.62;13.4;12.6;0.61;1200;0;-0.15;0.1;0.02;177;0.04;0;0.24;0.07;0.03;1.67;0.31;3.34;2.06;0.71
21/11/24   ;04:00;0.63;13.4;12.5;0.63;1199;0;-0.04;0.05;0.01;181;0.03;0;0.1;0.05;0.02;1.65;0.3;3.36;2.11;0.7
21/11/24   ;05:00;0.61;13.4;12.5;0.61;1199;0;-0.06;0.08;0.02;145;0.06;0.01;0.13;0.09;0.03;2.04;0.42;3.71;2.73;0.81
21/11/24   ;06:00;0.56;13.4;12.4;0.56;1200;0;-0.09;0.08;0.03;157;0.06;0.01;0.16;0.1;0.03;1.89;0.28;3.69;2.28;0.84
21/11/24   ;07:00;0.53;13.4;12.3;0.53;1199;0;-0.11;0.11;0.03;162;0.07;0.01;0.18;0.11;0.04;1.84;0.42;4.21;2.42;0.76
21/11/24   ;08:00;0.53;13.4;12.3;0.54;1197;0;-0.13;0.15;0.04;168;0.1;0.02;0.27;0.16;0.05;1.76;0.44;3.28;2.1;0.62
21/11/24   ;09:00;0.56;13.4;12.3;0.56;1200;0;-0.1;0.13;0.04;164;0.09;0.02;0.21;0.14;0.04;1.82;0.39;3.83;2.22;0.67
21/11/24   ;10:00;0.64;13.4;12.6;0.63;1200;0;-0.11;0.17;0.04;186;0.1;0.01;0.23;0.15;0.04;1.61;0.36;3.16;1.94;0.6
21/11/24   ;11:00;0.68;13.4;12.7;0.68;1194;0;-0.13;0.12;0.04;179;0.09;0.01;0.2;0.14;0.04;1.65;0.36;3.67;2.14;0.7
21/11/24   ;12:00;0.7;13.4;12.7;0.71;1200;0;-0.14;0.14;0.04;184;0.09;0.01;0.21;0.14;0.04;1.63;0.41;3.44;1.89;0.65
21/11/24   ;13:00;0.72;13.4;12.8;0.71;1195;0;-0.11;0.11;0.04;181;0.09;0.02;0.2;0.14;0.04;1.64;0.48;3.42;1.97;0.64
21/11/24   ;14:00;0.68;13.4;12.8;0.67;1207;0;-0.14;0.13;0.04;183;0.09;0.01;0.23;0.14;0.04;1.64;0.42;3.99;2.01;0.66
21/11/24   ;15:00;0.58;13.4;12.7;0.58;1184;0;-0.12;0.14;0.04;189;0.09;0.01;0.24;0.15;0.05;1.56;0.3;3.59;1.91;0.57
21/11/24   ;16:00;0.5;13.3;12.5;0.5;1199;0;-0.12;0.14;0.04;186;0.09;0.01;0.26;0.15;0.04;1.6;0.38;3.24;1.83;0.57
21/11/24   ;17:00;0.41;13.3;12.3;0.41;1200;0;-0.12;0.12;0.03;178;0.08;0.01;0.21;0.12;0.04;1.67;0.38;3.58;2.07;0.68
21/11/24   ;18:00;0.35;13.3;12.2;0.35;1184;0;-0.17;0.15;0.05;161;0.12;0.02;0.3;0.19;0.06;1.82;0.32;3.88;2.17;0.65
21/11/24   ;19:00;0.35;13.3;12.3;0.35;1198;0;-0.14;0.21;0.04;177;0.1;0.02;0.33;0.16;0.05;1.69;0.42;3.68;2;0.58
21/11/24   ;20:00;0.38;13.4;12.3;0.38;1200;0;-0.13;0.2;0.04;164;0.1;0.02;0.31;0.16;0.06;1.82;0.38;3.87;2.33;0.78
21/11/24   ;21:00;0.4;13.4;12.4;0.4;1200;0;-0.1;0.13;0.03;166;0.08;0.01;0.21;0.13;0.04;1.79;0.29;4.04;2.36;0.78
21/11/24   ;22:00;0.45;13.3;12.5;0.45;1200;0;-0.12;0.13;0.03;183;0.07;0.01;0.24;0.12;0.04;1.63;0.31;3.32;2.02;0.65
21/11/24   ;23:00;0.55;13.3;12.6;0.55;1200;0;-0.11;0.11;0.03;209;0.06;0.01;0.22;0.1;0.03;1.42;0.32;3.77;1.83;0.61
22/11/24   ;00:00;0.71;13.3;12.8;0.71;1193;0;-0.12;0.14;0.03;169;0.08;0.01;0.26;0.13;0.05;1.75;0.36;3.62;2.13;0.71
22/11/24   ;01:00;0.83;13.4;12.7;0.83;1197;0;-0.12;0.14;0.03;186;0.08;0.01;0.22;0.12;0.04;1.6;0.4;3.33;1.92;0.64
22/11/24   ;02:00;0.81;13.4;12.7;0.8;1200;0;-0.1;0.11;0.02;164;0.06;0.01;0.21;0.09;0.03;1.82;0.33;4.51;2.04;0.72
22/11/24   ;03:00;0.81;13.4;12.7;0.81;1197;0;-0.04;0.04;0.01;190;0.03;0;0.07;0.05;0.01;1.56;0.29;2.87;1.94;0.59
22/11/24   ;04:00;0.81;13.4;12.6;0.81;1200;0;-0.04;0.05;0.01;181;0.03;0.01;0.09;0.05;0.02;1.64;0.32;3.04;2.05;0.62
22/11/24   ;05:00;0.81;13.4;12.6;0.81;1198;0;-0.08;0.08;0.03;163;0.06;0;0.13;0.1;0.03;1.82;0.31;3.79;2.24;0.7
22/11/24   ;06:00;0.81;13.4;12.6;0.82;1200;0;-0.14;0.14;0.03;171;0.08;0.01;0.26;0.13;0.04;1.75;0.53;3.54;2.08;0.62
22/11/24   ;07:00;0.82;13.4;12.6;0.82;1200;0;-0.08;0.09;0.03;167;0.07;0;0.16;0.11;0.03;1.79;0.29;3.41;2.24;0.69
22/11/24   ;08:00;0.82;13.4;12.5;0.82;1200;0;-0.12;0.19;0.04;172;0.1;0.02;0.29;0.16;0.05;1.73;0.42;4.11;2.19;0.67
22/11/24   ;09:00;0.76;13.4;12.5;0.76;1195;0;-0.12;0.15;0.04;185;0.1;0.02;0.25;0.15;0.05;1.6;0.34;3.14;1.87;0.57
22/11/24   ;10:00;0.73;13.4;12.5;0.73;1196;0;-0.14;0.15;0.05;175;0.11;0.02;0.26;0.17;0.05;1.7;0.48;3.75;2.02;0.68
22/11/24   ;11:00;0.67;13.4;12.4;0.67;1200;0;-0.11;0.13;0.04;170;0.1;0.01;0.22;0.15;0.05;1.73;0.5;3.45;2.18;0.68
22/11/24   ;12:00;0.58;13.4;12.4;0.58;1200;0;-0.15;0.16;0.04;178;0.11;0.01;0.27;0.17;0.05;1.67;0.37;3.25;1.98;0.62
22/11/24   ;13:00;0.52;13.4;12.2;0.52;1200;0;-0.12;0.16;0.04;180;0.09;0.01;0.24;0.14;0.04;1.66;0.44;3.32;1.98;0.61
22/11/24   ;14:00;0.43;13.4;12.1;0.43;1200;0;-0.13;0.18;0.04;169;0.09;0.01;0.24;0.14;0.04;1.76;0.38;4.29;2.13;0.71
22/11/24   ;15:00;0.33;13.4;11.9;0.32;1190;0;-0.16;0.2;0.04;173;0.1;0.01;0.32;0.16;0.05;1.71;0.36;3.18;2.06;0.63
22/11/24   ;16:00;0.23;13.4;11.8;0.23;1196;0;-0.12;0.15;0.04;166;0.09;0.01;0.22;0.15;0.05;1.78;0.27;4.62;2.22;0.71
22/11/24   ;17:00;0.18;13.4;11.7;0.18;1199;0;-0.12;0.12;0.04;180;0.09;0.01;0.23;0.15;0.04;1.65;0.41;3.55;1.88;0.56
22/11/24   ;18:00;0.16;13.3;11.7;0.16;1197;0;-0.14;0.17;0.05;180;0.11;0.01;0.27;0.17;0.06;1.65;0.38;3.3;2.06;0.6
22/11/24   ;19:00;0.16;13.3;11.7;0.16;1200;0;-0.12;0.13;0.04;178;0.09;0.01;0.24;0.14;0.04;1.68;0.41;3.17;2.03;0.58
22/11/24   ;20:00;0.2;13.4;11.9;0.2;1209;0;-0.19;0.17;0.04;166;0.1;0.01;0.35;0.16;0.06;1.81;0.39;4.2;2.15;0.73
22/11/24   ;21:00;0.28;13.4;12.1;0.28;1200;0;-0.12;0.14;0.04;171;0.09;0.02;0.21;0.13;0.04;1.75;0.29;4.61;2.04;0.62
22/11/24   ;22:00;0.31;13.4;12;0.31;1200;0;-0.1;0.13;0.03;150;0.07;0.01;0.22;0.11;0.04;1.99;0.27;4.31;2.52;0.8
22/11/24   ;23:00;0.37;13.3;12;0.37;1192;0;-0.08;0.08;0.02;178;0.05;0.01;0.14;0.09;0.03;1.66;0.38;3.94;2.18;0.68
23/11/24   ;00:00;0.42;13.3;12.1;0.42;1197;0;-0.11;0.12;0.03;171;0.06;0.01;0.22;0.11;0.04;1.73;0.33;3.78;2.12;0.73
23/11/24   ;01:00;0.45;13.4;11.9;0.45;1198;0;-0.09;0.1;0.03;142;0.07;0.01;0.18;0.12;0.04;2.09;0.31;3.96;2.71;0.88
23/11/24   ;02:00;0.55;13.4;11.5;0.55;1198;0;-0.06;0.05;0.01;183;0.03;0.01;0.11;0.05;0.02;1.63;0.3;3.62;2.11;0.66
23/11/24   ;03:00;0.65;13.4;11.1;0.65;1197;0;-0.06;0.07;0.02;190;0.04;0;0.12;0.06;0.02;1.56;0.3;3.91;2.04;0.69
23/11/24   ;04:00;0.71;13.3;11.2;0.71;1198;0;-0.07;0.07;0.02;194;0.05;0;0.14;0.07;0.02;1.54;0.29;3.25;1.9;0.57
23/11/24   ;05:00;0.74;13.4;11.4;0.74;1200;0;-0.1;0.11;0.03;146;0.07;0.01;0.19;0.11;0.04;2.02;0.3;4.08;2.64;0.82
23/11/24   ;06:00;0.75;13.4;11.4;0.75;1198;0;-0.12;0.08;0.02;176;0.06;0.01;0.2;0.09;0.03;1.67;0.3;3.29;2.07;0.65
23/11/24   ;07:00;0.72;13.4;11.3;0.72;1194;0;-0.09;0.1;0.03;170;0.07;0.01;0.17;0.11;0.03;1.75;0.43;3.47;2.14;0.67
23/11/24   ;08:00;0.71;13.4;11.2;0.71;1199;0;-0.15;0.14;0.04;155;0.11;0.01;0.23;0.16;0.05;1.91;0.34;3.55;2.35;0.72
23/11/24   ;09:00;0.62;13.4;11.1;0.62;1200;0;-0.14;0.18;0.04;169;0.11;0.01;0.28;0.16;0.05;1.75;0.55;4.04;1.99;0.6
23/11/24   ;10:00;0.53;13.4;11;0.53;1200;0;-0.11;0.13;0.04;169;0.09;0.01;0.21;0.14;0.04;1.77;0.37;3.34;2.04;0.55
23/11/24   ;11:00;0.42;13.4;11.1;0.42;1186;0;-0.13;0.15;0.04;180;0.09;0.01;0.23;0.13;0.04;1.63;0.3;3.21;1.92;0.61
23/11/24   ;12:00;0.31;13.4;11.3;0.31;1198;0;-0.12;0.15;0.04;186;0.1;0.01;0.24;0.15;0.05;1.6;0.38;3.31;1.82;0.48
23/11/24   ;13:00;0.22;13.4;11.4;0.22;1200;0;-0.11;0.16;0.04;180;0.08;0.01;0.26;0.13;0.04;1.66;0.27;3.59;1.99;0.61
23/11/24   ;14:00;0.15;13.4;11.4;0.15;1197;0;-0.13;0.17;0.04;179;0.1;0.01;0.26;0.15;0.05;1.66;0.43;3.62;2;0.61
23/11/24   ;15:00;0.13;13.4;11.3;0.13;1198;0;-0.1;0.15;0.04;177;0.09;0.01;0.24;0.14;0.04;1.68;0.49;4.08;1.91;0.67
23/11/24   ;16:00;0.14;13.4;11.3;0.14;1195;0;-0.13;0.15;0.04;181;0.09;0.01;0.22;0.14;0.04;1.63;0.35;3.59;2.01;0.64
23/11/24   ;17:00;0.21;13.4;11.5;0.21;1196;0;-0.1;0.11;0.04;186;0.09;0.01;0.21;0.14;0.04;1.6;0.35;3.51;1.84;0.57
23/11/24   ;18:00;0.28;13.4;11.5;0.28;1200;0;-0.13;0.11;0.04;172;0.1;0.01;0.23;0.14;0.04;1.74;0.44;3.86;2.23;0.68
23/11/24   ;19:00;0.35;13.4;11.5;0.35;1200;0;-0.17;0.17;0.05;160;0.12;0.01;0.28;0.19;0.06;1.87;0.36;4.09;2.3;0.73
23/11/24   ;20:00;0.37;13.3;11.5;0.37;1200;0;-0.14;0.16;0.04;148;0.09;0.01;0.3;0.15;0.05;2.01;0.45;3.73;2.48;0.8
23/11/24   ;21:00;0.34;13.4;11.4;0.34;1196;0;-0.12;0.15;0.04;163;0.09;0.02;0.25;0.14;0.04;1.81;0.67;3.56;2.16;0.68
23/11/24   ;22:00;0.32;13.4;11.4;0.32;1191;0;-0.08;0.08;0.02;168;0.05;0.01;0.14;0.08;0.03;1.75;0.35;4.25;2.26;0.73
23/11/24   ;23:00;0.34;13.4;11.4;0.34;1199;0;-0.14;0.1;0.03;175;0.06;0.01;0.13;0.09;0.03;1.69;0.37;4.12;2.09;0.71
24/11/24   ;00:00;0.41;13.3;11.2;0.41;1200;0;-0.13;0.14;0.04;153;0.08;0.01;0.25;0.14;0.05;1.93;0.28;3.75;2.46;0.76
24/11/24   ;01:00;0.48;13.4;10.8;0.48;1200;0;-0.14;0.13;0.03;149;0.08;0.01;0.23;0.13;0.04;1.99;0.48;3.68;2.34;0.72
24/11/24   ;02:00;0.56;13.4;10.7;0.56;1197;0;-0.12;0.13;0.03;163;0.07;0.01;0.24;0.13;0.04;1.83;0.39;3.57;2.24;0.72
24/11/24   ;03:00;0.66;13.4;10.7;0.66;1194;0;-0.06;0.08;0.02;211;0.04;0.01;0.14;0.06;0.02;1.41;0.29;3.15;1.62;0.54
24/11/24   ;04:00;0.75;13.3;10.8;0.75;1194;0;-0.05;0.06;0.01;202;0.03;0;0.1;0.05;0.02;1.47;0.32;3.34;1.92;0.61
24/11/24   ;05:00;0.81;13.3;10.9;0.81;1200;0;-0.11;0.09;0.03;151;0.06;0.01;0.21;0.1;0.03;1.96;0.3;4.98;2.58;0.81
24/11/24   ;06:00;0.82;13.3;11.7;0.82;1200;0;-0.09;0.09;0.02;172;0.05;0;0.15;0.09;0.03;1.73;0.33;4.05;2.52;0.88
24/11/24   ;07:00;0.77;13.4;11.2;0.77;1194;0;-0.12;0.13;0.03;171;0.08;0.01;0.24;0.12;0.04;1.73;0.29;3.73;2.23;0.69
24/11/24   ;08:00;0.66;13.4;10.8;0.66;1198;0;-0.19;0.17;0.04;161;0.1;0.01;0.3;0.16;0.05;1.84;0.36;3.9;2.21;0.68
24/11/24   ;09:00;0.51;13.3;10.7;0.5;1200;0;-0.13;0.16;0.04;164;0.11;0.01;0.25;0.17;0.05;1.81;0.46;3.41;2.14;0.67
24/11/24   ;10:00;0.36;13.4;10.7;0.36;1199;0;-0.12;0.15;0.04;163;0.09;0.02;0.22;0.14;0.05;1.83;0.4;5.15;2.16;0.81
24/11/24   ;11:00;0.22;13.4;10.8;0.22;1195;0;-0.12;0.12;0.03;179;0.08;0.01;0.22;0.13;0.04;1.66;0.3;3.62;2.01;0.73
24/11/24   ;12:00;0.09;13.4;10.8;0.09;1209;0;-0.15;0.18;0.04;175;0.08;0.01;0.3;0.13;0.04;1.72;0.49;4.23;2.13;0.7
24/11/24   ;13:00;0.01;13.4;10.8;0;1200;0;-0.1;0.14;0.03;168;0.08;0.01;0.24;0.13;0.04;1.77;0.26;3.99;2.3;0.81
24/11/24   ;14:00;-0.02;13.4;10.8;-0.02;1196;0;-0.1;0.12;0.03;154;0.08;0.01;0.19;0.12;0.04;1.93;0.4;4.32;2.3;0.74
24/11/24   ;15:00;0.02;13.4;10.8;0.02;1200;0;-0.1;0.1;0.03;176;0.08;0.01;0.18;0.13;0.04;1.69;0.42;3.99;2.18;0.73
24/11/24   ;16:00;0.14;13.4;10.9;0.14;1200;0;-0.14;0.15;0.04;172;0.09;0.01;0.28;0.14;0.05;1.73;0.43;3.47;2.24;0.67
24/11/24   ;17:00;0.26;13.4;10.8;0.26;1200;0;-0.13;0.17;0.04;167;0.1;0.02;0.26;0.16;0.05;1.77;0.53;3.76;2.21;0.75
24/11/24   ;18:00;0.36;13.4;10.5;0.36;1200;0;-0.18;0.24;0.05;178;0.12;0.01;0.42;0.18;0.06;1.68;0.33;3.41;1.94;0.58
24/11/24   ;19:00;0.43;13.4;10.3;0.43;1200;0;-0.11;0.16;0.03;169;0.08;0.01;0.27;0.13;0.04;1.76;0.35;4.33;2.32;0.75
24/11/24   ;20:00;0.46;13.4;10.5;0.46;1200;0;-0.12;0.13;0.04;175;0.08;0;0.22;0.13;0.04;1.7;0.32;3.64;2.04;0.66
24/11/24   ;21:00;0.45;13.4;10.4;0.45;1198;0;-0.11;0.13;0.03;146;0.08;0.01;0.24;0.13;0.04;2.03;0.51;3.9;2.64;0.83
24/11/24   ;22:00;0.38;13.4;10.4;0.38;1195;0;-0.07;0.1;0.02;168;0.05;0.01;0.17;0.09;0.03;1.77;0.3;3.91;2.26;0.75
24/11/24   ;23:00;0.28;13.4;10.4;0.28;1200;0;-0.08;0.08;0.02;169;0.06;0.01;0.13;0.09;0.03;1.76;0.43;3.78;2.03;0.64
25/11/24   ;00:00;0.23;13.4;10.5;0.23;1200;0;-0.13;0.17;0.03;158;0.07;0;0.3;0.12;0.05;1.88;0.36;3.92;2.48;0.85
25/11/24   ;01:00;0.24;13.4;10.6;0.24;1200;0;-0.09;0.12;0.03;168;0.06;0.01;0.22;0.1;0.04;1.77;0.41;3.92;2.25;0.76
25/11/24   ;02:00;0.31;13.4;10.5;0.31;1199;0;-0.06;0.07;0.02;175;0.05;0.01;0.12;0.07;0.02;1.7;0.35;3.73;1.97;0.58
25/11/24   ;03:00;0.42;13.4;10.3;0.43;1197;0;-0.04;0.04;0.01;152;0.03;0;0.07;0.05;0.01;1.95;0.36;4.45;2.69;0.87
25/11/24   ;04:00;0.55;13.3;10.3;0.55;1194;0;-0.13;0.08;0.02;172;0.04;0;0.2;0.07;0.03;1.72;0.36;3.72;1.94;0.73
25/11/24   ;05:00;0.63;13.3;10.6;0.63;1196;0;-0.07;0.08;0.02;151;0.06;0.01;0.14;0.09;0.03;1.96;0.28;3.73;2.58;0.78
25/11/24   ;06:00;0.66;13.4;10.7;0.66;1200;0;-0.15;0.19;0.04;138;0.1;0.01;0.3;0.16;0.05;2.17;0.32;4.34;2.83;0.93
25/11/24   ;07:00;0.62;13.4;10.7;0.62;1200;0;-0.1;0.08;0.03;165;0.06;0.01;0.16;0.1;0.03;1.81;0.55;3.8;2.17;0.68
25/11/24   ;08:00;0.51;13.4;10.6;0.51;1200;0;-0.12;0.15;0.04;153;0.09;0.01;0.26;0.14;0.04;1.95;0.28;4.32;2.52;0.88
25/11/24   ;09:00;0.36;13.4;10.5;0.37;1200;0;-0.12;0.15;0.04;178;0.08;0.01;0.22;0.13;0.04;1.67;0.35;3.59;2.08;0.66
25/11/24   ;10:00;0.22;13.3;10.3;0.22;1200;0;-0.13;0.12;0.04;176;0.08;0.01;0.23;0.13;0.04;1.7;0.41;3.99;2.16;0.73
25/11/24   ;11:00;0.1;13.3;10.4;0.1;1200;0;-0.13;0.13;0.04;169;0.09;0.01;0.24;0.14;0.04;1.76;0.33;4.09;2.14;0.7
25/11/24   ;12:00;0.01;13.4;10.4;0.01;1200;0;-0.13;0.11;0.04;165;0.1;0.01;0.2;0.15;0.04;1.81;0.41;4.04;2.22;0.71
25/11/24   ;13:00;-0.03;13.4;10.4;-0.03;1195;0;-0.1;0.13;0.04;177;0.09;0.01;0.2;0.13;0.04;1.68;0.3;3.6;2.05;0.64
25/11/24   ;14:00;-0.01;13.4;10.4;-0.01;1200;0;-0.1;0.11;0.03;169;0.08;0.01;0.16;0.12;0.04;1.77;0.31;3.81;2.08;0.67
25/11/24   ;15:00;0.09;13.4;10.4;0.09;1198;0;-0.14;0.15;0.04;187;0.09;0.01;0.27;0.14;0.04;1.59;0.3;4.58;2;0.77
25/11/24   ;16:00;0.22;13.4;10.4;0.21;1198;0;-0.13;0.12;0.04;184;0.09;0.01;0.22;0.15;0.04;1.62;0.35;3.5;1.91;0.67
25/11/24   ;17:00;0.35;13.4;10.4;0.34;1200;0;-0.15;0.22;0.05;171;0.13;0.01;0.35;0.2;0.06;1.74;0.42;3.71;1.94;0.69
25/11/24   ;18:00;0.47;13.4;10.2;0.46;1200;0;-0.14;0.23;0.05;172;0.12;0.01;0.35;0.18;0.06;1.73;0.43;3.21;2.1;0.61
25/11/24   ;19:00;0.54;13.4;10.3;0.54;1200;0;-0.16;0.19;0.05;175;0.11;0.01;0.34;0.17;0.06;1.7;0.3;3.7;2.04;0.7
25/11/24   ;20:00;0.57;13.4;10.3;0.57;1200;0;-0.14;0.19;0.04;177;0.09;0.01;0.3;0.14;0.05;1.69;0.43;3.8;2.06;0.68
25/11/24   ;21:00;0.55;13.4;10.4;0.55;1200;0;-0.11;0.15;0.03;138;0.08;0.01;0.23;0.13;0.04;2.14;0.3;3.85;2.77;0.9
25/11/24   ;22:00;0.46;13.4;10.3;0.46;1200;0;-0.07;0.08;0.02;153;0.05;0.01;0.14;0.08;0.03;1.94;0.33;3.7;2.31;0.69
25/11/24   ;23:00;0.36;13.4;10.3;0.36;1199;0;-0.14;0.15;0.04;150;0.1;0.01;0.27;0.15;0.05;2;0.37;4.1;2.3;0.74
26/11/24   ;00:00;0.28;13.4;10.2;0.28;1200;0;-0.12;0.1;0.03;157;0.08;0.01;0.2;0.12;0.04;1.9;0.29;3.73;2.27;0.71
26/11/24   ;01:00;0.24;13.4;10.3;0.24;1195;0;-0.08;0.08;0.02;155;0.06;0;0.14;0.09;0.03;1.92;0.32;3.69;2.53;0.82
26/11/24   ;02:00;0.25;13.4;10.3;0.25;1200;0;-0.08;0.07;0.02;158;0.05;0;0.15;0.07;0.02;1.88;0.32;3.99;2.28;0.73
26/11/24   ;03:00;0.32;13.4;10.3;0.32;1200;0;-0.03;0.03;0.01;185;0.02;0;0.05;0.03;0.01;1.61;0.31;4.03;1.96;0.64
26/11/24   ;04:00;0.42;13.4;10.2;0.42;1196;0;-0.05;0.04;0.01;177;0.04;0;0.08;0.05;0.02;1.68;0.28;3.3;2.1;0.68
26/11/24   ;05:00;0.51;13.4;10.2;0.51;1200;0;-0.12;0.13;0.03;135;0.07;0.01;0.21;0.12;0.04;2.22;0.34;3.85;2.87;0.94
26/11/24   ;06:00;0.57;13.3;10.4;0.57;1200;0;-0.14;0.15;0.03;155;0.08;0.01;0.29;0.13;0.04;1.93;0.58;3.93;2.32;0.76
26/11/24   ;07:00;0.59;13.3;10.5;0.59;1196;0;-0.18;0.19;0.04;164;0.09;0.01;0.28;0.14;0.05;1.82;0.32;3.91;2.27;0.79
26/11/24   ;08:00;0.56;13.4;10.5;0.56;1195;0;-0.12;0.14;0.04;164;0.09;0.01;0.24;0.14;0.04;1.8;0.33;3.52;2.22;0.73
26/11/24   ;09:00;0.49;13.4;10.4;0.48;1191;0;-0.13;0.13;0.04;184;0.09;0.01;0.25;0.14;0.05;1.61;0.29;3.48;2.03;0.66
26/11/24   ;10:00;0.38;13.3;10.2;0.38;1199;0;-0.11;0.16;0.04;184;0.1;0.02;0.27;0.14;0.04;1.62;0.3;3.05;1.82;0.53
26/11/24   ;11:00;0.28;13.3;10.2;0.28;1196;0;-0.13;0.18;0.04;178;0.1;0.02;0.28;0.15;0.04;1.67;0.45;4.48;1.96;0.71
26/11/24   ;12:00;0.19;13.4;10.2;0.19;1200;0;-0.12;0.12;0.03;171;0.08;0.01;0.21;0.12;0.04;1.73;0.4;3.74;2.14;0.65
26/11/24   ;13:00;0.12;13.4;10.2;0.12;1200;0;-0.12;0.18;0.04;159;0.09;0.02;0.29;0.14;0.04;1.87;0.41;4.31;2.28;0.77
26/11/24   ;14:00;0.08;13.4;10.2;0.08;1197;0;-0.13;0.15;0.04;163;0.1;0.01;0.23;0.15;0.05;1.82;0.38;3.88;2.1;0.7
26/11/24   ;15:00;0.12;13.3;10.2;0.12;1200;0;-0.13;0.16;0.04;183;0.09;0.01;0.25;0.13;0.04;1.62;0.33;3.46;2.03;0.63
26/11/24   ;16:00;0.23;13.4;10.4;0.23;1200;0;-0.12;0.14;0.04;210;0.08;0.01;0.25;0.13;0.04;1.42;0.32;3.22;1.67;0.49
26/11/24   ;17:00;0.33;13.3;10.3;0.33;1198;0;-0.15;0.16;0.05;160;0.11;0.01;0.29;0.17;0.05;1.86;0.37;3.95;2.36;0.79
26/11/24   ;18:00;0.45;13.4;10.5;0.46;1200;0;-0.13;0.17;0.04;170;0.1;0.01;0.24;0.15;0.04;1.75;0.34;3.65;2.04;0.64
26/11/24   ;19:00;0.55;13.4;10.6;0.55;1194;0;-0.1;0.17;0.04;166;0.09;0.01;0.23;0.13;0.04;1.79;0.37;3.83;2.2;0.72
26/11/24   ;20:00;0.61;13.4;10.8;0.61;1200;0;-0.13;0.16;0.04;162;0.1;0.02;0.3;0.15;0.05;1.84;0.32;4.03;2.27;0.72
26/11/24   ;21:00;0.62;13.4;10.8;0.62;1199;0;-0.08;0.07;0.03;176;0.06;0.01;0.14;0.1;0.03;1.68;0.29;3.05;2.07;0.59
26/11/24   ;22:00;0.55;13.4;10.7;0.55;1199;0;-0.07;0.07;0.02;160;0.05;0.01;0.11;0.07;0.02;1.85;0.27;4.03;2.3;0.74
26/11/24   ;23:00;0.42;13.4;10.6;0.42;1200;0;-0.15;0.17;0.04;130;0.09;0.01;0.28;0.15;0.05;2.3;0.28;3.82;2.87;0.91
27/11/24   ;00:00;0.3;13.4;10.5;0.3;1199;0;-0.11;0.1;0.02;157;0.05;0;0.19;0.08;0.03;1.9;0.47;4.92;2.51;0.84
27/11/24   ;01:00;0.18;13.4;10.4;0.18;1197;0;-0.07;0.09;0.02;140;0.06;0;0.14;0.09;0.03;2.12;0.41;3.91;2.83;0.88
27/11/24   ;02:00;0.13;13.4;10.3;0.13;1197;0;-0.05;0.04;0.01;168;0.03;0;0.08;0.05;0.02;1.77;0.31;4.32;2.1;0.67
27/11/24   ;03:00;0.15;13.4;10.3;0.15;1200;0;-0.08;0.06;0.01;179;0.03;0;0.14;0.04;0.02;1.65;0.29;3.53;2.06;0.79
27/11/24   ;04:00;0.23;13.4;10.6;0.24;1200;0;-0.06;0.06;0.01;181;0.03;0;0.11;0.05;0.02;1.64;0.46;2.88;2.01;0.56
27/11/24   ;05:00;0.37;13.4;10.5;0.37;1200;0;-0.12;0.13;0.03;145;0.06;0.01;0.25;0.11;0.04;2.03;0.34;3.84;2.74;0.88
27/11/24   ;06:00;0.5;13.4;10.7;0.51;1200;0;-0.08;0.09;0.03;185;0.06;0.01;0.15;0.09;0.03;1.61;0.45;3.47;1.99;0.61
27/11/24   ;07:00;0.61;13.3;10.8;0.61;1199;0;-0.12;0.19;0.04;156;0.1;0;0.29;0.16;0.05;1.91;0.3;4.12;2.44;0.88
27/11/24   ;08:00;0.68;13.4;10.9;0.68;1193;0;-0.13;0.18;0.05;166;0.11;0.01;0.29;0.17;0.05;1.78;0.37;3.63;2.09;0.68
27/11/24   ;09:00;0.67;13.4;11.1;0.67;1200;0;-0.15;0.16;0.04;168;0.1;0.02;0.28;0.16;0.05;1.78;0.48;4.07;2.1;0.65
27/11/24   ;10:00;0.6;13.4;10.9;0.6;1200;0;-0.14;0.16;0.04;184;0.1;0;0.28;0.15;0.05;1.62;0.25;3.47;2;0.64
27/11/24   ;11:00;0.47;13.4;10.8;0.47;1192;0;-0.11;0.14;0.04;170;0.09;0.01;0.21;0.14;0.04;1.73;0.33;3.68;2.15;0.71
27/11/24   ;12:00;0.34;13.3;10.7;0.34;1200;0;-0.13;0.12;0.04;167;0.09;0.01;0.19;0.14;0.04;1.78;0.37;3.65;2.07;0.65
27/11/24   ;13:00;0.21;13.3;10.6;0.21;1193;0;-0.15;0.18;0.04;172;0.1;0.02;0.27;0.15;0.05;1.73;0.26;3.49;2.12;0.64
27/11/24   ;14:00;0.11;13.3;10.6;0.11;1198;0;-0.15;0.16;0.04;170;0.1;0.02;0.27;0.15;0.05;1.74;0.57;3.86;1.93;0.58
27/11/24   ;15:00;0.08;13.4;10.6;0.08;1195;0;-0.14;0.14;0.04;158;0.1;0.02;0.22;0.15;0.04;1.88;0.34;4.43;2.31;0.79
27/11/24   ;16:00;0.11;13.3;10.5;0.11;1197;0;-0.14;0.15;0.04;189;0.09;0.01;0.29;0.14;0.04;1.57;0.4;3.04;1.85;0.51
27/11/24   ;17:00;0.21;13.3;10.6;0.21;1200;0;-0.11;0.14;0.03;187;0.08;0.01;0.21;0.12;0.04;1.59;0.3;3.62;1.93;0.63
27/11/24   ;18:00;0.35;13.3;10.6;0.35;1200;0;-0.14;0.15;0.04;164;0.09;0.01;0.24;0.15;0.04;1.82;0.34;3.72;2.25;0.75
27/11/24   ;19:00;0.47;13.3;10.7;0.47;1196;0;-0.11;0.12;0.03;161;0.08;0.01;0.22;0.12;0.04;1.85;0.47;3.76;2.52;0.82
27/11/24   ;20:00;0.55;13.4;10.8;0.55;1200;0;-0.14;0.13;0.04;180;0.1;0.01;0.23;0.15;0.04;1.66;0.36;3.24;1.9;0.56
27/11/24   ;21:00;0.59;13.4;10.8;0.59;1199;0;-0.13;0.13;0.04;156;0.08;0.01;0.22;0.13;0.04;1.9;0.31;3.55;2.28;0.72
27/11/24   ;22:00;0.54;13.3;10.8;0.54;1200;0;-0.07;0.08;0.02;178;0.05;0;0.15;0.08;0.03;1.68;0.27;4.25;1.9;0.63
27/11/24   ;23:00;0.42;13.4;10.7;0.42;1200;0;-0.12;0.15;0.03;155;0.08;0.01;0.27;0.12;0.04;1.93;0.41;4.23;2.44;0.79
28/11/24   ;00:00;0.28;13.4;10.6;0.28;1197;0;-0.11;0.09;0.02;159;0.06;0.01;0.17;0.09;0.03;1.87;0.35;3.79;2.41;0.73
28/11/24   ;01:00;0.15;13.4;10.5;0.15;1197;0;-0.09;0.07;0.03;142;0.06;0.01;0.16;0.09;0.03;2.09;0.35;4.22;2.75;0.89
28/11/24   ;02:00;0.09;13.4;10.4;0.09;1200;0;-0.05;0.07;0.02;143;0.04;0.01;0.11;0.07;0.02;2.07;0.34;3.83;2.5;0.77
28/11/24   ;03:00;0.1;13.3;10.4;0.1;1199;0;-0.03;0.03;0.01;173;0.02;0;0.05;0.03;0.01;1.72;0.36;3.01;1.99;0.51
28/11/24   ;04:00;0.21;13.4;10.6;0.21;1200;0;-0.06;0.06;0.02;184;0.04;0.01;0.11;0.07;0.02;1.62;0.38;3.54;1.84;0.57
28/11/24   ;05:00;0.37;13.4;10.5;0.37;1194;0;-0.09;0.08;0.02;155;0.05;0.01;0.17;0.08;0.03;1.91;0.28;4.08;2.41;0.75
28/11/24   ;06:00;0.54;13.4;10.7;0.54;1194;0;-0.09;0.11;0.03;166;0.07;0.01;0.18;0.11;0.04;1.79;0.42;3.95;2.3;0.77
28/11/24   ;07:00;0.68;13.4;10.8;0.68;1196;0;-0.13;0.14;0.04;175;0.1;0.01;0.23;0.16;0.05;1.69;0.3;3.35;2.05;0.63
28/11/24   ;08:00;0.78;13.4;11;0.78;1200;0;-0.13;0.17;0.04;204;0.1;0.01;0.29;0.16;0.05;1.46;0.28;3.27;1.74;0.56
28/11/24   ;09:00;0.81;13.4;11.3;0.81;1198;0;-0.12;0.14;0.04;179;0.1;0.01;0.21;0.14;0.04;1.67;0.36;3.24;1.99;0.6
28/11/24   ;10:00;0.78;13.4;11.3;0.78;1200;0;-0.15;0.17;0.05;169;0.11;0.02;0.29;0.17;0.06;1.76;0.41;3.43;2.32;0.65
28/11/24   ;11:00;0.64;13.4;11.1;0.64;1200;0;-0.11;0.12;0.04;174;0.09;0.01;0.19;0.13;0.04;1.72;0.35;3.46;2.05;0.64
28/11/24   ;12:00;0.47;13.4;10.9;0.46;1195;0;-0.11;0.14;0.04;159;0.09;0.01;0.25;0.14;0.04;1.87;0.41;3.56;2.39;0.72
28/11/24   ;13:00;0.3;13.3;10.8;0.3;1195;0;-0.13;0.15;0.04;169;0.1;0.01;0.24;0.15;0.05;1.76;0.38;3.6;2.01;0.63
28/11/24   ;14:00;0.15;13.3;10.7;0.15;1200;0;-0.1;0.12;0.04;179;0.09;0.01;0.21;0.13;0.04;1.65;0.29;3.08;1.96;0.6
28/11/24   ;15:00;0.04;13.4;10.6;0.04;1200;0;-0.12;0.14;0.04;170;0.09;0.02;0.25;0.14;0.04;1.75;0.36;3.98;2.17;0.71
28/11/24   ;16:00;0.01;13.3;10.5;0.01;1197;0;-0.13;0.17;0.04;184;0.1;0.02;0.25;0.15;0.04;1.61;0.45;3.34;1.85;0.52
28/11/24   ;17:00;0.09;13.4;10.7;0.09;1200;0;-0.12;0.17;0.04;170;0.1;0.01;0.25;0.14;0.04;1.76;0.34;3.86;2.28;0.71
28/11/24   ;18:00;0.24;13.4;10.7;0.24;1193;0;-0.16;0.2;0.05;187;0.11;0.02;0.28;0.18;0.06;1.59;0.49;3.45;1.91;0.59
28/11/24   ;19:00;0.37;13.4;10.7;0.37;1208;0;-0.14;0.13;0.04;179;0.11;0.01;0.26;0.16;0.05;1.67;0.32;4.1;2.04;0.63
28/11/24   ;20:00;0.49;13.3;10.8;0.49;1198;0;-0.1;0.13;0.04;182;0.08;0.01;0.18;0.13;0.04;1.63;0.32;3.76;2.09;0.66
28/11/24   ;21:00;0.56;13.4;10.9;0.56;1199;0;-0.12;0.18;0.04;170;0.09;0.01;0.27;0.14;0.05;1.75;0.35;3.88;2.08;0.71
28/11/24   ;22:00;0.55;13.4;11;0.55;1200;0;-0.14;1.33;0.07;167;0.08;0.01;0.29;0.12;0.05;1.77;0.38;3.91;2.06;0.74
28/11/24   ;23:00;0.47;13.4;10.9;0.47;1199;0;-0.13;0.13;0.03;166;0.06;0.01;0.25;0.09;0.04;1.78;0.34;3.42;2.21;0.7
29/11/24   ;00:00;0.36;13.4;10.8;0.36;1195;0;-0.09;0.07;0.02;168;0.04;0;0.12;0.06;0.02;1.76;0.33;3.58;2.13;0.66
29/11/24   ;01:00;0.25;13.4;10.7;0.25;1192;0;-0.11;0.11;0.03;136;0.08;0.01;0.22;0.13;0.04;2.17;0.39;3.79;2.63;0.77
29/11/24   ;02:00;0.16;13.4;10.7;0.16;1195;0;-0.06;0.07;0.02;163;0.04;0;0.12;0.07;0.02;1.81;0.52;3.82;2.41;0.79
29/11/24   ;03:00;0.14;13.4;10.6;0.15;1199;0;-0.03;0.04;0.01;163;0.02;0;0.05;0.03;0.01;1.82;0.49;3.83;2.29;0.75
29/11/24   ;04:00;0.23;13.4;10.9;0.23;1200;0;-0.05;0.05;0.01;177;0.03;0;0.1;0.05;0.02;1.68;0.38;3.59;2.07;0.67
29/11/24   ;05:00;0.38;13.4;10.8;0.38;1198;0;-0.08;0.09;0.03;140;0.07;0;0.15;0.11;0.03;2.12;0.29;4.03;2.88;0.97
29/11/24   ;06:00;0.53;13.4;11.1;0.53;1200;0;-0.06;0.07;0.02;175;0.06;0.01;0.12;0.09;0.02;1.71;0.34;3.18;2.03;0.61
29/11/24   ;07:00;0.68;13.4;11.5;0.68;1200;0;-0.12;0.15;0.04;192;0.1;0.01;0.23;0.15;0.05;1.55;0.33;3.31;1.8;0.59
29/11/24   ;08:00;0.8;13.4;11.9;0.8;1200;0;-0.14;0.15;0.05;181;0.11;0.01;0.26;0.17;0.05;1.64;0.41;3.5;1.87;0.58
29/11/24   ;09:00;0.84;13.4;12.3;0.84;1198;0;-0.12;0.13;0.04;190;0.1;0.02;0.24;0.15;0.04;1.57;0.44;3.56;1.77;0.53
29/11/24   ;10:00;0.81;13.4;12.1;0.81;1200;0;-0.12;0.14;0.04;179;0.1;0.02;0.22;0.16;0.05;1.65;0.28;4.21;1.97;0.73
29/11/24   ;11:00;0.68;13.4;11.9;0.68;1200;0;-0.12;0.13;0.04;183;0.09;0.01;0.21;0.13;0.04;1.62;0.45;3.51;1.87;0.56
29/11/24   ;12:00;0.48;13.4;11.3;0.48;1200;0;-0.09;0.14;0.03;185;0.07;0.01;0.18;0.11;0.03;1.61;0.27;4.56;1.87;0.66
29/11/24   ;13:00;0.27;13.3;11.1;0.27;1197;0;-0.14;0.11;0.04;170;0.09;0.01;0.22;0.14;0.04;1.75;0.33;3.78;2.11;0.69
29/11/24   ;14:00;0.09;13.4;10.8;0.09;1181;0;-0.1;0.12;0.04;174;0.08;0.01;0.21;0.13;0.04;1.68;0.31;3.6;2.07;0.67
29/11/24   ;15:00;-0.07;13.3;10.7;-0.07;1200;0;-0.12;0.13;0.04;179;0.09;0.02;0.21;0.14;0.04;1.67;0.54;3.75;1.9;0.57
29/11/24   ;16:00;-0.15;13.3;10.7;-0.15;1198;0;-0.12;0.15;0.04;166;0.1;0.01;0.25;0.15;0.04;1.79;0.37;4.62;2.08;0.7
29/11/24   ;17:00;-0.13;13.4;10.6;-0.13;1194;0;-0.12;0.12;0.04;181;0.09;0.02;0.22;0.14;0.04;1.63;0.32;3.5;1.83;0.59
29/11/24   ;18:00;0.01;13.4;11.1;0.01;1195;0;-0.15;0.18;0.04;178;0.1;0.01;0.3;0.16;0.05;1.67;0.36;3.63;2.02;0.66
29/11/24   ;19:00;0.2;13.3;11;0.2;1198;0;-0.13;0.21;0.05;196;0.11;0.01;0.32;0.18;0.06;1.52;0.36;3.47;1.87;0.62
29/11/24   ;20:00;0.35;13.3;11.1;0.36;1194;0;-0.18;0.17;0.05;174;0.11;0.02;0.35;0.17;0.06;1.7;0.46;4.03;2.15;0.68
29/11/24   ;21:00;0.47;13.3;11.3;0.47;1200;0;-0.21;0.24;0.05;165;0.12;0.01;0.44;0.2;0.07;1.81;0.32;4.18;2.24;0.78
29/11/24   ;22:00;0.52;13.3;11.4;0.52;1200;0;-0.07;0.07;0.02;190;0.05;0.01;0.12;0.08;0.02;1.56;0.3;3.17;1.9;0.6
29/11/24   ;23:00;0.5;13.4;11.4;0.5;1196;0;-0.09;0.09;0.02;174;0.05;0.01;0.16;0.08;0.02;1.7;0.36;3.69;2.08;0.59
30/11/24   ;00:00;0.4;13.4;11.3;0.4;1192;0;-0.07;0.07;0.02;153;0.05;0.01;0.11;0.08;0.02;1.93;0.5;4.46;2.33;0.74
30/11/24   ;01:00;0.28;13.3;11.1;0.28;1193;0;-0.09;0.1;0.03;157;0.06;0.01;0.19;0.09;0.03;1.88;0.31;3.92;2.45;0.82
30/11/24   ;02:00;0.2;13.4;10.9;0.2;1207;0;-0.09;0.11;0.02;155;0.05;0;0.19;0.09;0.03;1.93;0.27;4.1;2.26;0.74
30/11/24   ;03:00;0.15;13.4;10.8;0.15;1196;0;-0.1;0.1;0.02;160;0.04;0.01;0.19;0.07;0.03;1.85;0.35;3.61;2.28;0.7
30/11/24   ;04:00;0.17;13.4;10.9;0.17;1199;0;-0.08;0.12;0.02;163;0.05;0;0.2;0.09;0.04;1.83;0.37;4.31;2.37;0.79
30/11/24   ;05:00;0.28;13.4;11.1;0.28;1200;0;-0.12;0.16;0.03;141;0.08;0.01;0.27;0.12;0.04;2.11;0.59;3.61;2.61;0.78
30/11/24   ;06:00;0.41;13.4;11.2;0.41;1198;0;-0.12;0.12;0.03;154;0.07;0.01;0.24;0.11;0.04;1.94;0.33;3.72;2.39;0.8
30/11/24   ;07:00;0.56;13.4;11.4;0.56;1199;0;-0.13;0.13;0.04;185;0.09;0.01;0.26;0.15;0.05;1.61;0.36;3.76;2.05;0.68
30/11/24   ;08:00;0.68;13.4;11.8;0.68;1199;0;-0.15;0.16;0.04;183;0.1;0.02;0.22;0.15;0.04;1.62;0.31;3.82;1.93;0.65
30/11/24   ;09:00;0.74;13.4;12.1;0.74;1202;0;-0.12;0.14;0.04;188;0.1;0.01;0.25;0.15;0.04;1.58;0.4;3.49;1.95;0.59
30/11/24   ;10:00;0.73;13.4;12.1;0.72;1199;0;-0.16;0.16;0.04;180;0.1;0.02;0.27;0.16;0.05;1.66;0.69;3.57;2.05;0.62
30/11/24   ;11:00;0.61;13.4;11.9;0.61;1198;0;-0.12;0.14;0.04;182;0.09;0.01;0.2;0.13;0.04;1.63;0.38;3.59;1.99;0.59
30/11/24   ;12:00;0.45;13.4;11.5;0.45;1198;0;-0.09;0.1;0.03;177;0.07;0.01;0.2;0.11;0.03;1.68;0.31;3.8;1.99;0.58
30/11/24   ;13:00;0.25;13.4;11.2;0.25;1199;0;-0.12;0.14;0.04;169;0.09;0.02;0.22;0.15;0.05;1.76;0.34;4.21;2.23;0.82
30/11/24   ;14:00;0.04;13.4;10.9;0.04;1198;0;-0.09;0.11;0.03;174;0.08;0.01;0.18;0.12;0.04;1.72;0.34;3.36;2.17;0.67
30/11/24   ;15:00;-0.11;13.3;10.6;-0.11;1197;0;-0.14;0.18;0.04;154;0.11;0.02;0.23;0.16;0.05;1.93;0.5;4.08;2.29;0.83
30/11/24   ;16:00;-0.23;13.3;10.5;-0.23;1195;0;-0.1;0.11;0.03;163;0.08;0.02;0.18;0.13;0.04;1.8;0.31;3.55;2.38;0.75
30/11/24   ;17:00;-0.25;13.3;10.5;-0.25;1202;0;-0.12;0.17;0.04;164;0.09;0.01;0.24;0.14;0.04;1.82;0.28;5.75;2.41;0.87
30/11/24   ;18:00;-0.14;13.4;10.9;-0.14;1205;0;-0.11;0.21;0.04;179;0.09;0.01;0.31;0.13;0.04;1.68;0.36;3.5;2.03;0.57
30/11/24   ;19:00;0.06;13.4;11;0.06;1204;0;-0.12;0.13;0.04;190;0.09;0;0.25;0.14;0.04;1.57;0.35;3.73;1.96;0.61
30/11/24   ;20:00;0.25;13.3;10.8;0.25;1191;0;-0.13;0.13;0.04;168;0.1;0.01;0.25;0.15;0.05;1.76;0.32;3.75;2.02;0.69
30/11/24   ;21:00;0.38;13.3;11;0.38;1198;0;-0.12;0.14;0.04;185;0.08;0.02;0.24;0.13;0.04;1.61;0.32;3.65;2.05;0.62
30/11/24   ;22:00;0.46;13.3;11;0.46;1199;0;-0.08;0.08;0.03;154;0.06;0.01;0.15;0.1;0.03;1.93;0.43;4.24;2.62;0.86
30/11/24   ;23:00;0.52;13.4;11;0.52;1198;0;-0.12;0.14;0.03;172;0.07;0.01;0.25;0.11;0.04;1.72;0.52;3.71;2.15;0.65
01/12/24   ;00:00;0.49;13.4;11;0.48;1200;0;-0.09;0.13;0.03;141;0.06;0.01;0.2;0.1;0.04;2.12;0.32;5.03;3.01;1.02
01/12/24   ;01:00;0.39;13.3;10.9;0.39;1193;0;-0.07;0.08;0.03;143;0.06;0.01;0.14;0.1;0.03;2.06;0.28;3.79;2.72;0.83
01/12/24   ;02:00;0.29;13.4;10.8;0.29;1201;0;-0.06;0.08;0.02;139;0.05;0.01;0.12;0.08;0.02;2.15;0.33;4.11;2.91;0.94
01/12/24   ;03:00;0.19;13.4;10.7;0.19;1189;0;-0.05;0.04;0.01;182;0.03;0;0.07;0.05;0.01;1.62;0.29;3.9;1.9;0.64
01/12/24   ;04:00;0.17;13.4;10.6;0.17;1202;0;-0.06;0.06;0.02;172;0.04;0.01;0.11;0.06;0.02;1.73;0.26;4.1;2.28;0.71
01/12/24   ;05:00;0.25;13.4;10.8;0.25;1199;0;-0.05;0.05;0.02;168;0.04;0.01;0.09;0.06;0.02;1.75;0.3;3.86;2.2;0.68
01/12/24   ;06:00;0.37;13.4;11;0.38;1199;0;-0.07;0.08;0.02;185;0.05;0.01;0.15;0.07;0.02;1.6;0.31;3.4;1.96;0.62
01/12/24   ;07:00;0.51;13.4;11.2;0.51;1200;0;-0.11;0.14;0.03;172;0.08;0.01;0.21;0.13;0.04;1.72;0.32;4.26;1.93;0.7
01/12/24   ;08:00;0.64;13.4;11.3;0.64;1199;0;-0.14;0.14;0.03;175;0.08;0.01;0.21;0.13;0.04;1.68;0.38;3.54;2.06;0.71
01/12/24   ;09:00;0.71;13.4;11.6;0.71;1200;0;-0.12;0.15;0.04;184;0.09;0.01;0.26;0.15;0.05;1.62;0.31;3.57;1.84;0.57
01/12/24   ;10:00;0.73;13.4;11.6;0.73;1200;0;-0.1;0.13;0.03;188;0.08;0.01;0.23;0.13;0.04;1.59;0.42;3.92;1.89;0.63
01/12/24   ;11:00;0.66;13.4;11.5;0.66;1200;0;-0.1;0.1;0.03;186;0.08;0.01;0.19;0.11;0.03;1.6;0.34;3.47;1.93;0.62
01/12/24   ;12:00;0.53;13.4;11.3;0.53;1200;0;-0.09;0.09;0.03;192;0.07;0.01;0.16;0.11;0.03;1.55;0.39;3.25;1.81;0.53
01/12/24   ;13:00;0.35;13.4;11.1;0.35;1200;0;-0.11;0.14;0.03;176;0.08;0;0.22;0.12;0.04;1.69;0.3;4.1;2.16;0.68
01/12/24   ;14:00;0.14;13.4;10.9;0.14;1200;0;-0.11;0.16;0.04;165;0.1;0.02;0.26;0.15;0.05;1.81;0.35;3.83;2.25;0.72
01/12/24   ;15:00;-0.02;13.4;10.6;-0.02;1196;0;-0.13;0.11;0.04;159;0.09;0.01;0.19;0.14;0.04;1.87;0.32;5.01;2.49;0.92
01/12/24   ;16:00;-0.15;13.4;10.4;-0.15;1198;0;-0.14;0.15;0.04;183;0.08;0.01;0.25;0.13;0.04;1.63;0.43;4.05;2;0.69
01/12/24   ;17:00;-0.18;13.4;10.4;-0.18;1200;0;-0.14;0.17;0.04;170;0.1;0.01;0.27;0.16;0.05;1.75;0.31;4.26;2.2;0.71
01/12/24   ;18:00;-0.09;13.4;10.6;-0.09;1200;0;-0.13;0.13;0.04;173;0.09;0.02;0.26;0.13;0.04;1.72;0.57;3.41;2.11;0.59
01/12/24   ;19:00;0.07;13.4;10.8;0.07;1200;0;-0.25;0.21;0.04;172;0.09;0.01;0.43;0.15;0.06;1.73;0.36;4.05;2.19;0.7
01/12/24   ;20:00;0.24;13.4;10.9;0.25;1216;0;-0.13;0.17;0.04;174;0.09;0.02;0.25;0.15;0.05;1.74;0.33;3.95;2.06;0.6
01/12/24   ;21:00;0.41;13.3;10.8;0.41;1195;0;-0.14;0.14;0.03;179;0.08;0.01;0.27;0.13;0.04;1.65;0.34;3.61;2.05;0.67
01/12/24   ;22:00;0.52;13.3;10.9;0.52;1199;0;-0.09;0.09;0.02;170;0.06;0.01;0.13;0.09;0.03;1.74;0.45;4.93;2.19;0.79
01/12/24   ;23:00;0.61;13.4;11;0.61;1200;0;-0.06;0.07;0.02;159;0.05;0.01;0.11;0.08;0.02;1.88;0.32;3.71;2.4;0.81
02/12/24   ;00:00;0.63;13.3;11.2;0.63;1200;0;-0.1;0.09;0.03;172;0.06;0;0.19;0.09;0.03;1.72;0.37;3.72;2.18;0.68
02/12/24   ;01:00;0.59;13.3;11;0.59;1208;0;-0.08;0.11;0.03;155;0.07;0.01;0.18;0.1;0.03;1.94;0.38;3.9;2.48;0.76
02/12/24   ;02:00;0.5;13.4;10.8;0.49;1199;0;-0.09;0.08;0.02;138;0.05;0.01;0.15;0.08;0.03;2.16;0.37;3.86;2.83;0.83
02/12/24   ;03:00;0.41;13.3;10.7;0.41;1200;0;-0.03;0.03;0.01;160;0.02;0;0.06;0.03;0.01;1.87;0.29;3.74;2.38;0.71
02/12/24   ;04:00;0.36;13.4;10.6;0.36;1200;0;-0.09;0.08;0.02;174;0.04;0;0.17;0.07;0.03;1.7;0.37;4.04;2.09;0.67
02/12/24   ;05:00;0.35;13.4;10.5;0.35;1196;0;-0.08;0.08;0.02;148;0.05;0.01;0.13;0.08;0.03;2;0.4;3.69;2.76;0.86
02/12/24   ;06:00;0.4;13.3;10.8;0.4;1200;0;-0.08;0.09;0.03;169;0.06;0;0.14;0.09;0.03;1.77;0.26;3.52;2.23;0.77
02/12/24   ;07:00;0.51;13.4;11.1;0.51;1200;0;-0.13;0.16;0.04;147;0.09;0.01;0.26;0.15;0.05;2.03;0.29;4.01;2.65;0.89
02/12/24   ;08:00;0.64;13.4;11.1;0.64;1200;0;-0.16;0.16;0.05;176;0.13;0.02;0.28;0.19;0.06;1.69;0.36;3.72;1.91;0.66
02/12/24   ;09:00;0.74;13.4;11.2;0.74;1200;0;-0.11;0.19;0.04;208;0.09;0.01;0.3;0.14;0.05;1.43;0.31;3.66;1.66;0.54
02/12/24   ;10:00;0.81;13.4;11.5;0.81;1199;0;-0.16;0.19;0.04;198;0.1;0.01;0.29;0.16;0.05;1.5;0.31;3.22;1.79;0.58
02/12/24   ;11:00;0.8;13.3;11.6;0.8;1198;0;-0.12;0.15;0.03;207;0.08;0.01;0.28;0.12;0.04;1.44;0.31;3.01;1.74;0.51
02/12/24   ;12:00;0.7;13.4;11.4;0.7;1200;0;-0.09;0.11;0.03;172;0.08;0.01;0.2;0.12;0.04;1.73;0.31;3.68;2.05;0.69
02/12/24   ;13:00;0.54;13.4;11.2;0.54;1200;0;-0.11;0.16;0.03;174;0.08;0.01;0.23;0.13;0.04;1.72;0.39;3.69;2.01;0.66
02/12/24   ;14:00;0.35;13.4;11;0.35;1200;0;-0.12;0.14;0.04;168;0.09;0.01;0.22;0.14;0.04;1.77;0.35;3.53;2.19;0.71
02/12/24   ;15:00;0.17;13.4;10.7;0.17;1200;0;-0.15;0.15;0.04;150;0.1;0.01;0.27;0.16;0.05;1.98;0.36;4.2;2.45;0.83
02/12/24   ;16:00;-0.01;13.4;10.4;-0.01;1197;0;-0.12;0.12;0.03;180;0.08;0;0.23;0.13;0.04;1.65;0.37;3.4;2.04;0.66
02/12/24   ;17:00;-0.11;13.4;10.3;-0.12;1200;0;-0.14;0.14;0.04;179;0.09;0.01;0.27;0.14;0.04;1.67;0.29;3.89;1.92;0.71
02/12/24   ;18:00;-0.13;13.4;10.3;-0.13;1196;0;-0.16;0.14;0.04;146;0.1;0.01;0.26;0.15;0.05;2.02;0.31;4.1;2.26;0.67
02/12/24   ;19:00;-0.03;13.4;10.8;-0.03;1188;0;-0.11;0.16;0.04;169;0.09;0.01;0.26;0.15;0.05;1.75;0.34;3.73;2.18;0.74
02/12/24   ;20:00;0.14;13.3;10.8;0.14;1200;0;-0.1;0.12;0.03;184;0.07;0.01;0.22;0.1;0.03;1.62;0.34;3.79;1.9;0.67
02/12/24   ;21:00;0.31;13.3;10.6;0.31;1195;0;-0.13;0.16;0.03;160;0.08;0.01;0.25;0.13;0.05;1.85;0.34;3.84;2.31;0.78
02/12/24   ;22:00;0.47;13.3;10.7;0.47;1196;0;-0.08;0.09;0.03;175;0.07;0.01;0.17;0.11;0.03;1.69;0.33;3.79;1.98;0.67
02/12/24   ;23:00;0.6;13.4;10.7;0.6;1200;0;-0.13;0.1;0.03;167;0.06;0;0.23;0.1;0.03;1.79;0.35;4.3;2.38;0.8
03/12/24   ;00:00;0.67;13.4;10.8;0.67;1200;0;-0.06;0.07;0.02;178;0.05;0;0.12;0.07;0.02;1.66;0.26;4.01;2.29;0.82
03/12/24   ;01:00;0.68;13.3;10.8;0.68;1200;0;-0.09;0.1;0.03;138;0.07;0.01;0.17;0.11;0.04;2.17;0.36;4.14;2.98;0.93
03/12/24   ;02:00;0.61;13.3;10.8;0.61;1200;0;-0.04;0.04;0.01;202;0.03;0.01;0.07;0.04;0.01;1.48;0.31;3.24;1.94;0.64
03/12/24   ;03:00;0.5;13.3;10.7;0.5;1199;0;-0.06;0.05;0.01;208;0.03;0;0.09;0.04;0.02;1.44;0.26;3.67;1.97;0.66
03/12/24   ;04:00;0.41;13.4;10.6;0.41;1192;0;-0.12;0.13;0.03;142;0.06;0.01;0.22;0.12;0.05;2.09;0.52;3.73;2.59;0.9
03/12/24   ;05:00;0.36;13.4;10.5;0.36;1200;0;-0.1;0.1;0.03;146;0.06;0;0.19;0.09;0.03;2.03;0.33;3.99;2.78;0.86
03/12/24   ;06:00;0.38;13.4;10.4;0.38;1200;0;-0.11;0.12;0.03;151;0.08;0.01;0.23;0.13;0.04;1.97;0.33;3.82;2.76;0.92
03/12/24   ;07:00;0.48;13.3;10.5;0.48;1191;0;-0.11;0.13;0.04;153;0.09;0.01;0.22;0.14;0.05;1.93;0.31;4.22;2.5;0.84
03/12/24   ;08:00;0.61;13.4;10.6;0.61;1200;0;-0.14;0.14;0.04;184;0.1;0.02;0.23;0.16;0.05;1.62;0.61;3.22;1.92;0.53
03/12/24   ;09:00;0.74;13.4;10.7;0.74;1200;0;-0.15;0.19;0.05;197;0.11;0.01;0.31;0.18;0.06;1.51;0.31;3.36;1.84;0.59
03/12/24   ;10:00;0.83;13.4;10.7;0.83;1200;0;-0.14;0.17;0.04;187;0.1;0;0.31;0.16;0.05;1.59;0.28;3.77;1.89;0.63
03/12/24   ;11:00;0.87;13.4;10.7;0.87;1200;0;-0.12;0.15;0.05;194;0.11;0.01;0.24;0.17;0.05;1.54;0.36;3.33;1.82;0.57
03/12/24   ;12:00;0.82;13.4;10.7;0.82;1200;0;-0.13;0.14;0.04;179;0.1;0.01;0.26;0.16;0.05;1.66;0.32;3.27;2.03;0.67
03/12/24   ;13:00;0.68;13.4;10.7;0.68;1197;0;-0.1;0.12;0.03;177;0.08;0.01;0.18;0.12;0.04;1.68;0.58;3.33;1.99;0.62
03/12/24   ;14:00;0.49;13.4;10.7;0.49;1200;0;-0.11;0.13;0.03;170;0.07;0.01;0.2;0.11;0.04;1.74;0.36;3.72;2.18;0.71
03/12/24   ;15:00;0.3;13.4;10.5;0.3;1190;0;-0.12;0.12;0.04;153;0.09;0.01;0.21;0.14;0.04;1.92;0.29;4.4;2.6;0.91
03/12/24   ;16:00;0.12;13.4;10.4;0.12;1200;0;-0.1;0.1;0.03;165;0.07;0.01;0.16;0.11;0.03;1.81;0.36;3.76;2.33;0.79
03/12/24   ;17:00;-0.01;13.4;10.2;-0.02;1200;0;-0.12;0.14;0.04;143;0.09;0.01;0.24;0.14;0.04;2.08;0.51;4.22;2.8;0.95
03/12/24   ;18:00;-0.09;13.4;10.1;-0.09;1200;0;-0.15;0.17;0.04;175;0.11;0.02;0.27;0.17;0.05;1.69;0.38;3.93;2.01;0.62
03/12/24   ;19:00;-0.04;13.4;10.1;-0.04;1200;0;-0.12;0.11;0.03;184;0.08;0.02;0.18;0.12;0.04;1.62;0.42;4.2;1.96;0.6
03/12/24   ;20:00;0.11;13.4;10.3;0.11;1197;0;-0.12;0.11;0.03;178;0.07;0.01;0.19;0.12;0.04;1.67;0.3;3.47;1.93;0.74
03/12/24   ;21:00;0.27;13.4;10.4;0.27;1198;0;-0.09;0.1;0.03;175;0.06;0.01;0.19;0.1;0.03;1.7;0.32;4.07;2.17;0.77
03/12/24   ;22:00;0.42;13.4;10.1;0.42;1194;0;-0.12;0.12;0.03;171;0.07;0.01;0.23;0.11;0.04;1.73;0.39;3.88;2.11;0.77
03/12/24   ;23:00;0.57;13.4;10;0.57;1200;0;-0.1;0.12;0.03;164;0.06;0;0.22;0.09;0.03;1.82;0.4;4.22;2.43;0.83
04/12/24   ;00:00;0.67;13.4;10;0.67;1193;0;-0.05;0.06;0.02;209;0.04;0;0.09;0.06;0.02;1.42;0.28;3.28;1.93;0.68
04/12/24   ;01:00;0.71;13.4;10.4;0.71;1193;0;-0.09;0.1;0.03;157;0.07;0;0.17;0.11;0.03;1.89;0.41;4.21;2.62;0.87
04/12/24   ;02:00;0.68;13.4;10.2;0.68;1198;0;-0.04;0.05;0.01;228;0.03;0;0.09;0.05;0.01;1.31;0.32;2.79;1.67;0.53
04/12/24   ;03:00;0.59;13.3;10.1;0.59;1200;0;-0.04;0.04;0.01;220;0.03;0.01;0.06;0.04;0.01;1.35;0.27;3.28;1.68;0.61
04/12/24   ;04:00;0.51;13.3;10;0.51;1200;0;-0.04;0.05;0.01;257;0.03;0;0.07;0.05;0.01;1.16;0.28;2.81;1.45;0.5
04/12/24   ;05:00;0.44;13.4;10;0.44;1196;0;-0.09;0.12;0.03;182;0.06;0.01;0.18;0.09;0.03;1.64;0.38;3.76;2.28;0.83
04/12/24   ;06:00;0.42;13.4;10;0.42;1192;0;-0.11;0.1;0.03;148;0.07;0.01;0.2;0.12;0.04;1.99;0.55;3.96;2.4;0.73
04/12/24   ;07:00;0.48;13.3;10.1;0.48;1199;0;-0.1;0.14;0.04;178;0.09;0.02;0.21;0.13;0.04;1.67;0.43;3.74;2;0.64
04/12/24   ;08:00;0.59;13.4;10.2;0.59;1200;0;-0.16;0.24;0.05;177;0.11;0.02;0.33;0.17;0.05;1.68;0.51;2.99;1.86;0.51
04/12/24   ;09:00;0.71;13.3;10.4;0.71;1198;0;-0.14;0.18;0.04;192;0.1;0.01;0.3;0.15;0.05;1.55;0.32;3.81;1.81;0.56
04/12/24   ;10:00;0.81;13.4;10.6;0.81;1200;0;-0.22;0.17;0.05;188;0.12;0.01;0.35;0.19;0.06;1.58;0.37;3.52;1.97;0.65
04/12/24   ;11:00;0.85;13.4;10.6;0.85;1199;0;-0.12;0.13;0.04;170;0.1;0.02;0.22;0.15;0.04;1.76;0.33;3.81;2.2;0.72
04/12/24   ;12:00;0.84;13.3;10.6;0.84;1200;0;-0.13;0.14;0.04;183;0.1;0.01;0.21;0.15;0.04;1.64;0.47;4.11;2;0.62
04/12/24   ;13:00;0.74;13.3;10.6;0.73;1200;0;-0.13;0.14;0.04;172;0.1;0.02;0.27;0.15;0.04;1.73;0.27;3.66;1.97;0.66
04/12/24   ;14:00;0.58;13.4;10.5;0.58;1180;0;-0.1;0.1;0.03;189;0.07;0.01;0.19;0.11;0.03;1.54;0.26;3.02;1.94;0.57
04/12/24   ;15:00;0.42;13.4;10.3;0.42;1192;0;-0.13;0.12;0.04;168;0.08;0.01;0.22;0.13;0.04;1.76;0.34;4.4;2.24;0.78
04/12/24   ;16:00;0.24;13.4;10.1;0.23;1197;0;-0.1;0.14;0.03;158;0.08;0.01;0.21;0.12;0.04;1.88;0.29;4.09;2.4;0.83
04/12/24   ;17:00;0.08;13.4;10;0.08;1200;0;-0.12;0.11;0.04;162;0.09;0.01;0.18;0.13;0.04;1.84;0.46;3.7;2.36;0.79
04/12/24   ;18:00;-0.01;13.4;9.9;-0.01;1194;0;-0.1;0.1;0.03;177;0.07;0.01;0.17;0.11;0.03;1.67;0.33;4.4;2.14;0.72
04/12/24   ;19:00;-0.04;13.4;9.8;-0.04;1194;0;-0.11;0.11;0.03;161;0.08;0.01;0.2;0.13;0.04;1.84;0.27;4.04;2.25;0.79
04/12/24   ;20:00;0.02;13.4;9.9;0.02;1199;0;-0.12;0.15;0.04;174;0.08;0.01;0.24;0.14;0.05;1.7;0.35;4.13;2.37;0.81
04/12/24   ;21:00;0.16;13.4;9.9;0.16;1191;0;-0.13;0.12;0.03;175;0.07;0.01;0.19;0.11;0.04;1.69;0.39;3.77;2.2;0.77
04/12/24   ;22:00;0.3;13.4;10.1;0.31;1199;0;-0.09;0.08;0.03;176;0.06;0.01;0.15;0.1;0.03;1.69;0.33;3.9;2.39;0.82
04/12/24   ;23:00;0.45;13.4;9.8;0.44;1194;0;-0.1;0.13;0.03;187;0.07;0.01;0.21;0.1;0.03;1.59;0.26;3.19;2.06;0.68
05/12/24   ;00:00;0.56;13.4;9.9;0.56;1200;0;-0.1;0.1;0.03;185;0.06;0.01;0.15;0.09;0.03;1.6;0.29;3.16;2.01;0.6
05/12/24   ;01:00;0.64;13.4;9.9;0.64;1200;0;-0.14;0.12;0.03;176;0.08;0.01;0.25;0.13;0.04;1.69;0.3;4.07;2.08;0.74
05/12/24   ;02:00;0.65;13.4;10.1;0.65;1199;0;-0.07;0.07;0.02;190;0.04;0.01;0.11;0.06;0.02;1.57;0.26;3.32;1.97;0.69
05/12/24   ;03:00;0.59;13.3;9.9;0.59;1207;0;-0.04;0.03;0.01;226;0.02;0;0.06;0.04;0.01;1.33;0.27;3.68;1.77;0.62
05/12/24   ;04:00;0.5;13.3;9.8;0.5;1197;0;-0.07;0.07;0.02;207;0.03;0;0.12;0.05;0.02;1.43;0.26;3.69;1.97;0.69
05/12/24   ;05:00;0.43;13.4;9.7;0.43;1196;0;-0.11;0.11;0.03;151;0.07;0.01;0.22;0.12;0.04;1.97;0.45;3.99;2.44;0.79
05/12/24   ;06:00;0.41;13.4;9.7;0.41;1196;0;-0.15;0.16;0.03;168;0.08;0.01;0.27;0.13;0.05;1.76;0.25;4;2.12;0.69
05/12/24   ;07:00;0.41;13.4;9.6;0.41;1184;0;-0.14;0.17;0.04;156;0.09;0.01;0.26;0.14;0.05;1.87;0.36;4;2.45;0.77
05/12/24   ;08:00;0.46;13.3;9.8;0.46;1191;0;-0.13;0.15;0.04;165;0.1;0.01;0.28;0.15;0.05;1.79;0.39;4.67;2.1;0.76
05/12/24   ;09:00;0.55;13.3;10.1;0.55;1200;0;-0.14;0.12;0.04;195;0.1;0.01;0.25;0.15;0.05;1.53;0.32;3.37;1.74;0.58
05/12/24   ;10:00;0.64;13.4;10.2;0.64;1199;0;-0.13;0.14;0.05;173;0.11;0.01;0.23;0.17;0.05;1.73;0.4;3.85;2.04;0.66
05/12/24   ;11:00;0.71;13.4;10.5;0.71;1200;0;-0.14;0.14;0.04;200;0.1;0.02;0.26;0.15;0.05;1.5;0.28;3.17;1.69;0.53
05/12/24   ;12:00;0.73;13.4;10.6;0.73;1200;0;-0.11;0.14;0.04;207;0.09;0.01;0.22;0.13;0.04;1.44;0.35;3.25;1.73;0.52
05/12/24   ;13:00;0.7;13.3;10.5;0.7;1200;0;-0.14;0.15;0.04;197;0.09;0.01;0.22;0.14;0.04;1.51;0.31;3.01;1.89;0.59
05/12/24   ;14:00;0.59;13.3;10.4;0.6;1200;0;-0.14;0.14;0.04;189;0.09;0.02;0.27;0.14;0.05;1.57;0.41;3.46;1.91;0.59
05/12/24   ;15:00;0.44;13.4;10.1;0.44;1200;0;-0.12;0.15;0.04;166;0.09;0.01;0.22;0.14;0.05;1.8;0.31;3.75;2.27;0.79
05/12/24   ;16:00;0.28;13.4;9.8;0.28;1200;0;-0.1;0.13;0.04;161;0.09;0.01;0.21;0.14;0.04;1.85;0.32;3.94;2.26;0.75
05/12/24   ;17:00;0.11;13.4;9.5;0.11;1195;0;-0.12;0.12;0.04;145;0.1;0.02;0.22;0.15;0.05;2.04;0.44;4.41;2.69;0.95
05/12/24   ;18:00;-0.01;13.4;9.3;0;1207;0;-0.13;0.14;0.04;164;0.09;0.01;0.22;0.14;0.04;1.83;0.44;3.54;2.23;0.7
05/12/24   ;19:00;-0.07;13.4;9.2;-0.07;1197;0;-0.13;0.17;0.04;169;0.09;0.01;0.31;0.14;0.05;1.76;0.42;3.47;2.16;0.64
05/12/24   ;20:00;-0.04;13.4;9.2;-0.04;1197;0;-0.11;0.14;0.03;156;0.08;0.01;0.24;0.12;0.04;1.9;0.29;3.86;2.53;0.81
05/12/24   ;21:00;0.05;13.4;9.7;0.05;1194;0;-0.15;0.13;0.04;173;0.08;0.01;0.25;0.13;0.04;1.71;0.66;4.04;1.97;0.64
05/12/24   ;22:00;0.16;13.4;9.6;0.16;1197;0;-0.06;0.06;0.02;150;0.05;0;0.12;0.07;0.02;1.97;0.29;4.37;2.75;0.94
05/12/24   ;23:00;0.28;13.4;9.8;0.28;1200;0;-0.09;0.08;0.03;160;0.07;0.01;0.17;0.1;0.03;1.85;0.44;4.1;2.31;0.79
06/12/24   ;00:00;0.39;13.4;9.5;0.39;1200;0;-0.08;0.07;0.03;161;0.06;0.01;0.15;0.1;0.03;1.85;0.38;4.14;2.35;0.82
06/12/24   ;01:00;0.48;13.4;9.8;0.48;1196;0;-0.08;0.09;0.03;166;0.06;0.01;0.15;0.1;0.03;1.78;0.5;3.81;2.25;0.79
06/12/24   ;02:00;0.56;13.4;9.7;0.56;1200;0;-0.07;0.09;0.02;167;0.04;0;0.14;0.07;0.02;1.78;0.32;4.04;2.02;0.72
06/12/24   ;03:00;0.59;13.4;9.7;0.59;1200;0;-0.03;0.04;0.01;186;0.02;0;0.07;0.04;0.01;1.6;0.3;3.85;2.09;0.66
06/12/24   ;04:00;0.59;13.4;9.8;0.59;1200;0;-0.03;0.04;0.01;160;0.03;0;0.07;0.04;0.01;1.87;0.47;3.36;2.34;0.67
06/12/24   ;05:00;0.52;13.4;9.6;0.52;1196;0;-0.07;0.07;0.02;127;0.05;0.01;0.13;0.08;0.03;2.33;0.55;3.86;3.07;0.9
06/12/24   ;06:00;0.46;13.4;9.6;0.46;1198;0;-0.15;0.13;0.03;173;0.06;0;0.25;0.11;0.04;1.7;0.34;3.23;2.08;0.61
06/12/24   ;07:00;0.44;13.4;9.5;0.44;1198;0;-0.14;0.16;0.04;154;0.09;0.01;0.3;0.13;0.04;1.93;0.28;4.33;2.31;0.73
06/12/24   ;08:00;0.44;13.3;9.5;0.44;1199;0;-0.13;0.16;0.04;179;0.1;0.01;0.25;0.16;0.05;1.67;0.28;3.54;2;0.62
06/12/24   ;09:00;0.5;13.3;9.7;0.5;1200;0;-0.11;0.14;0.04;179;0.1;0.01;0.23;0.15;0.04;1.67;0.39;3.27;2.03;0.57
06/12/24   ;10:00;0.59;13.3;9.9;0.59;1200;0;-0.14;0.17;0.04;193;0.1;0.01;0.28;0.15;0.05;1.54;0.41;2.86;1.78;0.53
06/12/24   ;11:00;0.66;13.4;10;0.66;1200;0;-0.16;0.21;0.05;175;0.11;0.01;0.33;0.17;0.05;1.69;0.47;3.55;1.98;0.57
06/12/24   ;12:00;0.73;13.4;10.1;0.73;1183;0;-0.13;0.14;0.04;178;0.1;0.02;0.23;0.14;0.04;1.65;0.29;3.78;2.01;0.67
06/12/24   ;13:00;0.73;13.3;10.2;0.73;1197;0;-0.11;0.12;0.04;180;0.09;0.01;0.2;0.13;0.04;1.65;0.36;3.48;2.03;0.64
06/12/24   ;14:00;0.66;13.3;10.1;0.66;1199;0;-0.1;0.14;0.04;184;0.1;0.01;0.23;0.15;0.05;1.62;0.35;4.28;2;0.64
06/12/24   ;15:00;0.56;13.3;10;0.56;1200;0;-0.17;0.14;0.04;182;0.09;0.01;0.25;0.14;0.05;1.64;0.34;3.59;1.96;0.62
06/12/24   ;16:00;0.42;13.4;9.7;0.42;1196;0;-0.11;0.15;0.03;180;0.08;0.01;0.21;0.12;0.04;1.66;0.31;3.38;1.89;0.56
06/12/24   ;17:00;0.29;13.4;9.5;0.29;1200;0;-0.09;0.09;0.03;177;0.07;0.01;0.14;0.1;0.03;1.69;0.4;4.17;2.13;0.69
06/12/24   ;18:00;0.17;13.3;9.3;0.16;1200;0;-0.12;0.14;0.04;160;0.09;0.01;0.27;0.14;0.04;1.86;0.66;3.81;2.13;0.64
06/12/24   ;19:00;0.08;13.3;9.1;0.08;1200;0;-0.1;0.12;0.03;171;0.08;0.01;0.19;0.11;0.04;1.74;0.32;3.69;2;0.62
06/12/24   ;20:00;0.04;13.4;9;0.04;1200;0;-0.17;0.21;0.05;141;0.11;0.01;0.37;0.18;0.06;2.12;0.39;4.42;2.67;0.83
06/12/24   ;21:00;0.05;13.4;9.2;0.05;1196;0;-0.13;0.13;0.03;161;0.08;0.01;0.24;0.12;0.04;1.85;0.4;3.69;2.2;0.66
06/12/24   ;22:00;0.15;13.4;9.6;0.15;1200;0;-0.08;0.1;0.03;180;0.07;0.01;0.18;0.1;0.03;1.66;0.34;3.42;1.79;0.61
06/12/24   ;23:00;0.27;13.4;9.6;0.27;1195;0;-0.09;0.08;0.02;182;0.06;0.01;0.17;0.08;0.03;1.63;0.28;3.96;2.04;0.69
07/12/24   ;00:00;0.37;13.4;9.7;0.37;1196;0;-0.1;0.11;0.03;154;0.07;0.01;0.2;0.11;0.04;1.93;0.49;4.4;2.6;0.88
07/12/24   ;01:00;0.45;13.4;9.4;0.46;1197;0;-0.08;0.1;0.02;156;0.06;0;0.15;0.09;0.03;1.9;0.29;4.11;2.54;0.82
07/12/24   ;02:00;0.51;13.4;9.4;0.51;1194;0;-0.04;0.04;0.01;181;0.03;0.01;0.08;0.05;0.01;1.64;0.34;3.46;2.12;0.7
07/12/24   ;03:00;0.53;13.4;9.5;0.52;1200;0;-0.02;0.02;0.01;177;0.02;0;0.04;0.02;0.01;1.68;0.44;3.27;2.06;0.61
07/12/24   ;04:00;0.51;13.4;9.3;0.51;1200;0;-0.08;0.09;0.02;156;0.05;0.01;0.18;0.08;0.03;1.91;0.3;4.91;2.11;0.85
07/12/24   ;05:00;0.48;13.4;9.4;0.48;1200;0;-0.1;0.11;0.02;162;0.06;0;0.17;0.09;0.03;1.84;0.4;3.99;1.98;0.59
07/12/24   ;06:00;0.44;13.4;9.3;0.44;1194;0;-0.09;0.1;0.03;161;0.07;0.01;0.15;0.1;0.03;1.84;0.41;3.47;2.18;0.61
07/12/24   ;07:00;0.4;13.4;9.3;0.4;1200;0;-0.13;0.12;0.03;155;0.07;0.01;0.2;0.12;0.04;1.92;0.45;3.69;2.52;0.77
07/12/24   ;08:00;0.37;13.4;9.3;0.37;1200;0;-0.13;0.12;0.04;160;0.09;0.01;0.23;0.13;0.04;1.86;0.27;4.19;2.26;0.82
07/12/24   ;09:00;0.38;13.4;9.2;0.38;1193;0;-0.14;0.14;0.04;165;0.09;0.01;0.26;0.14;0.05;1.8;0.39;4.48;2.27;0.71
07/12/24   ;10:00;0.42;13.4;9.3;0.42;1200;0;-0.11;0.11;0.04;187;0.1;0.01;0.22;0.15;0.05;1.59;0.31;2.97;1.84;0.53
07/12/24   ;11:00;0.47;13.3;9.4;0.47;1197;0;-0.1;0.13;0.04;182;0.09;0.01;0.21;0.14;0.04;1.64;0.38;3.53;1.94;0.63
07/12/24   ;12:00;0.53;13.4;9.5;0.52;1200;0;-0.13;0.14;0.04;179;0.09;0;0.24;0.14;0.04;1.67;0.4;3.09;2.13;0.62
07/12/24   ;13:00;0.56;13.4;9.6;0.56;1197;0;-0.11;0.1;0.03;189;0.08;0.01;0.2;0.12;0.04;1.57;0.45;3.29;1.91;0.62
07/12/24   ;14:00;0.57;13.4;9.6;0.57;1191;0;-0.13;0.16;0.03;187;0.07;0.01;0.28;0.12;0.04;1.58;0.4;3.23;1.92;0.61
07/12/24   ;15:00;0.55;13.4;9.6;0.55;1190;0;-0.1;0.16;0.04;173;0.09;0.01;0.24;0.13;0.04;1.7;0.5;3.93;2.11;0.65
07/12/24   ;16:00;0.49;13.4;9.6;0.49;1197;0;-0.12;0.15;0.04;166;0.09;0.01;0.27;0.14;0.05;1.8;0.45;3.52;2.17;0.64
07/12/24   ;17:00;0.41;13.4;9.4;0.41;1200;0;-0.12;0.15;0.04;159;0.1;0.01;0.23;0.17;0.05;1.88;0.32;3.89;2.53;0.83
07/12/24   ;18:00;0.34;13.4;9.4;0.34;1200;0;-0.1;0.11;0.03;177;0.08;0.01;0.19;0.12;0.04;1.68;0.3;3.73;2.07;0.69
07/12/24   ;19:00;0.25;13.3;9.2;0.25;1200;0;-0.15;0.2;0.04;159;0.09;0.01;0.32;0.15;0.05;1.86;0.41;3.95;2.25;0.77
07/12/24   ;20:00;0.2;13.3;9.1;0.2;1199;0;-0.17;0.17;0.04;143;0.1;0.02;0.3;0.16;0.05;2.08;0.53;4.43;2.71;0.89
07/12/24   ;21:00;0.2;13.4;9.1;0.2;1196;0;-0.08;0.09;0.03;182;0.07;0.01;0.16;0.1;0.03;1.63;0.35;3.72;2.15;0.75
07/12/24   ;22:00;0.23;13.4;9.1;0.23;1199;0;-0.12;0.11;0.04;182;0.08;0.01;0.22;0.13;0.04;1.64;0.36;3.76;2.25;0.81
07/12/24   ;23:00;0.32;13.4;9.4;0.32;1200;0;-0.08;0.1;0.02;189;0.05;0.01;0.15;0.08;0.03;1.58;0.33;3.7;1.84;0.65
08/12/24   ;00:00;0.43;13.4;9.6;0.43;1196;0;-0.11;0.14;0.03;176;0.07;0.01;0.23;0.12;0.04;1.68;0.4;4.32;2.32;0.8
08/12/24   ;01:00;0.57;13.4;9.7;0.57;1198;0;-0.19;0.16;0.03;220;0.08;0.01;0.34;0.12;0.04;1.34;0.29;3.29;1.76;0.66
08/12/24   ;02:00;0.53;13.4;9.8;0.53;1200;0;-0.13;0.15;0.03;147;0.08;0.01;0.25;0.14;0.05;2.01;0.41;4.3;2.3;0.83
08/12/24   ;03:00;0.56;13.4;9.7;0.56;1200;0;-0.17;0.16;0.03;231;0.07;0.01;0.31;0.11;0.04;1.29;0.39;2.99;1.64;0.57
08/12/24   ;04:00;0.62;13.4;9.6;0.62;1200;0;-0.05;0.05;0.02;231;0.04;0.01;0.11;0.06;0.02;1.29;0.38;3.02;1.65;0.61
08/12/24   ;05:00;0.62;13.4;9.5;0.62;1200;0;-0.07;0.08;0.02;201;0.06;0.01;0.13;0.09;0.03;1.49;0.42;3.39;1.93;0.72
08/12/24   ;06:00;0.61;13.4;9.5;0.61;1200;0;-0.09;0.1;0.03;238;0.06;0.01;0.19;0.1;0.03;1.25;0.35;3.19;1.56;0.56
08/12/24   ;07:00;0.61;13.4;9.5;0.61;1200;0;-0.14;0.14;0.03;180;0.07;0.01;0.25;0.1;0.04;1.65;0.37;3.19;1.96;0.6
08/12/24   ;08:00;0.62;13.4;9.3;0.62;1200;0;-0.14;0.17;0.04;215;0.1;0.01;0.28;0.14;0.05;1.39;0.34;3.28;1.64;0.53
08/12/24   ;09:00;0.63;13.4;9.1;0.63;1195;0;-0.13;0.14;0.04;181;0.11;0.02;0.26;0.16;0.05;1.64;0.35;4.02;2.07;0.73
08/12/24   ;10:00;0.62;13.4;9;0.62;1196;0;-0.15;0.19;0.04;188;0.1;0.01;0.3;0.16;0.05;1.58;0.36;3.2;1.87;0.58
08/12/24   ;11:00;0.62;13.4;9;0.62;1198;0;-0.16;0.14;0.04;199;0.11;0.03;0.26;0.16;0.05;1.5;0.31;3.17;1.77;0.54
08/12/24   ;12:00;0.64;13.4;9;0.64;1198;0;-0.1;0.12;0.04;189;0.09;0.01;0.21;0.14;0.04;1.58;0.36;3.59;1.87;0.63
08/12/24   ;13:00;0.66;13.4;8.9;0.65;1200;0;-0.14;0.15;0.04;201;0.1;0.01;0.22;0.15;0.05;1.48;0.29;3.38;1.85;0.65
08/12/24   ;14:00;0.64;13.4;8.9;0.64;1200;0;-0.13;0.16;0.05;188;0.12;0.01;0.27;0.17;0.05;1.59;0.35;3.85;1.88;0.6
08/12/24   ;15:00;0.61;13.4;8.7;0.61;1195;0;-0.16;0.23;0.06;199;0.15;0.01;0.36;0.23;0.07;1.49;0.26;3.07;1.65;0.46
08/12/24   ;16:00;0.63;13.4;8.5;0.63;1200;0;-0.2;0.21;0.05;193;0.13;0.01;0.32;0.2;0.06;1.54;0.39;3.45;1.83;0.61
08/12/24   ;17:00;0.63;13.3;8.2;0.63;1200;0;-0.21;0.25;0.07;181;0.17;0.03;0.4;0.26;0.08;1.65;0.46;3.22;1.86;0.5
08/12/24   ;18:00;0.67;13.4;7.9;0.67;1199;0;-0.21;0.39;0.08;177;0.21;0.02;0.48;0.31;0.09;1.68;0.34;3.6;1.78;0.46
08/12/24   ;19:00;0.63;13.4;7.8;0.63;1198;0;-0.17;0.25;0.06;193;0.14;0.01;0.39;0.22;0.07;1.54;0.44;2.69;1.68;0.46
08/12/24   ;20:00;0.48;13.3;7.3;0.48;1200;0;-0.2;0.31;0.07;156;0.17;0.01;0.45;0.25;0.07;1.9;0.36;3.94;2.12;0.7
08/12/24   ;21:00;0.39;13.3;7;0.39;1200;0;-0.31;0.28;0.07;184;0.17;0.03;0.45;0.27;0.08;1.63;0.52;3.05;1.79;0.4
08/12/24   ;22:00;0.31;13.3;6.9;0.31;1200;0;-0.11;0.1;0.03;181;0.07;0.01;0.17;0.1;0.03;1.64;0.35;3.64;2.17;0.73
08/12/24   ;23:00;0.2;13.4;7;0.2;1199;0;-0.15;0.15;0.03;125;0.08;0.01;0.25;0.14;0.05;2.38;0.29;4.71;2.91;1.01
09/12/24   ;00:00;0.19;13.4;7;0.19;1200;0;-0.11;0.18;0.04;229;0.1;0.01;0.29;0.15;0.05;1.31;0.37;3.04;1.52;0.42
09/12/24   ;01:00;0.28;13.3;7.4;0.28;1196;0;-0.1;0.1;0.03;165;0.07;0;0.17;0.11;0.04;1.8;0.38;3.98;2.39;0.84
09/12/24   ;02:00;0.41;13.4;7.2;0.41;1214;0;-0.08;0.09;0.02;274;0.06;0.01;0.14;0.08;0.02;1.1;0.41;2.78;1.3;0.43
09/12/24   ;03:00;0.62;13.4;8.2;0.62;1198;0;-0.06;0.06;0.01;256;0.03;0;0.1;0.05;0.02;1.16;0.3;3.21;1.54;0.54
09/12/24   ;04:00;0.78;13.4;8.6;0.78;1200;0;-0.05;0.06;0.02;200;0.04;0;0.1;0.06;0.02;1.49;0.32;3.06;2.01;0.69
09/12/24   ;05:00;0.72;13.4;8.6;0.72;1197;0;-0.08;0.11;0.03;194;0.07;0.01;0.16;0.1;0.03;1.54;0.41;3.84;2.01;0.67
09/12/24   ;06:00;0.71;13.4;8.5;0.71;1196;0;-0.09;0.1;0.03;223;0.07;0.01;0.17;0.11;0.03;1.33;0.34;3.4;1.48;0.56
09/12/24   ;07:00;0.73;13.4;8.5;0.73;1195;0;-0.16;0.19;0.05;189;0.11;0.02;0.28;0.16;0.05;1.57;0.42;3.35;1.99;0.59
09/12/24   ;08:00;0.74;13.4;8.4;0.74;1200;0;-0.15;0.16;0.04;173;0.11;0.03;0.29;0.16;0.05;1.72;0.45;3.58;2.08;0.64
09/12/24   ;09:00;0.74;13.4;8.4;0.74;1200;0;-0.14;0.17;0.05;209;0.11;0.01;0.26;0.17;0.05;1.43;0.34;3.13;1.78;0.61
09/12/24   ;10:00;0.76;13.4;8.3;0.76;1200;0;-0.18;0.23;0.05;189;0.12;0.03;0.41;0.19;0.06;1.57;0.38;3.3;1.85;0.6
09/12/24   ;11:00;0.77;13.4;8.2;0.77;1197;0;-0.13;0.17;0.05;194;0.12;0.01;0.27;0.18;0.05;1.53;0.33;4.16;1.82;0.62
09/12/24   ;12:00;0.73;13.4;8.2;0.72;1200;0;-0.2;0.21;0.05;195;0.13;0.03;0.35;0.2;0.06;1.52;0.37;2.84;1.77;0.51
09/12/24   ;13:00;0.67;13.4;7.9;0.67;1200;0;-0.14;0.17;0.04;192;0.1;0.01;0.31;0.16;0.05;1.55;0.32;3.9;1.83;0.58
09/12/24   ;14:00;0.61;13.4;7.7;0.6;1200;0;-0.14;0.14;0.04;183;0.1;0.01;0.24;0.15;0.04;1.63;0.31;3.96;2.16;0.69
09/12/24   ;15:00;0.54;13.4;7.7;0.54;1199;0;-0.18;0.17;0.05;180;0.13;0.02;0.31;0.19;0.05;1.66;0.48;4.19;1.93;0.6
09/12/24   ;16:00;0.55;13.4;7.6;0.55;1196;0;-0.09;0.14;0.03;187;0.08;0.01;0.21;0.12;0.04;1.59;0.37;3.3;1.88;0.63
09/12/24   ;17:00;0.54;13.4;7.6;0.54;1200;0;-0.11;0.14;0.04;173;0.1;0.02;0.24;0.15;0.04;1.72;0.32;3.75;2.07;0.65
09/12/24   ;18:00;0.5;13.4;7.5;0.5;1197;0;-0.11;0.09;0.03;178;0.08;0.01;0.18;0.13;0.04;1.68;0.39;3.99;2.16;0.71
09/12/24   ;19:00;0.44;13.4;7.4;0.44;1214;0;-0.11;0.15;0.04;188;0.1;0.02;0.22;0.15;0.04;1.61;0.33;3.68;1.99;0.68
09/12/24   ;20:00;0.36;13.3;7.3;0.36;1200;0;-0.14;0.14;0.04;194;0.09;0.01;0.26;0.15;0.05;1.54;0.36;3.58;1.79;0.6
09/12/24   ;21:00;0.27;13.3;7.2;0.27;1196;0;-0.13;0.19;0.04;192;0.1;0.02;0.32;0.15;0.05;1.54;0.4;3.23;1.81;0.59
09/12/24   ;22:00;0.2;13.3;7.3;0.2;1183;0;-0.1;0.14;0.03;209;0.07;0.02;0.19;0.1;0.03;1.41;0.36;3.54;1.71;0.61
09/12/24   ;23:00;0.15;13.4;7.3;0.15;1198;0;-0.07;0.08;0.02;215;0.06;0;0.12;0.09;0.03;1.39;0.34;3.39;1.78;0.6
10/12/24   ;00:00;0.18;13.4;7.3;0.18;1196;0;-0.08;0.07;0.02;230;0.05;0;0.13;0.08;0.02;1.28;0.36;2.97;1.57;0.54
10/12/24   ;01:00;0.28;13.3;7.5;0.28;1198;0;-0.1;0.12;0.03;209;0.07;0.01;0.2;0.11;0.04;1.43;0.33;3.57;1.89;0.72
10/12/24   ;02:00;0.43;13.3;8;0.43;1197;0;-0.15;0.14;0.03;227;0.06;0.01;0.29;0.1;0.04;1.3;0.34;3.31;1.65;0.58
10/12/24   ;03:00;0.62;13.3;8.1;0.62;1194;0;-0.08;0.12;0.03;293;0.06;0.01;0.17;0.09;0.03;1.01;0.3;2.44;1.08;0.31
10/12/24   ;04:00;0.79;13.4;8.9;0.79;1196;0;-0.08;0.08;0.02;241;0.05;0.01;0.12;0.07;0.02;1.24;0.36;3.57;1.51;0.54
10/12/24   ;05:00;0.74;13.4;9.3;0.74;1194;0;-0.11;0.1;0.02;189;0.05;0.01;0.2;0.08;0.03;1.57;0.28;3.38;1.96;0.69
10/12/24   ;06:00;0.74;13.3;8.9;0.74;1200;0;-0.12;0.13;0.04;214;0.09;0.01;0.23;0.14;0.04;1.39;0.3;3.11;1.67;0.54
10/12/24   ;07:00;0.79;13.4;8.8;0.79;1198;0;-0.16;0.18;0.05;222;0.11;0.02;0.27;0.17;0.05;1.35;0.27;2.88;1.6;0.49
10/12/24   ;08:00;0.8;13.4;8.8;0.8;1200;0;-0.16;0.15;0.05;177;0.11;0.01;0.32;0.17;0.05;1.69;0.39;3.31;2.16;0.65
10/12/24   ;09:00;0.79;13.4;8.7;0.79;1195;0;-0.15;0.15;0.05;187;0.11;0.01;0.24;0.17;0.05;1.59;0.35;3.45;2.09;0.67
10/12/24   ;10:00;0.72;13.4;8.6;0.72;1198;0;-0.14;0.17;0.05;178;0.13;0.02;0.29;0.2;0.06;1.67;0.49;3.55;1.9;0.57
10/12/24   ;11:00;0.57;13.4;8.2;0.57;1193;0;-0.1;0.11;0.03;179;0.08;0.01;0.18;0.13;0.04;1.66;0.49;3.48;1.94;0.6
10/12/24   ;12:00;0.41;13.4;7.9;0.41;1200;0;-0.11;0.13;0.04;187;0.08;0.01;0.22;0.13;0.04;1.59;0.31;3.92;2.03;0.66
10/12/24   ;13:00;0.31;13.4;7.6;0.3;1198;0;-0.12;0.18;0.04;172;0.09;0.01;0.28;0.14;0.05;1.73;0.37;3.91;2.02;0.75
10/12/24   ;14:00;0.24;13.4;7.5;0.24;1200;0;-0.11;0.16;0.04;179;0.09;0.02;0.26;0.14;0.04;1.67;0.39;3.45;1.94;0.61
10/12/24   ;15:00;0.27;13.4;7.6;0.27;1200;0;-0.13;0.16;0.04;192;0.1;0.01;0.25;0.15;0.05;1.55;0.37;3.26;1.81;0.56
10/12/24   ;16:00;0.35;13.4;7.7;0.35;1200;0;-0.11;0.18;0.04;206;0.09;0.01;0.28;0.13;0.04;1.44;0.34;3.41;1.8;0.61
10/12/24   ;17:00;0.44;13.4;8;0.44;1200;0;-0.14;0.2;0.05;161;0.13;0.01;0.31;0.19;0.06;1.85;0.31;3.74;2.39;0.83
10/12/24   ;18:00;0.48;13.4;8.1;0.48;1196;0;-0.17;0.19;0.05;188;0.11;0.01;0.36;0.17;0.05;1.58;0.28;3.66;2;0.65
10/12/24   ;19:00;0.49;13.4;8.2;0.49;1200;0;-0.15;0.18;0.04;191;0.1;0.01;0.27;0.15;0.05;1.56;0.35;3.52;1.9;0.63
10/12/24   ;20:00;0.46;13.4;8.1;0.46;1197;0;-0.11;0.13;0.03;158;0.08;0.01;0.22;0.13;0.04;1.89;0.38;3.95;2.27;0.75
10/12/24   ;21:00;0.38;13.3;7.9;0.38;1198;0;-0.09;0.08;0.03;166;0.06;0.01;0.15;0.1;0.03;1.79;0.34;3.72;2.39;0.76
10/12/24   ;22:00;0.28;13.4;7.8;0.28;1200;0;-0.08;0.07;0.02;176;0.05;0.01;0.12;0.07;0.02;1.68;0.37;3.61;1.96;0.56
10/12/24   ;23:00;0.21;13.3;7.7;0.21;1199;0;-0.12;0.11;0.03;158;0.06;0.01;0.23;0.09;0.04;1.89;0.38;4.4;2.38;0.81
11/12/24   ;00:00;0.2;13.4;7.8;0.21;1200;0;-0.09;0.09;0.03;150;0.07;0.01;0.15;0.11;0.03;1.98;0.41;3.81;2.57;0.81
11/12/24   ;01:00;0.27;13.4;7.9;0.27;1200;0;-0.09;0.12;0.03;155;0.06;0.01;0.16;0.1;0.03;1.9;0.34;3.92;2.42;0.77
11/12/24   ;02:00;0.4;13.3;8.4;0.4;1200;0;-0.06;0.05;0.01;200;0.03;0;0.09;0.05;0.02;1.49;0.29;3.22;2.03;0.67
11/12/24   ;03:00;0.55;13.3;8.4;0.55;1200;0;-0.11;0.1;0.02;181;0.04;0;0.21;0.07;0.03;1.64;0.36;4.19;2.03;0.7
11/12/24   ;04:00;0.69;13.3;8.7;0.69;1198;0;-0.08;0.09;0.02;186;0.05;0.01;0.16;0.08;0.03;1.58;0.34;2.9;2.01;0.59
11/12/24   ;05:00;0.81;13.4;9;0.81;1197;0;-0.11;0.12;0.03;172;0.08;0.01;0.2;0.12;0.04;1.73;0.34;3.49;2.21;0.73
11/12/24   ;06:00;0.82;13.4;9;0.82;1193;0;-0.09;0.11;0.03;140;0.06;0.01;0.18;0.1;0.03;2.11;0.3;4.27;2.98;0.96
11/12/24   ;07:00;0.84;13.4;8.9;0.84;1199;0;-0.08;0.11;0.03;179;0.08;0.01;0.17;0.12;0.04;1.66;0.33;3.16;1.91;0.56
11/12/24   ;08:00;0.84;13.3;9.1;0.84;1200;0;-0.13;0.14;0.05;172;0.11;0.01;0.24;0.17;0.05;1.73;0.35;3.74;2.17;0.62
11/12/24   ;09:00;0.75;13.4;9;0.75;1198;0;-0.16;0.15;0.05;168;0.11;0.01;0.26;0.18;0.06;1.76;0.52;3.2;2.09;0.6
11/12/24   ;10:00;0.57;13.4;8.5;0.57;1197;0;-0.14;0.16;0.04;179;0.09;0.01;0.28;0.15;0.05;1.66;0.34;3.78;2.04;0.68
11/12/24   ;11:00;0.4;13.4;8.3;0.4;1189;0;-0.15;0.14;0.04;167;0.1;0.02;0.25;0.15;0.05;1.76;0.38;3.34;2.07;0.61
11/12/24   ;12:00;0.23;13.4;8.2;0.23;1198;0;-0.12;0.11;0.04;161;0.09;0.01;0.2;0.13;0.04;1.84;0.3;3.81;2.16;0.71
11/12/24   ;13:00;0.09;13.4;8;0.09;1197;0;-0.11;0.12;0.03;176;0.08;0.01;0.21;0.11;0.03;1.69;0.34;3.49;2.1;0.64
11/12/24   ;14:00;-0.01;13.4;8;-0.01;1197;0;-0.14;0.12;0.03;162;0.08;0.02;0.26;0.12;0.04;1.84;0.52;3.72;2.11;0.7
11/12/24   ;15:00;-0.04;13.4;7.9;-0.04;1202;0;-0.22;0.19;0.05;171;0.1;0.02;0.36;0.17;0.06;1.75;0.35;4.46;2.12;0.68
11/12/24   ;16:00;0.03;13.4;7.9;0.03;1196;0;-0.11;0.13;0.04;174;0.08;0;0.23;0.13;0.04;1.71;0.32;3.92;2.18;0.7
11/12/24   ;17:00;0.14;13.4;8;0.14;1198;0;-0.11;0.14;0.04;176;0.09;0.01;0.25;0.14;0.04;1.67;0.33;4.39;2.07;0.74
11/12/24   ;18:00;0.27;13.4;8.1;0.27;1198;0;-0.14;0.14;0.04;175;0.09;0;0.26;0.14;0.05;1.69;0.54;3.9;2.07;0.63
11/12/24   ;19:00;0.36;13.4;7.9;0.36;1195;0;-0.1;0.16;0.03;191;0.08;0;0.24;0.12;0.04;1.56;0.38;3.98;1.85;0.63
11/12/24   ;20:00;0.43;13.4;7.7;0.43;1198;0;-0.13;0.15;0.04;154;0.08;0.01;0.26;0.13;0.04;1.93;0.34;4.43;2.49;0.83
11/12/24   ;21:00;0.45;13.4;7.8;0.45;1194;0;-0.08;0.08;0.02;166;0.06;0.01;0.14;0.09;0.03;1.79;0.38;4.07;2.1;0.7
11/12/24   ;22:00;0.43;13.4;7.9;0.43;1200;0;-0.08;0.06;0.02;172;0.05;0;0.14;0.07;0.02;1.73;0.3;3.48;2.21;0.7
11/12/24   ;23:00;0.38;13.4;7.8;0.38;1199;0;-0.11;0.08;0.03;167;0.06;0.01;0.17;0.09;0.03;1.79;0.29;3.75;2.21;0.76
12/12/24   ;00:00;0.32;13.4;7.8;0.31;1198;0;-0.06;0.06;0.02;158;0.05;0.01;0.11;0.08;0.02;1.89;0.33;3.86;2.52;0.8
12/12/24   ;01:00;0.29;13.4;7.9;0.29;1203;0;-0.11;0.11;0.03;140;0.06;0;0.22;0.1;0.04;2.13;0.39;3.81;2.65;0.84
12/12/24   ;02:00;0.31;13.4;7.9;0.31;1197;0;-0.11;0.12;0.03;128;0.07;0.01;0.21;0.12;0.04;2.31;0.35;4.12;3.01;0.96
12/12/24   ;03:00;0.39;13.3;7.9;0.39;1197;0;-0.04;0.04;0.01;192;0.03;0;0.07;0.04;0.01;1.55;0.33;4.67;2.12;0.79
12/12/24   ;04:00;0.51;13.4;8.2;0.51;1217;0;-0.07;0.08;0.02;192;0.05;0;0.14;0.07;0.02;1.58;0.35;3.36;2.01;0.65
12/12/24   ;05:00;0.61;13.4;8.6;0.61;1196;0;-0.07;0.11;0.02;154;0.06;0;0.13;0.09;0.03;1.93;0.39;3.77;2.44;0.78
12/12/24   ;06:00;0.72;13.4;9.4;0.72;1194;0;-0.12;0.15;0.04;162;0.09;0.01;0.25;0.14;0.05;1.82;0.37;3.69;2.26;0.73
12/12/24   ;07:00;0.8;13.4;9.7;0.79;1184;0;-0.15;0.16;0.05;155;0.11;0.01;0.3;0.18;0.06;1.9;0.35;3.85;2.5;0.82
12/12/24   ;08:00;0.81;13.3;9.7;0.81;1200;0;-0.15;0.17;0.04;190;0.1;0.01;0.29;0.16;0.05;1.57;0.37;3.34;1.92;0.58
12/12/24   ;09:00;0.77;13.3;9.6;0.77;1200;0;-0.14;0.15;0.04;184;0.11;0.01;0.28;0.16;0.05;1.63;0.32;3.09;1.98;0.6
12/12/24   ;10:00;0.63;13.4;9.3;0.63;1182;0;-0.12;0.13;0.04;187;0.09;0.01;0.23;0.14;0.05;1.57;0.36;3.23;1.93;0.58
12/12/24   ;11:00;0.44;13.4;8.5;0.44;1200;0;-0.1;0.1;0.04;161;0.09;0;0.2;0.14;0.04;1.84;0.33;4.23;2.17;0.72
12/12/24   ;12:00;0.25;13.4;8.1;0.25;1196;0;-0.11;0.14;0.03;172;0.08;0.01;0.24;0.12;0.04;1.72;0.5;3.71;2.09;0.65
12/12/24   ;13:00;0.04;13.4;7.9;0.04;1200;0;-0.1;0.13;0.03;176;0.08;0.01;0.2;0.13;0.04;1.7;0.39;3.42;2.02;0.62
12/12/24   ;14:00;-0.13;13.4;7.8;-0.13;1189;0;-0.15;0.17;0.04;174;0.09;0.01;0.28;0.14;0.05;1.69;0.3;3.4;2.02;0.63
12/12/24   ;15:00;-0.23;13.4;7.8;-0.23;1197;0;-0.16;0.15;0.04;149;0.1;0.01;0.26;0.16;0.05;1.99;0.34;3.88;2.65;0.89
12/12/24   ;16:00;-0.22;13.4;7.8;-0.22;1200;0;-0.09;0.09;0.03;196;0.08;0.01;0.18;0.11;0.03;1.51;0.31;3.21;1.73;0.51
12/12/24   ;17:00;-0.09;13.4;8.1;-0.09;1196;0;-0.11;0.15;0.04;178;0.1;0.01;0.26;0.15;0.04;1.67;0.3;4.32;1.96;0.66
12/12/24   ;18:00;0.11;13.4;8.3;0.11;1194;0;-0.13;0.1;0.03;175;0.08;0.01;0.18;0.12;0.04;1.69;0.33;3.7;2.06;0.68
12/12/24   ;19:00;0.29;13.4;7.9;0.29;1195;0;-0.11;0.17;0.04;188;0.09;0.01;0.28;0.13;0.04;1.57;0.34;3.68;1.95;0.61
12/12/24   ;20:00;0.42;13.4;8.3;0.42;1198;0;-0.14;0.16;0.04;186;0.1;0.02;0.28;0.15;0.05;1.61;0.59;3.55;1.99;0.57
12/12/24   ;21:00;0.5;13.4;8.3;0.5;1200;0;-0.13;0.13;0.03;170;0.08;0.01;0.23;0.13;0.04;1.76;0.36;3.62;2.09;0.67
12/12/24   ;22:00;0.51;13.4;8.3;0.51;1196;0;-0.06;0.08;0.02;163;0.05;0;0.12;0.08;0.02;1.8;0.31;3.67;2.23;0.76
12/12/24   ;23:00;0.44;13.4;8.3;0.44;1200;0;-0.08;0.1;0.02;171;0.06;0.01;0.18;0.09;0.03;1.74;0.44;3.91;2.02;0.73
13/12/24   ;00:00;0.33;13.4;8.2;0.33;1200;0;-0.11;0.14;0.03;127;0.07;0.01;0.24;0.13;0.04;2.34;0.35;4.04;3.2;0.95
13/12/24   ;01:00;0.24;13.4;8.1;0.24;1200;0;-0.1;0.11;0.04;137;0.09;0.01;0.19;0.13;0.04;2.16;0.3;3.91;2.8;0.87
13/12/24   ;02:00;0.19;13.4;8;0.18;1196;0;-0.05;0.05;0.02;149;0.04;0.01;0.1;0.06;0.02;1.99;0.36;4.24;2.39;0.71
13/12/24   ;03:00;0.21;13.3;8;0.21;1200;0;-0.04;0.04;0.01;143;0.03;0;0.08;0.05;0.02;2.09;0.42;3.47;2.47;0.7
13/12/24   ;04:00;0.32;13.4;8;0.32;1183;0;-0.05;0.05;0.01;190;0.03;0;0.08;0.05;0.02;1.55;0.3;3.23;2.05;0.66
13/12/24   ;05:00;0.46;13.4;8.4;0.46;1200;0;-0.07;0.07;0.02;181;0.05;0.01;0.12;0.08;0.02;1.64;0.35;3.32;2.19;0.68
13/12/24   ;06:00;0.6;13.4;8.5;0.6;1200;0;-0.09;0.09;0.03;192;0.06;0.01;0.19;0.1;0.03;1.54;0.44;3.2;1.79;0.56
13/12/24   ;07:00;0.71;13.4;9;0.71;1188;0;-0.15;0.13;0.04;163;0.09;0.01;0.26;0.15;0.05;1.8;0.45;3.79;2.36;0.77
13/12/24   ;08:00;0.79;13.3;9.4;0.79;1195;0;-0.15;0.19;0.05;190;0.12;0.01;0.33;0.18;0.06;1.57;0.52;3.05;1.94;0.56
13/12/24   ;09:00;0.79;13.4;9.4;0.79;1209;0;-0.12;0.14;0.04;194;0.11;0.02;0.26;0.16;0.05;1.54;0.4;3.43;1.73;0.55
13/12/24   ;10:00;0.69;13.3;9.3;0.69;1199;0;-0.18;0.18;0.04;181;0.1;0.02;0.28;0.16;0.05;1.64;0.39;3.82;2;0.64
13/12/24   ;11:00;0.5;13.4;8.7;0.5;1200;0;-0.12;0.14;0.04;189;0.09;0.02;0.2;0.13;0.04;1.58;0.65;3.48;1.88;0.52
13/12/24   ;12:00;0.29;13.4;8.3;0.29;1196;0;-0.11;0.13;0.03;195;0.08;0.01;0.23;0.12;0.04;1.53;0.29;3.23;1.83;0.55
13/12/24   ;13:00;0.08;13.3;8.1;0.08;1191;0;-0.11;0.13;0.04;177;0.09;0.01;0.23;0.15;0.05;1.67;0.49;3.04;1.82;0.52
13/12/24   ;14:00;-0.12;13.4;8;-0.12;1200;0;-0.13;0.14;0.04;169;0.09;0.02;0.23;0.14;0.04;1.76;0.46;4.31;2.01;0.65
13/12/24   ;15:00;-0.25;13.4;7.9;-0.25;1197;0;-0.1;0.14;0.04;174;0.09;0.02;0.23;0.13;0.04;1.72;0.42;3.78;1.88;0.61
13/12/24   ;16:00;-0.3;13.4;7.9;-0.3;1195;0;-0.11;0.12;0.04;182;0.09;0.02;0.24;0.13;0.04;1.63;0.29;3.68;1.89;0.59
13/12/24   ;17:00;-0.19;13.4;8.2;-0.19;1200;0;-0.13;0.14;0.04;170;0.09;0.01;0.25;0.14;0.04;1.75;0.54;4.16;2.16;0.7
13/12/24   ;18:00;0.02;13.4;8.2;0.02;1200;0;-0.12;0.17;0.04;194;0.11;0.03;0.29;0.16;0.05;1.54;0.35;3.44;1.71;0.48
13/12/24   ;19:00;0.24;13.4;7.9;0.24;1200;0;-0.14;0.21;0.05;170;0.11;0.01;0.35;0.17;0.05;1.76;0.46;3.8;2.15;0.75
13/12/24   ;20:00;0.42;13.4;8.2;0.42;1194;0;-0.14;0.16;0.04;184;0.1;0.02;0.27;0.15;0.05;1.61;0.35;2.94;1.82;0.59
13/12/24   ;21:00;0.55;13.4;8.5;0.55;1200;0;-0.09;0.1;0.03;198;0.06;0.01;0.19;0.1;0.03;1.51;0.33;4.16;1.78;0.58
13/12/24   ;22:00;0.6;13.4;9.1;0.6;1195;0;-0.1;0.11;0.03;184;0.06;0;0.21;0.1;0.03;1.6;0.3;3.21;2.01;0.64
13/12/24   ;23:00;0.59;13.4;8.9;0.59;1198;0;-0.1;0.09;0.03;183;0.06;0.01;0.19;0.1;0.03;1.63;0.28;3.31;2.05;0.64
14/12/24   ;00:00;0.51;13.4;8.6;0.51;1200;0;-0.11;0.08;0.03;160;0.07;0.01;0.19;0.11;0.03;1.86;0.31;3.9;2.14;0.7
14/12/24   ;01:00;0.39;13.4;8.3;0.39;1197;0;-0.11;0.11;0.03;167;0.07;0;0.22;0.11;0.04;1.79;0.32;3.78;2.23;0.7
14/12/24   ;02:00;0.3;13.4;8.1;0.3;1200;0;-0.08;0.09;0.02;166;0.05;0;0.15;0.08;0.03;1.8;0.29;3.52;2.23;0.77
14/12/24   ;03:00;0.29;13.4;8;0.29;1195;0;-0.1;0.1;0.02;167;0.05;0.01;0.2;0.08;0.03;1.78;0.26;4.35;2.04;0.71
14/12/24   ;04:00;0.36;13.4;8.4;0.36;1199;0;-0.06;0.06;0.02;176;0.04;0;0.12;0.07;0.02;1.7;0.37;3.8;2.1;0.62
14/12/24   ;05:00;0.5;13.4;9.3;0.5;1200;0;-0.08;0.08;0.02;150;0.05;0.01;0.15;0.08;0.03;1.98;0.36;3.89;2.58;0.9
14/12/24   ;06:00;0.65;13.4;9.2;0.66;1198;0;-0.13;0.12;0.04;170;0.09;0.02;0.24;0.15;0.05;1.75;0.58;3.53;2.22;0.74
14/12/24   ;07:00;0.78;13.4;9.4;0.78;1200;0;-0.14;0.13;0.03;168;0.08;0.01;0.25;0.12;0.04;1.76;0.4;3.72;2.24;0.74
14/12/24   ;08:00;0.86;13.3;9.6;0.86;1197;0;-0.13;0.14;0.04;192;0.1;0.02;0.27;0.15;0.05;1.55;0.32;3.6;1.86;0.63
14/12/24   ;09:00;0.9;13.3;9.6;0.9;1200;0;-0.14;0.17;0.04;193;0.1;0.01;0.24;0.16;0.05;1.54;0.33;3.87;1.88;0.63
14/12/24   ;10:00;0.85;13.4;9.6;0.85;1195;0;-0.12;0.11;0.04;181;0.09;0.01;0.19;0.13;0.04;1.64;0.37;3.96;2.03;0.72
14/12/24   ;11:00;0.71;13.4;9.5;0.71;1199;0;-0.1;0.1;0.03;185;0.08;0.01;0.18;0.12;0.03;1.61;0.38;3.49;1.81;0.58
14/12/24   ;12:00;0.51;13.4;9.2;0.51;1200;0;-0.12;0.13;0.04;168;0.08;0.01;0.21;0.13;0.04;1.77;0.36;4.04;2.26;0.76
14/12/24   ;13:00;0.28;13.3;8.9;0.28;1200;0;-0.12;0.11;0.03;170;0.08;0.01;0.21;0.13;0.04;1.74;0.44;3.99;2.17;0.7
14/12/24   ;14:00;0.07;13.3;8.5;0.07;1200;0;-0.13;0.14;0.04;186;0.08;0.01;0.27;0.14;0.05;1.61;0.37;3.23;1.87;0.58
14/12/24   ;15:00;-0.11;13.4;8.3;-0.11;1198;0;-0.13;0.11;0.03;169;0.08;0.01;0.23;0.13;0.04;1.76;0.31;3.95;2.2;0.76
14/12/24   ;16:00;-0.23;13.4;8.3;-0.23;1200;0;-0.15;0.16;0.03;182;0.08;0.01;0.31;0.12;0.04;1.64;0.34;3.53;1.89;0.62
14/12/24   ;17:00;-0.23;13.4;8.4;-0.23;1200;0;-0.12;0.12;0.03;186;0.07;0.01;0.22;0.11;0.04;1.6;0.4;3.97;1.9;0.63
14/12/24   ;18:00;-0.11;13.3;8.6;-0.11;1200;0;-0.14;0.15;0.04;175;0.09;0.01;0.29;0.15;0.05;1.7;0.39;3.74;2.02;0.65
14/12/24   ;19:00;0.07;13.4;8.6;0.07;1200;0;-0.11;0.12;0.04;161;0.1;0.02;0.23;0.15;0.04;1.85;0.29;3.66;2.16;0.74
14/12/24   ;20:00;0.24;13.4;8.3;0.24;1200;0;-0.14;0.16;0.04;160;0.1;0.01;0.3;0.16;0.05;1.86;0.32;3.83;2.33;0.81
14/12/24   ;21:00;0.4;13.4;8.3;0.4;1200;0;-0.13;0.14;0.03;187;0.07;0.01;0.26;0.12;0.04;1.6;0.39;3.36;2;0.62
14/12/24   ;22:00;0.53;13.4;8.5;0.53;1199;0;-0.1;0.12;0.03;173;0.08;0.01;0.21;0.12;0.04;1.72;0.44;3.72;1.94;0.69
14/12/24   ;23:00;0.6;13.4;8.9;0.6;1195;0;-0.08;0.07;0.02;189;0.06;0.01;0.16;0.09;0.03;1.57;0.37;3.75;1.8;0.61
15/12/24   ;00:00;0.61;13.4;8.9;0.61;1198;0;-0.12;0.14;0.03;175;0.07;0.01;0.25;0.12;0.04;1.69;0.28;3.32;2.04;0.62
15/12/24   ;01:00;0.57;13.4;8.9;0.57;1196;0;-0.09;0.09;0.03;157;0.06;0.01;0.16;0.1;0.03;1.89;0.38;4.08;2.48;0.87
15/12/24   ;02:00;0.46;13.4;8.6;0.46;1200;0;-0.08;0.06;0.02;149;0.05;0.01;0.11;0.07;0.02;1.98;0.3;4.06;2.55;0.94
15/12/24   ;03:00;0.37;13.4;8.4;0.37;1200;0;-0.04;0.03;0.01;173;0.03;0;0.06;0.04;0.01;1.73;0.27;3.41;2.08;0.59
15/12/24   ;04:00;0.34;13.4;8.4;0.34;1200;0;-0.05;0.05;0.01;149;0.04;0;0.1;0.06;0.02;2;0.39;3.83;2.44;0.73
15/12/24   ;05:00;0.37;13.4;8.6;0.37;1196;0;-0.09;0.08;0.03;138;0.06;0.01;0.14;0.09;0.03;2.15;0.34;3.92;2.75;0.86
15/12/24   ;06:00;0.49;13.4;8.7;0.49;1199;0;-0.09;0.1;0.02;189;0.05;0;0.16;0.08;0.03;1.57;0.42;3.32;1.79;0.57
15/12/24   ;07:00;0.63;13.4;9.4;0.63;1200;0;-0.08;0.08;0.03;179;0.07;0.01;0.16;0.1;0.03;1.66;0.32;3.9;2.09;0.69
15/12/24   ;08:00;0.72;13.4;9;0.72;1193;0;-0.12;0.15;0.04;189;0.1;0.01;0.27;0.16;0.05;1.56;0.34;2.99;1.89;0.58
15/12/24   ;09:00;0.79;13.3;9.6;0.79;1200;0;-0.13;0.12;0.03;202;0.08;0.01;0.24;0.12;0.04;1.48;0.36;3.41;1.74;0.47
15/12/24   ;10:00;0.77;13.3;9.5;0.77;1199;0;-0.14;0.14;0.04;178;0.09;0.01;0.27;0.14;0.05;1.68;0.33;3.53;2.12;0.65
15/12/24   ;11:00;0.64;13.4;9.4;0.65;1200;0;-0.1;0.1;0.03;174;0.07;0.01;0.18;0.11;0.04;1.71;0.31;3.83;2.2;0.76
15/12/24   ;12:00;0.47;13.4;9;0.47;1200;0;-0.1;0.1;0.03;170;0.07;0.01;0.2;0.1;0.03;1.76;0.57;4;2.14;0.64
15/12/24   ;13:00;0.26;13.4;8.9;0.26;1196;0;-0.1;0.11;0.03;164;0.07;0.01;0.16;0.12;0.04;1.8;0.32;3.9;2.32;0.79
15/12/24   ;14:00;0.04;13.3;8.5;0.04;1200;0;-0.09;0.09;0.03;168;0.06;0.01;0.16;0.1;0.03;1.76;0.39;3.96;2.13;0.72
15/12/24   ;15:00;-0.18;13.3;8.5;-0.18;1200;0;-0.09;0.09;0.03;169;0.07;0.02;0.16;0.11;0.03;1.75;0.4;3.82;2.16;0.75
15/12/24   ;16:00;-0.37;13.4;8.4;-0.37;1200;0;-0.1;0.14;0.03;179;0.07;0.01;0.2;0.11;0.03;1.65;0.34;3.6;1.91;0.61
15/12/24   ;17:00;-0.46;13.4;8.5;-0.46;1199;0;-0.08;0.13;0.03;163;0.08;0.01;0.19;0.11;0.03;1.83;0.32;4.68;2.23;0.77
15/12/24   ;18:00;-0.42;13.4;8.5;-0.42;1200;0;-0.1;0.14;0.04;155;0.09;0;0.2;0.14;0.04;1.92;0.29;3.94;2.46;0.84
15/12/24   ;19:00;-0.24;13.4;8.7;-0.23;1200;0;-0.1;0.12;0.03;187;0.08;0.01;0.19;0.12;0.04;1.59;0.41;3.37;1.85;0.58
15/12/24   ;20:00;0.01;13.3;8.6;0.01;1190;0;-0.12;0.13;0.03;182;0.07;0.01;0.25;0.11;0.04;1.62;0.41;3.41;1.9;0.6
15/12/24   ;21:00;0.22;13.3;8.4;0.22;1194;0;-0.09;0.12;0.03;175;0.07;0.01;0.22;0.12;0.04;1.7;0.33;3.94;2.12;0.7
15/12/24   ;22:00;0.38;13.4;8.5;0.38;1197;0;-0.07;0.08;0.02;193;0.05;0.01;0.15;0.08;0.02;1.53;0.46;3.75;1.8;0.64
15/12/24   ;23:00;0.49;13.4;9.1;0.49;1197;0;-0.07;0.09;0.02;184;0.05;0.01;0.14;0.08;0.03;1.61;0.38;3.96;2.04;0.68
16/12/24   ;00:00;0.55;13.4;9.7;0.55;1200;0;-0.1;0.09;0.02;155;0.05;0;0.19;0.08;0.03;1.92;0.34;3.94;2.41;0.79
16/12/24   ;01:00;0.53;13.4;9.6;0.53;1196;0;-0.09;0.11;0.03;140;0.07;0;0.19;0.1;0.03;2.12;0.29;3.71;2.59;0.68
16/12/24   ;02:00;0.43;13.4;9.1;0.43;1200;0;-0.06;0.06;0.02;143;0.04;0;0.12;0.06;0.02;2.08;0.29;3.92;2.67;0.8
16/12/24   ;03:00;0.31;13.4;8.7;0.31;1195;0;-0.04;0.03;0.01;134;0.03;0;0.07;0.04;0.01;2.21;0.31;3.79;2.59;0.69
16/12/24   ;04:00;0.24;13.4;8.5;0.24;1200;0;-0.07;0.08;0.02;161;0.04;0;0.14;0.07;0.02;1.85;0.3;3.19;2.18;0.61
16/12/24   ;05:00;0.21;13.4;8.5;0.21;1199;0;-0.14;0.14;0.03;151;0.06;0;0.27;0.11;0.04;1.95;0.3;4.84;2.64;0.97
16/12/24   ;06:00;0.25;13.4;8.8;0.25;1200;0;-0.11;0.12;0.03;171;0.08;0.01;0.2;0.13;0.04;1.75;0.35;4.17;1.99;0.69
16/12/24   ;07:00;0.37;13.4;8.9;0.37;1200;0;-0.14;0.16;0.05;182;0.11;0.01;0.3;0.18;0.06;1.64;0.48;3.33;1.77;0.5
16/12/24   ;08:00;0.49;13.4;9.1;0.49;1200;0;-0.16;0.19;0.05;171;0.12;0.02;0.33;0.18;0.05;1.74;0.29;3.73;2.03;0.63
16/12/24   ;09:00;0.58;13.4;9.1;0.58;1197;0;-0.15;0.17;0.05;190;0.11;0.02;0.3;0.17;0.06;1.57;0.27;3.3;1.82;0.57
16/12/24   ;10:00;0.62;13.4;9.4;0.62;1200;0;-0.12;0.1;0.04;182;0.08;0.01;0.22;0.13;0.04;1.64;0.35;3.88;2.11;0.67
16/12/24   ;11:00;0.6;13.4;9.3;0.6;1200;0;-0.17;0.16;0.05;161;0.11;0.01;0.29;0.17;0.05;1.85;0.34;3.73;2.27;0.64
16/12/24   ;12:00;0.47;13.4;9.2;0.47;1200;0;-0.1;0.12;0.03;178;0.08;0.02;0.2;0.12;0.04;1.67;0.34;3.64;2.09;0.66
16/12/24   ;13:00;0.27;13.4;8.9;0.27;1199;0;-0.11;0.15;0.04;162;0.09;0.01;0.23;0.13;0.04;1.84;0.49;4.17;2.24;0.76
16/12/24   ;14:00;0.06;13.4;8.8;0.06;1200;0;-0.11;0.12;0.04;161;0.08;0.01;0.19;0.13;0.04;1.85;0.53;4.28;2.48;0.81
16/12/24   ;15:00;-0.16;13.4;8.6;-0.15;1191;0;-0.19;0.18;0.04;147;0.1;0.01;0.36;0.16;0.05;2.02;0.31;4.33;2.57;0.9
16/12/24   ;16:00;-0.35;13.3;8.5;-0.35;1200;0;-0.1;0.11;0.03;180;0.07;0.01;0.18;0.11;0.04;1.66;0.48;4.53;2.02;0.7
16/12/24   ;17:00;-0.47;13.3;8.5;-0.47;1200;0;-0.08;0.1;0.03;181;0.06;0.01;0.17;0.1;0.03;1.65;0.33;3.64;1.93;0.67
16/12/24   ;18:00;-0.47;13.4;8.5;-0.47;1200;0;-0.12;0.1;0.03;164;0.07;0.01;0.18;0.11;0.03;1.83;0.41;8.61;2.42;1.05
16/12/24   ;19:00;-0.34;13.4;8.7;-0.34;1200;0;-0.09;0.09;0.02;173;0.06;0.01;0.15;0.09;0.03;1.72;0.28;4.14;2.06;0.76
16/12/24   ;20:00;-0.12;13.4;8.7;-0.12;1217;0;-0.1;0.18;0.03;200;0.08;0.01;0.26;0.12;0.04;1.51;0.28;5.48;1.69;0.62
16/12/24   ;21:00;0.09;13.4;8.4;0.09;1200;0;-0.09;0.12;0.02;185;0.05;0.01;0.2;0.09;0.03;1.61;0.29;3.83;2.07;0.73
16/12/24   ;22:00;0.28;13.3;8.7;0.28;1200;0;-0.08;0.09;0.02;172;0.06;0.01;0.13;0.09;0.03;1.73;0.28;3.95;2.37;0.78
16/12/24   ;23:00;0.44;13.3;8.8;0.44;1198;0;-0.1;0.12;0.03;192;0.06;0.01;0.22;0.1;0.04;1.55;0.39;4.51;1.98;0.64
17/12/24   ;00:00;0.54;13.4;9.9;0.54;1196;0;-0.08;0.07;0.02;207;0.05;0.01;0.14;0.07;0.02;1.44;0.28;3.14;1.75;0.57
17/12/24   ;01:00;0.56;13.4;10;0.56;1193;0;-0.1;0.11;0.03;165;0.06;0.01;0.22;0.09;0.03;1.8;0.28;3.99;2.43;0.84
17/12/24   ;02:00;0.53;13.4;9.8;0.53;1200;0;-0.06;0.06;0.02;151;0.04;0;0.1;0.07;0.02;1.97;0.35;3.5;2.27;0.62
17/12/24   ;03:00;0.41;13.4;9.1;0.41;1200;0;-0.03;0.03;0.01;150;0.02;0;0.05;0.03;0.01;1.98;0.36;3.48;2.29;0.62
17/12/24   ;04:00;0.28;13.4;8.8;0.28;1195;0;-0.07;0.07;0.02;131;0.05;0;0.14;0.07;0.02;2.25;0.57;3.97;2.73;0.78
17/12/24   ;05:00;0.19;13.4;8.6;0.19;1193;0;-0.08;0.08;0.02;146;0.05;0;0.15;0.08;0.03;2.04;0.33;4.09;2.45;0.81
17/12/24   ;06:00;0.16;13.4;8.6;0.16;1200;0;-0.11;0.13;0.03;158;0.08;0.01;0.21;0.13;0.05;1.89;0.34;4.63;2.07;0.83
17/12/24   ;07:00;0.22;13.4;8.9;0.22;1200;0;-0.12;0.14;0.04;160;0.1;0.02;0.25;0.15;0.05;1.86;0.34;4.09;2.39;0.78
17/12/24   ;08:00;0.34;13.4;8.9;0.34;1200;0;-0.15;0.17;0.04;188;0.1;0.01;0.32;0.16;0.05;1.58;0.39;3.44;1.94;0.57
17/12/24   ;09:00;0.46;13.4;9.5;0.46;1200;0;-0.12;0.12;0.04;178;0.09;0.02;0.22;0.13;0.04;1.67;0.29;3.56;2.02;0.69
17/12/24   ;10:00;0.57;13.4;9.3;0.57;1200;0;-0.14;0.24;0.05;182;0.11;0.02;0.34;0.18;0.06;1.64;0.51;3.47;1.98;0.62
17/12/24   ;11:00;0.59;13.4;9.6;0.59;1200;0;-0.12;0.14;0.04;176;0.09;0.01;0.24;0.13;0.04;1.69;0.36;3.45;1.9;0.62
17/12/24   ;12:00;0.52;13.4;9.5;0.51;1200;0;-0.11;0.13;0.03;176;0.08;0.02;0.2;0.12;0.04;1.69;0.37;4.04;2.02;0.65
17/12/24   ;13:00;0.36;13.4;9.3;0.36;1197;0;-0.12;0.1;0.03;179;0.08;0.01;0.21;0.12;0.04;1.65;0.33;3.99;2.1;0.68
17/12/24   ;14:00;0.19;13.4;9;0.18;1200;0;-0.1;0.12;0.03;168;0.08;0.01;0.19;0.13;0.04;1.77;0.36;4;2.15;0.69
17/12/24   ;15:00;-0.02;13.4;8.8;-0.02;1200;0;-0.13;0.11;0.03;166;0.08;0.01;0.2;0.12;0.04;1.79;0.5;3.8;2.16;0.7
17/12/24   ;16:00;-0.21;13.4;8.5;-0.21;1197;0;-0.11;0.13;0.04;139;0.08;0.01;0.22;0.13;0.04;2.13;0.55;4.26;2.83;0.9
17/12/24   ;17:00;-0.36;13.3;8.5;-0.36;1200;0;-0.13;0.23;0.04;167;0.1;0.01;0.31;0.15;0.05;1.78;0.43;4.11;2.1;0.67
17/12/24   ;18:00;-0.41;13.3;8.5;-0.41;1197;0;-0.1;0.1;0.03;164;0.06;0.01;0.2;0.09;0.03;1.81;0.3;5.42;2.27;0.78
17/12/24   ;19:00;-0.37;13.4;8.5;-0.37;1203;0;-0.13;0.1;0.03;164;0.08;0;0.21;0.11;0.04;1.82;0.32;3.53;2.26;0.7
17/12/24   ;20:00;-0.2;13.4;8.7;-0.2;1200;0;-0.12;0.14;0.04;143;0.1;0.02;0.24;0.14;0.04;2.08;0.42;3.98;2.78;0.87
17/12/24   ;21:00;0.02;13.4;8.8;0.02;1200;0;-0.11;0.12;0.04;179;0.09;0.01;0.21;0.13;0.04;1.66;0.32;4.04;2;0.68
17/12/24   ;22:00;0.19;13.3;8.7;0.19;1200;0;-0.13;0.15;0.03;177;0.07;0.01;0.24;0.11;0.04;1.68;0.31;3.53;2.04;0.66
17/12/24   ;23:00;0.34;13.3;8.8;0.34;1196;0;-0.07;0.09;0.02;201;0.05;0;0.15;0.08;0.03;1.48;0.32;3.62;1.7;0.59
18/12/24   ;00:00;0.46;13.3;9.1;0.46;1200;0;-0.07;0.07;0.02;176;0.05;0.01;0.12;0.08;0.03;1.69;0.34;3.56;2.07;0.75
18/12/24   ;01:00;0.52;13.4;10.1;0.52;1200;0;-0.06;0.08;0.02;147;0.05;0;0.12;0.08;0.03;2.03;0.29;3.82;2.65;0.86
18/12/24   ;02:00;0.49;13.4;9.7;0.49;1189;0;-0.13;0.12;0.02;143;0.05;0.01;0.23;0.08;0.04;2.06;0.28;3.97;2.59;0.89
18/12/24   ;03:00;0.37;13.4;9.2;0.37;1184;0;-0.03;0.05;0.01;143;0.03;0;0.07;0.05;0.01;2.04;0.85;3.99;2.35;0.65
18/12/24   ;04:00;0.24;13.4;8.8;0.24;1200;0;-0.08;0.09;0.02;158;0.05;0;0.17;0.08;0.02;1.88;0.41;3.51;2.04;0.61
18/12/24   ;05:00;0.14;13.4;8.7;0.14;1196;0;-0.06;0.08;0.02;126;0.06;0;0.13;0.09;0.03;2.35;0.32;5.27;2.96;0.99
18/12/24   ;06:00;0.06;13.4;8.6;0.07;1186;0;-0.12;0.11;0.03;143;0.07;0;0.2;0.12;0.04;2.06;0.35;4.54;2.66;0.85
18/12/24   ;07:00;0.08;13.4;8.9;0.08;1197;0;-0.12;0.14;0.03;153;0.09;0.02;0.25;0.13;0.04;1.94;0.32;3.74;2.16;0.67
18/12/24   ;08:00;0.18;13.4;9;0.18;1180;0;-0.11;0.12;0.04;174;0.1;0.02;0.21;0.14;0.04;1.67;0.43;3.42;2.11;0.64
18/12/24   ;09:00;0.29;13.4;9;0.29;1200;0;-0.15;0.15;0.04;179;0.11;0.01;0.27;0.16;0.05;1.66;0.44;3.84;1.89;0.55
18/12/24   ;10:00;;;;;1200;0;-0.12;0.13;0.04;169;0.1;0.01;0.23;0.15;0.04;1.76;0.45;3.89;2.02;0.63
18/12/24   ;11:00;;;;;1195;0;-0.1;0.12;0.03;170;0.08;0.01;0.21;0.12;0.04;1.74;0.42;3.77;2.12;0.66
18/12/24   ;12:00;;;;;1200;0;-0.13;0.12;0.04;166;0.09;0.01;0.23;0.14;0.05;1.8;0.33;4.13;2.39;0.79
18/12/24   ;13:00;0.38;13.4;9.2;0.38;1193;0;-0.11;0.14;0.04;170;0.09;0.01;0.22;0.14;0.04;1.74;0.4;3.88;2.09;0.66
18/12/24   ;14:00;0.23;13.4;9.1;0.23;1199;0;-0.17;0.16;0.04;166;0.1;0.01;0.31;0.16;0.05;1.79;0.42;3.72;2.19;0.7
18/12/24   ;15:00;0.06;13.4;8.9;0.06;1199;0;-0.1;0.11;0.03;168;0.08;0.01;0.19;0.12;0.04;1.77;0.44;3.43;2.15;0.69
18/12/24   ;16:00;-0.12;13.4;8.8;-0.12;1194;0;-0.1;0.11;0.03;173;0.08;0.01;0.21;0.12;0.04;1.7;0.38;3.53;1.97;0.62
18/12/24   ;17:00;-0.27;13.4;8.5;-0.27;1200;0;-0.11;0.13;0.03;163;0.07;0.01;0.21;0.11;0.03;1.83;0.42;6.37;2.13;0.77
18/12/24   ;18:00;-0.37;13.4;8.5;-0.37;1194;0;-0.09;0.09;0.03;171;0.07;0.01;0.17;0.1;0.03;1.73;0.28;3.27;1.96;0.62
18/12/24   ;19:00;-0.38;13.4;8.4;-0.38;1200;0;-0.13;0.13;0.03;153;0.08;0.01;0.2;0.13;0.04;1.94;0.38;4.02;2.23;0.64
18/12/24   ;20:00;-0.29;13.4;8.8;-0.29;1191;0;-0.13;0.19;0.04;156;0.08;0.01;0.31;0.14;0.05;1.9;0.39;3.77;2.44;0.8
18/12/24   ;21:00;-0.1;13.4;8.8;-0.1;1208;0;-0.13;0.12;0.03;179;0.06;0.01;0.22;0.11;0.05;1.67;0.34;7.54;2.29;0.93
18/12/24   ;22:00;0.09;13.4;8.7;0.09;1200;0;-0.1;0.08;0.02;194;0.05;0.01;0.15;0.08;0.03;1.54;0.33;3.62;1.84;0.58
18/12/24   ;23:00;0.25;13.4;8.9;0.25;1194;0;-0.07;0.06;0.02;202;0.04;0.01;0.13;0.06;0.02;1.47;0.31;2.96;1.72;0.52
19/12/24   ;00:00;0.37;13.3;9;0.37;1200;0;-0.09;0.09;0.02;175;0.05;0.01;0.18;0.09;0.03;1.71;0.35;3.72;2.04;0.68
19/12/24   ;01:00;0.45;13.3;9.4;0.45;1200;0;-0.09;0.09;0.03;159;0.06;0.01;0.17;0.1;0.03;1.87;0.28;4.12;2.55;0.86
19/12/24   ;02:00;0.46;13.4;9.3;0.46;1200;0;-0.06;0.05;0.02;156;0.04;0;0.1;0.07;0.02;1.9;0.31;3.47;2.27;0.67
19/12/24   ;03:00;0.39;13.4;9.1;0.39;1200;0;-0.04;0.05;0.02;149;0.04;0.01;0.09;0.06;0.02;1.98;0.3;4.36;2.22;0.63
19/12/24   ;04:00;0.27;13.4;8.9;0.27;1200;0;-0.05;0.05;0.01;153;0.03;0.01;0.08;0.05;0.02;1.94;0.6;3.82;2.42;0.7
19/12/24   ;05:00;0.16;13.3;8.8;0.16;1198;0;-0.09;0.11;0.03;151;0.07;0.01;0.19;0.11;0.04;1.97;0.4;3.81;2.62;0.83
19/12/24   ;06:00;0.09;13.3;8.7;0.09;1200;0;-0.12;0.12;0.03;146;0.07;0.01;0.24;0.12;0.04;2.04;0.27;4.14;2.79;0.97
19/12/24   ;07:00;0.07;13.4;8.7;0.07;1199;0;-0.11;0.14;0.03;177;0.07;0.01;0.25;0.12;0.04;1.68;0.37;3.28;2.04;0.61
19/12/24   ;08:00;0.13;13.4;9;0.13;1200;0;-0.12;0.15;0.05;174;0.11;0.02;0.24;0.17;0.05;1.72;0.57;4.2;1.97;0.59
19/12/24   ;09:00;0.26;13.3;9.1;0.26;1193;0;-0.17;0.15;0.04;177;0.1;0.03;0.27;0.15;0.05;1.68;0.39;3.29;1.97;0.56
19/12/24   ;10:00;0.37;13.4;9.1;0.37;1196;0;-0.12;0.15;0.04;191;0.09;0.01;0.25;0.14;0.05;1.56;0.34;3.63;1.91;0.61
19/12/24   ;11:00;0.46;13.4;9.4;0.46;1200;0;-0.13;0.18;0.04;196;0.09;0.01;0.28;0.14;0.05;1.52;0.34;3.15;1.8;0.54
19/12/24   ;12:00;0.51;13.4;9.7;0.51;1198;0;-0.12;0.12;0.03;193;0.08;0.01;0.19;0.13;0.04;1.55;0.31;4.41;1.9;0.67
19/12/24   ;13:00;0.48;13.4;9.7;0.47;1194;0;-0.11;0.13;0.04;186;0.1;0.02;0.23;0.15;0.05;1.6;0.26;3.11;1.87;0.54
19/12/24   ;14:00;0.36;13.4;9.3;0.36;1200;0;-0.11;0.11;0.04;168;0.08;0.01;0.2;0.13;0.04;1.77;0.27;3.42;2.23;0.7
19/12/24   ;15:00;0.21;13.4;9.1;0.21;1195;0;-0.16;0.15;0.04;165;0.1;0.01;0.25;0.16;0.05;1.79;0.34;3.68;2.17;0.69
19/12/24   ;16:00;0.07;13.4;9;0.06;1200;0;-0.1;0.13;0.03;186;0.08;0.01;0.21;0.12;0.04;1.6;0.38;4.53;1.93;0.61
19/12/24   ;17:00;-0.06;13.4;8.8;-0.06;1194;0;-0.12;0.12;0.04;156;0.09;0;0.18;0.14;0.04;1.9;0.3;4.57;2.38;0.87
19/12/24   ;18:00;-0.15;13.4;8.7;-0.15;1188;0;-0.11;0.14;0.04;161;0.09;0.02;0.2;0.13;0.04;1.82;0.37;3.9;2.19;0.65
19/12/24   ;19:00;-0.17;13.4;8.6;-0.17;1200;0;-0.1;0.11;0.03;153;0.09;0.01;0.22;0.13;0.04;1.95;0.45;4.3;2.19;0.69
19/12/24   ;20:00;-0.1;13.4;9;-0.11;1195;0;-0.11;0.16;0.04;149;0.09;0.01;0.25;0.14;0.04;1.99;0.49;4.01;2.43;0.78
19/12/24   ;21:00;0.04;13.4;9;0.04;1200;0;-0.1;0.11;0.03;182;0.07;0.01;0.18;0.11;0.04;1.64;0.33;3.91;2.3;0.8
19/12/24   ;22:00;0.21;13.4;9.2;0.21;1200;0;-0.11;0.15;0.03;171;0.08;0;0.24;0.12;0.04;1.74;0.28;3.93;2.2;0.76
19/12/24   ;23:00;0.38;13.4;9.4;0.38;1199;0;-0.09;0.11;0.03;185;0.07;0.01;0.2;0.11;0.03;1.61;0.37;3.82;2.04;0.68
20/12/24   ;00:00;0.54;13.4;9.5;0.54;1200;0;-0.1;0.11;0.03;190;0.07;0.01;0.2;0.11;0.03;1.57;0.35;3.57;1.94;0.71
20/12/24   ;01:00;0.68;13.3;10;0.68;1196;0;-0.1;0.1;0.03;174;0.08;0.01;0.18;0.11;0.03;1.71;0.38;3.53;2.12;0.67
20/12/24   ;02:00;0.76;13.4;10.2;0.76;1200;0;-0.07;0.09;0.02;200;0.05;0;0.14;0.07;0.02;1.49;0.31;3.62;1.84;0.69
20/12/24   ;03:00;0.74;13.4;10.2;0.74;1200;0;-0.04;0.04;0.01;192;0.03;0;0.07;0.04;0.01;1.55;0.28;3.66;1.91;0.63
20/12/24   ;04:00;0.67;13.4;10.1;0.67;1189;0;-0.04;0.06;0.02;251;0.04;0;0.09;0.05;0.02;1.18;0.3;3.44;1.57;0.57
20/12/24   ;05:00;0.58;13.4;9.8;0.58;1200;0;-0.11;0.12;0.03;153;0.06;0;0.18;0.1;0.04;1.95;0.29;3.83;2.6;0.88
20/12/24   ;06:00;0.49;13.3;9.5;0.49;1194;0;-0.15;0.19;0.05;165;0.11;0.02;0.33;0.17;0.06;1.79;0.5;4.08;2.45;0.79
20/12/24   ;07:00;0.42;13.4;9.3;0.42;1208;0;-0.12;0.12;0.04;178;0.09;0.01;0.19;0.14;0.04;1.69;0.27;4.06;2.29;0.82
20/12/24   ;08:00;0.37;13.4;9.2;0.37;1200;0;-0.17;0.21;0.05;191;0.11;0.02;0.33;0.17;0.05;1.55;0.28;3.91;1.92;0.6
20/12/24   ;09:00;0.37;13.4;9.1;0.37;1194;0;-0.12;0.17;0.04;177;0.1;0.02;0.25;0.16;0.05;1.68;0.34;3.46;1.97;0.63
20/12/24   ;10:00;0.5;13.3;9.5;0.5;1200;0;-0.16;0.17;0.05;188;0.13;0.01;0.29;0.2;0.06;1.59;0.32;3.21;1.88;0.62
20/12/24   ;11:00;0.56;13.3;9.8;0.56;1197;0;-0.17;0.19;0.05;176;0.12;0.01;0.3;0.18;0.06;1.68;0.45;3.44;2.13;0.65
20/12/24   ;12:00;0.55;13.3;9.8;0.55;1200;0;-0.15;0.18;0.04;165;0.09;0.01;0.32;0.15;0.05;1.8;0.31;4.16;2.06;0.67
20/12/24   ;13:00;0.53;13.4;9.7;0.53;1205;0;-0.1;0.11;0.03;189;0.08;0.02;0.18;0.12;0.04;1.57;0.33;3.75;1.93;0.61
20/12/24   ;14:00;0.46;13.4;9.6;0.46;1196;0;-0.11;0.14;0.04;172;0.1;0.01;0.23;0.15;0.04;1.73;0.35;3.12;1.88;0.56
20/12/24   ;15:00;0.32;13.3;9.4;0.32;1198;0;-0.11;0.11;0.03;159;0.08;0.01;0.2;0.12;0.04;1.87;0.27;4.12;2.48;0.84
20/12/24   ;16:00;0.14;13.4;9.1;0.14;1200;0;-0.15;0.14;0.04;145;0.1;0.01;0.25;0.16;0.05;2.05;0.3;4.31;2.93;1.02
20/12/24   ;17:00;0.01;13.4;9;0.01;1200;0;-0.11;0.12;0.03;181;0.07;0.01;0.22;0.11;0.04;1.64;0.36;3.74;2.02;0.72
20/12/24   ;18:00;-0.12;13.4;9;-0.12;1200;0;-0.1;0.12;0.03;168;0.07;0.01;0.2;0.1;0.03;1.78;0.51;3.84;2.11;0.62
20/12/24   ;19:00;-0.21;13.4;8.9;-0.21;1199;0;-0.1;0.09;0.03;164;0.06;0;0.16;0.1;0.03;1.82;0.45;4.52;2.28;0.74
20/12/24   ;20:00;-0.24;13.4;8.8;-0.24;1196;0;-0.13;0.13;0.04;152;0.09;0.02;0.25;0.14;0.05;1.95;0.54;4.32;2.4;0.8
20/12/24   ;21:00;-0.2;13.4;9;-0.19;1200;0;-0.09;0.11;0.03;174;0.06;0.01;0.2;0.09;0.03;1.71;0.34;3.27;2.07;0.61
20/12/24   ;22:00;-0.11;13.4;9;-0.11;1194;0;-0.09;0.13;0.03;161;0.06;0.01;0.21;0.11;0.04;1.85;0.41;4.49;2.21;0.74
20/12/24   ;23:00;0.02;13.4;9.3;0.02;1200;0;-0.12;0.09;0.03;158;0.06;0.01;0.2;0.1;0.03;1.88;0.33;4.49;2.6;0.88
21/12/24   ;00:00;0.21;13.4;8.9;0.21;1196;0;-0.09;0.13;0.03;177;0.08;0.01;0.21;0.12;0.04;1.68;0.28;4.37;2.05;0.7
21/12/24   ;01:00;0.42;13.4;8.9;0.42;1196;0;-0.11;0.14;0.04;182;0.08;0;0.22;0.13;0.04;1.63;0.28;3.25;1.89;0.64
21/12/24   ;02:00;0.6;13.4;9;0.6;1200;0;-0.08;0.08;0.02;214;0.05;0.01;0.12;0.08;0.02;1.39;0.3;3.38;1.84;0.66
21/12/24   ;03:00;0.71;13.4;9.3;0.71;1195;0;-0.07;0.07;0.02;197;0.04;0.01;0.12;0.06;0.02;1.5;0.35;3.3;2.06;0.68
21/12/24   ;04:00;0.72;13.4;9.7;0.72;1200;0;-0.07;0.07;0.02;178;0.04;0.01;0.13;0.07;0.02;1.68;0.33;3.18;2.14;0.63
21/12/24   ;05:00;0.64;13.4;9.2;0.64;1197;0;-0.08;0.08;0.02;152;0.05;0.01;0.16;0.08;0.03;1.94;0.31;4.34;2.65;0.95
21/12/24   ;06:00;0.53;13.4;9;0.53;1200;0;-0.13;0.1;0.03;134;0.07;0.02;0.18;0.12;0.04;2.21;0.55;4.17;3.12;1
21/12/24   ;07:00;0.42;13.3;8.9;0.42;1200;0;-0.09;0.11;0.03;158;0.07;0.01;0.17;0.11;0.03;1.88;0.5;4.17;2.44;0.77
21/12/24   ;08:00;0.33;13.4;8.8;0.33;1200;0;-0.11;0.12;0.04;167;0.09;0.01;0.22;0.13;0.04;1.79;0.39;4.13;2.11;0.68
21/12/24   ;09:00;0.29;13.4;8.7;0.29;1200;0;-0.12;0.14;0.04;173;0.09;0.01;0.22;0.13;0.04;1.72;0.29;3.36;2.02;0.67
21/12/24   ;10:00;0.26;13.4;8.7;0.26;1196;0;-0.12;0.12;0.04;186;0.09;0.02;0.22;0.14;0.04;1.6;0.34;4.09;1.88;0.61
21/12/24   ;11:00;0.27;13.3;8.7;0.27;1200;0;-0.11;0.13;0.04;197;0.09;0.01;0.23;0.14;0.04;1.5;0.3;3.26;1.81;0.55
21/12/24   ;12:00;0.31;13.3;8.9;0.31;1200;0;-0.12;0.15;0.04;190;0.09;0.01;0.25;0.14;0.04;1.57;0.37;3.43;1.87;0.57
21/12/24   ;13:00;0.32;13.4;8.9;0.32;1196;0;-0.12;0.19;0.04;189;0.1;0.01;0.3;0.15;0.05;1.57;0.32;3.71;1.83;0.6
21/12/24   ;14:00;0.26;13.4;9;0.26;1200;0;-0.12;0.12;0.04;179;0.1;0.01;0.22;0.15;0.04;1.66;0.32;3.8;1.99;0.55
21/12/24   ;15:00;0.17;13.3;8.7;0.17;1200;0;-0.12;0.12;0.04;168;0.09;0.01;0.22;0.13;0.04;1.78;0.46;4.33;2.07;0.64
21/12/24   ;16:00;0.06;13.3;8.7;0.06;1200;0;-0.12;0.11;0.03;177;0.08;0.01;0.2;0.12;0.04;1.68;0.32;3.93;2.12;0.69
21/12/24   ;17:00;-0.05;13.4;8.6;-0.05;1199;0;-0.13;0.09;0.03;178;0.07;0.01;0.2;0.12;0.04;1.68;0.34;3.51;2.02;0.66
21/12/24   ;18:00;-0.14;13.4;8.6;-0.14;1200;0;-0.12;0.11;0.03;165;0.08;0.01;0.17;0.12;0.03;1.81;0.28;5.42;2.15;0.67
21/12/24   ;19:00;-0.23;13.4;8.5;-0.23;1200;0;-0.14;0.14;0.04;161;0.09;0.01;0.25;0.14;0.05;1.85;0.41;4.05;2.47;0.78
21/12/24   ;20:00;-0.27;13.4;8.3;-0.27;1195;0;-0.13;0.14;0.03;158;0.08;0.01;0.19;0.12;0.04;1.88;0.31;3.59;2.37;0.74
21/12/24   ;21:00;-0.24;13.4;8.2;-0.24;1200;0;-0.12;0.11;0.04;140;0.09;0.01;0.2;0.14;0.04;2.14;0.52;4.45;2.79;0.91
21/12/24   ;22:00;-0.1;13.4;8.6;-0.1;1185;0;-0.08;0.16;0.02;168;0.06;0.01;0.21;0.09;0.03;1.75;0.48;3.98;2.21;0.76
21/12/24   ;23:00;0.07;13.4;8.8;0.07;1200;0;-0.08;0.09;0.02;195;0.05;0.01;0.17;0.08;0.03;1.53;0.29;3.51;1.79;0.62
22/12/24   ;00:00;0.24;13.4;8.4;0.24;1188;0;-0.11;0.15;0.03;172;0.07;0.01;0.27;0.12;0.04;1.71;0.38;4.08;2.02;0.73
22/12/24   ;01:00;0.39;13.4;8.6;0.39;1201;0;-0.12;0.12;0.03;165;0.08;0.01;0.22;0.13;0.04;1.8;0.33;3.64;2.41;0.77
22/12/24   ;02:00;0.52;13.4;8.8;0.52;1198;0;-0.1;0.13;0.03;181;0.07;0.01;0.2;0.11;0.04;1.65;0.26;3.46;1.97;0.62
22/12/24   ;03:00;0.62;13.4;9.1;0.62;1202;0;-0.03;0.03;0.01;216;0.02;0;0.06;0.04;0.01;1.38;0.33;3.52;1.79;0.59
22/12/24   ;04:00;0.67;13.4;9.3;0.67;1198;0;-0.04;0.04;0.01;196;0.03;0;0.06;0.04;0.01;1.51;0.32;3.7;2;0.72
22/12/24   ;05:00;0.64;13.4;9.1;0.64;1200;0;-0.06;0.07;0.02;154;0.05;0;0.11;0.07;0.02;1.94;0.32;4.26;2.45;0.85
22/12/24   ;06:00;0.54;13.4;8.9;0.54;1196;0;-0.12;0.1;0.03;153;0.07;0.01;0.2;0.11;0.04;1.92;0.34;4.15;2.35;0.83
22/12/24   ;07:00;0.44;13.3;8.6;0.44;1207;0;-0.08;0.11;0.03;155;0.06;0.01;0.18;0.1;0.03;1.94;0.43;4.02;2.22;0.72
22/12/24   ;08:00;0.38;13.4;8.5;0.38;1198;0;-0.12;0.12;0.04;152;0.09;0.02;0.22;0.13;0.04;1.96;0.28;4.22;2.57;0.82
22/12/24   ;09:00;0.33;13.4;8.4;0.33;1198;0;-0.12;0.14;0.03;180;0.08;0.01;0.23;0.13;0.04;1.65;0.39;3.64;1.85;0.55
22/12/24   ;10:00;0.3;13.4;8.4;0.31;1197;0;-0.08;0.08;0.03;188;0.06;0.01;0.15;0.09;0.03;1.57;0.32;3.44;1.95;0.65
22/12/24   ;11:00;0.3;13.3;8.4;0.31;1198;0;-0.1;0.11;0.04;168;0.09;0.02;0.21;0.13;0.04;1.78;0.33;4.86;2.16;0.75
22/12/24   ;12:00;0.28;13.3;8.5;0.28;1198;0;-0.13;0.14;0.05;142;0.12;0.03;0.23;0.18;0.05;2.1;0.67;3.72;2.52;0.77
22/12/24   ;13:00;0.28;13.4;8.6;0.28;1191;0;-0.12;0.14;0.04;176;0.09;0.02;0.2;0.14;0.04;1.67;0.29;4.06;1.96;0.61
22/12/24   ;14:00;0.29;13.4;8.6;0.29;1203;0;-0.13;0.15;0.04;163;0.1;0;0.27;0.16;0.05;1.84;0.34;3.91;2.26;0.68
22/12/24   ;15:00;0.26;13.3;8.6;0.26;1199;0;-0.12;0.12;0.04;189;0.09;0.01;0.24;0.14;0.04;1.58;0.36;3.33;1.81;0.54
22/12/24   ;16:00;0.23;13.3;8.5;0.23;1197;0;-0.08;0.1;0.03;180;0.07;0.01;0.18;0.11;0.03;1.65;0.44;3.61;1.98;0.58
22/12/24   ;17:00;0.19;13.3;8.3;0.19;1197;0;-0.15;0.13;0.04;182;0.09;0.01;0.28;0.14;0.04;1.64;0.34;3.19;1.88;0.53
22/12/24   ;18:00;0.17;13.4;8.2;0.17;1197;0;-0.18;0.24;0.05;167;0.13;0.02;0.38;0.2;0.07;1.78;0.33;3.86;2.17;0.66
22/12/24   ;19:00;0.19;13.4;8.2;0.19;1200;0;-0.1;0.11;0.03;199;0.08;0.01;0.18;0.13;0.04;1.49;0.27;3.63;2.05;0.73
22/12/24   ;20:00;0.24;13.4;8.2;0.24;1194;0;-0.13;0.17;0.04;173;0.08;0.01;0.28;0.14;0.05;1.72;0.31;3.84;2.31;0.8
22/12/24   ;21:00;0.32;13.4;8.9;0.32;1200;0;-0.13;0.13;0.03;167;0.08;0.01;0.26;0.12;0.04;1.78;0.45;3.53;2.36;0.73
22/12/24   ;22:00;0.41;13.4;8.8;0.41;1200;0;-0.1;0.11;0.03;173;0.06;0.01;0.2;0.1;0.04;1.72;0.29;3.66;2.14;0.67
22/12/24   ;23:00;0.52;13.4;9;0.52;1200;0;-0.08;0.08;0.03;168;0.07;0.01;0.13;0.1;0.03;1.77;0.28;3.93;2.37;0.8
23/12/24   ;00:00;0.64;13.4;9;0.64;1200;0;-0.07;0.08;0.02;184;0.05;0.01;0.14;0.07;0.02;1.62;0.42;3.33;2.12;0.67
23/12/24   ;01:00;0.74;13.4;9;0.74;1200;0;-0.1;0.11;0.03;148;0.08;0.02;0.19;0.12;0.04;2.02;0.38;3.9;2.72;0.9
23/12/24   ;02:00;0.79;13.4;9.1;0.79;1200;0;-0.09;0.1;0.02;187;0.05;0;0.19;0.09;0.03;1.59;0.33;3.61;2.05;0.66
23/12/24   ;03:00;0.74;13.4;9.1;0.74;1195;0;-0.04;0.04;0.01;178;0.03;0;0.08;0.05;0.02;1.67;0.27;3.17;2.05;0.62
23/12/24   ;04:00;0.63;13.4;8.9;0.63;1200;0;-0.08;0.08;0.02;177;0.04;0;0.14;0.07;0.03;1.68;0.32;3.67;2.21;0.76
23/12/24   ;05:00;0.57;13.4;8.9;0.57;1196;0;-0.09;0.08;0.03;136;0.06;0;0.15;0.1;0.03;2.17;0.54;4.26;2.68;0.81
23/12/24   ;06:00;0.54;13.4;8.8;0.54;1200;0;-0.08;0.08;0.02;177;0.06;0.01;0.14;0.09;0.03;1.68;0.33;3.52;1.95;0.56
23/12/24   ;07:00;0.46;13.4;8.8;0.46;1199;0;-0.11;0.12;0.04;126;0.1;0;0.21;0.15;0.05;2.37;0.27;4.07;3.05;0.97
23/12/24   ;08:00;0.37;13.4;8.7;0.37;1200;0;-0.14;0.14;0.04;137;0.11;0.02;0.28;0.16;0.05;2.18;0.37;4.08;2.49;0.71
23/12/24   ;09:00;0.28;13.3;8.5;0.28;1199;0;-0.12;0.13;0.04;168;0.09;0.01;0.2;0.14;0.04;1.77;0.45;3.69;2.03;0.61
23/12/24   ;10:00;0.17;13.4;8.3;0.17;1200;0;-0.11;0.17;0.03;182;0.08;0.01;0.26;0.13;0.04;1.64;0.38;3.76;1.99;0.68
23/12/24   ;11:00;0.1;13.3;8.3;0.1;1195;0;-0.09;0.09;0.03;183;0.08;0.01;0.17;0.11;0.03;1.62;0.4;2.99;1.87;0.55
23/12/24   ;12:00;0.05;13.3;8.2;0.05;1199;0;-0.11;0.15;0.04;165;0.09;0.01;0.2;0.14;0.04;1.81;0.36;3.81;2.18;0.69
23/12/24   ;13:00;-0.02;13.4;8.2;-0.02;1200;0;-0.11;0.12;0.03;171;0.08;0.01;0.19;0.12;0.04;1.74;0.43;4.1;1.92;0.67
23/12/24   ;14:00;-0.07;13.4;8.1;-0.07;1196;0;-0.11;0.13;0.04;175;0.09;0.01;0.19;0.14;0.04;1.7;0.33;3.13;1.93;0.57
23/12/24   ;15:00;-0.14;13.4;8.1;-0.14;1200;0;-0.1;0.11;0.03;168;0.08;0.01;0.22;0.12;0.04;1.77;0.32;3.86;2.16;0.68
23/12/24   ;16:00;-0.13;13.3;8.1;-0.13;1208;0;-0.12;0.16;0.04;180;0.09;0.02;0.22;0.14;0.04;1.66;0.44;3.25;1.93;0.56
23/12/24   ;17:00;-0.04;13.4;8.5;-0.04;1200;0;-0.15;0.19;0.04;168;0.1;0.01;0.29;0.16;0.05;1.78;0.29;4.21;2.15;0.71
23/12/24   ;18:00;0.11;13.4;8.5;0.11;1200;0;-0.13;0.14;0.04;179;0.1;0.01;0.25;0.15;0.05;1.67;0.43;3.76;1.92;0.62
23/12/24   ;19:00;0.28;13.4;8.1;0.28;1200;0;-0.15;0.18;0.05;177;0.11;0.02;0.26;0.17;0.06;1.68;0.35;3.45;2;0.67
23/12/24   ;20:00;0.37;13.3;8;0.37;1200;0;-0.13;0.15;0.04;157;0.08;0.01;0.27;0.13;0.04;1.89;0.33;4.23;2.5;0.86
23/12/24   ;21:00;0.41;13.3;8;0.41;1200;0;-0.09;0.1;0.03;147;0.08;0.01;0.18;0.11;0.03;2.02;0.6;4.43;2.34;0.77
23/12/24   ;22:00;0.42;13.4;8;0.42;1200;0;-0.11;0.1;0.03;158;0.06;0.01;0.2;0.1;0.04;1.88;0.42;3.81;2.51;0.84
23/12/24   ;23:00;0.42;13.4;8;0.42;1208;0;-0.08;0.08;0.02;157;0.05;0.01;0.15;0.08;0.03;1.91;0.39;3.83;2.41;0.76
24/12/24   ;00:00;0.38;13.4;8;0.38;1197;0;-0.07;0.08;0.02;167;0.06;0.01;0.13;0.09;0.03;1.77;0.37;3.64;2.17;0.68
24/12/24   ;01:00;0.39;13.4;7.9;0.39;1200;0;-0.08;0.09;0.03;140;0.07;0.01;0.16;0.11;0.04;2.13;0.44;3.86;2.81;0.85
24/12/24   ;02:00;0.47;13.4;8.1;0.47;1200;0;-0.06;0.08;0.02;174;0.04;0.01;0.13;0.06;0.02;1.7;0.37;3.04;2.01;0.56
24/12/24   ;03:00;0.55;13.4;8.7;0.55;1200;0;-0.05;0.06;0.02;162;0.04;0.01;0.09;0.06;0.02;1.83;0.34;3.72;2.25;0.7
24/12/24   ;04:00;0.59;13.4;8.6;0.59;1200;0;-0.05;0.05;0.02;172;0.03;0;0.09;0.06;0.02;1.72;0.31;3.78;2.28;0.75
24/12/24   ;05:00;0.6;13.4;8.6;0.6;1196;0;-0.07;0.1;0.03;148;0.06;0.01;0.16;0.1;0.03;2;0.56;4.31;2.67;0.82
24/12/24   ;06:00;0.58;13.4;8.5;0.58;1195;0;-0.12;0.13;0.03;157;0.08;0.01;0.22;0.13;0.04;1.9;0.43;3.83;2.31;0.76
24/12/24   ;07:00;0.46;13.4;8.3;0.46;1199;0;-0.12;0.18;0.04;151;0.09;0.01;0.3;0.14;0.05;1.97;0.4;4.09;2.48;0.78
24/12/24   ;08:00;0.35;13.4;8;0.35;1196;0;-0.17;0.18;0.04;166;0.1;0.01;0.34;0.16;0.05;1.78;0.34;4.09;2.06;0.67
24/12/24   ;09:00;0.24;13.4;7.8;0.24;1199;0;-0.15;0.16;0.04;168;0.1;0.02;0.24;0.15;0.04;1.77;0.37;4.17;2.09;0.7
24/12/24   ;10:00;0.1;13.4;7.8;0.1;1198;0;-0.12;0.11;0.04;170;0.09;0.01;0.18;0.13;0.04;1.75;0.58;3.97;2.29;0.75
24/12/24   ;11:00;-0.04;13.4;7.8;-0.03;1200;0;-0.12;0.17;0.04;175;0.09;0.02;0.24;0.14;0.04;1.71;0.55;3.79;2.19;0.68
24/12/24   ;12:00;-0.12;13.4;7.8;-0.12;1200;0;-0.09;0.12;0.04;163;0.09;0.01;0.2;0.13;0.04;1.82;0.37;3.88;2.26;0.74
24/12/24   ;13:00;-0.19;13.3;7.8;-0.19;1191;0;-0.12;0.14;0.04;176;0.1;0.01;0.23;0.15;0.05;1.68;0.36;3.33;1.95;0.55
24/12/24   ;14:00;-0.2;13.4;7.7;-0.2;1197;0;-0.1;0.14;0.03;163;0.08;0.01;0.22;0.13;0.04;1.83;0.65;4.06;2.2;0.69
24/12/24   ;15:00;-0.12;13.3;8.1;-0.11;1200;0;-0.13;0.21;0.04;195;0.09;0.01;0.34;0.14;0.05;1.54;0.35;3.49;1.83;0.65
24/12/24   ;16:00;0.01;13.4;8.1;0.01;1197;0;-0.12;0.12;0.04;179;0.09;0.01;0.2;0.13;0.04;1.66;0.39;3.84;2.02;0.68
24/12/24   ;17:00;0.12;13.4;8.3;0.13;1200;0;-0.1;0.11;0.03;201;0.07;0.01;0.2;0.11;0.03;1.48;0.34;3.9;1.75;0.62
24/12/24   ;18:00;0.22;13.4;7.8;0.22;1193;0;-0.15;0.14;0.04;153;0.1;0.01;0.26;0.16;0.05;1.93;0.38;3.93;2.32;0.82
24/12/24   ;19:00;0.29;13.4;7.8;0.29;1200;0;-0.13;0.18;0.04;138;0.1;0.02;0.24;0.16;0.05;2.16;0.32;4.06;2.84;0.88
24/12/24   ;20:00;0.31;13.3;7.9;0.31;1200;0;-0.15;0.15;0.03;181;0.07;0.01;0.29;0.12;0.05;1.65;0.36;3.72;1.99;0.58
24/12/24   ;21:00;0.28;13.3;7.8;0.28;1200;0;-0.09;0.09;0.03;140;0.08;0.01;0.18;0.12;0.04;2.12;0.33;3.98;3.01;0.93
24/12/24   ;22:00;0.24;13.4;7.8;0.24;1217;0;-0.11;0.09;0.03;155;0.06;0.01;0.19;0.1;0.03;1.95;0.36;3.96;2.03;0.68
24/12/24   ;23:00;0.2;13.4;7.7;0.2;1200;0;-0.07;0.06;0.02;164;0.05;0;0.12;0.07;0.02;1.82;0.36;3.56;2.18;0.64
25/12/24   ;00:00;0.18;13.4;7.7;0.18;1197;0;-0.12;0.16;0.03;133;0.07;0.01;0.25;0.12;0.04;2.24;0.45;4.58;2.95;0.95
25/12/24   ;01:00;0.18;13.4;7.7;0.18;1195;0;-0.12;0.14;0.04;142;0.1;0;0.21;0.15;0.05;2.07;0.38;3.99;2.57;0.83
25/12/24   ;02:00;0.23;13.4;7.8;0.23;1200;0;-0.06;0.06;0.02;171;0.05;0.01;0.12;0.07;0.02;1.74;0.32;3.79;2.28;0.72
25/12/24   ;03:00;0.32;13.4;8;0.32;1200;0;-0.03;0.04;0.01;190;0.02;0;0.06;0.04;0.01;1.57;0.37;3.04;1.89;0.53
25/12/24   ;04:00;0.39;13.4;8;0.39;1193;0;-0.07;0.09;0.02;173;0.04;0;0.16;0.07;0.03;1.71;0.3;3.57;1.94;0.69
25/12/24   ;05:00;0.47;13.4;8;0.47;1200;0;-0.04;0.04;0.01;154;0.03;0;0.07;0.05;0.01;1.93;0.4;3.86;2.46;0.8
25/12/24   ;06:00;0.53;13.4;7.8;0.53;1200;0;-0.02;0.03;0.01;175;0.02;0;0.05;0.03;0.01;1.7;0.36;3.6;2.08;0.64
25/12/24   ;07:00;0.52;13.4;7.8;0.52;1195;0;-0.06;0.08;0.02;162;0.05;0.01;0.13;0.09;0.03;1.83;0.31;3.84;2.31;0.76
25/12/24   ;08:00;0.42;13.4;7.8;0.42;1197;0;-0.11;0.09;0.03;163;0.07;0.01;0.21;0.11;0.04;1.83;0.3;3.65;2.29;0.71
25/12/24   ;09:00;0.27;13.4;7.8;0.27;1200;0;-0.1;0.11;0.03;181;0.07;0.01;0.18;0.11;0.04;1.65;0.31;3.73;2.03;0.64
25/12/24   ;10:00;0.15;13.4;7.7;0.15;1200;0;-0.12;0.14;0.04;170;0.08;0.01;0.25;0.13;0.04;1.75;0.3;3.55;2.13;0.66
25/12/24   ;11:00;0;13.4;7.6;-0.01;1197;0;-0.11;0.14;0.04;152;0.08;0.01;0.23;0.13;0.04;1.96;0.49;4.13;2.73;0.88
25/12/24   ;12:00;-0.13;13.4;7.5;-0.13;1200;0;-0.11;0.13;0.03;169;0.07;0;0.2;0.12;0.04;1.77;0.26;4.09;2.31;0.78
25/12/24   ;13:00;-0.18;13.4;7.5;-0.18;1197;0;-0.11;0.12;0.04;164;0.08;0.01;0.2;0.13;0.04;1.8;0.47;3.76;2.17;0.75
25/12/24   ;14:00;-0.16;13.4;7.5;-0.16;1200;0;-0.11;0.09;0.03;182;0.06;0.01;0.19;0.1;0.03;1.63;0.43;3.48;2.1;0.7
25/12/24   ;15:00;-0.09;13.4;7.9;-0.08;1200;0;-0.07;0.08;0.02;189;0.06;0.01;0.14;0.09;0.03;1.58;0.39;3.13;1.85;0.6
25/12/24   ;16:00;0.01;13.4;7.8;0.01;1200;0;-0.09;0.11;0.03;179;0.07;0.01;0.17;0.11;0.03;1.67;0.28;4.17;1.94;0.73
25/12/24   ;17:00;0.11;13.4;7.9;0.11;1198;0;-0.11;0.13;0.04;183;0.09;0.01;0.2;0.14;0.04;1.63;0.43;3.59;1.99;0.67
25/12/24   ;18:00;0.2;13.4;7.8;0.2;1198;0;-0.13;0.17;0.04;186;0.09;0;0.27;0.13;0.04;1.6;0.43;3.2;1.82;0.59
25/12/24   ;19:00;0.25;13.4;7.6;0.25;1200;0;-0.14;0.17;0.04;170;0.1;0.01;0.29;0.16;0.05;1.75;0.28;4.05;2.08;0.7
25/12/24   ;20:00;0.26;13.3;7.6;0.26;1200;0;-0.1;0.12;0.03;166;0.08;0.01;0.22;0.12;0.04;1.79;0.55;3.76;2.16;0.65
25/12/24   ;21:00;0.25;13.4;7.6;0.25;1198;0;-0.09;0.12;0.03;176;0.06;0.01;0.21;0.11;0.04;1.69;0.36;3.94;1.85;0.67
25/12/24   ;22:00;0.19;13.4;7.6;0.19;1193;0;-0.06;0.07;0.02;145;0.04;0;0.12;0.07;0.02;2.04;0.28;4.45;2.68;0.85
25/12/24   ;23:00;0.13;13.3;7.6;0.13;1200;0;-0.06;0.06;0.02;148;0.05;0;0.11;0.08;0.02;2.01;0.41;3.94;2.45;0.79
26/12/24   ;00:00;0.11;13.4;7.7;0.11;1200;0;-0.08;0.08;0.02;170;0.05;0.01;0.15;0.08;0.03;1.75;0.31;4.6;2.13;0.7
26/12/24   ;01:00;0.15;13.3;7.6;0.16;1197;0;-0.11;0.08;0.03;152;0.06;0.01;0.19;0.09;0.03;1.95;0.26;3.58;2.45;0.78
26/12/24   ;02:00;0.21;13.4;7.7;0.21;1200;0;-0.09;0.08;0.02;180;0.05;0.01;0.16;0.08;0.03;1.66;0.33;3.31;1.83;0.61
26/12/24   ;03:00;0.32;13.4;7.6;0.32;1199;0;-0.06;0.07;0.02;181;0.04;0.01;0.12;0.06;0.02;1.65;0.29;3.28;1.97;0.66
26/12/24   ;04:00;0.43;13.4;7.6;0.43;1200;0;-0.09;0.08;0.02;175;0.05;0.01;0.17;0.07;0.03;1.71;0.28;3.09;2;0.64
26/12/24   ;05:00;0.5;13.4;7.8;0.5;1200;0;-0.08;0.06;0.02;137;0.05;0;0.13;0.08;0.02;2.18;0.33;4.39;2.69;0.81
26/12/24   ;06:00;0.52;13.4;7.6;0.52;1199;0;-0.06;0.04;0.01;176;0.03;0;0.09;0.05;0.02;1.68;0.29;3.23;1.99;0.61
26/12/24   ;07:00;0.5;13.4;7.9;0.5;1200;0;-0.11;0.11;0.03;163;0.06;0.01;0.22;0.11;0.04;1.82;0.26;4.02;2.45;0.78
26/12/24   ;08:00;0.41;13.4;7.6;0.41;1195;0;-0.08;0.1;0.03;172;0.06;0.01;0.16;0.1;0.03;1.72;0.38;3.81;2.12;0.66
26/12/24   ;09:00;0.32;13.4;7.5;0.32;1200;0;-0.1;0.1;0.03;149;0.08;0.01;0.17;0.12;0.04;2;0.32;4.19;2.44;0.76
26/12/24   ;10:00;0.23;13.4;7.4;0.23;1200;0;-0.11;0.13;0.03;185;0.08;0.01;0.2;0.13;0.04;1.6;0.33;3.6;1.94;0.65
26/12/24   ;11:00;0.15;13.4;7.4;0.14;1195;0;-0.09;0.12;0.03;186;0.07;0.01;0.19;0.11;0.03;1.6;0.34;3.65;1.9;0.61
26/12/24   ;12:00;0;13.4;7.4;0.01;1200;0;-0.11;0.13;0.03;170;0.08;0.02;0.2;0.12;0.04;1.76;0.45;4.24;2.09;0.76
26/12/24   ;13:00;-0.09;13.4;7.2;-0.09;1194;0;-0.18;0.15;0.04;177;0.09;0;0.25;0.14;0.04;1.67;0.34;3.35;2.06;0.65
26/12/24   ;14:00;-0.13;13.4;7.2;-0.13;1198;0;-0.12;0.14;0.03;176;0.08;0.01;0.22;0.13;0.04;1.69;0.42;3.81;2.08;0.67
26/12/24   ;15:00;-0.14;13.4;7.2;-0.13;1200;0;-0.09;0.1;0.03;189;0.08;0.02;0.17;0.12;0.03;1.57;0.53;3.2;1.77;0.52
26/12/24   ;16:00;-0.09;13.4;7.6;-0.09;1200;0;-0.14;0.15;0.04;191;0.08;0.01;0.22;0.13;0.04;1.56;0.35;3.72;1.92;0.66
26/12/24   ;17:00;0.02;13.4;7.6;0.02;1200;0;-0.14;0.13;0.05;175;0.11;0.02;0.26;0.17;0.05;1.7;0.42;3.73;1.98;0.69
26/12/24   ;18:00;0.15;13.4;7.7;0.15;1200;0;-0.11;0.15;0.03;193;0.08;0.01;0.22;0.13;0.04;1.54;0.32;4.01;2.05;0.69
26/12/24   ;19:00;0.27;13.4;7.6;0.27;1200;0;-0.1;0.11;0.04;159;0.08;0.01;0.21;0.13;0.04;1.88;0.36;4.06;2.57;0.8
26/12/24   ;20:00;0.32;13.4;7.5;0.31;1195;0;-0.08;0.1;0.03;163;0.07;0.01;0.18;0.12;0.04;1.81;0.28;3.8;2.39;0.77
26/12/24   ;21:00;0.34;13.4;7.6;0.34;1194;0;-0.11;0.12;0.03;179;0.07;0.01;0.23;0.11;0.04;1.66;0.41;3.55;1.9;0.59
26/12/24   ;22:00;0.32;13.4;7.5;0.32;1184;0;-0.13;0.13;0.03;178;0.07;0.01;0.21;0.11;0.04;1.65;0.29;3.56;2.05;0.68
26/12/24   ;23:00;0.28;13.4;7.5;0.28;1192;0;-0.1;0.12;0.03;172;0.06;0.01;0.21;0.1;0.04;1.72;0.45;4.08;1.99;0.62
27/12/24   ;00:00;0.23;13.3;7.5;0.23;1198;0;-0.12;0.12;0.03;174;0.06;0;0.23;0.1;0.04;1.7;0.31;3.42;2.19;0.64
27/12/24   ;01:00;0.22;13.3;7.4;0.22;1200;0;-0.1;0.11;0.03;122;0.07;0;0.21;0.12;0.04;2.45;0.33;4.1;3.15;0.95
27/12/24   ;02:00;0.22;13.4;7.5;0.22;1199;0;-0.06;0.06;0.02;168;0.04;0.01;0.11;0.06;0.02;1.77;0.35;4.23;2.27;0.66
27/12/24   ;03:00;0.24;13.4;7.5;0.24;1200;0;-0.02;0.03;0.01;178;0.02;0;0.04;0.03;0.01;1.68;0.4;3.39;2.06;0.61
27/12/24   ;04:00;0.3;13.3;7.5;0.3;1200;0;-0.04;0.05;0.01;169;0.03;0;0.08;0.05;0.01;1.76;0.44;4.11;2.06;0.61
27/12/24   ;05:00;0.37;13.4;7.8;0.37;1205;0;-0.08;0.08;0.03;138;0.06;0.01;0.15;0.1;0.03;2.17;0.42;3.76;2.96;0.9
27/12/24   ;06:00;0.44;13.4;7.7;0.44;1200;0;-0.12;0.14;0.03;161;0.08;0;0.22;0.12;0.04;1.83;0.31;3.09;2.12;0.64
27/12/24   ;07:00;0.49;13.4;7.6;0.49;1199;0;-0.11;0.12;0.04;153;0.09;0.01;0.2;0.14;0.04;1.95;0.46;3.97;2.43;0.82
27/12/24   ;08:00;0.52;13.3;7.8;0.52;1193;0;-0.14;0.16;0.04;174;0.09;0.01;0.28;0.14;0.05;1.7;0.32;3.5;2.1;0.67
27/12/24   ;09:00;0.49;13.4;7.6;0.49;1200;0;-0.12;0.16;0.04;168;0.1;0.02;0.27;0.15;0.05;1.78;0.3;3.64;2.16;0.7
27/12/24   ;10:00;0.38;13.4;7.5;0.39;1200;0;-0.14;0.16;0.04;158;0.1;0.01;0.27;0.16;0.05;1.86;0.3;3.95;2.54;0.83
27/12/24   ;11:00;0.26;13.4;7.5;0.26;1200;0;-0.1;0.1;0.03;184;0.08;0.01;0.19;0.12;0.03;1.62;0.33;3.37;1.82;0.51
27/12/24   ;12:00;0.11;13.4;7.4;0.11;1200;0;-0.09;0.1;0.03;181;0.08;0.01;0.16;0.11;0.03;1.65;0.3;3.52;1.82;0.58
27/12/24   ;13:00;-0.03;13.4;7.2;-0.03;1194;0;-0.12;0.13;0.04;169;0.09;0;0.2;0.13;0.04;1.74;0.29;3.85;2.29;0.74
27/12/24   ;14:00;-0.15;13.4;7.1;-0.15;1194;0;-0.11;0.13;0.04;159;0.09;0.01;0.21;0.14;0.04;1.85;0.37;4.61;2.26;0.78
27/12/24   ;15:00;-0.22;13.4;7;-0.23;1200;0;-0.11;0.16;0.04;178;0.08;0.01;0.23;0.13;0.04;1.67;0.32;3.52;1.84;0.55
27/12/24   ;16:00;-0.24;13.4;7;-0.24;1199;0;-0.1;0.11;0.03;180;0.08;0.01;0.19;0.13;0.04;1.65;0.33;4.53;1.93;0.65
27/12/24   ;17:00;-0.15;13.4;7.5;-0.15;1199;0;-0.1;0.13;0.03;195;0.07;0;0.17;0.11;0.03;1.53;0.42;3.36;1.82;0.6
27/12/24   ;18:00;-0.02;13.4;7.6;-0.02;1198;0;-0.12;0.16;0.04;188;0.1;0.01;0.24;0.15;0.04;1.59;0.35;3.81;1.92;0.57
27/12/24   ;19:00;0.11;13.4;7.6;0.12;1200;0;-0.12;0.16;0.04;182;0.08;0;0.25;0.13;0.04;1.64;0.32;3.92;2.03;0.67
27/12/24   ;20:00;0.24;13.4;7.3;0.24;1200;0;-0.13;0.11;0.04;164;0.09;0.01;0.22;0.14;0.04;1.82;0.28;3.88;2.38;0.79
27/12/24   ;21:00;0.31;13.4;7.4;0.32;1200;0;-0.09;0.1;0.03;163;0.07;0.01;0.16;0.12;0.04;1.83;0.37;3.69;2.4;0.78
27/12/24   ;22:00;0.35;13.4;7.3;0.35;1199;0;-0.09;0.1;0.03;155;0.08;0.01;0.16;0.11;0.03;1.91;0.55;3.85;2.2;0.7
27/12/24   ;23:00;0.32;13.4;7.3;0.32;1198;0;-0.1;0.11;0.03;149;0.07;0.01;0.22;0.11;0.04;1.98;0.29;4.38;2.49;0.83
28/12/24   ;00:00;0.22;13.4;7.3;0.23;1200;0;-0.09;0.08;0.02;145;0.05;0;0.15;0.08;0.03;2.05;0.29;3.84;2.8;0.86
28/12/24   ;01:00;0.13;13.4;7.2;0.13;1186;0;-0.09;0.08;0.03;146;0.06;0.01;0.16;0.1;0.03;2.02;0.28;3.95;2.57;0.89
28/12/24   ;02:00;0.06;13.4;7.3;0.06;1197;0;-0.09;0.1;0.02;158;0.05;0;0.19;0.08;0.03;1.86;0.3;4.22;2.54;0.88
28/12/24   ;03:00;0.04;13.3;7.2;0.04;1200;0;-0.04;0.03;0.01;159;0.02;0;0.06;0.03;0.01;1.87;0.32;2.8;2.13;0.58
28/12/24   ;04:00;0.1;13.3;7.3;0.11;1200;0;-0.08;0.06;0.02;183;0.04;0.01;0.11;0.06;0.02;1.63;0.31;3.41;1.9;0.62
28/12/24   ;05:00;0.23;13.3;7.3;0.24;1200;0;-0.08;0.11;0.02;163;0.06;0;0.18;0.09;0.03;1.84;0.37;4.21;2.32;0.7
28/12/24   ;06:00;0.37;13.4;7.3;0.37;1196;0;-0.08;0.13;0.03;185;0.07;0.01;0.22;0.11;0.03;1.61;0.36;3.63;1.96;0.63
28/12/24   ;07:00;0.47;13.4;7.2;0.47;1197;0;-0.1;0.11;0.03;173;0.07;0.01;0.18;0.11;0.04;1.71;0.41;3.59;2.32;0.78
28/12/24   ;08:00;0.55;13.4;7.8;0.55;1200;0;-0.17;0.15;0.04;176;0.09;0.01;0.25;0.14;0.04;1.68;0.41;4.63;2.06;0.68
28/12/24   ;09:00;0.57;13.3;8;0.57;1195;0;-0.12;0.13;0.04;185;0.09;0.01;0.21;0.14;0.04;1.6;0.37;3.59;1.87;0.58
28/12/24   ;10:00;0.51;13.3;7.7;0.51;1199;0;-0.12;0.1;0.03;168;0.08;0.01;0.2;0.11;0.03;1.77;0.43;3.83;1.96;0.7
28/12/24   ;11:00;0.38;13.4;7.4;0.38;1200;0;-0.11;0.16;0.04;158;0.09;0;0.24;0.14;0.04;1.88;0.29;3.93;2.27;0.77
28/12/24   ;12:00;0.22;13.4;7.3;0.22;1200;0;-0.11;0.13;0.03;179;0.08;0.01;0.2;0.12;0.04;1.67;0.34;3.88;1.95;0.64
28/12/24   ;13:00;0.04;13.4;7.3;0.04;1197;0;-0.09;0.13;0.03;180;0.08;0;0.18;0.12;0.04;1.64;0.3;3.94;1.85;0.61
28/12/24   ;14:00;-0.1;13.4;7.2;-0.1;1200;0;-0.12;0.11;0.03;156;0.08;0.01;0.23;0.13;0.04;1.91;0.26;4.26;2.32;0.83
28/12/24   ;15:00;-0.21;13.4;7.2;-0.22;1196;0;-0.11;0.13;0.04;157;0.09;0.01;0.22;0.14;0.05;1.89;0.5;3.78;2.19;0.79
28/12/24   ;16:00;-0.27;13.4;7.1;-0.26;1200;0;-0.11;0.12;0.03;178;0.08;0.01;0.2;0.13;0.04;1.68;0.37;3.7;2.03;0.66
28/12/24   ;17:00;-0.21;13.4;7.2;-0.21;1200;0;-0.13;0.13;0.04;175;0.09;0.01;0.23;0.15;0.05;1.7;0.38;3.67;2.09;0.68
28/12/24   ;18:00;-0.07;13.4;7.4;-0.07;1200;0;-0.14;0.13;0.04;176;0.1;0.01;0.23;0.15;0.04;1.69;0.26;3.46;1.92;0.57
28/12/24   ;19:00;0.11;13.4;7.4;0.11;1199;0;-0.1;0.14;0.04;168;0.09;0.02;0.2;0.14;0.04;1.77;0.32;3.55;2.09;0.7
28/12/24   ;20:00;0.27;13.4;7.3;0.27;1200;0;-0.17;0.16;0.04;163;0.09;0.02;0.29;0.14;0.05;1.83;0.46;3.76;2.26;0.71
28/12/24   ;21:00;0.38;13.4;7.5;0.38;1194;0;-0.2;0.18;0.04;178;0.09;0.01;0.31;0.14;0.05;1.66;0.31;3.93;2.09;0.74
28/12/24   ;22:00;0.45;13.4;7.4;0.45;1200;0;-0.13;0.12;0.03;178;0.06;0.01;0.2;0.1;0.03;1.68;0.37;3.37;2.06;0.65
28/12/24   ;23:00;0.45;13.4;7.4;0.45;1200;0;-0.11;0.1;0.03;152;0.07;0.01;0.19;0.1;0.03;1.96;0.35;4.92;2.43;0.84
29/12/24   ;00:00;0.37;13.4;7.4;0.37;1200;0;-0.09;0.09;0.02;166;0.06;0.01;0.14;0.08;0.03;1.79;0.29;3.65;2.21;0.69
29/12/24   ;01:00;0.25;13.4;7.3;0.25;1200;0;-0.06;0.09;0.02;172;0.05;0.01;0.14;0.07;0.02;1.74;0.31;3.9;2.25;0.82
29/12/24   ;02:00;0.16;13.4;7.3;0.16;1200;0;-0.07;0.07;0.02;141;0.06;0.01;0.13;0.08;0.03;2.12;0.29;4.39;2.65;0.89
29/12/24   ;03:00;0.12;13.3;7.2;0.11;1200;0;-0.06;0.06;0.01;168;0.03;0;0.11;0.05;0.02;1.78;0.29;3.29;1.97;0.68
29/12/24   ;04:00;0.15;13.3;7.3;0.15;1200;0;-0.08;0.08;0.02;185;0.04;0;0.16;0.06;0.02;1.61;0.33;3.22;2.07;0.64
29/12/24   ;05:00;0.26;13.3;7.4;0.27;1200;0;-0.11;0.1;0.03;115;0.07;0.01;0.21;0.12;0.04;2.58;0.35;3.95;3.27;0.94
29/12/24   ;06:00;0.41;13.4;7.4;0.41;1200;0;-0.06;0.07;0.02;166;0.04;0.01;0.13;0.07;0.02;1.8;0.36;3.72;2.48;0.77
29/12/24   ;07:00;0.54;13.4;7.6;0.54;1199;0;-0.1;0.07;0.03;186;0.07;0.01;0.17;0.1;0.03;1.6;0.32;3.57;2;0.64
29/12/24   ;08:00;0.64;13.4;7.8;0.64;1186;0;-0.13;0.14;0.04;182;0.09;0.01;0.27;0.13;0.04;1.61;0.37;3.23;1.87;0.59
29/12/24   ;09:00;0.69;13.4;8.1;0.7;1199;0;-0.14;0.13;0.04;188;0.08;0.01;0.25;0.13;0.04;1.58;0.3;3.29;2.01;0.66
29/12/24   ;10:00;0.66;13.3;7.9;0.66;1198;0;-0.12;0.12;0.03;191;0.08;0.01;0.22;0.13;0.04;1.56;0.28;3.34;1.83;0.6
29/12/24   ;11:00;0.53;13.4;7.8;0.53;1200;0;-0.11;0.13;0.03;188;0.08;0.01;0.24;0.12;0.04;1.58;0.42;5.07;1.84;0.54
29/12/24   ;12:00;0.35;13.4;7.5;0.35;1200;0;-0.14;0.15;0.04;167;0.09;0.01;0.29;0.14;0.05;1.78;0.39;4.23;2.14;0.74
29/12/24   ;13:00;0.15;13.3;7.5;0.15;1197;0;-0.15;0.13;0.04;172;0.1;0.02;0.24;0.15;0.04;1.73;0.51;3.94;2.05;0.69
29/12/24   ;14:00;-0.04;13.4;7.4;-0.04;1199;0;-0.13;0.12;0.04;176;0.09;0.01;0.18;0.13;0.04;1.68;0.29;3.85;2.02;0.64
29/12/24   ;15:00;-0.21;13.4;7.3;-0.21;1200;0;-0.11;0.17;0.04;175;0.09;0.02;0.2;0.13;0.04;1.71;0.33;3.43;2.04;0.62
29/12/24   ;16:00;-0.31;13.4;7.3;-0.31;1200;0;-0.13;0.14;0.04;161;0.09;0.01;0.24;0.14;0.04;1.84;0.35;3.78;2.29;0.75
29/12/24   ;17:00;-0.32;13.4;7.3;-0.32;1200;0;-0.14;0.16;0.04;169;0.1;0.01;0.24;0.15;0.05;1.77;0.37;4.57;2.1;0.69
29/12/24   ;18:00;-0.22;13.4;7.5;-0.22;1200;0;-0.14;0.13;0.03;191;0.08;0.02;0.21;0.13;0.04;1.55;0.31;3.72;1.79;0.6
29/12/24   ;19:00;-0.03;13.4;7.4;-0.03;1200;0;-0.14;0.16;0.04;191;0.09;0.01;0.27;0.15;0.05;1.55;0.29;3.75;1.79;0.56
29/12/24   ;20:00;0.14;13.4;7.3;0.14;1199;0;-0.15;0.16;0.04;184;0.1;0.01;0.24;0.15;0.05;1.62;0.3;3.83;1.89;0.65
29/12/24   ;21:00;0.29;13.4;7.3;0.29;1200;0;-0.1;0.11;0.03;180;0.07;0;0.21;0.11;0.04;1.66;0.31;4.49;1.94;0.71
29/12/24   ;22:00;0.39;13.4;7.5;0.39;1200;0;-0.1;0.1;0.03;158;0.07;0.01;0.19;0.12;0.04;1.88;0.27;4;2.34;0.74
29/12/24   ;23:00;0.44;13.4;7.5;0.44;1200;0;-0.1;0.13;0.03;182;0.06;0.01;0.2;0.11;0.04;1.64;0.42;3.83;2.05;0.68
30/12/24   ;00:00;0.42;13.4;7.5;0.43;1190;0;-0.1;0.1;0.03;160;0.05;0.01;0.19;0.09;0.04;1.84;0.35;3.96;2.54;0.86
30/12/24   ;01:00;0.34;13.4;7.4;0.34;1200;0;-0.06;0.07;0.02;147;0.05;0.01;0.12;0.08;0.03;2.03;0.33;4.74;2.78;0.89
30/12/24   ;02:00;0.23;13.4;7.4;0.23;1200;0;-0.05;0.07;0.02;145;0.04;0;0.1;0.06;0.02;2.04;0.36;3.84;2.46;0.78
30/12/24   ;03:00;0.16;13.4;7.3;0.16;1199;0;-0.04;0.04;0.01;144;0.03;0;0.08;0.05;0.02;2.07;0.49;3.77;2.45;0.71
30/12/24   ;04:00;0.15;13.4;7.2;0.15;1200;0;-0.05;0.06;0.02;193;0.04;0;0.11;0.06;0.02;1.55;0.29;3.28;1.91;0.59
30/12/24   ;05:00;0.2;13.4;7.4;0.2;1200;0;-0.1;0.11;0.03;143;0.07;0;0.21;0.11;0.04;2.07;0.29;4;2.65;0.78
30/12/24   ;06:00;0.34;13.4;7.4;0.34;1199;0;-0.11;0.14;0.03;162;0.08;0.01;0.22;0.12;0.04;1.83;0.34;4.23;2.24;0.74
30/12/24   ;07:00;0.49;13.4;7.7;0.49;1196;0;-0.18;0.19;0.05;158;0.11;0.01;0.32;0.18;0.06;1.87;0.42;3.98;2.45;0.83
30/12/24   ;08:00;0.61;13.4;7.9;0.6;1186;0;-0.12;0.14;0.04;183;0.1;0.01;0.24;0.16;0.05;1.61;0.45;3.48;1.97;0.65
30/12/24   ;09:00;0.68;13.4;8.4;0.68;1200;0;-0.13;0.15;0.04;181;0.1;0;0.26;0.15;0.05;1.65;0.31;3.43;2.02;0.66
30/12/24   ;10:00;0.68;13.3;8.3;0.68;1195;0;-0.16;0.2;0.05;181;0.13;0.03;0.32;0.2;0.06;1.63;0.28;3.72;1.86;0.57
30/12/24   ;11:00;0.58;13.4;8.2;0.58;1199;0;-0.12;0.13;0.04;180;0.1;0.02;0.22;0.15;0.04;1.65;0.48;3.12;1.89;0.58
30/12/24   ;12:00;0.4;13.4;7.8;0.4;1200;0;-0.11;0.13;0.04;180;0.09;0.02;0.2;0.13;0.04;1.66;0.55;3.76;1.82;0.57
30/12/24   ;13:00;0.21;13.3;7.6;0.2;1200;0;-0.15;0.19;0.05;183;0.11;0.01;0.29;0.18;0.06;1.63;0.28;4;2.09;0.73
30/12/24   ;14:00;0;13.3;7.5;0;1197;0;-0.14;0.19;0.04;166;0.11;0.01;0.28;0.17;0.05;1.79;0.35;3.93;2.06;0.66
30/12/24   ;15:00;-0.2;13.4;7.4;-0.2;1200;0;-0.13;0.17;0.04;169;0.1;0.02;0.23;0.15;0.04;1.76;0.42;4.1;2.22;0.71
30/12/24   ;16:00;-0.35;13.4;7.3;-0.36;1200;0;-0.12;0.14;0.04;170;0.1;0.01;0.22;0.15;0.05;1.75;0.41;3.87;2.36;0.84
30/12/24   ;17:00;-0.41;13.4;7.3;-0.41;1200;0;-0.16;0.21;0.04;179;0.09;0.01;0.37;0.14;0.05;1.65;0.43;3.28;1.88;0.6
30/12/24   ;18:00;-0.34;13.3;7.3;-0.34;1196;0;-0.14;0.15;0.04;175;0.1;0.02;0.25;0.15;0.05;1.69;0.36;3.4;2.11;0.63
30/12/24   ;19:00;-0.17;13.4;7.4;-0.17;1200;0;-0.15;0.21;0.05;178;0.11;0.01;0.37;0.18;0.06;1.67;0.39;3.74;1.89;0.64
30/12/24   ;20:00;0.03;13.3;7.5;0.03;1200;0;-0.14;0.19;0.04;188;0.09;0.02;0.31;0.15;0.05;1.59;0.37;3.4;1.91;0.57
30/12/24   ;21:00;0.21;13.4;7.5;0.21;1200;0;-0.11;0.13;0.03;175;0.08;0.01;0.23;0.13;0.04;1.69;0.42;4.12;2.06;0.77
30/12/24   ;22:00;0.35;13.4;7.5;0.35;1199;0;-0.12;0.14;0.04;163;0.08;0.01;0.23;0.13;0.04;1.82;0.31;4.11;2.36;0.83
30/12/24   ;23:00;0.44;13.4;7.6;0.44;1192;0;-0.09;0.08;0.02;172;0.05;0;0.15;0.08;0.03;1.71;0.39;4.52;2.1;0.73
31/12/24   ;00:00;0.47;13.4;8;0.47;1199;0;-0.12;0.11;0.03;135;0.07;0.01;0.2;0.12;0.04;2.21;0.33;4.17;3.07;1.02
31/12/24   ;01:00;0.43;13.4;7.8;0.43;1200;0;-0.11;0.13;0.03;157;0.06;0.01;0.19;0.1;0.03;1.91;0.28;3.75;2.53;0.84
31/12/24   ;02:00;0.33;13.4;7.5;0.32;1195;0;-0.06;0.06;0.02;147;0.04;0;0.1;0.06;0.02;2;0.32;3.94;2.48;0.74
31/12/24   ;03:00;0.22;13.4;7.4;0.22;1200;0;-0.05;0.06;0.02;143;0.04;0;0.11;0.06;0.02;2.09;0.49;3.57;2.46;0.77
31/12/24   ;04:00;0.16;13.4;7.3;0.16;1200;0;-0.11;0.08;0.02;174;0.04;0.01;0.17;0.07;0.03;1.71;0.33;3.71;2.12;0.68
31/12/24   ;05:00;0.17;13.4;7.3;0.17;1200;0;-0.1;0.11;0.03;138;0.08;0.01;0.18;0.12;0.04;2.16;0.35;5.64;2.7;0.96
31/12/24   ;06:00;0.25;13.4;7.6;0.25;1194;0;-0.08;0.09;0.03;172;0.06;0.01;0.16;0.1;0.03;1.73;0.3;3.53;2.16;0.64
31/12/24   ;07:00;0.38;13.4;7.7;0.38;1200;0;-0.16;0.14;0.04;160;0.09;0.01;0.28;0.15;0.05;1.86;0.42;3.7;2.38;0.73
31/12/24   ;08:00;0.51;13.4;7.9;0.51;1193;0;-0.14;0.14;0.04;182;0.09;0.01;0.24;0.15;0.05;1.62;0.27;3.82;2.03;0.71
31/12/24   ;09:00;0.6;13.4;8.2;0.6;1197;0;-0.15;0.16;0.05;184;0.12;0.02;0.26;0.17;0.05;1.61;0.35;3.22;1.78;0.55
31/12/24   ;10:00;0.64;13.4;8.6;0.64;1194;0;-0.13;0.15;0.04;195;0.1;0.02;0.25;0.17;0.05;1.52;0.3;3.78;1.85;0.61
31/12/24   ;11:00;0.59;13.4;8.3;0.59;1196;0;-0.15;0.17;0.05;182;0.12;0.02;0.33;0.18;0.05;1.63;0.29;3.35;1.83;0.55
31/12/24   ;12:00;0.45;13.4;8;0.45;1200;0;-0.11;0.15;0.03;167;0.08;0.01;0.26;0.12;0.04;1.78;0.38;3.75;2.22;0.69
31/12/24   ;13:00;0.27;13.3;7.7;0.27;1200;0;-0.12;0.2;0.04;160;0.1;0.03;0.31;0.16;0.05;1.87;0.5;4.13;2.29;0.73
31/12/24   ;14:00;0.06;13.3;7.6;0.06;1194;0;-0.14;0.14;0.04;173;0.09;0.01;0.24;0.14;0.04;1.72;0.28;3.79;2.02;0.68
31/12/24   ;15:00;-0.14;13.3;7.4;-0.14;1200;0;-0.13;0.16;0.04;179;0.09;0.01;0.25;0.14;0.05;1.66;0.34;3.78;2.01;0.65
31/12/24   ;16:00;-0.31;13.4;7.3;-0.31;1200;0;-0.12;0.13;0.04;165;0.1;0.01;0.21;0.14;0.04;1.8;0.46;3.8;2.11;0.67
31/12/24   ;17:00;-0.41;13.3;7.3;-0.41;1194;0;-0.13;0.14;0.04;168;0.09;0.01;0.23;0.15;0.05;1.77;0.45;4.24;2.06;0.78
31/12/24   ;18:00;-0.41;13.3;7.2;-0.41;1200;0;-0.14;0.13;0.04;172;0.09;0.02;0.21;0.13;0.04;1.74;0.68;3.7;1.94;0.61
31/12/24   ;19:00;-0.28;13.3;7.6;-0.28;1198;0;-0.1;0.14;0.03;198;0.08;0.02;0.21;0.12;0.04;1.51;0.35;3.65;1.72;0.56
31/12/24   ;20:00;-0.09;13.4;7.6;-0.09;1191;0;-0.18;0.16;0.04;180;0.09;0.02;0.34;0.14;0.05;1.65;0.55;3.45;2.08;0.62
31/12/24   ;21:00;0.11;13.4;7.4;0.11;1192;0;-0.11;0.14;0.04;199;0.08;0.01;0.24;0.13;0.04;1.49;0.4;2.95;1.74;0.52
31/12/24   ;22:00;0.27;13.3;7.6;0.28;1196;0;-0.11;0.15;0.04;195;0.08;0.01;0.23;0.14;0.05;1.53;0.34;3.58;1.77;0.61
31/12/24   ;23:00;0.4;13.3;7.6;0.4;1200;0;-0.1;0.14;0.03;179;0.07;0.01;0.24;0.12;0.04;1.66;0.44;3.69;1.91;0.63
01/01/25   ;00:00;0.48;13.4;7.7;0.48;1195;0;-0.09;0.09;0.02;210;0.06;0.01;0.18;0.09;0.03;1.41;0.29;2.87;1.8;0.53
